artifact_row_index,source_id,city,district,support,tier,address_text
166156,5980725,mohammedia,quartier du parc,79,SAFE_25,Quartier du Parc à Mohammedia
166161,6036189,marrakech,hivernage,273,SAFE_25,Hivernage à Marrakech
166162,6036195,marrakech,ennakhil palmeraie,469,SAFE_25,Ennakhil (Palmeraie) à Marrakech
166163,6036354,marrakech,gueliz,1250,SAFE_25,Guéliz à Marrakech
166164,6036487,marrakech,gueliz,1250,SAFE_25,Guéliz à Marrakech
166165,6037727,marrakech,hivernage,273,SAFE_25,Hivernage à Marrakech
166166,6037750,marrakech,ennakhil palmeraie,469,SAFE_25,Ennakhil (Palmeraie) à Marrakech
166167,6037751,marrakech,ennakhil palmeraie,469,SAFE_25,Ennakhil (Palmeraie) à Marrakech
166168,6037756,marrakech,gueliz,1250,SAFE_25,Guéliz à Marrakech
166169,6037760,marrakech,gueliz,1250,SAFE_25,Guéliz à Marrakech
166191,6039494,marrakech,agdal,514,SAFE_25,Agdal à Marrakech
166192,6069040,marrakech,hivernage,273,SAFE_25,Hivernage à Marrakech
166197,6090220,marrakech,gueliz,1250,SAFE_25,Guéliz à Marrakech
166209,6142815,casablanca,gauthier,422,SAFE_25,Gauthier à Casablanca
166218,6189102,casablanca,anfa,374,SAFE_25,Anfa à Casablanca
166223,6213405,marrakech,gueliz,1250,SAFE_25,Guéliz à Marrakech
166227,6258975,kenitra,mimosas,57,SAFE_25,Mimosas à Kénitra
166251,6347100,casablanca,gauthier,422,SAFE_25,Gauthier à Casablanca
166255,6352596,casablanca,les princesses,332,SAFE_25,Les princesses à Casablanca
166261,6355827,casablanca,ain borja,88,SAFE_25,Ain Borja à Casablanca
166273,6371889,casablanca,el manar el hank,32,SAFE_25,El Manar - El Hank à Casablanca
166276,6374919,casablanca,maarif extension,351,SAFE_25,Maârif Extension à Casablanca
166289,6694265,marrakech,agdal,514,SAFE_25,Agdal à Marrakech
166308,6726515,tanger,tanger city center,86,SAFE_25,Tanger City Center à Tanger
166311,6744368,marrakech,hivernage,273,SAFE_25,Hivernage à Marrakech
166319,6763882,marrakech,gueliz,1250,SAFE_25,Guéliz à Marrakech
166332,6774556,tanger,malabata,421,SAFE_25,Malabata à Tanger
166333,6774590,tanger,malabata,421,SAFE_25,Malabata à Tanger
166343,6777726,casablanca,ahl loghlam hay assalam,21,SAFE_10,Ahl Loghlam (Hay Assalam) à Casablanca
166344,6777728,casablanca,ahl loghlam hay assalam,21,SAFE_10,Ahl Loghlam (Hay Assalam) à Casablanca
166345,6780642,casablanca,belvedere,301,SAFE_25,Belvédère à Casablanca
166349,6785813,marrakech,ain mezouar,54,SAFE_25,Ain Mezouar à Marrakech
166351,6787919,essaouira,raounak,6,SAFE_5,Raounak à Essaouira
166353,6789989,casablanca,gauthier,422,SAFE_25,Gauthier à Casablanca
166357,6796355,casablanca,ahl loghlam hay assalam,21,SAFE_10,Ahl Loghlam (Hay Assalam) à Casablanca
166360,6803694,casablanca,beausejour,150,SAFE_25,Beauséjour à Casablanca
166370,6816811,casablanca,ahl loghlam hay assalam,21,SAFE_10,Ahl Loghlam (Hay Assalam) à Casablanca
166371,6816812,casablanca,ahl loghlam hay assalam,21,SAFE_10,Ahl Loghlam (Hay Assalam) à Casablanca
166373,6820212,casablanca,californie,735,SAFE_25,Californie à Casablanca
166380,6835334,casablanca,maarif,326,SAFE_25,Maârif à Casablanca
166382,6836031,marrakech,agdal,514,SAFE_25,Agdal à Marrakech
166418,6846468,casablanca,maarif,326,SAFE_25,Maârif à Casablanca
166419,6846472,casablanca,maarif,326,SAFE_25,Maârif à Casablanca
166420,6846488,casablanca,maarif,326,SAFE_25,Maârif à Casablanca
166424,6854101,marrakech,hivernage,273,SAFE_25,Hivernage à Marrakech
166426,6854289,marrakech,agdal,514,SAFE_25,Agdal à Marrakech
166430,6862733,casablanca,oasis,332,SAFE_25,Oasis à Casablanca
166436,6872131,tanger,tanger city center,86,SAFE_25,Tanger City Center à Tanger
166437,6872132,tanger,tanger city center,86,SAFE_25,Tanger City Center à Tanger
166438,6872134,tanger,tanger city center,86,SAFE_25,Tanger City Center à Tanger
166464,6881329,casablanca,maarif,326,SAFE_25,Maârif à Casablanca
166465,6881332,casablanca,maarif,326,SAFE_25,Maârif à Casablanca
166486,6881512,marrakech,gueliz,1250,SAFE_25,Guéliz à Marrakech
166508,6882157,casablanca,californie,735,SAFE_25,Californie à Casablanca
166578,6898579,meknes,marjane,146,SAFE_25,Marjane à Meknes
166597,6904736,fes,champ de course,17,SAFE_10,Champ de course à Fès
166614,6916123,casablanca,ain borja,88,SAFE_25,Ain Borja à Casablanca
166616,6916159,casablanca,ain borja,88,SAFE_25,Ain Borja à Casablanca
166617,6916161,casablanca,ain borja,88,SAFE_25,Ain Borja à Casablanca
166618,6916163,casablanca,ain borja,88,SAFE_25,Ain Borja à Casablanca
166619,6916164,casablanca,ain borja,88,SAFE_25,Ain Borja à Casablanca
166625,6922747,casablanca,gauthier,422,SAFE_25,Gauthier à Casablanca
166635,6936328,marrakech,gueliz,1250,SAFE_25,Guéliz à Marrakech
166648,6953177,casablanca,ain diab,457,SAFE_25,Ain Diab à Casablanca
166667,6970567,marrakech,agdal,514,SAFE_25,Agdal à Marrakech
166685,6989027,casablanca,maarif extension,351,SAFE_25,Maârif Extension à Casablanca
166687,6989955,marrakech,gueliz,1250,SAFE_25,Guéliz à Marrakech
166700,6998689,essaouira,raounak,6,SAFE_5,Raounak à Essaouira
166701,6999903,agadir,hay mohammadi,183,SAFE_25,Hay Mohammadi à Agadir
166710,7010243,casablanca,ferme bretonne hay arraha,189,SAFE_25,Ferme Bretonne (Hay Arraha) à Casablanca
166711,7010605,temara,ain atig,11,SAFE_10,Ain Atig à Temara
166713,7011741,agadir,hay mohammadi,183,SAFE_25,Hay Mohammadi à Agadir
166722,7017553,casablanca,les princesses,332,SAFE_25,Les princesses à Casablanca
166728,7028628,tanger,administratif,164,SAFE_25,Administratif à Tanger
166748,7037139,casablanca,gauthier,422,SAFE_25,Gauthier à Casablanca
166752,7040216,casablanca,racine,596,SAFE_25,Racine à Casablanca
166756,7043745,marrakech,camp al ghoul,112,SAFE_25,Camp Al Ghoul à Marrakech
166761,7050279,casablanca,californie,735,SAFE_25,Californie à Casablanca
166765,7053635,casablanca,hay mohammadi,65,SAFE_25,Hay Mohammadi à Casablanca
166766,7053706,marrakech,gueliz,1250,SAFE_25,Guéliz à Marrakech
166767,7054253,casablanca,racine,596,SAFE_25,Racine à Casablanca
166768,7056281,casablanca,bourgogne ouest,380,SAFE_25,Bourgogne Ouest à Casablanca
166770,7059909,agadir,hay al wafaa,2,LOW,Hay Al Wafaa à Agadir
166771,7059920,agadir,hay al wafaa,2,LOW,Hay Al Wafaa à Agadir
166772,7061554,rabat,agdal,313,SAFE_25,Agdal à Rabat
166774,7065917,casablanca,gauthier,422,SAFE_25,Gauthier à Casablanca
166775,7066541,mohammedia,la siesta,62,SAFE_25,La Siesta à Mohammedia
166777,7068579,marrakech,moulay lyazid,54,SAFE_25,Moulay Lyazid à Marrakech
166786,7072718,tanger,marjane,165,SAFE_25,Marjane à Tanger
166789,7073778,mohammedia,quartier du parc,79,SAFE_25,Quartier du Parc à Mohammedia
166793,7076145,casablanca,gauthier,422,SAFE_25,Gauthier à Casablanca
166802,7082499,casablanca,racine,596,SAFE_25,Racine à Casablanca
166809,7083536,marrakech,agdal,514,SAFE_25,Agdal à Marrakech
166811,7087585,casablanca,triangle d or,142,SAFE_25,Triangle d'Or à Casablanca
166812,7089200,casablanca,val fleury,190,SAFE_25,Val Fleury à Casablanca
166813,7091704,benslimane,administratif,10,SAFE_10,Administratif à Benslimane
166814,7091705,benslimane,administratif,10,SAFE_10,Administratif à Benslimane
166818,7093853,marrakech,hay mabrouka,95,SAFE_25,Hay Mabrouka à Marrakech
166819,7094091,meknes,hay zitoune,10,SAFE_10,Hay zitoune à Meknes
166831,7096318,casablanca,ferme bretonne hay arraha,189,SAFE_25,Ferme Bretonne (Hay Arraha) à Casablanca
166832,7096321,casablanca,ferme bretonne hay arraha,189,SAFE_25,Ferme Bretonne (Hay Arraha) à Casablanca
166833,7097012,tanger,marjane,165,SAFE_25,Marjane à Tanger
166837,7099163,tanger,marjane,165,SAFE_25,Marjane à Tanger
166838,7099175,tanger,marjane,165,SAFE_25,Marjane à Tanger
166839,7099204,tanger,marjane,165,SAFE_25,Marjane à Tanger
166840,7099221,tanger,marjane,165,SAFE_25,Marjane à Tanger
166841,7099223,tanger,marjane,165,SAFE_25,Marjane à Tanger
166842,7099229,tanger,marjane,165,SAFE_25,Marjane à Tanger
166843,7099231,tanger,marjane,165,SAFE_25,Marjane à Tanger
166850,7100521,rabat,diour jamaa,38,SAFE_25,Diour Jamaa à Rabat
166852,7101768,tanger,marjane,165,SAFE_25,Marjane à Tanger
166853,7101810,tanger,marjane,165,SAFE_25,Marjane à Tanger
166854,7101814,tanger,marjane,165,SAFE_25,Marjane à Tanger
166855,7101828,tanger,marjane,165,SAFE_25,Marjane à Tanger
166856,7102397,tanger,marjane,165,SAFE_25,Marjane à Tanger
166857,7102406,tanger,marjane,165,SAFE_25,Marjane à Tanger
166858,7102407,tanger,marjane,165,SAFE_25,Marjane à Tanger
166859,7102408,tanger,marjane,165,SAFE_25,Marjane à Tanger
166860,7102410,tanger,marjane,165,SAFE_25,Marjane à Tanger
166861,7102411,tanger,marjane,165,SAFE_25,Marjane à Tanger
166867,7106309,tanger,marjane,165,SAFE_25,Marjane à Tanger
166868,7106316,tanger,marjane,165,SAFE_25,Marjane à Tanger
166870,7106332,tanger,marjane,165,SAFE_25,Marjane à Tanger
166871,7106356,tanger,marjane,165,SAFE_25,Marjane à Tanger
166872,7106407,tanger,marjane,165,SAFE_25,Marjane à Tanger
166873,7106501,tanger,marjane,165,SAFE_25,Marjane à Tanger
166874,7106525,tanger,marjane,165,SAFE_25,Marjane à Tanger
166875,7106532,tanger,marjane,165,SAFE_25,Marjane à Tanger
166876,7107718,casablanca,ferme bretonne hay arraha,189,SAFE_25,Ferme Bretonne (Hay Arraha) à Casablanca
166877,7109481,tanger,marjane,165,SAFE_25,Marjane à Tanger
166878,7109490,tanger,marjane,165,SAFE_25,Marjane à Tanger
166879,7109499,tanger,marjane,165,SAFE_25,Marjane à Tanger
166880,7109886,tanger,marjane,165,SAFE_25,Marjane à Tanger
166885,7113263,tanger,iberie,173,SAFE_25,Iberie à Tanger
166887,7113431,mohammedia,al aalia,51,SAFE_25,Al Aalia à Mohammedia
166890,7113847,casablanca,ain diab,457,SAFE_25,Ain Diab à Casablanca
166895,7116314,tanger,marjane,165,SAFE_25,Marjane à Tanger
166896,7116419,tanger,marjane,165,SAFE_25,Marjane à Tanger
166897,7116431,tanger,marjane,165,SAFE_25,Marjane à Tanger
166898,7116434,tanger,marjane,165,SAFE_25,Marjane à Tanger
166899,7116443,tanger,marjane,165,SAFE_25,Marjane à Tanger
166900,7116445,tanger,marjane,165,SAFE_25,Marjane à Tanger
166901,7116448,tanger,marjane,165,SAFE_25,Marjane à Tanger
166902,7116800,tanger,marjane,165,SAFE_25,Marjane à Tanger
166907,7119195,casablanca,bourgogne ouest,380,SAFE_25,Bourgogne Ouest à Casablanca
166909,7119826,tanger,marjane,165,SAFE_25,Marjane à Tanger
166910,7119845,tanger,marjane,165,SAFE_25,Marjane à Tanger
166911,7119852,tanger,marjane,165,SAFE_25,Marjane à Tanger
166912,7119854,tanger,marjane,165,SAFE_25,Marjane à Tanger
166913,7119855,tanger,marjane,165,SAFE_25,Marjane à Tanger
166914,7119856,tanger,marjane,165,SAFE_25,Marjane à Tanger
166915,7119863,tanger,marjane,165,SAFE_25,Marjane à Tanger
166917,7119906,tanger,marjane,165,SAFE_25,Marjane à Tanger
166918,7121451,kenitra,maamora,58,SAFE_25,Maamora à Kénitra
166921,7122610,tanger,marjane,165,SAFE_25,Marjane à Tanger
166924,7126705,casablanca,roches noires,198,SAFE_25,Roches Noires à Casablanca
166928,7127680,marrakech,ennakhil palmeraie,469,SAFE_25,Ennakhil (Palmeraie) à Marrakech
166931,7128070,casablanca,maarif extension,351,SAFE_25,Maârif Extension à Casablanca
166933,7129525,casablanca,palmier,340,SAFE_25,Palmier à Casablanca
166935,7131640,mohammedia,monica,17,SAFE_10,Monica à Mohammedia
166944,7134194,marrakech,agdal,514,SAFE_25,Agdal à Marrakech
166946,7135038,marrakech,agdal,514,SAFE_25,Agdal à Marrakech
166950,7137055,tanger,administratif,164,SAFE_25,Administratif à Tanger
166953,7137855,casablanca,les princesses,332,SAFE_25,Les princesses à Casablanca
166960,7141352,tanger,mozart,64,SAFE_25,Mozart à Tanger
166962,7141820,casablanca,casablanca finance city,208,SAFE_25,Casablanca Finance City à Casablanca
166965,7142656,casablanca,gauthier,422,SAFE_25,Gauthier à Casablanca
166968,7143874,casablanca,racine,596,SAFE_25,Racine à Casablanca
166969,7143934,marrakech,hivernage,273,SAFE_25,Hivernage à Marrakech
166979,7148901,casablanca,les princesses,332,SAFE_25,Les princesses à Casablanca
166985,7152700,marrakech,gueliz,1250,SAFE_25,Guéliz à Marrakech
166986,7152701,marrakech,gueliz,1250,SAFE_25,Guéliz à Marrakech
166987,7152704,marrakech,gueliz,1250,SAFE_25,Guéliz à Marrakech
166988,7152705,marrakech,gueliz,1250,SAFE_25,Guéliz à Marrakech
166989,7152706,marrakech,gueliz,1250,SAFE_25,Guéliz à Marrakech
166990,7152712,marrakech,gueliz,1250,SAFE_25,Guéliz à Marrakech
166994,7155270,casablanca,bourgogne ouest,380,SAFE_25,Bourgogne Ouest à Casablanca
166995,7155479,tanger,marjane,165,SAFE_25,Marjane à Tanger
167004,7158477,casablanca,racine,596,SAFE_25,Racine à Casablanca
167014,7166371,agadir,hay mohammadi,183,SAFE_25,Hay Mohammadi à Agadir
167025,7170891,marrakech,agdal,514,SAFE_25,Agdal à Marrakech
167030,7172905,mohammedia,quartier du parc,79,SAFE_25,Quartier du Parc à Mohammedia
167036,7175093,marrakech,camp al ghoul,112,SAFE_25,Camp Al Ghoul à Marrakech
167041,7176314,casablanca,bernoussi,99,SAFE_25,Bernoussi à Casablanca
167049,7177515,agadir,hay mohammadi,183,SAFE_25,Hay Mohammadi à Agadir
167053,7179579,marrakech,route de l ourika,877,SAFE_25,Route de l'Ourika à Marrakech
167055,7180474,rabat,riyad,566,SAFE_25,Riyad à Rabat
167057,7182307,marrakech,agdal,514,SAFE_25,Agdal à Marrakech
167058,7182543,casablanca,gauthier,422,SAFE_25,Gauthier à Casablanca
167071,7187517,casablanca,benjdia,50,SAFE_25,Benjdia à Casablanca
167086,7194683,marrakech,route d agadir essaouira,143,SAFE_25,Route d'Agadir - Essaouira à Marrakech
167097,7200974,marrakech,route d agadir essaouira,143,SAFE_25,Route d'Agadir - Essaouira à Marrakech
167102,7202832,mohammedia,quartier du parc,79,SAFE_25,Quartier du Parc à Mohammedia
167112,7206210,el jadida,hay essalam,49,SAFE_25,Hay Essalam à El Jadida
167115,7207527,casablanca,gauthier,422,SAFE_25,Gauthier à Casablanca
167117,7207899,tanger,tanger city center,86,SAFE_25,Tanger City Center à Tanger
167123,7209512,el jadida,najmat al janoub,18,SAFE_10,Najmat Al Janoub à El Jadida
167126,7210728,fes,annouzha,3,LOW,Annouzha à Fès
167133,7212484,casablanca,anfa,374,SAFE_25,Anfa à Casablanca
167134,7212516,marrakech,massira 1,51,SAFE_25,Massira 1 à Marrakech
167136,7213019,marrakech,samlalia,132,SAFE_25,Samlalia à Marrakech
167139,7214561,casablanca,bourgogne ouest,380,SAFE_25,Bourgogne Ouest à Casablanca
167148,7215751,rabat,riyad,566,SAFE_25,Riyad à Rabat
167149,7216482,bouznika,quartier industriel,31,SAFE_25,Quartier Industriel à Bouznika
167154,7217744,casablanca,bourgogne ouest,380,SAFE_25,Bourgogne Ouest à Casablanca
167157,7219025,marrakech,ennakhil palmeraie,469,SAFE_25,Ennakhil (Palmeraie) à Marrakech
167158,7220172,marrakech,route d agadir essaouira,143,SAFE_25,Route d'Agadir - Essaouira à Marrakech
167162,7221098,casablanca,maarif extension,351,SAFE_25,Maârif Extension à Casablanca
167164,7221366,tanger,boukhalef,98,SAFE_25,Boukhalef à Tanger
167165,7221368,tanger,boukhalef,98,SAFE_25,Boukhalef à Tanger
167166,7221443,tetouan,mounia,9,SAFE_5,Mounia à Tétouan
167168,7221921,temara,al moustakbal,9,SAFE_5,Al Moustakbal à Temara
167171,7223145,casablanca,oulfa,409,SAFE_25,Oulfa à Casablanca
167172,7223245,casablanca,les princesses,332,SAFE_25,Les princesses à Casablanca
167174,7223358,casablanca,la vilette,15,SAFE_10,La Vilette à Casablanca
167176,7223780,temara,wifak,121,SAFE_25,Wifak à Temara
167181,7224970,casablanca,ferme bretonne hay arraha,189,SAFE_25,Ferme Bretonne (Hay Arraha) à Casablanca
167183,7225482,marrakech,gueliz,1250,SAFE_25,Guéliz à Marrakech
167184,7225495,agadir,hay mohammadi,183,SAFE_25,Hay Mohammadi à Agadir
167188,7226133,fes,hay dalia,5,SAFE_5,Hay Dalia à Fès
167190,7226668,casablanca,racine extension,51,SAFE_25,Racine Extension à Casablanca
167196,7230005,casablanca,ain diab,457,SAFE_25,Ain Diab à Casablanca
167206,7233321,casablanca,racine,596,SAFE_25,Racine à Casablanca
167213,7234168,casablanca,gauthier,422,SAFE_25,Gauthier à Casablanca
167215,7234555,marrakech,route casablanca,269,SAFE_25,Route Casablanca à Marrakech
167216,7235098,casablanca,ain diab,457,SAFE_25,Ain Diab à Casablanca
167218,7235206,casablanca,al azhar,21,SAFE_10,Al Azhar à Casablanca
167219,7235287,casablanca,racine,596,SAFE_25,Racine à Casablanca
167222,7235540,meknes,al bassatine,56,SAFE_25,Al bassatine à Meknes
167225,7235545,meknes,al bassatine,56,SAFE_25,Al bassatine à Meknes
167226,7235546,meknes,al bassatine,56,SAFE_25,Al bassatine à Meknes
167227,7235547,meknes,al bassatine,56,SAFE_25,Al bassatine à Meknes
167228,7235548,meknes,al bassatine,56,SAFE_25,Al bassatine à Meknes
167231,7235941,sale,hay chmaou,56,SAFE_25,Hay Chmaou à Salé
167232,7236386,casablanca,ain borja,88,SAFE_25,Ain Borja à Casablanca
167235,7236881,casablanca,bourgogne ouest,380,SAFE_25,Bourgogne Ouest à Casablanca
167236,7236945,casablanca,ain sebaa,344,SAFE_25,Aïn Sebaâ à Casablanca
167237,7237148,casablanca,californie,735,SAFE_25,Californie à Casablanca
167239,7237711,bouznika,plage oued cherrat,118,SAFE_25,Plage Oued Cherrat à Bouznika
167242,7238916,casablanca,racine,596,SAFE_25,Racine à Casablanca
167248,7240223,tetouan,wilaya,41,SAFE_25,Wilaya à Tétouan
167252,7241087,casablanca,el manar el hank,32,SAFE_25,El Manar - El Hank à Casablanca
167257,7244108,casablanca,oasis,332,SAFE_25,Oasis à Casablanca
167258,7244162,tanger,branes kdima,29,SAFE_25,Branes Kdima à Tanger
167261,7244247,sale,el qods,7,SAFE_5,El Qods à Salé
167268,7245348,casablanca,les hopitaux,385,SAFE_25,Les Hôpitaux à Casablanca
167271,7246468,oujda,andalous,20,SAFE_10,Andalous à Oujda
167274,7247440,casablanca,anfa,374,SAFE_25,Anfa à Casablanca
167275,7248064,casablanca,ferme bretonne hay arraha,189,SAFE_25,Ferme Bretonne (Hay Arraha) à Casablanca
167276,7248127,marrakech,ennakhil palmeraie,469,SAFE_25,Ennakhil (Palmeraie) à Marrakech
167277,7248898,sale,ouled moussa,10,SAFE_10,Ouled Moussa à Salé
167281,7249874,casablanca,maarif,326,SAFE_25,Maârif à Casablanca
167283,7250704,casablanca,gauthier,422,SAFE_25,Gauthier à Casablanca
167284,7250760,casablanca,val fleury,190,SAFE_25,Val Fleury à Casablanca
167286,7250950,casablanca,belvedere,301,SAFE_25,Belvédère à Casablanca
167288,7251447,tetouan,wilaya,41,SAFE_25,Wilaya à Tétouan
167289,7251448,tetouan,wilaya,41,SAFE_25,Wilaya à Tétouan
167290,7251449,tetouan,wilaya,41,SAFE_25,Wilaya à Tétouan
167294,7251454,tetouan,wilaya,41,SAFE_25,Wilaya à Tétouan
167307,7254273,rabat,riyad,566,SAFE_25,Riyad à Rabat
167308,7254341,marrakech,route de ouarzazate,289,SAFE_25,Route de Ouarzazate à Marrakech
167309,7254702,tanger,tanger city center,86,SAFE_25,Tanger City Center à Tanger
167310,7254897,casablanca,benjdia,50,SAFE_25,Benjdia à Casablanca
167313,7255652,agadir,cite adrar,16,SAFE_10,Cité Adrar à Agadir
167314,7255838,marrakech,gueliz,1250,SAFE_25,Guéliz à Marrakech
167316,7256256,settat,smaala,9,SAFE_5,Smaâla à Settat
167317,7256336,marrakech,hay mabrouka,95,SAFE_25,Hay Mabrouka à Marrakech
167318,7256587,marrakech,route casablanca,269,SAFE_25,Route Casablanca à Marrakech
167324,7258027,casablanca,belvedere,301,SAFE_25,Belvédère à Casablanca
167329,7259132,marrakech,majorelle,157,SAFE_25,Majorelle à Marrakech
167331,7259747,casablanca,ain sebaa,344,SAFE_25,Aïn Sebaâ à Casablanca
167333,7260181,casablanca,californie,735,SAFE_25,Californie à Casablanca
167334,7260346,casablanca,hay almassira 2,4,LOW,Hay Almassira 2 à Casablanca
167341,7261688,marrakech,agdal,514,SAFE_25,Agdal à Marrakech
167344,7262280,casablanca,city dar es salaam,12,SAFE_10,City Dar Es Salaam à Casablanca
167346,7262599,casablanca,belvedere,301,SAFE_25,Belvédère à Casablanca
167351,7264356,rabat,hassan centre ville,119,SAFE_25,Hassan - Centre Ville à Rabat
167352,7265199,bouznika,al kawtar,71,SAFE_25,Al Kawtar à Bouznika
167354,7265620,casablanca,beausite,41,SAFE_25,Beausite à Casablanca
167363,7267850,casablanca,belvedere,301,SAFE_25,Belvédère à Casablanca
167373,7269840,casablanca,maarif extension,351,SAFE_25,Maârif Extension à Casablanca
167375,7269935,marrakech,mhamid,253,SAFE_25,Mhamid à Marrakech
167380,7271072,casablanca,bernoussi,99,SAFE_25,Bernoussi à Casablanca
167382,7271339,casablanca,oulfa,409,SAFE_25,Oulfa à Casablanca
167384,7271447,marrakech,mhamid,253,SAFE_25,Mhamid à Marrakech
167386,7271486,casablanca,beausejour,150,SAFE_25,Beauséjour à Casablanca
167390,7271909,mohammedia,al aalia,51,SAFE_25,Al Aalia à Mohammedia
167392,7272935,tanger,hay hassani,92,SAFE_25,Hay Hassani à Tanger
167394,7273463,casablanca,maarif,326,SAFE_25,Maârif à Casablanca
167401,7275087,casablanca,les hopitaux,385,SAFE_25,Les Hôpitaux à Casablanca
167404,7276438,casablanca,hay mohammadi,65,SAFE_25,Hay Mohammadi à Casablanca
167419,7277614,marrakech,mhamid,253,SAFE_25,Mhamid à Marrakech
167420,7278481,agadir,secteur touristique,92,SAFE_25,Secteur Touristique à Agadir
167425,7278907,casablanca,anfa,374,SAFE_25,Anfa à Casablanca
167427,7279055,tanger,mesnana,96,SAFE_25,Mesnana à Tanger
167433,7280398,casablanca,oulfa,409,SAFE_25,Oulfa à Casablanca
167442,7282555,marrakech,hivernage,273,SAFE_25,Hivernage à Marrakech
167447,7283164,casablanca,bourgogne ouest,380,SAFE_25,Bourgogne Ouest à Casablanca
167450,7283780,mohammedia,quartier du parc,79,SAFE_25,Quartier du Parc à Mohammedia
167453,7284085,casablanca,nassim 1,64,SAFE_25,Nassim 1 à Casablanca
167454,7284174,casablanca,triangle d or,142,SAFE_25,Triangle d'Or à Casablanca
167455,7284320,meknes,marjane,146,SAFE_25,Marjane à Meknes
167459,7286598,casablanca,les princesses,332,SAFE_25,Les princesses à Casablanca
167462,7286800,temara,abbadi,25,SAFE_25,Abbadi à Temara
167463,7287102,casablanca,californie,735,SAFE_25,Californie à Casablanca
167465,7287187,casablanca,roches noires,198,SAFE_25,Roches Noires à Casablanca
167466,7287239,casablanca,racine,596,SAFE_25,Racine à Casablanca
167469,7287720,safi,safi 2,2,LOW,Safi 2 à Safi
167471,7288080,tanger,tanger city center,86,SAFE_25,Tanger City Center à Tanger
167476,7288953,rabat,riyad,566,SAFE_25,Riyad à Rabat
167478,7290233,casablanca,quartier bachkou,69,SAFE_25,Quartier Bachkou à Casablanca
167482,7290642,sale,ouled moussa,10,SAFE_10,Ouled Moussa à Salé
167484,7290757,marrakech,hivernage,273,SAFE_25,Hivernage à Marrakech
167487,7291282,casablanca,sidi maarouf,518,SAFE_25,Sidi Maarouf à Casablanca
167488,7291589,marrakech,gueliz,1250,SAFE_25,Guéliz à Marrakech
167490,7292313,marrakech,gueliz,1250,SAFE_25,Guéliz à Marrakech
167491,7292559,casablanca,racine,596,SAFE_25,Racine à Casablanca
167494,7293022,casablanca,hay chrifa,49,SAFE_25,Hay Chrifa à Casablanca
167498,7293782,casablanca,ain diab extension,188,SAFE_25,Ain Diab Extension à Casablanca
167500,7294376,marrakech,agdal,514,SAFE_25,Agdal à Marrakech
167502,7294707,casablanca,californie,735,SAFE_25,Californie à Casablanca
167503,7294710,casablanca,californie,735,SAFE_25,Californie à Casablanca
167504,7294712,casablanca,californie,735,SAFE_25,Californie à Casablanca
167505,7294769,tanger,rmilat,41,SAFE_25,Rmilat à Tanger
167506,7294991,bouznika,al kawtar,71,SAFE_25,Al Kawtar à Bouznika
167508,7295417,marrakech,gueliz,1250,SAFE_25,Guéliz à Marrakech
167510,7295967,kenitra,maamora,58,SAFE_25,Maamora à Kénitra
167534,7301090,tanger,tanja balia,220,SAFE_25,Tanja Balia à Tanger
167535,7301095,tanger,tanja balia,220,SAFE_25,Tanja Balia à Tanger
167536,7301098,tanger,tanja balia,220,SAFE_25,Tanja Balia à Tanger
167537,7301099,tanger,tanja balia,220,SAFE_25,Tanja Balia à Tanger
167540,7301674,mohammedia,riad 1,7,SAFE_5,Riad 1 à Mohammedia
167541,7301777,marrakech,gueliz,1250,SAFE_25,Guéliz à Marrakech
167544,7301884,mohammedia,quartier du parc,79,SAFE_25,Quartier du Parc à Mohammedia
167545,7302139,meknes,el manar,2,LOW,El manar à Meknes
167546,7302177,marrakech,hivernage,273,SAFE_25,Hivernage à Marrakech
167548,7302494,rabat,hay al massira,9,SAFE_5,Hay Al Massira à Rabat
167550,7302574,marrakech,agdal,514,SAFE_25,Agdal à Marrakech
167551,7302613,marrakech,agdal,514,SAFE_25,Agdal à Marrakech
167555,7303007,temara,al moustakbal,9,SAFE_5,Al Moustakbal à Temara
167556,7303127,casablanca,maarif,326,SAFE_25,Maârif à Casablanca
167560,7303250,temara,massira 2,27,SAFE_25,Massira 2 à Temara
167562,7303566,mohammedia,wafa,25,SAFE_25,Wafa à Mohammedia
167563,7303610,mohammedia,wafa,25,SAFE_25,Wafa à Mohammedia
167564,7303615,mohammedia,wafa,25,SAFE_25,Wafa à Mohammedia
167566,7303656,fes,zouagha,21,SAFE_10,Zouagha à Fès
167570,7304260,tanger,castilla,76,SAFE_25,Castilla à Tanger
167571,7304338,marrakech,gueliz,1250,SAFE_25,Guéliz à Marrakech
167572,7304374,temara,wifak,121,SAFE_25,Wifak à Temara
167573,7304454,meknes,marjane,146,SAFE_25,Marjane à Meknes
167578,7305525,marrakech,les portes de marrakech,94,SAFE_25,Les Portes de Marrakech à Marrakech
167579,7305584,bouznika,hamza,21,SAFE_10,Hamza à Bouznika
167581,7306392,casablanca,racine,596,SAFE_25,Racine à Casablanca
167583,7306895,bouznika,plage oued cherrat,118,SAFE_25,Plage Oued Cherrat à Bouznika
167589,7307732,casablanca,bourgogne est,157,SAFE_25,Bourgogne Est à Casablanca
167597,7310244,rabat,riyad,566,SAFE_25,Riyad à Rabat
167600,7310737,fes,hay annassim,1,LOW,Hay Annassim à Fès
167602,7311782,marrakech,route casablanca,269,SAFE_25,Route Casablanca à Marrakech
167606,7312488,casablanca,cil hay salam,225,SAFE_25,CIL (Hay Salam) à Casablanca
167611,7313218,casablanca,californie,735,SAFE_25,Californie à Casablanca
167612,7313553,fes,route immouzer,38,SAFE_25,Route Immouzer à Fès
167615,7313638,tanger,iberie,173,SAFE_25,Iberie à Tanger
167617,7313841,marrakech,hivernage,273,SAFE_25,Hivernage à Marrakech
167634,7318432,tanger,tanger city center,86,SAFE_25,Tanger City Center à Tanger
167640,7319585,agadir,hay houda,65,SAFE_25,Hay Houda à Agadir
167643,7320136,casablanca,sour jdid,3,LOW,Sour Jdid à Casablanca
167653,7323096,marrakech,gueliz,1250,SAFE_25,Guéliz à Marrakech
167655,7323416,casablanca,gauthier,422,SAFE_25,Gauthier à Casablanca
167657,7323608,kenitra,bir rami est,42,SAFE_25,Bir Rami Est à Kénitra
167658,7323624,mohammedia,quartier du parc,79,SAFE_25,Quartier du Parc à Mohammedia
167660,7323906,agadir,amsernate,6,SAFE_5,Amsernate à Agadir
167663,7324226,marrakech,gueliz,1250,SAFE_25,Guéliz à Marrakech
167665,7324315,casablanca,lissasfa,104,SAFE_25,Lissasfa à Casablanca
167666,7324334,casablanca,bourgogne ouest,380,SAFE_25,Bourgogne Ouest à Casablanca
167667,7324450,rabat,riyad,566,SAFE_25,Riyad à Rabat
167672,7325160,tanger,hanaa 1,4,LOW,Hanaa 1 à Tanger
167673,7325232,casablanca,al azhar,21,SAFE_10,Al Azhar à Casablanca
167679,7325968,casablanca,derb ghalef,98,SAFE_25,Derb Ghalef à Casablanca
167682,7326764,sale,hay chmaou,56,SAFE_25,Hay Chmaou à Salé
167683,7326796,marrakech,gueliz,1250,SAFE_25,Guéliz à Marrakech
167686,7327036,casablanca,les princesses,332,SAFE_25,Les princesses à Casablanca
167692,7328524,marrakech,gueliz,1250,SAFE_25,Guéliz à Marrakech
167694,7328722,casablanca,hermitage,63,SAFE_25,Hermitage à Casablanca
167695,7328742,rabat,riyad,566,SAFE_25,Riyad à Rabat
167696,7328898,marrakech,gueliz,1250,SAFE_25,Guéliz à Marrakech
167698,7329130,rabat,riyad,566,SAFE_25,Riyad à Rabat
167704,7330465,rabat,souissi,566,SAFE_25,Souissi à Rabat
167706,7331090,casablanca,casablanca finance city,208,SAFE_25,Casablanca Finance City à Casablanca
167707,7331510,casablanca,hay mohammadi,65,SAFE_25,Hay Mohammadi à Casablanca
167710,7332036,marrakech,gueliz,1250,SAFE_25,Guéliz à Marrakech
167711,7332106,fes,mont fleuri,13,SAFE_10,Mont Fleuri à Fès
167715,7332412,oujda,grand boulevard ahfir,10,SAFE_10,Grand boulevard Ahfir à Oujda
167716,7332949,fes,narjis,23,SAFE_10,Narjis à Fès
167717,7333096,casablanca,oulfa,409,SAFE_25,Oulfa à Casablanca
167719,7333242,casablanca,hay moulay abdellah,30,SAFE_25,Hay Moulay Abdellah à Casablanca
167731,7336281,casablanca,oasis sud,25,SAFE_25,Oasis sud à Casablanca
167737,7337423,marrakech,samlalia,132,SAFE_25,Samlalia à Marrakech
167738,7338660,casablanca,bourgogne ouest,380,SAFE_25,Bourgogne Ouest à Casablanca
167740,7338811,casablanca,les princesses,332,SAFE_25,Les princesses à Casablanca
167746,7339985,bouznika,hamza,21,SAFE_10,Hamza à Bouznika
167747,7340019,fes,quartier oued fes,34,SAFE_25,Quartier Oued Fes à Fès
167748,7341009,tanger,de la plage,188,SAFE_25,De La Plage à Tanger
167752,7341454,mohammedia,wafa,25,SAFE_25,Wafa à Mohammedia
167754,7342292,casablanca,oulfa,409,SAFE_25,Oulfa à Casablanca
167757,7342907,casablanca,bourgogne ouest,380,SAFE_25,Bourgogne Ouest à Casablanca
167758,7343144,casablanca,bourgogne ouest,380,SAFE_25,Bourgogne Ouest à Casablanca
167761,7343967,casablanca,al qods,132,SAFE_25,Al Qods à Casablanca
167762,7344071,kenitra,mimosas,57,SAFE_25,Mimosas à Kénitra
167765,7345465,casablanca,bourgogne ouest,380,SAFE_25,Bourgogne Ouest à Casablanca
167771,7346412,casablanca,belvedere,301,SAFE_25,Belvédère à Casablanca
167773,7348120,casablanca,maarif,326,SAFE_25,Maârif à Casablanca
167777,7348803,marrakech,route de fez,469,SAFE_25,Route de Fez à Marrakech
167779,7349572,casablanca,les hopitaux,385,SAFE_25,Les Hôpitaux à Casablanca
167780,7350113,mohammedia,nassim,37,SAFE_25,Nassim à Mohammedia
167781,7350242,fes,route ain chkaf,51,SAFE_25,Route ain Chkaf à Fès
167783,7350942,agadir,hay mohammadi,183,SAFE_25,Hay Mohammadi à Agadir
167785,7351354,casablanca,ain diab,457,SAFE_25,Ain Diab à Casablanca
167786,7351408,sale,tabriquet,37,SAFE_25,Tabriquet à Salé
167789,7352181,rabat,riyad,566,SAFE_25,Riyad à Rabat
167790,7352359,temara,skikina,28,SAFE_25,Skikina à Temara
167793,7352946,casablanca,gauthier,422,SAFE_25,Gauthier à Casablanca
167796,7353059,casablanca,palmier,340,SAFE_25,Palmier à Casablanca
167797,7353918,casablanca,les hopitaux,385,SAFE_25,Les Hôpitaux à Casablanca
167801,7354826,sale,ghrablia,2,LOW,Ghrablia à Salé
167806,7355711,marrakech,gueliz,1250,SAFE_25,Guéliz à Marrakech
167812,7356695,casablanca,hay idrissia,9,SAFE_5,Hay Idrissia à Casablanca
167814,7356986,fes,champ de course,17,SAFE_10,Champ de course à Fès
167815,7357034,rabat,diour jamaa,38,SAFE_25,Diour Jamaa à Rabat
167823,7357445,casablanca,port,20,SAFE_10,Port à Casablanca
167832,7357645,marrakech,hivernage,273,SAFE_25,Hivernage à Marrakech
167836,7358276,casablanca,les hopitaux,385,SAFE_25,Les Hôpitaux à Casablanca
167837,7358407,tanger,iberie,173,SAFE_25,Iberie à Tanger
167840,7358580,marrakech,massira 3,21,SAFE_10,Massira 3 à Marrakech
167842,7358676,casablanca,bourgogne ouest,380,SAFE_25,Bourgogne Ouest à Casablanca
167845,7359992,casablanca,nassim 1,64,SAFE_25,Nassim 1 à Casablanca
167847,7360371,casablanca,anfa,374,SAFE_25,Anfa à Casablanca
167848,7360392,casablanca,racine,596,SAFE_25,Racine à Casablanca
167850,7360419,mohammedia,la siesta,62,SAFE_25,La Siesta à Mohammedia
167852,7360901,tanger,castilla,76,SAFE_25,Castilla à Tanger
167853,7360902,tanger,castilla,76,SAFE_25,Castilla à Tanger
167854,7360904,tanger,castilla,76,SAFE_25,Castilla à Tanger
167860,7361243,essaouira,ghazoua,20,SAFE_10,Ghazoua à Essaouira
167862,7361279,essaouira,ghazoua,20,SAFE_10,Ghazoua à Essaouira
167863,7361287,essaouira,ghazoua,20,SAFE_10,Ghazoua à Essaouira
167866,7361415,tanger,mozart,64,SAFE_25,Mozart à Tanger
167867,7361436,rabat,riyad,566,SAFE_25,Riyad à Rabat
167868,7361479,sale,bettana,16,SAFE_10,Bettana à Salé
167870,7361834,meknes,hamria,152,SAFE_25,Hamria à Meknes
167873,7361927,tanger,administratif,164,SAFE_25,Administratif à Tanger
167875,7362160,casablanca,ferme bretonne hay arraha,189,SAFE_25,Ferme Bretonne (Hay Arraha) à Casablanca
167876,7362197,casablanca,ferme bretonne hay arraha,189,SAFE_25,Ferme Bretonne (Hay Arraha) à Casablanca
167878,7362374,casablanca,la gironde,122,SAFE_25,La Gironde à Casablanca
167879,7362584,marrakech,ennakhil palmeraie,469,SAFE_25,Ennakhil (Palmeraie) à Marrakech
167883,7363209,bouznika,assanaouber,16,SAFE_10,Assanaouber à Bouznika
167884,7363336,mohammedia,quartier du parc,79,SAFE_25,Quartier du Parc à Mohammedia
167885,7363463,agadir,hay houda,65,SAFE_25,Hay Houda à Agadir
167887,7363774,mohammedia,quartier du parc,79,SAFE_25,Quartier du Parc à Mohammedia
167888,7363799,casablanca,mers sultan,170,SAFE_25,Mers Sultan à Casablanca
167889,7363822,marrakech,gueliz,1250,SAFE_25,Guéliz à Marrakech
167890,7363981,marrakech,agdal,514,SAFE_25,Agdal à Marrakech
167894,7365306,casablanca,al hassania,2,LOW,Al Hassania à Casablanca
167896,7365385,sale,sala el jadida,84,SAFE_25,Sala el Jadida à Salé
167900,7366319,casablanca,bourgogne est,157,SAFE_25,Bourgogne Est à Casablanca
167903,7367108,rabat,riyad,566,SAFE_25,Riyad à Rabat
167904,7367113,tanger,de la plage,188,SAFE_25,De La Plage à Tanger
167905,7367184,marrakech,ennakhil palmeraie,469,SAFE_25,Ennakhil (Palmeraie) à Marrakech
167917,7368771,casablanca,racine,596,SAFE_25,Racine à Casablanca
167921,7369929,mohammedia,al aalia,51,SAFE_25,Al Aalia à Mohammedia
167927,7370937,el jadida,derb ghalef,8,SAFE_5,Derb Ghalef à El Jadida
167934,7371176,sale,hay chmaou,56,SAFE_25,Hay Chmaou à Salé
167935,7371319,marrakech,assif,32,SAFE_25,Assif à Marrakech
167936,7371709,tanger,mesnana,96,SAFE_25,Mesnana à Tanger
167937,7371711,tanger,mesnana,96,SAFE_25,Mesnana à Tanger
167938,7371712,tanger,mesnana,96,SAFE_25,Mesnana à Tanger
167939,7371718,tanger,mesnana,96,SAFE_25,Mesnana à Tanger
167940,7371719,tanger,mesnana,96,SAFE_25,Mesnana à Tanger
167941,7371721,tanger,mesnana,96,SAFE_25,Mesnana à Tanger
167942,7371723,tanger,mesnana,96,SAFE_25,Mesnana à Tanger
167943,7371726,tanger,mesnana,96,SAFE_25,Mesnana à Tanger
167944,7371727,tanger,mesnana,96,SAFE_25,Mesnana à Tanger
167945,7371731,tanger,mesnana,96,SAFE_25,Mesnana à Tanger
167946,7371732,tanger,mesnana,96,SAFE_25,Mesnana à Tanger
167948,7371823,casablanca,derb ghalef,98,SAFE_25,Derb Ghalef à Casablanca
167951,7372575,casablanca,casablanca finance city,208,SAFE_25,Casablanca Finance City à Casablanca
167952,7372618,casablanca,racine,596,SAFE_25,Racine à Casablanca
167956,7372915,casablanca,bourgogne ouest,380,SAFE_25,Bourgogne Ouest à Casablanca
167958,7373810,temara,oued eddahab,11,SAFE_10,Oued Eddahab à Temara
167963,7375222,casablanca,racine,596,SAFE_25,Racine à Casablanca
167966,7375532,marrakech,samlalia,132,SAFE_25,Samlalia à Marrakech
167974,7377159,kenitra,bir rami est,42,SAFE_25,Bir Rami Est à Kénitra
167978,7378257,sale,bab sebta,4,LOW,Bab Sebta à Salé
167984,7378737,oujda,andalous,20,SAFE_10,Andalous à Oujda
167987,7379014,sale,sidi hajji,27,SAFE_25,Sidi Hajji à Salé
167988,7379128,casablanca,salmia 2,26,SAFE_25,Salmia 2 à Casablanca
167995,7380896,casablanca,maarif,326,SAFE_25,Maârif à Casablanca
167997,7381267,tanger,marjane,165,SAFE_25,Marjane à Tanger
168009,7383032,temara,riad oulad mtaa,35,SAFE_25,Riad Oulad Mtaa à Temara
168011,7383207,tanger,de la plage,188,SAFE_25,De La Plage à Tanger
168012,7383245,tanger,boukhalef,98,SAFE_25,Boukhalef à Tanger
168016,7384357,casablanca,les princesses,332,SAFE_25,Les princesses à Casablanca
168018,7384813,casablanca,val fleury,190,SAFE_25,Val Fleury à Casablanca
168021,7385443,casablanca,roches noires,198,SAFE_25,Roches Noires à Casablanca
168023,7385668,marrakech,route casablanca,269,SAFE_25,Route Casablanca à Marrakech
168024,7385690,kenitra,maamora,58,SAFE_25,Maamora à Kénitra
168032,7387112,casablanca,belvedere,301,SAFE_25,Belvédère à Casablanca
168033,7387132,casablanca,beausite,41,SAFE_25,Beausite à Casablanca
168034,7387188,casablanca,gauthier,422,SAFE_25,Gauthier à Casablanca
168039,7387463,tanger,ahlane,96,SAFE_25,Ahlane à Tanger
168045,7388359,casablanca,belvedere,301,SAFE_25,Belvédère à Casablanca
168047,7388474,agadir,assaka,5,SAFE_5,Assaka à Agadir
168052,7389016,tanger,castilla,76,SAFE_25,Castilla à Tanger
168055,7389411,marrakech,sanaoubar,15,SAFE_10,Sanaoubar à Marrakech
168056,7389412,bouznika,hamza,21,SAFE_10,Hamza à Bouznika
168062,7390294,casablanca,maarif extension,351,SAFE_25,Maârif Extension à Casablanca
168067,7391308,casablanca,ain sebaa,344,SAFE_25,Aïn Sebaâ à Casablanca
168068,7391309,casablanca,ain sebaa,344,SAFE_25,Aïn Sebaâ à Casablanca
168069,7391310,casablanca,ain sebaa,344,SAFE_25,Aïn Sebaâ à Casablanca
168070,7391311,casablanca,ain sebaa,344,SAFE_25,Aïn Sebaâ à Casablanca
168071,7391312,casablanca,ain sebaa,344,SAFE_25,Aïn Sebaâ à Casablanca
168072,7391313,casablanca,ain sebaa,344,SAFE_25,Aïn Sebaâ à Casablanca
168073,7391314,casablanca,ain sebaa,344,SAFE_25,Aïn Sebaâ à Casablanca
168074,7391315,casablanca,ain sebaa,344,SAFE_25,Aïn Sebaâ à Casablanca
168075,7391316,casablanca,ain sebaa,344,SAFE_25,Aïn Sebaâ à Casablanca
168076,7391317,casablanca,ain sebaa,344,SAFE_25,Aïn Sebaâ à Casablanca
168077,7391319,casablanca,ain sebaa,344,SAFE_25,Aïn Sebaâ à Casablanca
168078,7391320,casablanca,ain sebaa,344,SAFE_25,Aïn Sebaâ à Casablanca
168080,7391484,casablanca,casablanca marina,100,SAFE_25,Casablanca Marina à Casablanca
168082,7392039,mohammedia,nassim,37,SAFE_25,Nassim à Mohammedia
168085,7392159,marrakech,gueliz,1250,SAFE_25,Guéliz à Marrakech
168088,7392997,rabat,riyad,566,SAFE_25,Riyad à Rabat
168096,7393808,meknes,marjane,146,SAFE_25,Marjane à Meknes
168099,7394397,tanger,mozart,64,SAFE_25,Mozart à Tanger
168100,7394509,casablanca,racine,596,SAFE_25,Racine à Casablanca
168109,7395225,casablanca,anassi,40,SAFE_25,Anassi à Casablanca
168110,7395382,casablanca,la floride,14,SAFE_10,La Floride à Casablanca
168115,7395954,casablanca,maarif extension,351,SAFE_25,Maârif Extension à Casablanca
168121,7396993,tanger,malabata,421,SAFE_25,Malabata à Tanger
168125,7397271,tanger,de la plage,188,SAFE_25,De La Plage à Tanger
168129,7397488,tanger,manar,103,SAFE_25,Manar à Tanger
168130,7397766,marrakech,hay mohammadi,5,SAFE_5,Hay Mohammadi à Marrakech
168133,7398670,mohammedia,quartier du parc,79,SAFE_25,Quartier du Parc à Mohammedia
168136,7398932,casablanca,mers sultan,170,SAFE_25,Mers Sultan à Casablanca
168137,7399060,tanger,malabata,421,SAFE_25,Malabata à Tanger
168138,7399270,tanger,achakar,164,SAFE_25,Achakar à Tanger
168165,7402105,casablanca,mandarona,87,SAFE_25,Mandarona à Casablanca
168167,7402353,tanger,iberie,173,SAFE_25,Iberie à Tanger
168172,7402746,sale,sidi hajji,27,SAFE_25,Sidi Hajji à Salé
168175,7403290,casablanca,benjdia,50,SAFE_25,Benjdia à Casablanca
168176,7403377,tanger,du golf,123,SAFE_25,Du Golf à Tanger
168179,7403692,tanger,marjane,165,SAFE_25,Marjane à Tanger
168184,7404409,marrakech,ouasis,16,SAFE_10,Ouasis à Marrakech
168185,7404411,marrakech,ouasis,16,SAFE_10,Ouasis à Marrakech
168186,7404413,marrakech,ouasis,16,SAFE_10,Ouasis à Marrakech
168187,7404415,marrakech,ouasis,16,SAFE_10,Ouasis à Marrakech
168188,7404416,marrakech,ouasis,16,SAFE_10,Ouasis à Marrakech
168189,7404417,marrakech,ouasis,16,SAFE_10,Ouasis à Marrakech
168190,7404418,marrakech,ouasis,16,SAFE_10,Ouasis à Marrakech
168191,7404419,marrakech,ouasis,16,SAFE_10,Ouasis à Marrakech
168192,7404420,marrakech,ouasis,16,SAFE_10,Ouasis à Marrakech
168193,7404422,marrakech,ouasis,16,SAFE_10,Ouasis à Marrakech
168195,7404591,fes,saada,8,SAFE_5,Saada à Fès
168201,7406062,casablanca,oasis,332,SAFE_25,Oasis à Casablanca
168202,7406066,kenitra,la ville haute,69,SAFE_25,La Ville Haute à Kénitra
168203,7406151,marrakech,ouasis,16,SAFE_10,Ouasis à Marrakech
168204,7406180,tanger,de la plage,188,SAFE_25,De La Plage à Tanger
168205,7406193,tanger,de la plage,188,SAFE_25,De La Plage à Tanger
168208,7406557,kenitra,maamora,58,SAFE_25,Maamora à Kénitra
168218,7407422,tanger,sania,64,SAFE_25,Sania à Tanger
168219,7407432,tanger,iberie,173,SAFE_25,Iberie à Tanger
168227,7408222,casablanca,bourgogne est,157,SAFE_25,Bourgogne Est à Casablanca
168229,7408397,casablanca,californie,735,SAFE_25,Californie à Casablanca
168233,7408698,casablanca,bourgogne ouest,380,SAFE_25,Bourgogne Ouest à Casablanca
168235,7408961,casablanca,fonciere,22,SAFE_10,Foncière à Casablanca
168243,7409416,tetouan,touilaa,10,SAFE_10,Touilaa à Tétouan
168247,7409872,casablanca,lissasfa,104,SAFE_25,Lissasfa à Casablanca
168252,7410127,fes,narjis,23,SAFE_10,Narjis à Fès
168253,7410128,meknes,hay salam,30,SAFE_25,Hay salam à Meknes
168275,7412684,marrakech,gueliz,1250,SAFE_25,Guéliz à Marrakech
168278,7413484,nador,hay el matar,15,SAFE_10,Hay el matar à Nador
168280,7413620,casablanca,casablanca finance city,208,SAFE_25,Casablanca Finance City à Casablanca
168282,7414112,casablanca,bourgogne est,157,SAFE_25,Bourgogne Est à Casablanca
168289,7414945,casablanca,ain diab,457,SAFE_25,Ain Diab à Casablanca
168291,7415129,safi,plateau,3,LOW,Plateau à Safi
168293,7415270,casablanca,gauthier,422,SAFE_25,Gauthier à Casablanca
168294,7415286,fes,route ain chkaf,51,SAFE_25,Route ain Chkaf à Fès
168308,7416659,casablanca,les princesses,332,SAFE_25,Les princesses à Casablanca
168309,7416765,casablanca,racine,596,SAFE_25,Racine à Casablanca
168312,7417285,casablanca,al qods,132,SAFE_25,Al Qods à Casablanca
168313,7417686,fes,narjis,23,SAFE_10,Narjis à Fès
168317,7418414,casablanca,ain borja,88,SAFE_25,Ain Borja à Casablanca
168323,7418619,casablanca,ain sebaa,344,SAFE_25,Aïn Sebaâ à Casablanca
168327,7418941,casablanca,sidi othmane,42,SAFE_25,Sidi Othmane à Casablanca
168328,7419028,marrakech,agdal,514,SAFE_25,Agdal à Marrakech
168331,7419426,casablanca,val fleury,190,SAFE_25,Val Fleury à Casablanca
168332,7419486,casablanca,oulfa,409,SAFE_25,Oulfa à Casablanca
168335,7419958,casablanca,les princesses,332,SAFE_25,Les princesses à Casablanca
168345,7421251,casablanca,racine,596,SAFE_25,Racine à Casablanca
168355,7422109,meknes,al bassatine,56,SAFE_25,Al bassatine à Meknes
168356,7422129,casablanca,hay palestine,10,SAFE_10,Hay Palestine à Casablanca
168357,7422560,casablanca,ain sebaa,344,SAFE_25,Aïn Sebaâ à Casablanca
168359,7422880,tanger,de la plage,188,SAFE_25,De La Plage à Tanger
168361,7422952,bouznika,plage oued cherrat,118,SAFE_25,Plage Oued Cherrat à Bouznika
168362,7423074,casablanca,hay albaraka,19,SAFE_10,Hay Albaraka à Casablanca
168363,7423171,marrakech,amerchich,50,SAFE_25,Amerchich à Marrakech
168364,7423494,mohammedia,wafa,25,SAFE_25,Wafa à Mohammedia
168368,7423796,casablanca,les hopitaux,385,SAFE_25,Les Hôpitaux à Casablanca
168369,7423986,bouznika,quartier industriel,31,SAFE_25,Quartier Industriel à Bouznika
168373,7424854,mohammedia,la siesta,62,SAFE_25,La Siesta à Mohammedia
168381,7425570,casablanca,gauthier,422,SAFE_25,Gauthier à Casablanca
168383,7426090,casablanca,tacharouk hay al walaa,29,SAFE_25,Tacharouk (Hay Al Walaa) à Casablanca
168384,7426116,casablanca,maarif,326,SAFE_25,Maârif à Casablanca
168408,7428967,casablanca,maarif extension,351,SAFE_25,Maârif Extension à Casablanca
168413,7429359,marrakech,agdal,514,SAFE_25,Agdal à Marrakech
168415,7429943,casablanca,racine,596,SAFE_25,Racine à Casablanca
168423,7431096,tanger,iberie,173,SAFE_25,Iberie à Tanger
168434,7431710,casablanca,les hopitaux,385,SAFE_25,Les Hôpitaux à Casablanca
168435,7431762,tanger,marchan,45,SAFE_25,Marchan à Tanger
168436,7431821,marrakech,mhamid,253,SAFE_25,Mhamid à Marrakech
168438,7431912,marrakech,agdal,514,SAFE_25,Agdal à Marrakech
168441,7432595,rabat,riyad,566,SAFE_25,Riyad à Rabat
168442,7432677,marrakech,agdal,514,SAFE_25,Agdal à Marrakech
168443,7432685,marrakech,gueliz,1250,SAFE_25,Guéliz à Marrakech
168446,7432859,marrakech,hivernage,273,SAFE_25,Hivernage à Marrakech
168456,7433588,marrakech,hivernage,273,SAFE_25,Hivernage à Marrakech
168459,7433743,casablanca,les hopitaux,385,SAFE_25,Les Hôpitaux à Casablanca
168462,7434403,temara,al moustakbal,9,SAFE_5,Al Moustakbal à Temara
168463,7434529,marrakech,route de fez,469,SAFE_25,Route de Fez à Marrakech
168470,7435534,temara,ain atig,11,SAFE_10,Ain Atig à Temara
168471,7435886,tanger,moujahidine,132,SAFE_25,Moujahidine à Tanger
168473,7436048,casablanca,racine extension,51,SAFE_25,Racine Extension à Casablanca
168476,7437049,casablanca,city dar es salaam,12,SAFE_10,City Dar Es Salaam à Casablanca
168479,7437207,casablanca,hay hassani,116,SAFE_25,Hay Hassani à Casablanca
168484,7437954,mohammedia,hay salam,7,SAFE_5,Hay Salam à Mohammedia
168488,7438725,marrakech,camp al ghoul,112,SAFE_25,Camp Al Ghoul à Marrakech
168493,7439356,casablanca,ain diab,457,SAFE_25,Ain Diab à Casablanca
168500,7440336,sale,sala el jadida,84,SAFE_25,Sala el Jadida à Salé
168502,7440699,tanger,malabata,421,SAFE_25,Malabata à Tanger
168503,7440854,tanger,manar,103,SAFE_25,Manar à Tanger
168509,7442449,casablanca,nassim 2,43,SAFE_25,Nassim 2 à Casablanca
168511,7442775,casablanca,belvedere,301,SAFE_25,Belvédère à Casablanca
168513,7443122,casablanca,les hopitaux,385,SAFE_25,Les Hôpitaux à Casablanca
168514,7443148,bouznika,plage oued cherrat,118,SAFE_25,Plage Oued Cherrat à Bouznika
168515,7443149,bouznika,plage oued cherrat,118,SAFE_25,Plage Oued Cherrat à Bouznika
168516,7443152,bouznika,plage oued cherrat,118,SAFE_25,Plage Oued Cherrat à Bouznika
168517,7443153,bouznika,plage oued cherrat,118,SAFE_25,Plage Oued Cherrat à Bouznika
168519,7443158,bouznika,plage oued cherrat,118,SAFE_25,Plage Oued Cherrat à Bouznika
168520,7443542,sale,sidi hajji,27,SAFE_25,Sidi Hajji à Salé
168521,7443576,casablanca,oulfa,409,SAFE_25,Oulfa à Casablanca
168523,7443627,oujda,hay zitoune,6,SAFE_5,Hay zitoune à Oujda
168524,7443682,tanger,route nationale assilah n1,134,SAFE_25,Route Nationale Assilah (N1) à Tanger
168525,7443954,casablanca,bourgogne ouest,380,SAFE_25,Bourgogne Ouest à Casablanca
168527,7444070,tanger,tanger city center,86,SAFE_25,Tanger City Center à Tanger
168541,7445626,casablanca,racine,596,SAFE_25,Racine à Casablanca
168543,7445959,el jadida,essaada,55,SAFE_25,Essaada à El Jadida
168550,7446268,agadir,hay dakhla,57,SAFE_25,Hay Dakhla à Agadir
168553,7446563,casablanca,belvedere,301,SAFE_25,Belvédère à Casablanca
168554,7446663,marrakech,mhamid,253,SAFE_25,Mhamid à Marrakech
168555,7446871,skhirat,plage rose maree,34,SAFE_25,Plage rose marée à Skhirat
168556,7446874,casablanca,salmia 2,26,SAFE_25,Salmia 2 à Casablanca
168557,7446905,casablanca,racine,596,SAFE_25,Racine à Casablanca
168567,7448233,fes,agdal,12,SAFE_10,Agdal à Fès
168569,7448360,sale,hay chmaou,56,SAFE_25,Hay Chmaou à Salé
168570,7448426,agadir,secteur touristique,92,SAFE_25,Secteur Touristique à Agadir
168572,7448608,casablanca,al osra,17,SAFE_10,Al Osra à Casablanca
168575,7448856,casablanca,gauthier,422,SAFE_25,Gauthier à Casablanca
168576,7448892,marrakech,route d agadir essaouira,143,SAFE_25,Route d'Agadir - Essaouira à Marrakech
168577,7448910,mohammedia,monica,17,SAFE_10,Monica à Mohammedia
168580,7449433,casablanca,franceville,76,SAFE_25,Franceville à Casablanca
168586,7450919,casablanca,la gironde,122,SAFE_25,La Gironde à Casablanca
168590,7451756,casablanca,palmier,340,SAFE_25,Palmier à Casablanca
168593,7452234,casablanca,racine,596,SAFE_25,Racine à Casablanca
168594,7452378,marrakech,route d agadir essaouira,143,SAFE_25,Route d'Agadir - Essaouira à Marrakech
168600,7452867,casablanca,maarif extension,351,SAFE_25,Maârif Extension à Casablanca
168601,7452935,marrakech,samlalia,132,SAFE_25,Samlalia à Marrakech
168609,7453382,sale,sakani,12,SAFE_10,Sakani à Salé
168612,7453648,rabat,riyad,566,SAFE_25,Riyad à Rabat
168615,7453949,tanger,sania,64,SAFE_25,Sania à Tanger
168620,7454343,tanger,ahlane,96,SAFE_25,Ahlane à Tanger
168621,7454390,casablanca,les hopitaux,385,SAFE_25,Les Hôpitaux à Casablanca
168624,7455054,rabat,riyad,566,SAFE_25,Riyad à Rabat
168625,7455060,rabat,souissi,566,SAFE_25,Souissi à Rabat
168626,7455062,rabat,souissi,566,SAFE_25,Souissi à Rabat
168628,7455251,tanger,route nationale assilah n1,134,SAFE_25,Route Nationale Assilah (N1) à Tanger
168634,7455780,sale,sidi hajji,27,SAFE_25,Sidi Hajji à Salé
168635,7456204,casablanca,ain borja,88,SAFE_25,Ain Borja à Casablanca
168640,7456698,casablanca,sidi moumen,119,SAFE_25,Sidi Moumen à Casablanca
168641,7456865,casablanca,sidi moumen,119,SAFE_25,Sidi Moumen à Casablanca
168645,7457126,casablanca,bourgogne ouest,380,SAFE_25,Bourgogne Ouest à Casablanca
168647,7457152,rabat,riyad,566,SAFE_25,Riyad à Rabat
168649,7457366,casablanca,ferme bretonne hay arraha,189,SAFE_25,Ferme Bretonne (Hay Arraha) à Casablanca
168660,7459004,tanger,marjane,165,SAFE_25,Marjane à Tanger
168663,7459509,casablanca,roches noires,198,SAFE_25,Roches Noires à Casablanca
168667,7459665,casablanca,la gironde,122,SAFE_25,La Gironde à Casablanca
168669,7459684,casablanca,belvedere,301,SAFE_25,Belvédère à Casablanca
168670,7459694,casablanca,la gironde,122,SAFE_25,La Gironde à Casablanca
168673,7459743,casablanca,la gironde,122,SAFE_25,La Gironde à Casablanca
168679,7459877,agadir,hay mohammadi,183,SAFE_25,Hay Mohammadi à Agadir
168685,7460620,el jadida,narjiss,7,SAFE_5,Narjiss à El Jadida
168688,7461073,el jadida,essaada,55,SAFE_25,Essaada à El Jadida
168696,7461575,casablanca,la gironde,122,SAFE_25,La Gironde à Casablanca
168701,7461634,marrakech,mhamid,253,SAFE_25,Mhamid à Marrakech
168704,7461641,marrakech,mhamid,253,SAFE_25,Mhamid à Marrakech
168705,7461642,marrakech,mhamid,253,SAFE_25,Mhamid à Marrakech
168707,7461644,marrakech,mhamid,253,SAFE_25,Mhamid à Marrakech
168713,7462085,mohammedia,wafa,25,SAFE_25,Wafa à Mohammedia
168717,7462255,casablanca,maarif,326,SAFE_25,Maârif à Casablanca
168725,7462908,tanger,moujahidine,132,SAFE_25,Moujahidine à Tanger
168727,7462910,tanger,moujahidine,132,SAFE_25,Moujahidine à Tanger
168729,7462912,tanger,moujahidine,132,SAFE_25,Moujahidine à Tanger
168732,7462915,tanger,moujahidine,132,SAFE_25,Moujahidine à Tanger
168741,7463519,rabat,agdal,313,SAFE_25,Agdal à Rabat
168748,7464153,casablanca,mers sultan,170,SAFE_25,Mers Sultan à Casablanca
168755,7464793,el jadida,port,3,LOW,Port à El Jadida
168756,7464801,el jadida,plateau,12,SAFE_10,Plateau à El Jadida
168757,7464806,el jadida,derb sid daoui,11,SAFE_10,Derb Sid Daoui à El Jadida
168764,7465165,casablanca,californie,735,SAFE_25,Californie à Casablanca
168765,7465178,mohammedia,wafa,25,SAFE_25,Wafa à Mohammedia
168776,7465781,el jadida,dar assalam,14,SAFE_10,Dar Assalam à El Jadida
168779,7466243,tanger,de la plage,188,SAFE_25,De La Plage à Tanger
168786,7467504,fes,route de meknes,13,SAFE_10,Route de Meknes à Fès
168789,7467832,casablanca,hay hassani,116,SAFE_25,Hay Hassani à Casablanca
168799,7468160,casablanca,ain diab,457,SAFE_25,Ain Diab à Casablanca
168802,7468376,oujda,hay salam,10,SAFE_10,Hay salam à Oujda
168803,7468547,casablanca,anfa,374,SAFE_25,Anfa à Casablanca
168814,7469738,tanger,ahlane,96,SAFE_25,Ahlane à Tanger
168816,7469923,casablanca,salmia 2,26,SAFE_25,Salmia 2 à Casablanca
168817,7470031,tanger,tanger city center,86,SAFE_25,Tanger City Center à Tanger
168818,7470039,tanger,tanger city center,86,SAFE_25,Tanger City Center à Tanger
168819,7470040,tanger,tanger city center,86,SAFE_25,Tanger City Center à Tanger
168820,7470041,tanger,tanger city center,86,SAFE_25,Tanger City Center à Tanger
168821,7470042,tanger,tanger city center,86,SAFE_25,Tanger City Center à Tanger
168822,7470043,tanger,tanger city center,86,SAFE_25,Tanger City Center à Tanger
168823,7470044,tanger,tanger city center,86,SAFE_25,Tanger City Center à Tanger
168828,7471326,tanger,mesnana,96,SAFE_25,Mesnana à Tanger
168830,7471474,marrakech,gueliz,1250,SAFE_25,Guéliz à Marrakech
168833,7471610,tanger,sania,64,SAFE_25,Sania à Tanger
168839,7472597,casablanca,roches noires,198,SAFE_25,Roches Noires à Casablanca
168842,7473025,casablanca,oulfa,409,SAFE_25,Oulfa à Casablanca
168851,7473845,casablanca,val fleury,190,SAFE_25,Val Fleury à Casablanca
168855,7474236,casablanca,les hopitaux,385,SAFE_25,Les Hôpitaux à Casablanca
168858,7474554,sale,hay salam,24,SAFE_10,Hay Salam à Salé
168862,7474726,fes,sehrij gnawa,1,LOW,Sehrij Gnawa à Fès
168863,7474854,casablanca,hay mohammadi,65,SAFE_25,Hay Mohammadi à Casablanca
168864,7474887,marrakech,gueliz,1250,SAFE_25,Guéliz à Marrakech
168865,7474957,mohammedia,hay al horria,8,SAFE_5,Hay Al Horria à Mohammedia
168868,7475084,tanger,administratif,164,SAFE_25,Administratif à Tanger
168880,7477130,mohammedia,quartier du parc,79,SAFE_25,Quartier du Parc à Mohammedia
168882,7477300,casablanca,ain diab,457,SAFE_25,Ain Diab à Casablanca
168883,7477484,casablanca,ain sebaa,344,SAFE_25,Aïn Sebaâ à Casablanca
168890,7478632,tanger,branes 1,16,SAFE_10,Branes 1 à Tanger
168893,7478740,tanger,casabarata,18,SAFE_10,Casabarata à Tanger
168897,7479215,sale,bab sebta,4,LOW,Bab Sebta à Salé
168900,7479512,mohammedia,mannesmann,37,SAFE_25,Mannesmann à Mohammedia
168904,7480090,rabat,riyad,566,SAFE_25,Riyad à Rabat
168909,7480477,casablanca,hay chrifa,49,SAFE_25,Hay Chrifa à Casablanca
168910,7480516,temara,harhoura,92,SAFE_25,Harhoura à Temara
168917,7481233,bouznika,plage oued cherrat,118,SAFE_25,Plage Oued Cherrat à Bouznika
168920,7481688,mohammedia,monica,17,SAFE_10,Monica à Mohammedia
168926,7482211,casablanca,casablanca marina,100,SAFE_25,Casablanca Marina à Casablanca
168930,7482707,casablanca,roches noires,198,SAFE_25,Roches Noires à Casablanca
168934,7483381,mohammedia,quartier du parc,79,SAFE_25,Quartier du Parc à Mohammedia
168940,7483884,casablanca,bernoussi,99,SAFE_25,Bernoussi à Casablanca
168941,7483908,temara,abbadi,25,SAFE_25,Abbadi à Temara
168944,7484057,fes,route se sefrou,16,SAFE_10,Route se Sefrou à Fès
168947,7484632,bouznika,assanaouber,16,SAFE_10,Assanaouber à Bouznika
168951,7484889,sale,horria,3,LOW,Horria à Salé
168955,7485255,casablanca,hay mohammadi,65,SAFE_25,Hay Mohammadi à Casablanca
168956,7485272,casablanca,casablanca marina,100,SAFE_25,Casablanca Marina à Casablanca
168957,7485377,agadir,hay mohammadi,183,SAFE_25,Hay Mohammadi à Agadir
168959,7485489,casablanca,gauthier,422,SAFE_25,Gauthier à Casablanca
168966,7486138,casablanca,les princesses,332,SAFE_25,Les princesses à Casablanca
168967,7486219,casablanca,nassim 1,64,SAFE_25,Nassim 1 à Casablanca
168973,7487353,rabat,riyad,566,SAFE_25,Riyad à Rabat
168975,7487761,casablanca,casablanca finance city,208,SAFE_25,Casablanca Finance City à Casablanca
168978,7488028,bouznika,plage oued cherrat,118,SAFE_25,Plage Oued Cherrat à Bouznika
168982,7488419,marrakech,hivernage,273,SAFE_25,Hivernage à Marrakech
168989,7489420,ifrane,atlas,9,SAFE_5,Atlas à Ifrane
168993,7489540,casablanca,derb omar,26,SAFE_25,Derb Omar à Casablanca
169000,7490370,casablanca,racine,596,SAFE_25,Racine à Casablanca
169002,7490422,tanger,branes 1,16,SAFE_10,Branes 1 à Tanger
169003,7490592,marrakech,agdal,514,SAFE_25,Agdal à Marrakech
169005,7490756,casablanca,hay chrifa,49,SAFE_25,Hay Chrifa à Casablanca
169012,7492022,rabat,riyad,566,SAFE_25,Riyad à Rabat
169014,7492180,casablanca,beausite,41,SAFE_25,Beausite à Casablanca
169019,7492270,nador,selouane,21,SAFE_10,Selouane à Nador
169020,7492300,rabat,l ocean,61,SAFE_25,L'Ocean à Rabat
169022,7492396,casablanca,sidi maarouf,518,SAFE_25,Sidi Maârouf à Casablanca
169027,7492624,mohammedia,quartier du soleil,11,SAFE_10,Quartier Du Soleil à Mohammedia
169031,7492859,tetouan,touilaa,10,SAFE_10,Touilaa à Tétouan
169034,7493387,kenitra,maghrib arabi,29,SAFE_25,Maghrib Arabi à Kénitra
169035,7493512,marrakech,gueliz,1250,SAFE_25,Guéliz à Marrakech
169036,7493515,tanger,manar,103,SAFE_25,Manar à Tanger
169038,7493553,tanger,moujahidine,132,SAFE_25,Moujahidine à Tanger
169043,7493980,kenitra,assam,17,SAFE_10,Assam à Kénitra
169048,7494205,casablanca,racine,596,SAFE_25,Racine à Casablanca
169049,7494306,rabat,hassan centre ville,119,SAFE_25,Hassan - Centre Ville à Rabat
169051,7494412,marrakech,gueliz,1250,SAFE_25,Guéliz à Marrakech
169052,7494778,casablanca,beausite,41,SAFE_25,Beausite à Casablanca
169054,7494918,sale,sidi hajji,27,SAFE_25,Sidi Hajji à Salé
169066,7495730,agadir,hay salam,64,SAFE_25,Hay Salam à Agadir
169068,7495919,casablanca,racine,596,SAFE_25,Racine à Casablanca
169071,7496040,marrakech,route de safi,237,SAFE_25,Route de Safi à Marrakech
169099,7498041,agadir,taddart anza,11,SAFE_10,Taddart Anza à Agadir
169109,7499087,rabat,abi ragrag,3,LOW,Abi Ragrag à Rabat
169113,7499322,casablanca,ferme bretonne hay arraha,189,SAFE_25,Ferme Bretonne (Hay Arraha) à Casablanca
169117,7499474,casablanca,gauthier,422,SAFE_25,Gauthier à Casablanca
169131,7500777,casablanca,bernoussi,99,SAFE_25,Bernoussi à Casablanca
169133,7500879,casablanca,hay assafaa,1,LOW,Hay Assafaa à Casablanca
169150,7501298,tetouan,route de ceuta,19,SAFE_10,Route de Ceuta à Tétouan
169151,7501343,casablanca,hay hassani,116,SAFE_25,Hay Hassani à Casablanca
169154,7501520,casablanca,les hopitaux,385,SAFE_25,Les Hôpitaux à Casablanca
169155,7501557,casablanca,benjdia,50,SAFE_25,Benjdia à Casablanca
169161,7502149,casablanca,dar lamane,2,LOW,Dar Lamane à Casablanca
169166,7503184,kenitra,mimosas,57,SAFE_25,Mimosas à Kénitra
169169,7503304,temara,massira 2,27,SAFE_25,Massira 2 à Temara
169170,7503486,casablanca,riviera,76,SAFE_25,Riviera à Casablanca
169171,7503523,casablanca,riviera,76,SAFE_25,Riviera à Casablanca
169172,7503532,casablanca,riviera,76,SAFE_25,Riviera à Casablanca
169174,7503635,casablanca,riviera,76,SAFE_25,Riviera à Casablanca
169182,7503758,casablanca,hay chrifa,49,SAFE_25,Hay Chrifa à Casablanca
169183,7503990,casablanca,belvedere,301,SAFE_25,Belvédère à Casablanca
169185,7504217,mohammedia,hay saada,4,LOW,Hay saada à Mohammedia
169186,7504325,casablanca,al madina aljadida,18,SAFE_10,Al Madina Aljadida à Casablanca
169188,7504376,marrakech,gueliz,1250,SAFE_25,Guéliz à Marrakech
169191,7504649,sale,hay inbiat,2,LOW,Hay Inbiat à Salé
169192,7504780,casablanca,oulfa,409,SAFE_25,Oulfa à Casablanca
169196,7504937,casablanca,ain sebaa,344,SAFE_25,Aïn Sebaâ à Casablanca
169197,7505017,marrakech,route de fez,469,SAFE_25,Route de Fez à Marrakech
169198,7505075,fes,hay bensouda,12,SAFE_10,Hay Bensouda à Fès
169199,7505089,casablanca,bourgogne ouest,380,SAFE_25,Bourgogne Ouest à Casablanca
169201,7505746,agadir,haut founty,47,SAFE_25,Haut Founty à Agadir
169202,7505768,tanger,malabata,421,SAFE_25,Malabata à Tanger
169208,7506434,tanger,administratif,164,SAFE_25,Administratif à Tanger
169209,7506547,casablanca,derb ghalef,98,SAFE_25,Derb Ghalef à Casablanca
169210,7506571,marrakech,hivernage,273,SAFE_25,Hivernage à Marrakech
169211,7506744,casablanca,mers sultan,170,SAFE_25,Mers Sultan à Casablanca
169212,7506837,casablanca,les hopitaux,385,SAFE_25,Les Hôpitaux à Casablanca
169214,7507328,oujda,andalous,20,SAFE_10,Andalous à Oujda
169220,7507827,marrakech,gueliz,1250,SAFE_25,Guéliz à Marrakech
169223,7507957,casablanca,anassi,40,SAFE_25,Anassi à Casablanca
169224,7507982,tanger,ahlane,96,SAFE_25,Ahlane à Tanger
169225,7508141,fes,champ de course,17,SAFE_10,Champ de course à Fès
169228,7508329,casablanca,hermitage,63,SAFE_25,Hermitage à Casablanca
169229,7508396,casablanca,les hopitaux,385,SAFE_25,Les Hôpitaux à Casablanca
169230,7508831,marrakech,gueliz,1250,SAFE_25,Guéliz à Marrakech
169231,7508993,mohammedia,kasbah,3,LOW,Kasbah à Mohammedia
169233,7509165,tetouan,touilaa,10,SAFE_10,Touilaa à Tétouan
169236,7509687,marrakech,ennakhil palmeraie,469,SAFE_25,Ennakhil (Palmeraie) à Marrakech
169237,7509722,casablanca,belvedere,301,SAFE_25,Belvédère à Casablanca
169243,7510392,temara,andalousse,6,SAFE_5,Andalousse à Temara
169244,7510550,el jadida,derb sid daoui,11,SAFE_10,Derb Sid Daoui à El Jadida
169247,7511217,agadir,hay mohammadi,183,SAFE_25,Hay Mohammadi à Agadir
169249,7512377,casablanca,triangle d or,142,SAFE_25,Triangle d'Or à Casablanca
169250,7512452,casablanca,ain chock,119,SAFE_25,Ain Chock à Casablanca
169251,7512461,marrakech,gueliz,1250,SAFE_25,Guéliz à Marrakech
169255,7512922,casablanca,bourgogne ouest,380,SAFE_25,Bourgogne Ouest à Casablanca
169256,7512923,marrakech,belbekkar,8,SAFE_5,Belbekkar à Marrakech
169259,7512997,marrakech,mhamid,253,SAFE_25,Mhamid à Marrakech
169260,7513040,casablanca,val fleury,190,SAFE_25,Val Fleury à Casablanca
169262,7513129,casablanca,hay antaria,6,SAFE_5,Hay Antaria à Casablanca
169263,7513318,casablanca,beausejour,150,SAFE_25,Beauséjour à Casablanca
169264,7513620,casablanca,al qods,132,SAFE_25,Al Qods à Casablanca
169270,7514419,tanger,mesnana,96,SAFE_25,Mesnana à Tanger
169271,7514639,tanger,marchan,45,SAFE_25,Marchan à Tanger
169273,7514771,marrakech,route de safi,237,SAFE_25,Route de Safi à Marrakech
169275,7514832,casablanca,gauthier,422,SAFE_25,Gauthier à Casablanca
169276,7514948,casablanca,la gironde,122,SAFE_25,La Gironde à Casablanca
169281,7515417,tanger,mozart,64,SAFE_25,Mozart à Tanger
169285,7516209,taroudant,agafay,30,SAFE_25,Agafay à Taroudant
169286,7516254,kenitra,maamora,58,SAFE_25,Maamora à Kénitra
169288,7516539,marrakech,hivernage,273,SAFE_25,Hivernage à Marrakech
169289,7516916,casablanca,maarif extension,351,SAFE_25,Maârif Extension à Casablanca
169292,7517077,skhirat,imarat,15,SAFE_10,Imarat à Skhirat
169293,7518316,temara,massira 1,28,SAFE_25,Massira 1 à Temara
169294,7518388,rabat,souissi,566,SAFE_25,Souissi à Rabat
169295,7518469,tanger,marchan,45,SAFE_25,Marchan à Tanger
169296,7518472,casablanca,derb omar,26,SAFE_25,Derb Omar à Casablanca
169305,7519508,el jadida,essaada,55,SAFE_25,Essaada à El Jadida
169309,7519836,casablanca,maarif extension,351,SAFE_25,Maârif Extension à Casablanca
169311,7520188,rabat,al kouass,1,LOW,Al Kouass à Rabat
169312,7520247,marrakech,boukar,14,SAFE_10,Boukar à Marrakech
169314,7520470,casablanca,maarif,326,SAFE_25,Maârif à Casablanca
169317,7520669,casablanca,californie,735,SAFE_25,Californie à Casablanca
169318,7520677,casablanca,belvedere,301,SAFE_25,Belvédère à Casablanca
169320,7520818,essaouira,borj,16,SAFE_10,Borj à Essaouira
169321,7520841,fes,nouvelle ville,31,SAFE_25,Nouvelle Ville à Fès
169322,7520929,casablanca,racine,596,SAFE_25,Racine à Casablanca
169325,7520983,casablanca,racine,596,SAFE_25,Racine à Casablanca
169328,7521967,casablanca,hay zobir,38,SAFE_25,Hay Zobir à Casablanca
169332,7522160,fes,route se sefrou,16,SAFE_10,Route se Sefrou à Fès
169338,7523756,casablanca,alsace lorraine,43,SAFE_25,Alsace Lorraine à Casablanca
169341,7524189,casablanca,sidi maarouf,518,SAFE_25,Sidi Maarouf à Casablanca
169342,7524321,temara,fath el kheir,8,SAFE_5,Fath el Kheir à Temara
169349,7525285,casablanca,hay albaraka,19,SAFE_10,Hay Albaraka à Casablanca
169350,7525343,casablanca,tantonville,33,SAFE_25,Tantonville à Casablanca
169357,7525745,casablanca,les princesses,332,SAFE_25,Les princesses à Casablanca
169358,7526094,casablanca,val fleury,190,SAFE_25,Val Fleury à Casablanca
169360,7526257,fes,route immouzer,38,SAFE_25,Route Immouzer à Fès
169361,7526420,safi,safi 1,5,SAFE_5,Safi 1 à Safi
169366,7527260,casablanca,roches noires,198,SAFE_25,Roches Noires à Casablanca
169375,7528581,rabat,hay al fath,34,SAFE_25,Hay Al Fath à Rabat
169379,7529069,oujda,boustane,15,SAFE_10,Boustane à Oujda
169380,7529470,tanger,de la plage,188,SAFE_25,De La Plage à Tanger
169381,7529503,casablanca,hay lamiaa,1,LOW,Hay Lamiaa à Casablanca
169384,7529883,marrakech,gueliz,1250,SAFE_25,Guéliz à Marrakech
169385,7530660,casablanca,beausejour,150,SAFE_25,Beauséjour à Casablanca
169386,7530680,casablanca,anassi,40,SAFE_25,Anassi à Casablanca
169387,7530778,marrakech,gueliz,1250,SAFE_25,Guéliz à Marrakech
169388,7530899,casablanca,hay chrifa,49,SAFE_25,Hay Chrifa à Casablanca
169392,7531440,temara,massira 2,27,SAFE_25,Massira 2 à Temara
169395,7531739,meknes,hamria,152,SAFE_25,Hamria à Meknes
169396,7531837,agadir,hay houda,65,SAFE_25,Hay Houda à Agadir
169399,7532301,casablanca,triangle d or,142,SAFE_25,Triangle d'Or à Casablanca
169400,7532348,marrakech,izdihar,97,SAFE_25,Izdihar à Marrakech
169403,7532474,bouznika,assanaouber,16,SAFE_10,Assanaouber à Bouznika
169405,7532686,casablanca,val fleury,190,SAFE_25,Val Fleury à Casablanca
169412,7533146,casablanca,ain borja,88,SAFE_25,Ain Borja à Casablanca
169413,7533234,casablanca,ferme bretonne hay arraha,189,SAFE_25,Ferme Bretonne (Hay Arraha) à Casablanca
169415,7533299,casablanca,gauthier,422,SAFE_25,Gauthier à Casablanca
169420,7534047,tanger,tanja balia,220,SAFE_25,Tanja Balia à Tanger
169422,7534081,casablanca,oasis sud,25,SAFE_25,Oasis sud à Casablanca
169423,7534095,casablanca,plateau al batha,38,SAFE_25,Plateau (Al Batha) à Casablanca
169429,7534276,casablanca,ferme bretonne hay arraha,189,SAFE_25,Ferme Bretonne (Hay Arraha) à Casablanca
169432,7534778,casablanca,gauthier,422,SAFE_25,Gauthier à Casablanca
169434,7535029,casablanca,riad el ali,9,SAFE_5,Riad El Ali à Casablanca
169435,7535139,rabat,agdal,313,SAFE_25,Agdal à Rabat
169436,7535148,casablanca,roches noires,198,SAFE_25,Roches Noires à Casablanca
169440,7536187,marrakech,daoudiat,64,SAFE_25,Daoudiat à Marrakech
169442,7536350,tanger,de la plage,188,SAFE_25,De La Plage à Tanger
169444,7536611,tanger,tanger city center,86,SAFE_25,Tanger City Center à Tanger
169445,7536624,tanger,tanger city center,86,SAFE_25,Tanger City Center à Tanger
169447,7536742,casablanca,les hopitaux,385,SAFE_25,Les Hôpitaux à Casablanca
169449,7536897,kenitra,maamora,58,SAFE_25,Maamora à Kénitra
169450,7536942,casablanca,racine,596,SAFE_25,Racine à Casablanca
169454,7537571,marrakech,route de fez,469,SAFE_25,Route de Fez à Marrakech
169457,7537651,marrakech,samlalia,132,SAFE_25,Samlalia à Marrakech
169458,7537753,rabat,hay al kora,8,SAFE_5,Hay Al Kora à Rabat
169464,7538415,casablanca,lissasfa,104,SAFE_25,Lissasfa à Casablanca
169467,7539510,marrakech,ennakhil palmeraie,469,SAFE_25,Ennakhil (Palmeraie) à Marrakech
169468,7539707,casablanca,bourgogne ouest,380,SAFE_25,Bourgogne Ouest à Casablanca
169469,7539799,marrakech,route casablanca,269,SAFE_25,Route Casablanca à Marrakech
169470,7540219,casablanca,mers sultan,170,SAFE_25,Mers Sultan à Casablanca
169473,7540604,casablanca,bourgogne ouest,380,SAFE_25,Bourgogne Ouest à Casablanca
169477,7540898,casablanca,ain sebaa,344,SAFE_25,Aïn Sebaâ à Casablanca
169478,7540927,casablanca,belvedere,301,SAFE_25,Belvédère à Casablanca
169483,7541789,marrakech,samlalia,132,SAFE_25,Samlalia à Marrakech
169484,7541822,casablanca,racine,596,SAFE_25,Racine à Casablanca
169485,7542013,bouznika,quartier industriel,31,SAFE_25,Quartier Industriel à Bouznika
169487,7542487,casablanca,ain diab,457,SAFE_25,Ain Diab à Casablanca
169489,7542604,casablanca,californie,735,SAFE_25,Californie à Casablanca
169490,7542606,casablanca,val fleury,190,SAFE_25,Val Fleury à Casablanca
169491,7542607,casablanca,californie,735,SAFE_25,Californie à Casablanca
169500,7543499,rabat,souissi,566,SAFE_25,Souissi à Rabat
169501,7543613,rabat,aviation mabella,79,SAFE_25,Aviation - Mabella à Rabat
169511,7544483,skhirat,imarat,15,SAFE_10,Imarat à Skhirat
169513,7544716,casablanca,bernoussi,99,SAFE_25,Bernoussi à Casablanca
169515,7544814,casablanca,racine,596,SAFE_25,Racine à Casablanca
169519,7545125,casablanca,anfa,374,SAFE_25,Anfa à Casablanca
169520,7545529,casablanca,ain diab,457,SAFE_25,Ain Diab à Casablanca
169521,7545646,casablanca,maarif,326,SAFE_25,Maârif à Casablanca
169525,7546183,casablanca,oulfa,409,SAFE_25,Oulfa à Casablanca
169528,7546421,casablanca,maarif,326,SAFE_25,Maârif à Casablanca
169532,7546868,casablanca,les princesses,332,SAFE_25,Les princesses à Casablanca
169533,7547001,casablanca,bourgogne est,157,SAFE_25,Bourgogne Est à Casablanca
169534,7547186,tanger,castilla,76,SAFE_25,Castilla à Tanger
169535,7547277,casablanca,cil hay salam,225,SAFE_25,CIL (Hay Salam) à Casablanca
169538,7547549,casablanca,belvedere,301,SAFE_25,Belvédère à Casablanca
169539,7547866,marrakech,gueliz,1250,SAFE_25,Guéliz à Marrakech
169541,7548044,casablanca,maarif,326,SAFE_25,Maârif à Casablanca
169542,7548062,casablanca,palmier,340,SAFE_25,Palmier à Casablanca
169543,7548107,casablanca,gauthier,422,SAFE_25,Gauthier à Casablanca
169546,7548370,casablanca,gauthier,422,SAFE_25,Gauthier à Casablanca
169547,7548410,essaouira,raounak,6,SAFE_5,Raounak à Essaouira
169549,7548418,casablanca,gauthier,422,SAFE_25,Gauthier à Casablanca
169550,7548429,meknes,marjane,146,SAFE_25,Marjane à Meknes
169551,7548577,rabat,riyad,566,SAFE_25,Riyad à Rabat
169552,7548619,agadir,hay mohammadi,183,SAFE_25,Hay Mohammadi à Agadir
169555,7548867,casablanca,laymoune,100,SAFE_25,Laymoune à Casablanca
169556,7549022,temara,wifak,121,SAFE_25,Wifak à Temara
169557,7549095,casablanca,les princesses,332,SAFE_25,Les princesses à Casablanca
169558,7549133,casablanca,ain sebaa,344,SAFE_25,Aïn Sebaâ à Casablanca
169559,7549246,marrakech,hivernage,273,SAFE_25,Hivernage à Marrakech
169561,7549505,agadir,hay najah,11,SAFE_10,Hay Najah à Agadir
169563,7549939,marrakech,agdal,514,SAFE_25,Agdal à Marrakech
169564,7550053,casablanca,belvedere,301,SAFE_25,Belvédère à Casablanca
169566,7550326,casablanca,maarif extension,351,SAFE_25,Maârif Extension à Casablanca
169568,7550735,tanger,beni said,3,LOW,Beni Said à Tanger
169569,7550778,casablanca,maarif extension,351,SAFE_25,Maârif Extension à Casablanca
169571,7550985,casablanca,mers sultan,170,SAFE_25,Mers Sultan à Casablanca
169572,7551420,fes,route immouzer,38,SAFE_25,Route Immouzer à Fès
169573,7551564,casablanca,roches noires,198,SAFE_25,Roches Noires à Casablanca
169576,7552105,casablanca,californie,735,SAFE_25,Californie à Casablanca
169577,7552295,rabat,souissi,566,SAFE_25,Souissi à Rabat
169579,7552634,casablanca,maarif extension,351,SAFE_25,Maârif Extension à Casablanca
169580,7552827,casablanca,val fleury,190,SAFE_25,Val Fleury à Casablanca
169584,7553503,marrakech,route de safi,237,SAFE_25,Route de Safi à Marrakech
169591,7553895,tanger,de la plage,188,SAFE_25,De La Plage à Tanger
169592,7553920,tanger,mesnana,96,SAFE_25,Mesnana à Tanger
169596,7554388,tanger,mozart,64,SAFE_25,Mozart à Tanger
169601,7554509,casablanca,californie,735,SAFE_25,Californie à Casablanca
169603,7554813,casablanca,oasis,332,SAFE_25,Oasis à Casablanca
169606,7554993,tanger,azib haj kaddour,10,SAFE_10,Azib Haj Kaddour à Tanger
169608,7555293,casablanca,les princesses,332,SAFE_25,Les princesses à Casablanca
169610,7555482,casablanca,bernoussi,99,SAFE_25,Bernoussi à Casablanca
169612,7555596,casablanca,racine,596,SAFE_25,Racine à Casablanca
169613,7555631,casablanca,les princesses,332,SAFE_25,Les princesses à Casablanca
169621,7557075,rabat,riyad,566,SAFE_25,Riyad à Rabat
169624,7557424,casablanca,anassi,40,SAFE_25,Anassi à Casablanca
169625,7557493,casablanca,la gironde,122,SAFE_25,La Gironde à Casablanca
169629,7557936,casablanca,anfa,374,SAFE_25,Anfa à Casablanca
169631,7558336,rabat,riyad,566,SAFE_25,Riyad à Rabat
169636,7558653,sale,bettana,16,SAFE_10,Bettana à Salé
169640,7559478,rabat,hay bouhlal,1,LOW,Hay Bouhlal à Rabat
169641,7559867,marrakech,hay mabrouka,95,SAFE_25,Hay Mabrouka à Marrakech
169645,7560259,casablanca,al madina aljadida,18,SAFE_10,Al Madina Aljadida à Casablanca
169652,7560851,casablanca,oasis,332,SAFE_25,Oasis à Casablanca
169659,7562457,casablanca,maarif extension,351,SAFE_25,Maârif Extension à Casablanca
169660,7562579,casablanca,ain sebaa,344,SAFE_25,Aïn Sebaâ à Casablanca
169668,7563695,agadir,secteur touristique,92,SAFE_25,Secteur Touristique à Agadir
169670,7564011,casablanca,californie,735,SAFE_25,Californie à Casablanca
169672,7564096,casablanca,tantonville,33,SAFE_25,Tantonville à Casablanca
169674,7564422,fes,l habitat,6,SAFE_5,L'habitat à Fès
169675,7564457,fes,agdal,12,SAFE_10,Agdal à Fès
169676,7564487,casablanca,lissasfa,104,SAFE_25,Lissasfa à Casablanca
169680,7564756,marrakech,ennakhil palmeraie,469,SAFE_25,Ennakhil (Palmeraie) à Marrakech
169681,7564802,marrakech,ennakhil palmeraie,469,SAFE_25,Ennakhil (Palmeraie) à Marrakech
169683,7564865,casablanca,sidi moumen,119,SAFE_25,Sidi Moumen à Casablanca
169684,7565117,marrakech,agdal,514,SAFE_25,Agdal à Marrakech
169685,7565140,marrakech,route casablanca,269,SAFE_25,Route Casablanca à Marrakech
169687,7565225,marrakech,izdihar,97,SAFE_25,Izdihar à Marrakech
169688,7565250,kenitra,maghrib arabi,29,SAFE_25,Maghrib Arabi à Kénitra
169691,7565319,casablanca,ain diab,457,SAFE_25,Ain Diab à Casablanca
169692,7565343,bouznika,al kawtar,71,SAFE_25,Al Kawtar à Bouznika
169694,7565474,bouznika,plage oued cherrat,118,SAFE_25,Plage Oued Cherrat à Bouznika
169695,7565619,casablanca,la gironde,122,SAFE_25,La Gironde à Casablanca
169696,7565637,fes,zouagha,21,SAFE_10,Zouagha à Fès
169697,7565826,tanger,moujahidine,132,SAFE_25,Moujahidine à Tanger
169698,7566002,agadir,hay mohammadi,183,SAFE_25,Hay Mohammadi à Agadir
169702,7566216,casablanca,beausejour,150,SAFE_25,Beauséjour à Casablanca
169705,7566538,casablanca,oulfa,409,SAFE_25,Oulfa à Casablanca
169707,7566560,bouznika,plage oued cherrat,118,SAFE_25,Plage Oued Cherrat à Bouznika
169709,7566727,marrakech,hivernage,273,SAFE_25,Hivernage à Marrakech
169711,7566948,marrakech,gueliz,1250,SAFE_25,Guéliz à Marrakech
169718,7567441,tanger,malabata,421,SAFE_25,Malabata à Tanger
169721,7567745,casablanca,val fleury,190,SAFE_25,Val Fleury à Casablanca
169722,7568245,casablanca,mers sultan,170,SAFE_25,Mers Sultan à Casablanca
169723,7568256,casablanca,bourgogne ouest,380,SAFE_25,Bourgogne Ouest à Casablanca
169729,7568862,marrakech,hivernage,273,SAFE_25,Hivernage à Marrakech
169732,7569550,casablanca,beausejour,150,SAFE_25,Beauséjour à Casablanca
169738,7570309,casablanca,racine,596,SAFE_25,Racine à Casablanca
169740,7570592,casablanca,californie,735,SAFE_25,Californie à Casablanca
169741,7570609,casablanca,les princesses,332,SAFE_25,Les princesses à Casablanca
169745,7571057,casablanca,mers sultan,170,SAFE_25,Mers Sultan à Casablanca
169750,7571290,tanger,de la plage,188,SAFE_25,De La Plage à Tanger
169757,7572154,casablanca,liberte,21,SAFE_10,Liberté à Casablanca
169760,7572344,casablanca,gauthier,422,SAFE_25,Gauthier à Casablanca
169762,7572634,agadir,hay mohammadi,183,SAFE_25,Hay Mohammadi à Agadir
169763,7572804,casablanca,racine,596,SAFE_25,Racine à Casablanca
169767,7573193,casablanca,mers sultan,170,SAFE_25,Mers Sultan à Casablanca
169768,7573284,casablanca,triangle d or,142,SAFE_25,Triangle d'Or à Casablanca
169772,7573811,temara,al moustakbal,9,SAFE_5,Al Moustakbal à Temara
169774,7573988,casablanca,maarif,326,SAFE_25,Maârif à Casablanca
169776,7574223,agadir,hay mohammadi,183,SAFE_25,Hay Mohammadi à Agadir
169777,7574281,rabat,riyad,566,SAFE_25,Riyad à Rabat
169778,7574304,casablanca,oulfa,409,SAFE_25,Oulfa à Casablanca
169779,7574506,temara,wifak,121,SAFE_25,Wifak à Temara
169782,7574909,tetouan,saniat errmel,11,SAFE_10,Saniat Errmel à Tétouan
169783,7574914,agadir,cite adrar,16,SAFE_10,Cité Adrar à Agadir
169787,7575131,meknes,marjane,146,SAFE_25,Marjane à Meknes
169789,7575169,bouznika,plage oued cherrat,118,SAFE_25,Plage Oued Cherrat à Bouznika
169790,7575184,marrakech,agdal,514,SAFE_25,Agdal à Marrakech
169791,7575320,casablanca,maarif extension,351,SAFE_25,Maârif Extension à Casablanca
169795,7576081,marrakech,agdal,514,SAFE_25,Agdal à Marrakech
169796,7576232,casablanca,sidi maarouf,518,SAFE_25,Sidi Maarouf à Casablanca
169798,7576295,casablanca,maarif extension,351,SAFE_25,Maârif Extension à Casablanca
169799,7576362,tanger,du golf,123,SAFE_25,Du Golf à Tanger
169800,7576363,tanger,du golf,123,SAFE_25,Du Golf à Tanger
169801,7576365,tanger,du golf,123,SAFE_25,Du Golf à Tanger
169802,7576367,tanger,du golf,123,SAFE_25,Du Golf à Tanger
169803,7576372,tanger,du golf,123,SAFE_25,Du Golf à Tanger
169804,7576471,casablanca,belvedere,301,SAFE_25,Belvédère à Casablanca
169805,7576483,marrakech,hay mabrouka,95,SAFE_25,Hay Mabrouka à Marrakech
169806,7576485,marrakech,hay mabrouka,95,SAFE_25,Hay Mabrouka à Marrakech
169807,7576529,marrakech,assif,32,SAFE_25,Assif à Marrakech
169808,7576554,casablanca,racine,596,SAFE_25,Racine à Casablanca
169815,7577059,casablanca,bourgogne est,157,SAFE_25,Bourgogne Est à Casablanca
169818,7577422,casablanca,les hopitaux,385,SAFE_25,Les Hôpitaux à Casablanca
169819,7577425,casablanca,californie,735,SAFE_25,Californie à Casablanca
169820,7577431,casablanca,bourgogne ouest,380,SAFE_25,Bourgogne Ouest à Casablanca
169821,7577433,casablanca,beausejour,150,SAFE_25,Beauséjour à Casablanca
169822,7577659,marrakech,gueliz,1250,SAFE_25,Guéliz à Marrakech
169825,7577890,meknes,hamria,152,SAFE_25,Hamria à Meknes
169826,7578282,casablanca,bourgogne ouest,380,SAFE_25,Bourgogne Ouest à Casablanca
169827,7578343,temara,skikina,28,SAFE_25,Skikina à Temara
169830,7578758,casablanca,belvedere,301,SAFE_25,Belvédère à Casablanca
169831,7578768,el jadida,quartier aerodrome,20,SAFE_10,Quartier Aérodrome à El Jadida
169832,7578797,tanger,mghogha,80,SAFE_25,Mghogha à Tanger
169837,7579180,marrakech,hivernage,273,SAFE_25,Hivernage à Marrakech
169838,7579340,casablanca,anassi,40,SAFE_25,Anassi à Casablanca
169839,7579344,tanger,bel air val fleuri,128,SAFE_25,Bel Air - Val fleuri à Tanger
169841,7579388,fes,agdal,12,SAFE_10,Agdal à Fès
169843,7579505,temara,massira 3,13,SAFE_10,Massira 3 à Temara
169847,7579751,temara,ain atig,11,SAFE_10,Ain Atig à Temara
169848,7579753,temara,ain atig,11,SAFE_10,Ain Atig à Temara
169849,7579765,temara,ain atig,11,SAFE_10,Ain Atig à Temara
169850,7579766,temara,ain atig,11,SAFE_10,Ain Atig à Temara
169851,7579770,temara,ain atig,11,SAFE_10,Ain Atig à Temara
169852,7579773,temara,ain atig,11,SAFE_10,Ain Atig à Temara
169853,7579774,temara,ain atig,11,SAFE_10,Ain Atig à Temara
169854,7579776,temara,ain atig,11,SAFE_10,Ain Atig à Temara
169855,7579778,temara,ain atig,11,SAFE_10,Ain Atig à Temara
169856,7579780,temara,ain atig,11,SAFE_10,Ain Atig à Temara
169859,7580062,casablanca,salmia 2,26,SAFE_25,Salmia 2 à Casablanca
169860,7580200,casablanca,hay mohammadi,65,SAFE_25,Hay Mohammadi à Casablanca
169862,7580255,casablanca,casablanca marina,100,SAFE_25,Casablanca Marina à Casablanca
169864,7580403,casablanca,cil hay salam,225,SAFE_25,CIL (Hay Salam) à Casablanca
169865,7580593,mohammedia,la siesta,62,SAFE_25,La Siesta à Mohammedia
169867,7580799,casablanca,roches noires,198,SAFE_25,Roches Noires à Casablanca
169869,7581067,tetouan,cabo negro,8,SAFE_5,Cabo Negro à Tétouan
169871,7581163,casablanca,lissasfa,104,SAFE_25,Lissasfa à Casablanca
169872,7581196,casablanca,les hopitaux,385,SAFE_25,Les Hôpitaux à Casablanca
169874,7581424,temara,wifak,121,SAFE_25,Wifak à Temara
169875,7581427,marrakech,hivernage,273,SAFE_25,Hivernage à Marrakech
169876,7581437,el jadida,essaada,55,SAFE_25,Essaada à El Jadida
169878,7581659,mohammedia,hay mesk lil,4,LOW,Hay Mesk Lil à Mohammedia
169880,7581742,marrakech,ennakhil palmeraie,469,SAFE_25,Ennakhil (Palmeraie) à Marrakech
169893,7583094,marrakech,les portes de marrakech,94,SAFE_25,Les Portes de Marrakech à Marrakech
169896,7583285,casablanca,hay chrifa,49,SAFE_25,Hay Chrifa à Casablanca
169898,7583393,marrakech,agdal,514,SAFE_25,Agdal à Marrakech
169905,7583891,sale,cite militaire,5,SAFE_5,Cité Militaire à Salé
169906,7583946,oujda,lazaret,21,SAFE_10,Lazaret à Oujda
169912,7584075,sale,ouled moussa,10,SAFE_10,Ouled Moussa à Salé
169914,7584164,bouznika,quartier industriel,31,SAFE_25,Quartier Industriel à Bouznika
169919,7584452,tanger,marchan,45,SAFE_25,Marchan à Tanger
169921,7585033,casablanca,belvedere,301,SAFE_25,Belvédère à Casablanca
169922,7585134,casablanca,gauthier,422,SAFE_25,Gauthier à Casablanca
169925,7585205,tetouan,route de ceuta,19,SAFE_10,Route de Ceuta à Tétouan
169930,7585806,rabat,hassan centre ville,119,SAFE_25,Hassan - Centre Ville à Rabat
169932,7586248,casablanca,triangle d or,142,SAFE_25,Triangle d'Or à Casablanca
169933,7586250,marrakech,hivernage,273,SAFE_25,Hivernage à Marrakech
169936,7586543,tanger,aouama gharbia,64,SAFE_25,Aouama Gharbia à Tanger
169938,7586673,kenitra,maamora,58,SAFE_25,Maamora à Kénitra
169942,7587058,tanger,malabata,421,SAFE_25,Malabata à Tanger
169943,7587136,casablanca,hay albaraka,19,SAFE_10,Hay Albaraka à Casablanca
169945,7587185,casablanca,triangle d or,142,SAFE_25,Triangle d'Or à Casablanca
169946,7587214,agadir,secteur touristique,92,SAFE_25,Secteur Touristique à Agadir
169947,7587342,casablanca,maarif extension,351,SAFE_25,Maârif Extension à Casablanca
169953,7588021,rabat,riyad,566,SAFE_25,Riyad à Rabat
169954,7588030,sale,hay alqods,2,LOW,Hay Alqods à Salé
169955,7588032,casablanca,gauthier,422,SAFE_25,Gauthier à Casablanca
169956,7588161,skhirat,ain el hayat,9,SAFE_5,Ain el Hayat à Skhirat
169958,7588294,agadir,talborjt,18,SAFE_10,Talborjt à Agadir
169962,7588448,casablanca,ain sebaa,344,SAFE_25,Aïn Sebaâ à Casablanca
169966,7588595,casablanca,californie,735,SAFE_25,Californie à Casablanca
169967,7588599,agadir,hay salam,64,SAFE_25,Hay Salam à Agadir
169969,7588759,casablanca,beausejour,150,SAFE_25,Beauséjour à Casablanca
169971,7588827,casablanca,les hopitaux,385,SAFE_25,Les Hôpitaux à Casablanca
169973,7588941,casablanca,maarif extension,351,SAFE_25,Maârif Extension à Casablanca
169974,7589000,rabat,diour jamaa,38,SAFE_25,Diour Jamaa à Rabat
169976,7589128,marrakech,camp al ghoul,112,SAFE_25,Camp Al Ghoul à Marrakech
169977,7589166,casablanca,maarif extension,351,SAFE_25,Maârif Extension à Casablanca
169981,7589480,kenitra,mimosas,57,SAFE_25,Mimosas à Kénitra
169983,7589502,agadir,hay najah,11,SAFE_10,Hay Najah à Agadir
169985,7589552,casablanca,sidi moumen,119,SAFE_25,Sidi Moumen à Casablanca
169988,7589644,rabat,souissi,566,SAFE_25,Souissi à Rabat
169991,7589741,casablanca,californie,735,SAFE_25,Californie à Casablanca
169996,7590047,casablanca,hay alfarah,11,SAFE_10,Hay Alfarah à Casablanca
169997,7590113,casablanca,racine,596,SAFE_25,Racine à Casablanca
169998,7590138,marrakech,izdihar,97,SAFE_25,Izdihar à Marrakech
170001,7590568,marrakech,ennakhil palmeraie,469,SAFE_25,Ennakhil (Palmeraie) à Marrakech
170003,7590822,fes,mont fleuri,13,SAFE_10,Mont Fleuri à Fès
170008,7591197,agadir,secteur touristique,92,SAFE_25,Secteur Touristique à Agadir
170009,7591250,casablanca,mers sultan,170,SAFE_25,Mers Sultan à Casablanca
170011,7591284,casablanca,gauthier,422,SAFE_25,Gauthier à Casablanca
170015,7591413,casablanca,racine,596,SAFE_25,Racine à Casablanca
170018,7591502,marrakech,route casablanca,269,SAFE_25,Route Casablanca à Marrakech
170022,7591837,casablanca,maarif,326,SAFE_25,Maârif à Casablanca
170023,7591838,casablanca,maarif,326,SAFE_25,Maârif à Casablanca
170031,7591855,casablanca,les princesses,332,SAFE_25,Les princesses à Casablanca
170032,7591857,casablanca,les princesses,332,SAFE_25,Les princesses à Casablanca
170033,7591909,essaouira,ghazoua,20,SAFE_10,Ghazoua à Essaouira
170034,7591910,essaouira,ghazoua,20,SAFE_10,Ghazoua à Essaouira
170035,7591914,essaouira,ghazoua,20,SAFE_10,Ghazoua à Essaouira
170036,7591922,tanger,aharrarine,37,SAFE_25,Aharrarine à Tanger
170037,7591947,temara,massira 2,27,SAFE_25,Massira 2 à Temara
170039,7591950,temara,massira 2,27,SAFE_25,Massira 2 à Temara
170040,7591961,marrakech,agdal,514,SAFE_25,Agdal à Marrakech
170041,7591963,marrakech,agdal,514,SAFE_25,Agdal à Marrakech
170044,7592237,casablanca,racine,596,SAFE_25,Racine à Casablanca
170049,7592707,rabat,agdal,313,SAFE_25,Agdal à Rabat
170052,7592921,marrakech,route casablanca,269,SAFE_25,Route Casablanca à Marrakech
170053,7592990,rabat,souissi,566,SAFE_25,Souissi à Rabat
170054,7592991,rabat,souissi,566,SAFE_25,Souissi à Rabat
170055,7592992,rabat,souissi,566,SAFE_25,Souissi à Rabat
170056,7592993,rabat,souissi,566,SAFE_25,Souissi à Rabat
170059,7593263,marrakech,agdal,514,SAFE_25,Agdal à Marrakech
170062,7593391,casablanca,racine,596,SAFE_25,Racine à Casablanca
170064,7593523,casablanca,racine,596,SAFE_25,Racine à Casablanca
170069,7594049,casablanca,maarif extension,351,SAFE_25,Maârif Extension à Casablanca
170070,7594061,casablanca,derb ghalef,98,SAFE_25,Derb Ghalef à Casablanca
170071,7594140,marrakech,agdal,514,SAFE_25,Agdal à Marrakech
170074,7594317,casablanca,racine,596,SAFE_25,Racine à Casablanca
170075,7594408,casablanca,racine,596,SAFE_25,Racine à Casablanca
170080,7594765,meknes,marjane,146,SAFE_25,Marjane à Meknes
170082,7594892,marrakech,route casablanca,269,SAFE_25,Route Casablanca à Marrakech
170083,7594906,sale,sidi hajji,27,SAFE_25,Sidi Hajji à Salé
170086,7595014,casablanca,oulfa,409,SAFE_25,Oulfa à Casablanca
170088,7595144,tanger,du golf,123,SAFE_25,Du Golf à Tanger
170089,7595157,casablanca,racine,596,SAFE_25,Racine à Casablanca
170090,7595189,casablanca,gauthier,422,SAFE_25,Gauthier à Casablanca
170094,7595259,casablanca,bourgogne ouest,380,SAFE_25,Bourgogne Ouest à Casablanca
170096,7595324,rabat,haut agdal,84,SAFE_25,Haut Agdal à Rabat
170099,7595506,casablanca,ferme bretonne hay arraha,189,SAFE_25,Ferme Bretonne (Hay Arraha) à Casablanca
170109,7595600,tanger,administratif,164,SAFE_25,Administratif à Tanger
170112,7595644,tanger,boukhalef,98,SAFE_25,Boukhalef à Tanger
170113,7595648,tanger,boukhalef,98,SAFE_25,Boukhalef à Tanger
170114,7595650,tanger,boukhalef,98,SAFE_25,Boukhalef à Tanger
170115,7595651,tanger,boukhalef,98,SAFE_25,Boukhalef à Tanger
170116,7595652,tanger,boukhalef,98,SAFE_25,Boukhalef à Tanger
170117,7595654,tanger,boukhalef,98,SAFE_25,Boukhalef à Tanger
170118,7595655,tanger,boukhalef,98,SAFE_25,Boukhalef à Tanger
170119,7595656,tanger,boukhalef,98,SAFE_25,Boukhalef à Tanger
170121,7595701,tanger,malabata,421,SAFE_25,Malabata à Tanger
170122,7595707,tanger,malabata,421,SAFE_25,Malabata à Tanger
170123,7595711,tanger,malabata,421,SAFE_25,Malabata à Tanger
170124,7595713,tanger,malabata,421,SAFE_25,Malabata à Tanger
170125,7595715,tanger,malabata,421,SAFE_25,Malabata à Tanger
170140,7595972,benslimane,administratif,10,SAFE_10,Administratif à Benslimane
170141,7595983,tanger,tanger city center,86,SAFE_25,Tanger City Center à Tanger
170142,7595986,tanger,tanger city center,86,SAFE_25,Tanger City Center à Tanger
170143,7595987,tanger,tanger city center,86,SAFE_25,Tanger City Center à Tanger
170144,7595989,tanger,tanger city center,86,SAFE_25,Tanger City Center à Tanger
170145,7595990,tanger,tanger city center,86,SAFE_25,Tanger City Center à Tanger
170148,7596007,benslimane,golf de benslimane,48,SAFE_25,Golf de Benslimane à Benslimane
170149,7596015,benslimane,golf de benslimane,48,SAFE_25,Golf de Benslimane à Benslimane
170150,7596016,benslimane,golf de benslimane,48,SAFE_25,Golf de Benslimane à Benslimane
170151,7596060,casablanca,ahl loghlam hay assalam,21,SAFE_10,Ahl Loghlam (Hay Assalam) à Casablanca
170152,7596062,casablanca,ahl loghlam hay assalam,21,SAFE_10,Ahl Loghlam (Hay Assalam) à Casablanca
170153,7596063,casablanca,ahl loghlam hay assalam,21,SAFE_10,Ahl Loghlam (Hay Assalam) à Casablanca
170154,7596064,casablanca,ahl loghlam hay assalam,21,SAFE_10,Ahl Loghlam (Hay Assalam) à Casablanca
170155,7596065,casablanca,ahl loghlam hay assalam,21,SAFE_10,Ahl Loghlam (Hay Assalam) à Casablanca
170156,7596066,casablanca,ahl loghlam hay assalam,21,SAFE_10,Ahl Loghlam (Hay Assalam) à Casablanca
170157,7596067,casablanca,ahl loghlam hay assalam,21,SAFE_10,Ahl Loghlam (Hay Assalam) à Casablanca
170158,7596068,casablanca,ahl loghlam hay assalam,21,SAFE_10,Ahl Loghlam (Hay Assalam) à Casablanca
170159,7596069,casablanca,ahl loghlam hay assalam,21,SAFE_10,Ahl Loghlam (Hay Assalam) à Casablanca
170160,7596071,casablanca,ahl loghlam hay assalam,21,SAFE_10,Ahl Loghlam (Hay Assalam) à Casablanca
170161,7596073,casablanca,ahl loghlam hay assalam,21,SAFE_10,Ahl Loghlam (Hay Assalam) à Casablanca
170162,7596074,casablanca,ahl loghlam hay assalam,21,SAFE_10,Ahl Loghlam (Hay Assalam) à Casablanca
170163,7596075,casablanca,ahl loghlam hay assalam,21,SAFE_10,Ahl Loghlam (Hay Assalam) à Casablanca
170164,7596097,casablanca,roches noires,198,SAFE_25,Roches Noires à Casablanca
170165,7596147,benslimane,administratif,10,SAFE_10,Administratif à Benslimane
170166,7596148,benslimane,administratif,10,SAFE_10,Administratif à Benslimane
170167,7596149,benslimane,administratif,10,SAFE_10,Administratif à Benslimane
170168,7596150,benslimane,administratif,10,SAFE_10,Administratif à Benslimane
170169,7596151,benslimane,administratif,10,SAFE_10,Administratif à Benslimane
170170,7596152,benslimane,administratif,10,SAFE_10,Administratif à Benslimane
170171,7596153,benslimane,administratif,10,SAFE_10,Administratif à Benslimane
170172,7596154,benslimane,administratif,10,SAFE_10,Administratif à Benslimane
170173,7596155,benslimane,administratif,10,SAFE_10,Administratif à Benslimane
170174,7596156,benslimane,administratif,10,SAFE_10,Administratif à Benslimane
170175,7596157,benslimane,administratif,10,SAFE_10,Administratif à Benslimane
170176,7596158,benslimane,administratif,10,SAFE_10,Administratif à Benslimane
170177,7596159,benslimane,administratif,10,SAFE_10,Administratif à Benslimane
170178,7596326,tanger,tanger city center,86,SAFE_25,Tanger City Center à Tanger
170179,7596327,tanger,tanger city center,86,SAFE_25,Tanger City Center à Tanger
170180,7596328,tanger,tanger city center,86,SAFE_25,Tanger City Center à Tanger
170181,7596329,tanger,tanger city center,86,SAFE_25,Tanger City Center à Tanger
170182,7596330,tanger,tanger city center,86,SAFE_25,Tanger City Center à Tanger
170183,7596331,tanger,tanger city center,86,SAFE_25,Tanger City Center à Tanger
170184,7596332,tanger,tanger city center,86,SAFE_25,Tanger City Center à Tanger
170185,7596333,tanger,tanger city center,86,SAFE_25,Tanger City Center à Tanger
170186,7596334,tanger,tanger city center,86,SAFE_25,Tanger City Center à Tanger
170187,7596335,tanger,tanger city center,86,SAFE_25,Tanger City Center à Tanger
170188,7596337,tanger,tanger city center,86,SAFE_25,Tanger City Center à Tanger
170189,7596339,tanger,tanger city center,86,SAFE_25,Tanger City Center à Tanger
170190,7596341,tanger,tanger city center,86,SAFE_25,Tanger City Center à Tanger
170191,7596346,marrakech,agdal,514,SAFE_25,Agdal à Marrakech
170192,7596349,marrakech,agdal,514,SAFE_25,Agdal à Marrakech
170194,7596360,tanger,boukhalef,98,SAFE_25,Boukhalef à Tanger
170195,7596361,tanger,boukhalef,98,SAFE_25,Boukhalef à Tanger
170196,7596363,tanger,boukhalef,98,SAFE_25,Boukhalef à Tanger
170197,7596364,tanger,boukhalef,98,SAFE_25,Boukhalef à Tanger
170198,7596365,tanger,boukhalef,98,SAFE_25,Boukhalef à Tanger
170199,7596366,tanger,boukhalef,98,SAFE_25,Boukhalef à Tanger
170200,7596367,tanger,boukhalef,98,SAFE_25,Boukhalef à Tanger
170202,7596446,tanger,tanger city center,86,SAFE_25,Tanger City Center à Tanger
170204,7596449,tanger,tanger city center,86,SAFE_25,Tanger City Center à Tanger
170205,7596450,tanger,tanger city center,86,SAFE_25,Tanger City Center à Tanger
170207,7596453,tanger,tanger city center,86,SAFE_25,Tanger City Center à Tanger
170208,7596454,tanger,tanger city center,86,SAFE_25,Tanger City Center à Tanger
170210,7596456,tanger,tanger city center,86,SAFE_25,Tanger City Center à Tanger
170211,7596457,tanger,tanger city center,86,SAFE_25,Tanger City Center à Tanger
170212,7596458,tanger,tanger city center,86,SAFE_25,Tanger City Center à Tanger
170213,7596460,tanger,tanger city center,86,SAFE_25,Tanger City Center à Tanger
170217,7596541,casablanca,beausejour,150,SAFE_25,Beauséjour à Casablanca
170219,7596631,casablanca,salmia 2,26,SAFE_25,Salmia 2 à Casablanca
170222,7596792,rabat,souissi,566,SAFE_25,Souissi à Rabat
170223,7596864,casablanca,nassim 2,43,SAFE_25,Nassim 2 à Casablanca
170225,7597496,fes,hay ait skato,3,LOW,Hay Ait Skato à Fès
170226,7597581,tanger,marjane,165,SAFE_25,Marjane à Tanger
170234,7597957,casablanca,racine,596,SAFE_25,Racine à Casablanca
170236,7597962,rabat,souissi,566,SAFE_25,Souissi à Rabat
170237,7597963,rabat,souissi,566,SAFE_25,Souissi à Rabat
170240,7598175,benslimane,administratif,10,SAFE_10,Administratif à Benslimane
170241,7598176,benslimane,administratif,10,SAFE_10,Administratif à Benslimane
170242,7598178,benslimane,administratif,10,SAFE_10,Administratif à Benslimane
170243,7598179,benslimane,administratif,10,SAFE_10,Administratif à Benslimane
170244,7598180,benslimane,administratif,10,SAFE_10,Administratif à Benslimane
170245,7598181,benslimane,administratif,10,SAFE_10,Administratif à Benslimane
170246,7598182,benslimane,administratif,10,SAFE_10,Administratif à Benslimane
170247,7598183,benslimane,administratif,10,SAFE_10,Administratif à Benslimane
170248,7598184,benslimane,administratif,10,SAFE_10,Administratif à Benslimane
170249,7598185,benslimane,administratif,10,SAFE_10,Administratif à Benslimane
170250,7598190,benslimane,golf de benslimane,48,SAFE_25,Golf de Benslimane à Benslimane
170251,7598192,benslimane,golf de benslimane,48,SAFE_25,Golf de Benslimane à Benslimane
170252,7598199,benslimane,golf de benslimane,48,SAFE_25,Golf de Benslimane à Benslimane
170254,7598586,tanger,malabata,421,SAFE_25,Malabata à Tanger
170255,7598587,tanger,malabata,421,SAFE_25,Malabata à Tanger
170256,7598590,tanger,malabata,421,SAFE_25,Malabata à Tanger
170257,7598646,tanger,de la plage,188,SAFE_25,De La Plage à Tanger
170265,7598710,mohammedia,wafa,25,SAFE_25,Wafa à Mohammedia
170266,7598712,tanger,castilla,76,SAFE_25,Castilla à Tanger
170267,7598714,mohammedia,wafa,25,SAFE_25,Wafa à Mohammedia
170270,7598949,marrakech,gueliz,1250,SAFE_25,Guéliz à Marrakech
170274,7599033,casablanca,belvedere,301,SAFE_25,Belvédère à Casablanca
170275,7599044,tanger,moujahidine,132,SAFE_25,Moujahidine à Tanger
170283,7599491,rabat,riyad,566,SAFE_25,Riyad à Rabat
170284,7599512,benslimane,entree sud,41,SAFE_25,Entrée Sud à Benslimane
170285,7599521,mohammedia,quartier du parc,79,SAFE_25,Quartier du Parc à Mohammedia
170286,7599717,agadir,hay houda,65,SAFE_25,Hay Houda à Agadir
170287,7599754,casablanca,belvedere,301,SAFE_25,Belvédère à Casablanca
170288,7599895,casablanca,racine extension,51,SAFE_25,Racine Extension à Casablanca
170290,7600123,casablanca,nassim 2,43,SAFE_25,Nassim 2 à Casablanca
170295,7600510,marrakech,sanaoubar,15,SAFE_10,Sanaoubar à Marrakech
170296,7600619,casablanca,val fleury,190,SAFE_25,Val Fleury à Casablanca
170299,7600866,casablanca,moulay youssef,31,SAFE_25,Moulay Youssef à Casablanca
170301,7600905,casablanca,les hopitaux,385,SAFE_25,Les Hôpitaux à Casablanca
170302,7600906,casablanca,maarif extension,351,SAFE_25,Maârif Extension à Casablanca
170303,7600974,casablanca,palmier,340,SAFE_25,Palmier à Casablanca
170304,7601035,skhirat,ain el hayat,9,SAFE_5,Ain el Hayat à Skhirat
170306,7601269,casablanca,ferme bretonne hay arraha,189,SAFE_25,Ferme Bretonne (Hay Arraha) à Casablanca
170307,7601298,temara,wifak,121,SAFE_25,Wifak à Temara
170308,7601653,rabat,haut agdal,84,SAFE_25,Haut Agdal à Rabat
170309,7601824,casablanca,ain sebaa,344,SAFE_25,Aïn Sebaâ à Casablanca
170310,7601826,mohammedia,la siesta,62,SAFE_25,La Siesta à Mohammedia
170312,7601900,casablanca,anassi,40,SAFE_25,Anassi à Casablanca
170314,7601953,marrakech,route casablanca,269,SAFE_25,Route Casablanca à Marrakech
170315,7601996,casablanca,oasis,332,SAFE_25,Oasis à Casablanca
170319,7602288,fes,hay lalla soukaina,4,LOW,Hay Lalla Soukaina à Fès
170322,7602500,tanger,benkirane,6,SAFE_5,Benkirane à Tanger
170325,7602694,casablanca,mers sultan,170,SAFE_25,Mers Sultan à Casablanca
170329,7602916,tanger,malabata,421,SAFE_25,Malabata à Tanger
170336,7603219,casablanca,lusitania,4,LOW,Lusitania à Casablanca
170337,7603291,rabat,agdal,313,SAFE_25,Agdal à Rabat
170338,7603362,casablanca,oasis,332,SAFE_25,Oasis à Casablanca
170339,7603537,casablanca,ain diab,457,SAFE_25,Ain Diab à Casablanca
170340,7603679,tanger,mesnana,96,SAFE_25,Mesnana à Tanger
170341,7603902,agadir,hay houda,65,SAFE_25,Hay Houda à Agadir
170344,7604176,casablanca,oasis,332,SAFE_25,Oasis à Casablanca
170345,7604350,marrakech,mhamid,253,SAFE_25,Mhamid à Marrakech
170349,7604535,mohammedia,hassania 3,5,SAFE_5,Hassania 3 à Mohammedia
170350,7604567,marrakech,gueliz,1250,SAFE_25,Guéliz à Marrakech
170353,7604705,marrakech,gueliz,1250,SAFE_25,Guéliz à Marrakech
170354,7604790,casablanca,racine,596,SAFE_25,Racine à Casablanca
170356,7604894,casablanca,maarif,326,SAFE_25,Maârif à Casablanca
170358,7605206,rabat,agdal,313,SAFE_25,Agdal à Rabat
170359,7605271,sale,horria,3,LOW,Horria à Salé
170361,7605351,fes,fes city center,8,SAFE_5,Fes City Center à Fès
170363,7605434,casablanca,oulfa,409,SAFE_25,Oulfa à Casablanca
170368,7605625,casablanca,les princesses,332,SAFE_25,Les princesses à Casablanca
170370,7605813,tanger,mesnana,96,SAFE_25,Mesnana à Tanger
170371,7605814,tanger,mesnana,96,SAFE_25,Mesnana à Tanger
170372,7605816,tanger,mesnana,96,SAFE_25,Mesnana à Tanger
170373,7605819,tanger,mesnana,96,SAFE_25,Mesnana à Tanger
170374,7605820,tanger,mesnana,96,SAFE_25,Mesnana à Tanger
170376,7606130,sale,tabriquet,37,SAFE_25,Tabriquet à Salé
170377,7606578,casablanca,ain sebaa,344,SAFE_25,Aïn Sebaâ à Casablanca
170380,7606683,fes,champ de course,17,SAFE_10,Champ de course à Fès
170384,7606778,casablanca,palmier,340,SAFE_25,Palmier à Casablanca
170385,7606785,sale,sala el jadida,84,SAFE_25,Sala el Jadida à Salé
170386,7606786,casablanca,tantonville,33,SAFE_25,Tantonville à Casablanca
170387,7606805,casablanca,tantonville,33,SAFE_25,Tantonville à Casablanca
170391,7606928,casablanca,sidi maarouf,518,SAFE_25,Sidi Maarouf à Casablanca
170392,7606941,fes,zouagha,21,SAFE_10,Zouagha à Fès
170393,7606946,temara,harhoura,92,SAFE_25,Harhoura à Temara
170395,7606978,casablanca,gauthier,422,SAFE_25,Gauthier à Casablanca
170396,7607061,fes,route immouzer,38,SAFE_25,Route Immouzer à Fès
170397,7607113,casablanca,mandarona,87,SAFE_25,Mandarona à Casablanca
170398,7607182,casablanca,bourgogne ouest,380,SAFE_25,Bourgogne Ouest à Casablanca
170400,7607291,tanger,malabata,421,SAFE_25,Malabata à Tanger
170401,7607294,temara,wifak,121,SAFE_25,Wifak à Temara
170402,7607328,casablanca,ain sebaa,344,SAFE_25,Aïn Sebaâ à Casablanca
170405,7607408,sale,tabriquet,37,SAFE_25,Tabriquet à Salé
170407,7607445,marrakech,hay mabrouka,95,SAFE_25,Hay Mabrouka à Marrakech
170408,7607461,sale,sala el jadida,84,SAFE_25,Sala el Jadida à Salé
170409,7607471,kenitra,mimosas,57,SAFE_25,Mimosas à Kénitra
170410,7607474,kenitra,mimosas,57,SAFE_25,Mimosas à Kénitra
170411,7607480,sale,sidi hajji,27,SAFE_25,Sidi Hajji à Salé
170412,7607502,casablanca,racine,596,SAFE_25,Racine à Casablanca
170414,7607516,casablanca,gauthier,422,SAFE_25,Gauthier à Casablanca
170417,7607538,casablanca,oulfa,409,SAFE_25,Oulfa à Casablanca
170418,7607541,casablanca,sidi moumen,119,SAFE_25,Sidi Moumen à Casablanca
170419,7607548,casablanca,les hopitaux,385,SAFE_25,Les Hôpitaux à Casablanca
170421,7607601,agadir,haut founty,47,SAFE_25,Haut Founty à Agadir
170422,7607632,marrakech,ennakhil palmeraie,469,SAFE_25,Ennakhil (Palmeraie) à Marrakech
170424,7607798,casablanca,bourgogne ouest,380,SAFE_25,Bourgogne Ouest à Casablanca
170426,7607876,marrakech,hivernage,273,SAFE_25,Hivernage à Marrakech
170427,7607964,casablanca,les princesses,332,SAFE_25,Les princesses à Casablanca
170428,7607993,tanger,mghogha,80,SAFE_25,Mghogha à Tanger
170429,7608015,temara,wifak,121,SAFE_25,Wifak à Temara
170430,7608021,casablanca,les princesses,332,SAFE_25,Les princesses à Casablanca
170432,7608116,marrakech,gueliz,1250,SAFE_25,Guéliz à Marrakech
170433,7608117,casablanca,ain sebaa,344,SAFE_25,Aïn Sebaâ à Casablanca
170434,7608142,casablanca,anassi,40,SAFE_25,Anassi à Casablanca
170436,7608183,tanger,branes 1,16,SAFE_10,Branes 1 à Tanger
170437,7608184,marrakech,mhamid,253,SAFE_25,Mhamid à Marrakech
170438,7608185,marrakech,mhamid,253,SAFE_25,Mhamid à Marrakech
170439,7608291,casablanca,mers sultan,170,SAFE_25,Mers Sultan à Casablanca
170440,7608297,casablanca,hay alamal,11,SAFE_10,Hay Alamal à Casablanca
170441,7608331,agadir,hay mohammadi,183,SAFE_25,Hay Mohammadi à Agadir
170442,7608359,agadir,hay mohammadi,183,SAFE_25,Hay Mohammadi à Agadir
170443,7608392,agadir,cite adrar,16,SAFE_10,Cité Adrar à Agadir
170444,7608463,casablanca,anassi,40,SAFE_25,Anassi à Casablanca
170446,7608583,casablanca,hay alamal,11,SAFE_10,Hay Alamal à Casablanca
170447,7608603,casablanca,franceville,76,SAFE_25,Franceville à Casablanca
170450,7608648,casablanca,les hopitaux,385,SAFE_25,Les Hôpitaux à Casablanca
170451,7608693,casablanca,casablanca finance city,208,SAFE_25,Casablanca Finance City à Casablanca
170453,7608714,casablanca,gauthier,422,SAFE_25,Gauthier à Casablanca
170454,7608732,casablanca,bernoussi,99,SAFE_25,Bernoussi à Casablanca
170455,7608744,fes,zouagha bas,5,SAFE_5,Zouagha Bas à Fès
170461,7608787,casablanca,ain borja,88,SAFE_25,Ain Borja à Casablanca
170462,7608797,marrakech,mhamid,253,SAFE_25,Mhamid à Marrakech
170463,7608810,casablanca,mers sultan,170,SAFE_25,Mers Sultan à Casablanca
170464,7608827,temara,wifak,121,SAFE_25,Wifak à Temara
170465,7608859,agadir,abattoirs,30,SAFE_25,Abattoirs à Agadir
170467,7608963,casablanca,longchamps hay al hanaa,60,SAFE_25,Longchamps (Hay Al Hanâa) à Casablanca
170468,7609004,bouznika,plage oued cherrat,118,SAFE_25,Plage Oued Cherrat à Bouznika
170469,7609018,marrakech,gueliz,1250,SAFE_25,Guéliz à Marrakech
170472,7609070,temara,wifak,121,SAFE_25,Wifak à Temara
170473,7609075,kenitra,mimosas,57,SAFE_25,Mimosas à Kénitra
170474,7609085,bouznika,plage oued cherrat,118,SAFE_25,Plage Oued Cherrat à Bouznika
170475,7609092,oujda,bd hassan ii,3,LOW,Bd Hassan II à Oujda
170477,7609139,casablanca,oulfa,409,SAFE_25,Oulfa à Casablanca
170478,7609159,marrakech,amerchich,50,SAFE_25,Amerchich à Marrakech
170479,7609166,casablanca,bourgogne est,157,SAFE_25,Bourgogne Est à Casablanca
170480,7609169,casablanca,mers sultan,170,SAFE_25,Mers Sultan à Casablanca
170481,7609173,casablanca,anfa,374,SAFE_25,Anfa à Casablanca
170482,7609175,el jadida,jawhara,10,SAFE_10,Jawhara à El Jadida
170483,7609187,casablanca,hay zobir,38,SAFE_25,Hay Zobir à Casablanca
170484,7609200,sale,sala el jadida,84,SAFE_25,Sala el Jadida à Salé
170485,7609228,tetouan,wilaya,41,SAFE_25,Wilaya à Tétouan
170486,7609257,casablanca,maarif,326,SAFE_25,Maârif à Casablanca
170488,7609311,casablanca,oulfa,409,SAFE_25,Oulfa à Casablanca
170489,7609314,casablanca,hay zobir,38,SAFE_25,Hay Zobir à Casablanca
170491,7609337,casablanca,oulfa,409,SAFE_25,Oulfa à Casablanca
170492,7609339,casablanca,benjdia,50,SAFE_25,Benjdia à Casablanca
170493,7609354,casablanca,ahl loghlam hay assalam,21,SAFE_10,Ahl Loghlam (Hay Assalam) à Casablanca
170495,7609394,sale,pepiniere,3,LOW,Pépinière à Salé
170497,7609439,casablanca,beausejour,150,SAFE_25,Beauséjour à Casablanca
170498,7609454,fes,route ain chkaf,51,SAFE_25,Route ain Chkaf à Fès
170499,7609460,marrakech,gueliz,1250,SAFE_25,Guéliz à Marrakech
170500,7609467,oujda,sidi yahya,10,SAFE_10,Sidi Yahya à Oujda
170501,7609495,casablanca,bourgogne est,157,SAFE_25,Bourgogne Est à Casablanca
170502,7609538,meknes,al bassatine,56,SAFE_25,Al bassatine à Meknes
170503,7609539,casablanca,ain borja,88,SAFE_25,Ain Borja à Casablanca
170504,7609542,fes,bourmana,6,SAFE_5,Bourmana à Fès
170505,7609548,casablanca,oulfa,409,SAFE_25,Oulfa à Casablanca
170506,7609584,casablanca,lissasfa,104,SAFE_25,Lissasfa à Casablanca
170507,7609598,casablanca,mers sultan,170,SAFE_25,Mers Sultan à Casablanca
170508,7609607,sale,tabriquet,37,SAFE_25,Tabriquet à Salé
170510,7609616,fes,quartier oued fes,34,SAFE_25,Quartier Oued Fes à Fès
170511,7609639,casablanca,ain diab,457,SAFE_25,Ain Diab à Casablanca
170512,7609735,casablanca,hay smara,8,SAFE_5,Hay Smara à Casablanca
170513,7609896,casablanca,les princesses,332,SAFE_25,Les princesses à Casablanca
170515,7609920,marrakech,gueliz,1250,SAFE_25,Guéliz à Marrakech
170516,7609925,mohammedia,hay al falah,6,SAFE_5,Hay Al Falah à Mohammedia
170517,7609926,casablanca,roches noires,198,SAFE_25,Roches Noires à Casablanca
170519,7609966,bouznika,assanaouber,16,SAFE_10,Assanaouber à Bouznika
170521,7609975,fes,agdal,12,SAFE_10,Agdal à Fès
170522,7610044,marrakech,izdihar,97,SAFE_25,Izdihar à Marrakech
170525,7610140,mohammedia,al aalia,51,SAFE_25,Al Aalia à Mohammedia
170526,7610162,casablanca,beausejour,150,SAFE_25,Beauséjour à Casablanca
170527,7610180,casablanca,nassim 1,64,SAFE_25,Nassim 1 à Casablanca
170531,7610271,temara,nahda 1,4,LOW,Nahda-1 à Temara
170532,7610280,casablanca,ain borja,88,SAFE_25,Ain Borja à Casablanca
170533,7610314,casablanca,racine,596,SAFE_25,Racine à Casablanca
170534,7610332,casablanca,hay alamal,11,SAFE_10,Hay Alamal à Casablanca
170536,7610455,sale,bab sebta,4,LOW,Bab Sebta à Salé
170537,7610470,kenitra,maghrib arabi,29,SAFE_25,Maghrib Arabi à Kénitra
170538,7610515,kenitra,mimosas,57,SAFE_25,Mimosas à Kénitra
170539,7610517,marrakech,route de safi,237,SAFE_25,Route de Safi à Marrakech
170540,7610524,casablanca,racine,596,SAFE_25,Racine à Casablanca
170542,7610584,temara,wifak,121,SAFE_25,Wifak à Temara
170544,7610603,casablanca,racine,596,SAFE_25,Racine à Casablanca
170545,7610616,fes,hay lalla soukaina,4,LOW,Hay Lalla Soukaina à Fès
170546,7610625,safi,safi 1,5,SAFE_5,Safi 1 à Safi
170547,7610630,tanger,zone industrielle mghogha,41,SAFE_25,Zone Industrielle Mghogha à Tanger
170548,7610665,sale,bab al bahr,12,SAFE_10,Bab Al Bahr à Salé
170550,7610698,rabat,riyad,566,SAFE_25,Riyad à Rabat
170551,7610710,temara,hoda,4,LOW,Hoda à Temara
170553,7610732,sale,hay chmaou,56,SAFE_25,Hay Chmaou à Salé
170554,7610734,casablanca,californie,735,SAFE_25,Californie à Casablanca
170556,7610746,bouznika,quartier industriel,31,SAFE_25,Quartier Industriel à Bouznika
170560,7610850,tanger,azib haj kaddour,10,SAFE_10,Azib Haj Kaddour à Tanger
170561,7610853,marrakech,izdihar,97,SAFE_25,Izdihar à Marrakech
170562,7610864,mohammedia,hay salam,7,SAFE_5,Hay Salam à Mohammedia
170564,7610890,casablanca,belvedere,301,SAFE_25,Belvédère à Casablanca
170565,7610892,el jadida,derb ghalef,8,SAFE_5,Derb Ghalef à El Jadida
170566,7610910,meknes,hamria,152,SAFE_25,Hamria à Meknes
170567,7610924,temara,fath el kheir,8,SAFE_5,Fath el Kheir à Temara
170569,7611005,tetouan,touilaa foqia,2,LOW,Touilaa Foqia à Tétouan
170571,7611050,marrakech,gueliz,1250,SAFE_25,Guéliz à Marrakech
170572,7611052,marrakech,massira 2,22,SAFE_10,Massira 2 à Marrakech
170574,7611165,tanger,benkirane,6,SAFE_5,Benkirane à Tanger
170576,7611206,kenitra,el hadadda,51,SAFE_25,El Hadadda à Kénitra
170578,7611326,casablanca,anfa,374,SAFE_25,Anfa à Casablanca
170581,7611360,casablanca,hay mohammadi,65,SAFE_25,Hay Mohammadi à Casablanca
170582,7611369,casablanca,sidi maarouf,518,SAFE_25,Sidi Maarouf à Casablanca
170583,7611433,rabat,hay el menzah,56,SAFE_25,Hay El Menzah à Rabat
170584,7611434,khemisset,lot almouna,4,LOW,Lot Almouna à Khémisset
170585,7611442,casablanca,sidi maarouf,518,SAFE_25,Sidi Maarouf à Casablanca
170588,7611455,tanger,ziaten,49,SAFE_25,Ziaten à Tanger
170591,7611501,fes,hay al azhar,11,SAFE_10,Hay Al Azhar à Fès
170592,7611506,casablanca,hay mohammadi,65,SAFE_25,Hay Mohammadi à Casablanca
170593,7611518,temara,al moustakbal,9,SAFE_5,Al Moustakbal à Temara
170594,7611572,tetouan,wilaya,41,SAFE_25,Wilaya à Tétouan
170596,7611645,sale,tabriquet,37,SAFE_25,Tabriquet à Salé
170598,7611734,marrakech,kbour chou,34,SAFE_25,Kbour Chou à Marrakech
170600,7611803,casablanca,beausejour,150,SAFE_25,Beauséjour à Casablanca
170603,7611886,sale,dar el lhamra,3,LOW,Dar El Lhamra à Salé
170609,7611971,casablanca,tantonville,33,SAFE_25,Tantonville à Casablanca
170610,7611996,essaouira,raounak,6,SAFE_5,Raounak à Essaouira
170611,7612005,tanger,malabata,421,SAFE_25,Malabata à Tanger
170612,7612014,mohammedia,quartier du parc,79,SAFE_25,Quartier du Parc à Mohammedia
170613,7612015,casablanca,ain sebaa,344,SAFE_25,Aïn Sebaâ à Casablanca
170615,7612048,casablanca,les hopitaux,385,SAFE_25,Les Hôpitaux à Casablanca
170616,7612052,casablanca,al qods,132,SAFE_25,Al Qods à Casablanca
170617,7612068,casablanca,hermitage,63,SAFE_25,Hermitage à Casablanca
170618,7612074,kenitra,oulad wjih,62,SAFE_25,Oulad Wjih à Kénitra
170619,7612121,casablanca,maarif,326,SAFE_25,Maârif à Casablanca
170620,7612152,meknes,wislane,53,SAFE_25,Wislane à Meknes
170621,7612157,agadir,tilila,54,SAFE_25,Tilila à Agadir
170623,7612310,bouznika,plage oued cherrat,118,SAFE_25,Plage Oued Cherrat à Bouznika
170625,7612334,casablanca,les princesses,332,SAFE_25,Les princesses à Casablanca
170630,7612435,tanger,marjane,165,SAFE_25,Marjane à Tanger
170631,7612439,agadir,founti,96,SAFE_25,Founti à Agadir
170632,7612472,fes,route immouzer,38,SAFE_25,Route Immouzer à Fès
170633,7612473,fes,nouvelle ville,31,SAFE_25,Nouvelle Ville à Fès
170634,7612529,agadir,hay houda,65,SAFE_25,Hay Houda à Agadir
170636,7612582,casablanca,roches noires,198,SAFE_25,Roches Noires à Casablanca
170637,7612605,mohammedia,hay mesk lil,4,LOW,Hay Mesk Lil à Mohammedia
170638,7612619,casablanca,bernoussi,99,SAFE_25,Bernoussi à Casablanca
170639,7612625,marrakech,gueliz,1250,SAFE_25,Guéliz à Marrakech
170640,7612627,casablanca,triangle d or,142,SAFE_25,Triangle d'Or à Casablanca
170641,7612640,tanger,marjane,165,SAFE_25,Marjane à Tanger
170642,7612674,agadir,talborjt,18,SAFE_10,Talborjt à Agadir
170643,7612700,tanger,du golf,123,SAFE_25,Du Golf à Tanger
170644,7612711,casablanca,hay antaria,6,SAFE_5,Hay Antaria à Casablanca
170648,7612744,casablanca,palmier,340,SAFE_25,Palmier à Casablanca
170649,7612750,casablanca,al azhar,21,SAFE_10,Al Azhar à Casablanca
170653,7612817,tetouan,mdiq,6,SAFE_5,Mdiq à Tétouan
170655,7612887,mohammedia,hay al falah,6,SAFE_5,Hay Al Falah à Mohammedia
170656,7612898,el jadida,cheminoits,3,LOW,Cheminoits à El Jadida
170657,7612902,casablanca,hay hassani,116,SAFE_25,Hay Hassani à Casablanca
170658,7612911,rabat,agdal,313,SAFE_25,Agdal à Rabat
170659,7612921,marrakech,route casablanca,269,SAFE_25,Route Casablanca à Marrakech
170660,7612928,casablanca,tacharouk hay al walaa,29,SAFE_25,Tacharouk (Hay Al Walaa) à Casablanca
170661,7612943,bouznika,plage oued cherrat,118,SAFE_25,Plage Oued Cherrat à Bouznika
170664,7612987,sale,sala el jadida,84,SAFE_25,Sala el Jadida à Salé
170666,7612996,agadir,hay dakhla,57,SAFE_25,Hay Dakhla à Agadir
170667,7613004,sale,sakani,12,SAFE_10,Sakani à Salé
170670,7613020,casablanca,benjdia,50,SAFE_25,Benjdia à Casablanca
170672,7613032,casablanca,al hassania,2,LOW,Al Hassania à Casablanca
170674,7613041,casablanca,lissasfa,104,SAFE_25,Lissasfa à Casablanca
170675,7613059,casablanca,nassim 1,64,SAFE_25,Nassim 1 à Casablanca
170676,7613060,casablanca,nassim 1,64,SAFE_25,Nassim 1 à Casablanca
170677,7613075,sale,tabriquet,37,SAFE_25,Tabriquet à Salé
170678,7613110,sale,hay oued dahab,10,SAFE_10,Hay Oued Dahab à Salé
170684,7613121,mohammedia,al aalia,51,SAFE_25,Al Aalia à Mohammedia
170686,7613123,mohammedia,al aalia,51,SAFE_25,Al Aalia à Mohammedia
170687,7613124,mohammedia,al aalia,51,SAFE_25,Al Aalia à Mohammedia
170688,7613125,mohammedia,al aalia,51,SAFE_25,Al Aalia à Mohammedia
170690,7613127,mohammedia,al aalia,51,SAFE_25,Al Aalia à Mohammedia
170691,7613170,dakhla,al kassam,3,LOW,Al Kassam à Dakhla
170695,7613345,el jadida,najmat al janoub,18,SAFE_10,Najmat Al Janoub à El Jadida
170697,7613420,marrakech,route casablanca,269,SAFE_25,Route Casablanca à Marrakech
170699,7613424,casablanca,moulay youssef,31,SAFE_25,Moulay Youssef à Casablanca
170701,7613452,marrakech,route d agadir essaouira,143,SAFE_25,Route d'Agadir - Essaouira à Marrakech
170702,7613459,tanger,bel air val fleuri,128,SAFE_25,Bel Air - Val fleuri à Tanger
170703,7613477,casablanca,sidi maarouf,518,SAFE_25,Sidi Maarouf à Casablanca
170705,7613510,agadir,hay houda,65,SAFE_25,Hay Houda à Agadir
170706,7613526,temara,harhoura,92,SAFE_25,Harhoura à Temara
170707,7613535,tanger,bel air val fleuri,128,SAFE_25,Bel Air - Val fleuri à Tanger
170708,7613548,casablanca,bourgogne est,157,SAFE_25,Bourgogne Est à Casablanca
170709,7613550,mohammedia,quartier du parc,79,SAFE_25,Quartier du Parc à Mohammedia
170710,7613552,rabat,les oudayas,7,SAFE_5,Les Oudayas à Rabat
170711,7613555,el jadida,essaada,55,SAFE_25,Essaada à El Jadida
170718,7613719,tetouan,mdiq,6,SAFE_5,Mdiq à Tétouan
170719,7613755,fes,zouagha,21,SAFE_10,Zouagha à Fès
170720,7613787,kenitra,maamora,58,SAFE_25,Maamora à Kénitra
170721,7613791,casablanca,californie,735,SAFE_25,Californie à Casablanca
170723,7613874,kenitra,assam,17,SAFE_10,Assam à Kénitra
170724,7613891,casablanca,habbous,21,SAFE_10,Habbous à Casablanca
170725,7613894,mohammedia,derb lfath,1,LOW,Derb Lfath à Mohammedia
170726,7613917,casablanca,ain sebaa,344,SAFE_25,Aïn Sebaâ à Casablanca
170727,7613948,casablanca,mers sultan,170,SAFE_25,Mers Sultan à Casablanca
170728,7613959,marrakech,route de safi,237,SAFE_25,Route de Safi à Marrakech
170729,7613986,mohammedia,al aalia,51,SAFE_25,Al Aalia à Mohammedia
170731,7614000,el jadida,hay essalam,49,SAFE_25,Hay Essalam à El Jadida
170733,7614068,mohammedia,quartier du parc,79,SAFE_25,Quartier du Parc à Mohammedia
170736,7614123,casablanca,les hopitaux,385,SAFE_25,Les Hôpitaux à Casablanca
170738,7614216,casablanca,racine,596,SAFE_25,Racine à Casablanca
170740,7614254,mohammedia,al aalia,51,SAFE_25,Al Aalia à Mohammedia
170741,7614262,benslimane,entree sud,41,SAFE_25,Entrée Sud à Benslimane
170742,7614279,temara,wifak,121,SAFE_25,Wifak à Temara
170745,7614345,mohammedia,el bradaa,2,LOW,El Bradaa à Mohammedia
170750,7614474,rabat,hay nahda,43,SAFE_25,Hay Nahda à Rabat
170755,7614510,fes,hay bensouda,12,SAFE_10,Hay Bensouda à Fès
170758,7614574,oujda,route tayret,3,LOW,Route Tayret à Oujda
170762,7614681,sale,mkinssia,13,SAFE_10,Mkinssia à Salé
170764,7614724,casablanca,al qods,132,SAFE_25,Al Qods à Casablanca
170766,7614748,nador,selouane,21,SAFE_10,Selouane à Nador
170769,7614839,casablanca,les hopitaux,385,SAFE_25,Les Hôpitaux à Casablanca
170770,7614861,tetouan,msalla,5,SAFE_5,Msalla à Tétouan
170772,7614903,rabat,kebibat,33,SAFE_25,Kébibat à Rabat
170773,7614910,marrakech,samlalia,132,SAFE_25,Samlalia à Marrakech
170774,7614923,casablanca,sidi moumen,119,SAFE_25,Sidi Moumen à Casablanca
170775,7614924,meknes,hamria,152,SAFE_25,Hamria à Meknes
170776,7614930,casablanca,les hopitaux,385,SAFE_25,Les Hôpitaux à Casablanca
170777,7614944,casablanca,maarif,326,SAFE_25,Maârif à Casablanca
170778,7614946,casablanca,belvedere,301,SAFE_25,Belvédère à Casablanca
170779,7614949,marrakech,route de safi,237,SAFE_25,Route de Safi à Marrakech
170780,7614962,tanger,mozart,64,SAFE_25,Mozart à Tanger
170782,7614970,benslimane,entree sud,41,SAFE_25,Entrée Sud à Benslimane
170783,7614975,meknes,marjane,146,SAFE_25,Marjane à Meknes
170785,7614992,sale,bab sebta,4,LOW,Bab Sebta à Salé
170786,7614993,fes,hay bensouda,12,SAFE_10,Hay Bensouda à Fès
170787,7615002,temara,wifak,121,SAFE_25,Wifak à Temara
170789,7615008,tanger,moujahidine,132,SAFE_25,Moujahidine à Tanger
170790,7615024,casablanca,ain sebaa,344,SAFE_25,Aïn Sebaâ à Casablanca
170792,7615036,bouznika,hamza,21,SAFE_10,Hamza à Bouznika
170795,7615102,temara,wifak,121,SAFE_25,Wifak à Temara
170796,7615205,casablanca,les hopitaux,385,SAFE_25,Les Hôpitaux à Casablanca
170797,7615261,rabat,kebibat,33,SAFE_25,Kébibat à Rabat
170798,7615275,rabat,riyad,566,SAFE_25,Riyad à Rabat
170800,7615308,casablanca,val fleury,190,SAFE_25,Val Fleury à Casablanca
170802,7615358,settat,hay kilz,1,LOW,Hay Kilz à Settat
170803,7615377,casablanca,hay moulay abdellah,30,SAFE_25,Hay Moulay Abdellah à Casablanca
170804,7615413,marrakech,ennakhil palmeraie,469,SAFE_25,Ennakhil (Palmeraie) à Marrakech
170805,7615433,meknes,hamria,152,SAFE_25,Hamria à Meknes
170808,7615552,fes,route ain chkaf,51,SAFE_25,Route ain Chkaf à Fès
170812,7615642,agadir,hay mohammadi,183,SAFE_25,Hay Mohammadi à Agadir
170814,7615661,temara,massira 1,28,SAFE_25,Massira 1 à Temara
170815,7615667,rabat,riyad,566,SAFE_25,Riyad à Rabat
170816,7615668,tetouan,wilaya,41,SAFE_25,Wilaya à Tétouan
170817,7615670,marrakech,izdihar,97,SAFE_25,Izdihar à Marrakech
170819,7615694,marrakech,samlalia,132,SAFE_25,Samlalia à Marrakech
170820,7615713,marrakech,route d agadir essaouira,143,SAFE_25,Route d'Agadir - Essaouira à Marrakech
170821,7615757,casablanca,racine,596,SAFE_25,Racine à Casablanca
170822,7615927,marrakech,kechich,5,SAFE_5,Kechich à Marrakech
170823,7615933,casablanca,bourgogne ouest,380,SAFE_25,Bourgogne Ouest à Casablanca
170824,7615941,casablanca,oulfa,409,SAFE_25,Oulfa à Casablanca
170825,7615951,tanger,benkirane,6,SAFE_5,Benkirane à Tanger
170826,7615975,casablanca,maarif,326,SAFE_25,Maârif à Casablanca
170827,7616033,bouznika,al kawtar,71,SAFE_25,Al Kawtar à Bouznika
170828,7616035,rabat,hay nahda,43,SAFE_25,Hay Nahda à Rabat
170829,7616087,casablanca,ahl loghlam hay assalam,21,SAFE_10,Ahl Loghlam (Hay Assalam) à Casablanca
170832,7616212,fes,hay bensouda,12,SAFE_10,Hay Bensouda à Fès
170833,7616227,casablanca,anfa,374,SAFE_25,Anfa à Casablanca
170836,7616233,casablanca,salmia 1,1,LOW,Salmia 1 à Casablanca
170837,7616242,rabat,hay al fath,34,SAFE_25,Hay Al Fath à Rabat
170838,7616252,marrakech,ennakhil palmeraie,469,SAFE_25,Ennakhil (Palmeraie) à Marrakech
170839,7616274,agadir,hay dakhla,57,SAFE_25,Hay Dakhla à Agadir
170841,7616279,casablanca,al qods,132,SAFE_25,Al Qods à Casablanca
170842,7616282,meknes,hamria,152,SAFE_25,Hamria à Meknes
170843,7616284,settat,smaala,9,SAFE_5,Smaâla à Settat
170844,7616308,marrakech,daoudiat,64,SAFE_25,Daoudiat à Marrakech
170848,7616337,casablanca,oulfa,409,SAFE_25,Oulfa à Casablanca
170850,7616416,rabat,hassan centre ville,119,SAFE_25,Hassan - Centre Ville à Rabat
170851,7616473,mohammedia,wafa,25,SAFE_25,Wafa à Mohammedia
170852,7616478,tanger,hanaa 1,4,LOW,Hanaa 1 à Tanger
170853,7616484,casablanca,les hopitaux,385,SAFE_25,Les Hôpitaux à Casablanca
170854,7616499,sale,sala el jadida,84,SAFE_25,Sala el Jadida à Salé
170855,7616505,meknes,wislane,53,SAFE_25,Wislane à Meknes
170856,7616512,casablanca,bournazil,16,SAFE_10,Bournazil à Casablanca
170857,7616521,casablanca,oulfa,409,SAFE_25,Oulfa à Casablanca
170858,7616564,rabat,riyad,566,SAFE_25,Riyad à Rabat
170860,7616594,mohammedia,al qods,5,SAFE_5,Al Qods à Mohammedia
170861,7616601,casablanca,la vilette,15,SAFE_10,La Vilette à Casablanca
170864,7616686,casablanca,al madina aljadida,18,SAFE_10,Al Madina Aljadida à Casablanca
170865,7616688,tanger,castilla,76,SAFE_25,Castilla à Tanger
170866,7616709,oujda,lazaret,21,SAFE_10,Lazaret à Oujda
170867,7616716,casablanca,bournazil,16,SAFE_10,Bournazil à Casablanca
170868,7616723,casablanca,oasis,332,SAFE_25,Oasis à Casablanca
170869,7616724,agadir,hay houda,65,SAFE_25,Hay Houda à Agadir
170870,7616726,marrakech,agdal,514,SAFE_25,Agdal à Marrakech
170872,7616767,temara,al moustakbal,9,SAFE_5,Al Moustakbal à Temara
170873,7616772,casablanca,gauthier,422,SAFE_25,Gauthier à Casablanca
170875,7616798,fes,nouvelle ville,31,SAFE_25,Nouvelle Ville à Fès
170877,7616860,marrakech,route casablanca,269,SAFE_25,Route Casablanca à Marrakech
170878,7616865,tanger,el baraka,3,LOW,El Baraka à Tanger
170879,7616867,casablanca,al qods,132,SAFE_25,Al Qods à Casablanca
170880,7616887,temara,massira 1,28,SAFE_25,Massira 1 à Temara
170881,7616912,casablanca,mers sultan,170,SAFE_25,Mers Sultan à Casablanca
170882,7616919,tetouan,touabel,1,LOW,Touabel à Tétouan
170890,7617027,casablanca,bernoussi,99,SAFE_25,Bernoussi à Casablanca
170892,7617067,marrakech,assif,32,SAFE_25,Assif à Marrakech
170895,7617107,marrakech,gueliz,1250,SAFE_25,Guéliz à Marrakech
170897,7617117,casablanca,sidi moumen,119,SAFE_25,Sidi Moumen à Casablanca
170898,7617144,casablanca,roches noires,198,SAFE_25,Roches Noires à Casablanca
170899,7617147,casablanca,mers sultan,170,SAFE_25,Mers Sultan à Casablanca
170903,7617263,casablanca,gauthier,422,SAFE_25,Gauthier à Casablanca
170904,7617366,marrakech,route de fez,469,SAFE_25,Route de Fez à Marrakech
170905,7617379,sale,hay chmaou,56,SAFE_25,Hay Chmaou à Salé
170911,7617441,mohammedia,al aalia,51,SAFE_25,Al Aalia à Mohammedia
170915,7617449,mohammedia,al aalia,51,SAFE_25,Al Aalia à Mohammedia
170919,7617462,rabat,hay al massira,9,SAFE_5,Hay Al Massira à Rabat
170920,7617473,casablanca,oulfa,409,SAFE_25,Oulfa à Casablanca
170921,7617499,casablanca,oulfa,409,SAFE_25,Oulfa à Casablanca
170922,7617521,tanger,du golf,123,SAFE_25,Du Golf à Tanger
170923,7617532,temara,oued eddahab,11,SAFE_10,Oued Eddahab à Temara
170924,7617568,casablanca,belvedere,301,SAFE_25,Belvédère à Casablanca
170925,7617571,casablanca,belvedere,301,SAFE_25,Belvédère à Casablanca
170928,7617612,tanger,route nationale assilah n1,134,SAFE_25,Route Nationale Assilah (N1) à Tanger
170930,7617633,casablanca,oulfa,409,SAFE_25,Oulfa à Casablanca
170931,7617673,fes,route se sefrou,16,SAFE_10,Route se Sefrou à Fès
170933,7617700,el jadida,quartier aerodrome,20,SAFE_10,Quartier Aérodrome à El Jadida
170934,7617703,casablanca,maarif extension,351,SAFE_25,Maârif Extension à Casablanca
170937,7617726,fes,al karaouiyine,4,LOW,Al Karaouiyine à Fès
170938,7617728,casablanca,sidi maarouf,518,SAFE_25,Sidi Maarouf à Casablanca
170941,7617792,casablanca,sidi moumen,119,SAFE_25,Sidi Moumen à Casablanca
170942,7617812,casablanca,franceville,76,SAFE_25,Franceville à Casablanca
170943,7617813,sale,bettana,16,SAFE_10,Bettana à Salé
170944,7617818,agadir,hay mohammadi,183,SAFE_25,Hay Mohammadi à Agadir
170945,7617820,tanger,de la plage,188,SAFE_25,De La Plage à Tanger
170946,7617824,casablanca,maarif,326,SAFE_25,Maârif à Casablanca
170947,7617846,casablanca,lissasfa,104,SAFE_25,Lissasfa à Casablanca
170948,7617853,tetouan,touabel,1,LOW,Touabel à Tétouan
170951,7617875,casablanca,hay hassani,116,SAFE_25,Hay Hassani à Casablanca
170953,7617890,casablanca,val fleury,190,SAFE_25,Val Fleury à Casablanca
170954,7617906,casablanca,roches noires,198,SAFE_25,Roches Noires à Casablanca
170955,7617907,casablanca,al azhar,21,SAFE_10,Al Azhar à Casablanca
170957,7618057,casablanca,val fleury,190,SAFE_25,Val Fleury à Casablanca
170958,7618070,casablanca,ain diab,457,SAFE_25,Ain Diab à Casablanca
170959,7618087,rabat,haut agdal,84,SAFE_25,Haut Agdal à Rabat
170963,7618200,sale,sidi hajji,27,SAFE_25,Sidi Hajji à Salé
170964,7618219,casablanca,les hopitaux,385,SAFE_25,Les Hôpitaux à Casablanca
170965,7618225,marrakech,route casablanca,269,SAFE_25,Route Casablanca à Marrakech
170967,7618239,temara,wifak,121,SAFE_25,Wifak à Temara
170968,7618272,casablanca,oulfa,409,SAFE_25,Oulfa à Casablanca
170969,7618277,fes,nouvelle ville,31,SAFE_25,Nouvelle Ville à Fès
170970,7618288,kenitra,mimosas,57,SAFE_25,Mimosas à Kénitra
170976,7618600,fes,champ de course,17,SAFE_10,Champ de course à Fès
170979,7618657,casablanca,sidi othmane,42,SAFE_25,Sidi Othmane à Casablanca
170982,7618682,rabat,riyad,566,SAFE_25,Riyad à Rabat
170983,7618687,tanger,marjane,165,SAFE_25,Marjane à Tanger
170984,7618695,sale,tabriquet,37,SAFE_25,Tabriquet à Salé
170986,7618714,fes,fes city center,8,SAFE_5,Fes City Center à Fès
170987,7618721,casablanca,hay almassira 2,4,LOW,Hay Almassira 2 à Casablanca
170988,7618724,casablanca,palmier,340,SAFE_25,Palmier à Casablanca
170989,7618735,meknes,marjane,146,SAFE_25,Marjane à Meknes
170990,7618740,sale,tabriquet,37,SAFE_25,Tabriquet à Salé
170992,7618750,casablanca,oulfa,409,SAFE_25,Oulfa à Casablanca
170993,7618766,casablanca,maarif extension,351,SAFE_25,Maârif Extension à Casablanca
170994,7618881,marrakech,sanaoubar,15,SAFE_10,Sanaoubar à Marrakech
170995,7618932,fes,hay atlas,8,SAFE_5,Hay Atlas à Fès
170996,7618947,marrakech,agdal,514,SAFE_25,Agdal à Marrakech
170999,7619019,sale,hay chmaou,56,SAFE_25,Hay Chmaou à Salé
171000,7619042,agadir,hay salam,64,SAFE_25,Hay Salam à Agadir
171002,7619069,casablanca,hay al fath,4,LOW,Hay Al Fath à Casablanca
171003,7619104,rabat,agdal,313,SAFE_25,Agdal à Rabat
171004,7619156,casablanca,racine,596,SAFE_25,Racine à Casablanca
171007,7619283,essaouira,raounak,6,SAFE_5,Raounak à Essaouira
171008,7619288,tanger,malabata,421,SAFE_25,Malabata à Tanger
171009,7619303,fes,hay atlas,8,SAFE_5,Hay Atlas à Fès
171010,7619345,marrakech,route d agadir essaouira,143,SAFE_25,Route d'Agadir - Essaouira à Marrakech
171011,7619348,safi,safi 1,5,SAFE_5,Safi 1 à Safi
171013,7619351,casablanca,hay hassani,116,SAFE_25,Hay Hassani à Casablanca
171015,7619416,fes,route immouzer,38,SAFE_25,Route Immouzer à Fès
171022,7619746,tanger,ain el hayani,20,SAFE_10,Ain El Hayani à Tanger
171023,7619758,casablanca,sidi maarouf,518,SAFE_25,Sidi Maarouf à Casablanca
171025,7619799,casablanca,riviera,76,SAFE_25,Riviera à Casablanca
171032,7619943,casablanca,les hopitaux,385,SAFE_25,Les Hôpitaux à Casablanca
171034,7619959,casablanca,maarif,326,SAFE_25,Maârif à Casablanca
171035,7619974,rabat,guich oudaya,48,SAFE_25,Guich Oudaya à Rabat
171037,7619995,marrakech,gueliz,1250,SAFE_25,Guéliz à Marrakech
171038,7620050,agadir,hay salam,64,SAFE_25,Hay Salam à Agadir
171039,7620056,tanger,hay el boughaz,7,SAFE_5,Hay El Boughaz à Tanger
171040,7620057,agadir,hay salam,64,SAFE_25,Hay Salam à Agadir
171041,7620059,fes,hay bensouda,12,SAFE_10,Hay Bensouda à Fès
171042,7620081,tanger,mesnana,96,SAFE_25,Mesnana à Tanger
171043,7620090,casablanca,les princesses,332,SAFE_25,Les princesses à Casablanca
171044,7620093,casablanca,bourgogne ouest,380,SAFE_25,Bourgogne Ouest à Casablanca
171045,7620099,agadir,hay mohammadi,183,SAFE_25,Hay Mohammadi à Agadir
171047,7620102,tanger,marjane,165,SAFE_25,Marjane à Tanger
171048,7620118,casablanca,cil hay salam,225,SAFE_25,CIL (Hay Salam) à Casablanca
171050,7620132,casablanca,les hopitaux,385,SAFE_25,Les Hôpitaux à Casablanca
171052,7620150,sale,bab sebta,4,LOW,Bab Sebta à Salé
171054,7620204,meknes,hamria,152,SAFE_25,Hamria à Meknes
171055,7620206,casablanca,ain diab,457,SAFE_25,Ain Diab à Casablanca
171056,7620248,agadir,tilila,54,SAFE_25,Tilila à Agadir
171059,7620305,casablanca,sidi moumen,119,SAFE_25,Sidi Moumen à Casablanca
171063,7620391,agadir,hay dakhla,57,SAFE_25,Hay Dakhla à Agadir
171064,7620400,casablanca,maarif extension,351,SAFE_25,Maârif Extension à Casablanca
171069,7620604,casablanca,sidi maarouf,518,SAFE_25,Sidi Maarouf à Casablanca
171072,7620703,essaouira,route de safi,25,SAFE_25,Route de Safi à Essaouira
171075,7620727,kenitra,val fleuri,31,SAFE_25,Val Fleuri à Kénitra
171077,7620827,casablanca,maarif,326,SAFE_25,Maârif à Casablanca
171079,7620884,marrakech,gueliz,1250,SAFE_25,Guéliz à Marrakech
171080,7620887,casablanca,lissasfa,104,SAFE_25,Lissasfa à Casablanca
171081,7620891,casablanca,maarif extension,351,SAFE_25,Maârif Extension à Casablanca
171082,7620914,agadir,hay mohammadi,183,SAFE_25,Hay Mohammadi à Agadir
171083,7620919,agadir,cite adrar,16,SAFE_10,Cité Adrar à Agadir
171085,7620935,casablanca,ain sebaa,344,SAFE_25,Aïn Sebaâ à Casablanca
171086,7620936,casablanca,les hopitaux,385,SAFE_25,Les Hôpitaux à Casablanca
171089,7620973,meknes,marjane,146,SAFE_25,Marjane à Meknes
171090,7620984,casablanca,sidi moumen,119,SAFE_25,Sidi Moumen à Casablanca
171091,7621017,marrakech,gueliz,1250,SAFE_25,Guéliz à Marrakech
171092,7621053,casablanca,ain sebaa,344,SAFE_25,Aïn Sebaâ à Casablanca
171093,7621084,sale,tabriquet,37,SAFE_25,Tabriquet à Salé
171098,7621148,casablanca,maarif,326,SAFE_25,Maârif à Casablanca
171099,7621158,casablanca,les princesses,332,SAFE_25,Les princesses à Casablanca
171102,7621163,casablanca,californie,735,SAFE_25,Californie à Casablanca
171103,7621169,meknes,hamria,152,SAFE_25,Hamria à Meknes
171104,7621171,casablanca,nassim 1,64,SAFE_25,Nassim 1 à Casablanca
171106,7621288,sale,hay chmaou,56,SAFE_25,Hay Chmaou à Salé
171107,7621292,sale,hay chmaou,56,SAFE_25,Hay Chmaou à Salé
171110,7621385,casablanca,roches noires,198,SAFE_25,Roches Noires à Casablanca
171111,7621396,casablanca,oulfa,409,SAFE_25,Oulfa à Casablanca
171112,7621425,marrakech,route casablanca,269,SAFE_25,Route Casablanca à Marrakech
171114,7621457,casablanca,belvedere,301,SAFE_25,Belvédère à Casablanca
171115,7621464,casablanca,ain sebaa,344,SAFE_25,Aïn Sebaâ à Casablanca
171116,7621494,casablanca,hay al fath,4,LOW,Hay Al Fath à Casablanca
171118,7621508,skhirat,kasbah,12,SAFE_10,Kasbah à Skhirat
171119,7621509,kenitra,bir rami est,42,SAFE_25,Bir Rami Est à Kénitra
171121,7621535,casablanca,oulfa,409,SAFE_25,Oulfa à Casablanca
171122,7621541,casablanca,la gironde,122,SAFE_25,La Gironde à Casablanca
171125,7621590,kenitra,el hadadda,51,SAFE_25,El Hadadda à Kénitra
171126,7621615,casablanca,maarif extension,351,SAFE_25,Maârif Extension à Casablanca
171129,7621709,casablanca,ain diab,457,SAFE_25,Ain Diab à Casablanca
171130,7621726,casablanca,racine,596,SAFE_25,Racine à Casablanca
171131,7621889,temara,skikina,28,SAFE_25,Skikina à Temara
171132,7621916,el jadida,najmat al janoub,18,SAFE_10,Najmat Al Janoub à El Jadida
171133,7621932,casablanca,oasis,332,SAFE_25,Oasis à Casablanca
171134,7621941,marrakech,camp al ghoul,112,SAFE_25,Camp Al Ghoul à Marrakech
171136,7621962,sale,hay salam,24,SAFE_10,Hay Salam à Salé
171139,7622000,agadir,ben serguaou,18,SAFE_10,Ben Serguaou à Agadir
171144,7622328,casablanca,sidi maarouf,518,SAFE_25,Sidi Maarouf à Casablanca
171146,7622360,marrakech,rahba kedima,47,SAFE_25,Rahba Kedima à Marrakech
171150,7622409,casablanca,ain sebaa,344,SAFE_25,Aïn Sebaâ à Casablanca
171151,7622412,bouznika,al kawtar,71,SAFE_25,Al Kawtar à Bouznika
171152,7622424,casablanca,lahraouiyine,7,SAFE_5,Lahraouiyine à Casablanca
171153,7622448,rabat,hay al fath,34,SAFE_25,Hay Al Fath à Rabat
171154,7622452,marrakech,sidi abbad,22,SAFE_10,Sidi Abbad à Marrakech
171155,7622462,casablanca,palmier,340,SAFE_25,Palmier à Casablanca
171156,7622463,casablanca,palmier,340,SAFE_25,Palmier à Casablanca
171160,7622485,tanger,administratif,164,SAFE_25,Administratif à Tanger
171162,7622490,casablanca,roches noires,198,SAFE_25,Roches Noires à Casablanca
171163,7622515,marrakech,hay mabrouka,95,SAFE_25,Hay Mabrouka à Marrakech
171164,7622534,casablanca,mabroka,4,LOW,Mabroka à Casablanca
171166,7622614,casablanca,hay albaraka,19,SAFE_10,Hay Albaraka à Casablanca
171167,7622622,casablanca,ain sebaa,344,SAFE_25,Aïn Sebaâ à Casablanca
171168,7622627,casablanca,ain sebaa,344,SAFE_25,Aïn Sebaâ à Casablanca
171174,7622778,tanger,boukhalef,98,SAFE_25,Boukhalef à Tanger
171176,7622833,agadir,hay dakhla,57,SAFE_25,Hay Dakhla à Agadir
171181,7622920,casablanca,maarif,326,SAFE_25,Maârif à Casablanca
171182,7622966,casablanca,les hopitaux,385,SAFE_25,Les Hôpitaux à Casablanca
171184,7622985,casablanca,ain chock,119,SAFE_25,Ain Chock à Casablanca
171185,7622988,casablanca,benjdia,50,SAFE_25,Benjdia à Casablanca
171186,7623007,casablanca,maarif,326,SAFE_25,Maârif à Casablanca
171187,7623019,casablanca,bourgogne ouest,380,SAFE_25,Bourgogne Ouest à Casablanca
171188,7623023,tetouan,saniat errmel,11,SAFE_10,Saniat Errmel à Tétouan
171189,7623025,marrakech,hay alfadl,13,SAFE_10,Hay Alfadl à Marrakech
171191,7623077,sale,tabriquet,37,SAFE_25,Tabriquet à Salé
171193,7623117,casablanca,bernoussi,99,SAFE_25,Bernoussi à Casablanca
171196,7623197,kenitra,maamora,58,SAFE_25,Maamora à Kénitra
171197,7623244,el jadida,hay essalam,49,SAFE_25,Hay Essalam à El Jadida
171199,7623264,casablanca,belvedere,301,SAFE_25,Belvédère à Casablanca
171201,7623309,casablanca,hay moulay abdellah,30,SAFE_25,Hay Moulay Abdellah à Casablanca
171202,7623317,casablanca,tantonville,33,SAFE_25,Tantonville à Casablanca
171204,7623346,tanger,castilla,76,SAFE_25,Castilla à Tanger
171209,7623610,tanger,administratif,164,SAFE_25,Administratif à Tanger
171211,7623634,tetouan,touilaa,10,SAFE_10,Touilaa à Tétouan
171212,7623638,casablanca,michouar,8,SAFE_5,Michouar à Casablanca
171216,7623660,casablanca,al azhar,21,SAFE_10,Al Azhar à Casablanca
171218,7623664,casablanca,al azhar,21,SAFE_10,Al Azhar à Casablanca
171219,7623666,casablanca,al azhar,21,SAFE_10,Al Azhar à Casablanca
171220,7623667,casablanca,al azhar,21,SAFE_10,Al Azhar à Casablanca
171221,7623668,casablanca,al azhar,21,SAFE_10,Al Azhar à Casablanca
171222,7623670,casablanca,al azhar,21,SAFE_10,Al Azhar à Casablanca
171223,7623671,casablanca,al azhar,21,SAFE_10,Al Azhar à Casablanca
171224,7623672,casablanca,al azhar,21,SAFE_10,Al Azhar à Casablanca
171226,7623674,casablanca,al azhar,21,SAFE_10,Al Azhar à Casablanca
171228,7623678,casablanca,al azhar,21,SAFE_10,Al Azhar à Casablanca
171229,7623679,casablanca,al azhar,21,SAFE_10,Al Azhar à Casablanca
171230,7623680,casablanca,al azhar,21,SAFE_10,Al Azhar à Casablanca
171232,7623693,sale,cite militaire,5,SAFE_5,Cité Militaire à Salé
171233,7623703,casablanca,anfa,374,SAFE_25,Anfa à Casablanca
171234,7623711,marrakech,ennakhil palmeraie,469,SAFE_25,Ennakhil (Palmeraie) à Marrakech
171235,7623730,sale,hay chmaou,56,SAFE_25,Hay Chmaou à Salé
171236,7623798,casablanca,nassim 1,64,SAFE_25,Nassim 1 à Casablanca
171237,7623852,marrakech,ennakhil palmeraie,469,SAFE_25,Ennakhil (Palmeraie) à Marrakech
171238,7623916,agadir,cite adrar,16,SAFE_10,Cité Adrar à Agadir
171239,7623918,casablanca,ain chock,119,SAFE_25,Ain Chock à Casablanca
171243,7623980,casablanca,sidi moumen,119,SAFE_25,Sidi Moumen à Casablanca
171244,7624004,casablanca,lissasfa,104,SAFE_25,Lissasfa à Casablanca
171245,7624017,casablanca,belvedere,301,SAFE_25,Belvédère à Casablanca
171246,7624039,kenitra,la ville haute,69,SAFE_25,La Ville Haute à Kénitra
171249,7624102,casablanca,racine,596,SAFE_25,Racine à Casablanca
171250,7624108,fes,hay bensouda,12,SAFE_10,Hay Bensouda à Fès
171251,7624122,agadir,zone industrielle agadir,23,SAFE_10,Zone Industrielle Agadir à Agadir
171252,7624157,marrakech,izdihar,97,SAFE_25,Izdihar à Marrakech
171253,7624187,rabat,riyad,566,SAFE_25,Riyad à Rabat
171255,7624270,rabat,abi ragrag,3,LOW,Abi Ragrag à Rabat
171259,7624460,casablanca,mers sultan,170,SAFE_25,Mers Sultan à Casablanca
171260,7624464,marrakech,gueliz,1250,SAFE_25,Guéliz à Marrakech
171261,7624477,agadir,secteur touristique,92,SAFE_25,Secteur Touristique à Agadir
171265,7624534,tanger,malabata,421,SAFE_25,Malabata à Tanger
171266,7624570,casablanca,nassim 2,43,SAFE_25,Nassim 2 à Casablanca
171267,7624609,casablanca,al azhar,21,SAFE_10,Al Azhar à Casablanca
171268,7624610,casablanca,al azhar,21,SAFE_10,Al Azhar à Casablanca
171271,7624625,mohammedia,al aalia,51,SAFE_25,Al Aalia à Mohammedia
171277,7624637,mohammedia,al aalia,51,SAFE_25,Al Aalia à Mohammedia
171278,7624640,agadir,hay hassani,3,LOW,Hay Hassani à Agadir
171279,7624658,casablanca,anfa,374,SAFE_25,Anfa à Casablanca
171280,7624743,casablanca,racine extension,51,SAFE_25,Racine Extension à Casablanca
171281,7624756,casablanca,bourgogne ouest,380,SAFE_25,Bourgogne Ouest à Casablanca
171283,7624779,marrakech,daoudiat,64,SAFE_25,Daoudiat à Marrakech
171284,7624783,nador,selouane,21,SAFE_10,Selouane à Nador
171286,7624824,casablanca,bernoussi,99,SAFE_25,Bernoussi à Casablanca
171287,7624864,marrakech,les portes de marrakech,94,SAFE_25,Les Portes de Marrakech à Marrakech
171289,7624867,bouznika,quartier industriel,31,SAFE_25,Quartier Industriel à Bouznika
171296,7625110,casablanca,palmier,340,SAFE_25,Palmier à Casablanca
171298,7625203,casablanca,racine extension,51,SAFE_25,Racine Extension à Casablanca
171299,7625265,fes,bourmana,6,SAFE_5,Bourmana à Fès
171301,7625314,marrakech,camp al ghoul,112,SAFE_25,Camp Al Ghoul à Marrakech
171302,7625384,casablanca,oasis,332,SAFE_25,Oasis à Casablanca
171304,7625410,marrakech,route casablanca,269,SAFE_25,Route Casablanca à Marrakech
171308,7625508,casablanca,anfa,374,SAFE_25,Anfa à Casablanca
171309,7625523,agadir,hay houda,65,SAFE_25,Hay Houda à Agadir
171310,7625530,casablanca,bourgogne ouest,380,SAFE_25,Bourgogne Ouest à Casablanca
171314,7625615,temara,wifak,121,SAFE_25,Wifak à Temara
171316,7625670,casablanca,gauthier,422,SAFE_25,Gauthier à Casablanca
171319,7625710,casablanca,ain sebaa,344,SAFE_25,Aïn Sebaâ à Casablanca
171320,7625869,casablanca,belvedere,301,SAFE_25,Belvédère à Casablanca
171321,7625892,casablanca,maarif extension,351,SAFE_25,Maârif Extension à Casablanca
171322,7625946,marrakech,ennakhil palmeraie,469,SAFE_25,Ennakhil (Palmeraie) à Marrakech
171323,7625958,kenitra,el hadadda,51,SAFE_25,El Hadadda à Kénitra
171325,7625975,marrakech,daoudiat,64,SAFE_25,Daoudiat à Marrakech
171326,7625989,marrakech,route casablanca,269,SAFE_25,Route Casablanca à Marrakech
171327,7625991,tanger,branes 1,16,SAFE_10,Branes 1 à Tanger
171328,7625993,casablanca,oulfa,409,SAFE_25,Oulfa à Casablanca
171329,7626017,casablanca,maarif,326,SAFE_25,Maârif à Casablanca
171330,7626027,casablanca,oulfa,409,SAFE_25,Oulfa à Casablanca
171331,7626054,casablanca,oulfa,409,SAFE_25,Oulfa à Casablanca
171332,7626068,casablanca,bourgogne ouest,380,SAFE_25,Bourgogne Ouest à Casablanca
171333,7626078,casablanca,tantonville,33,SAFE_25,Tantonville à Casablanca
171334,7626093,tetouan,mdiq,6,SAFE_5,Mdiq à Tétouan
171338,7626196,casablanca,hay inara,27,SAFE_25,Hay Inara à Casablanca
171339,7626199,fes,al adarissa,3,LOW,Al Adarissa à Fès
171340,7626215,agadir,charaf,15,SAFE_10,Charaf à Agadir
171342,7626265,casablanca,la gironde,122,SAFE_25,La Gironde à Casablanca
171343,7626283,casablanca,la gironde,122,SAFE_25,La Gironde à Casablanca
171345,7626288,agadir,cite adrar,16,SAFE_10,Cité Adrar à Agadir
171351,7626375,casablanca,ferme bretonne hay arraha,189,SAFE_25,Ferme Bretonne (Hay Arraha) à Casablanca
171352,7626488,casablanca,al qods,132,SAFE_25,Al Qods à Casablanca
171353,7626499,marrakech,ennakhil palmeraie,469,SAFE_25,Ennakhil (Palmeraie) à Marrakech
171354,7626684,temara,wifak,121,SAFE_25,Wifak à Temara
171355,7626738,casablanca,mers sultan,170,SAFE_25,Mers Sultan à Casablanca
171360,7626806,casablanca,ain sebaa,344,SAFE_25,Aïn Sebaâ à Casablanca
171361,7626808,marrakech,hay saada 1,8,SAFE_5,Hay Saada 1 à Marrakech
171363,7626917,tetouan,touabel,1,LOW,Touabel à Tétouan
171366,7627012,casablanca,racine,596,SAFE_25,Racine à Casablanca
171370,7627082,sale,sala el jadida,84,SAFE_25,Sala el Jadida à Salé
171372,7627126,casablanca,maarif,326,SAFE_25,Maârif à Casablanca
171374,7627182,casablanca,anassi,40,SAFE_25,Anassi à Casablanca
171375,7627189,casablanca,maarif extension,351,SAFE_25,Maârif Extension à Casablanca
171376,7627211,mohammedia,la siesta,62,SAFE_25,La Siesta à Mohammedia
171379,7627345,temara,wifak,121,SAFE_25,Wifak à Temara
171380,7627423,marrakech,route d agadir essaouira,143,SAFE_25,Route d'Agadir - Essaouira à Marrakech
171382,7627467,casablanca,lissasfa,104,SAFE_25,Lissasfa à Casablanca
171385,7628320,casablanca,hay mohammadi,65,SAFE_25,Hay Mohammadi à Casablanca
171386,7628399,marrakech,gueliz,1250,SAFE_25,Guéliz à Marrakech
171389,7628798,kenitra,oulad wjih,62,SAFE_25,Oulad Wjih à Kénitra
171390,7628802,casablanca,sidi maarouf,518,SAFE_25,Sidi Maarouf à Casablanca
171393,7628876,bouznika,quartier industriel,31,SAFE_25,Quartier Industriel à Bouznika
171394,7628889,casablanca,racine extension,51,SAFE_25,Racine Extension à Casablanca
171396,7628903,tanger,drissia,27,SAFE_25,Drissia à Tanger
171401,7628927,fes,route ain chkaf,51,SAFE_25,Route ain Chkaf à Fès
171405,7629032,casablanca,oulfa,409,SAFE_25,Oulfa à Casablanca
171406,7629060,bouznika,al kawtar,71,SAFE_25,Al Kawtar à Bouznika
171407,7629074,casablanca,hay mohammadi,65,SAFE_25,Hay Mohammadi à Casablanca
171408,7629079,casablanca,oulfa,409,SAFE_25,Oulfa à Casablanca
171410,7629142,casablanca,oulfa,409,SAFE_25,Oulfa à Casablanca
171416,7629180,casablanca,hay mohammadi,65,SAFE_25,Hay Mohammadi à Casablanca
171417,7629182,marrakech,bouaakkaz,53,SAFE_25,Bouaakkaz à Marrakech
171420,7629204,sale,pepiniere,3,LOW,Pépinière à Salé
171422,7629209,sale,pepiniere,3,LOW,Pépinière à Salé
171423,7629341,casablanca,palmier,340,SAFE_25,Palmier à Casablanca
171426,7629356,casablanca,sidi maarouf,518,SAFE_25,Sidi Maarouf à Casablanca
171427,7629357,casablanca,sidi othmane,42,SAFE_25,Sidi Othmane à Casablanca
171433,7629624,temara,wifak,121,SAFE_25,Wifak à Temara
171436,7629784,agadir,cite adrar,16,SAFE_10,Cité Adrar à Agadir
171438,7629837,casablanca,ain borja,88,SAFE_25,Ain Borja à Casablanca
171443,7629962,dakhla,al kassam,3,LOW,Al Kassam à Dakhla
171446,7630352,casablanca,ain sebaa,344,SAFE_25,Aïn Sebaâ à Casablanca
171447,7630358,casablanca,anfa,374,SAFE_25,Anfa à Casablanca
171448,7630364,mohammedia,nassim,37,SAFE_25,Nassim à Mohammedia
171450,7630372,casablanca,bourgogne ouest,380,SAFE_25,Bourgogne Ouest à Casablanca
171451,7630399,casablanca,ain borja,88,SAFE_25,Ain Borja à Casablanca
171453,7630415,agadir,assaka,5,SAFE_5,Assaka à Agadir
171455,7630468,casablanca,val fleury,190,SAFE_25,Val Fleury à Casablanca
171456,7630470,tetouan,wilaya,41,SAFE_25,Wilaya à Tétouan
171457,7630474,tetouan,route de ceuta,19,SAFE_10,Route de Ceuta à Tétouan
171459,7630510,tanger,marjane,165,SAFE_25,Marjane à Tanger
171461,7630537,marrakech,route de safi,237,SAFE_25,Route de Safi à Marrakech
171462,7630553,marrakech,hay targa,491,SAFE_25,Hay Targa à Marrakech
171464,7630689,el jadida,ennajd,27,SAFE_25,Ennajd à El Jadida
171465,7630956,tanger,de la plage,188,SAFE_25,De La Plage à Tanger
171467,7631067,temara,wifak,121,SAFE_25,Wifak à Temara
171468,7631073,temara,harhoura,92,SAFE_25,Harhoura à Temara
171470,7631288,rabat,kebibat,33,SAFE_25,Kébibat à Rabat
171471,7631378,casablanca,gauthier,422,SAFE_25,Gauthier à Casablanca
171472,7631461,el jadida,dar assalam,14,SAFE_10,Dar Assalam à El Jadida
171473,7631481,el jadida,dar assalam,14,SAFE_10,Dar Assalam à El Jadida
171474,7631509,casablanca,racine,596,SAFE_25,Racine à Casablanca
171475,7631619,rabat,riyad,566,SAFE_25,Riyad à Rabat
171476,7631620,fes,route ain chkaf,51,SAFE_25,Route ain Chkaf à Fès
171480,7631649,casablanca,ain sebaa,344,SAFE_25,Aïn Sebaâ à Casablanca
171482,7631710,casablanca,maarif,326,SAFE_25,Maârif à Casablanca
171484,7631763,casablanca,oulfa,409,SAFE_25,Oulfa à Casablanca
171486,7631819,casablanca,ain diab,457,SAFE_25,Ain Diab à Casablanca
171487,7631892,casablanca,sidi moumen,119,SAFE_25,Sidi Moumen à Casablanca
171488,7631906,casablanca,oulfa,409,SAFE_25,Oulfa à Casablanca
171492,7632200,casablanca,oulfa,409,SAFE_25,Oulfa à Casablanca
171494,7632263,casablanca,belvedere,301,SAFE_25,Belvédère à Casablanca
171495,7632304,casablanca,racine,596,SAFE_25,Racine à Casablanca
171496,7632383,oujda,lazaret,21,SAFE_10,Lazaret à Oujda
171497,7632420,casablanca,hay hakam,3,LOW,Hay Hakam à Casablanca
171499,7632449,bouznika,quartier industriel,31,SAFE_25,Quartier Industriel à Bouznika
171503,7632557,mohammedia,mannesmann,37,SAFE_25,Mannesmann à Mohammedia
171504,7632564,meknes,marjane,146,SAFE_25,Marjane à Meknes
171505,7632569,meknes,marjane,146,SAFE_25,Marjane à Meknes
171507,7632573,casablanca,racine,596,SAFE_25,Racine à Casablanca
171512,7632681,casablanca,racine,596,SAFE_25,Racine à Casablanca
171514,7632706,temara,maghreb arabi,7,SAFE_5,Maghreb Arabi à Temara
171518,7632794,casablanca,hay moulay rachid 1,12,SAFE_10,Hay Moulay Rachid 1 à Casablanca
171519,7632830,marrakech,assif,32,SAFE_25,Assif à Marrakech
171520,7632838,meknes,hamria,152,SAFE_25,Hamria à Meknes
171521,7632858,casablanca,triangle d or,142,SAFE_25,Triangle d'Or à Casablanca
171524,7632876,sale,ghrablia,2,LOW,Ghrablia à Salé
171526,7632892,rabat,riyad,566,SAFE_25,Riyad à Rabat
171528,7632932,tanger,moujahidine,132,SAFE_25,Moujahidine à Tanger
171536,7633038,agadir,hay houda,65,SAFE_25,Hay Houda à Agadir
171537,7633074,casablanca,californie,735,SAFE_25,Californie à Casablanca
171540,7633122,casablanca,hay salama,19,SAFE_10,Hay Salama à Casablanca
171541,7633149,casablanca,ain chock,119,SAFE_25,Ain Chock à Casablanca
171542,7633156,casablanca,belvedere,301,SAFE_25,Belvédère à Casablanca
171543,7633159,casablanca,ain borja,88,SAFE_25,Ain Borja à Casablanca
171544,7633192,sale,sakani,12,SAFE_10,Sakani à Salé
171549,7633241,sale,sala el jadida,84,SAFE_25,Sala el Jadida à Salé
171550,7633247,el jadida,quartier aerodrome,20,SAFE_10,Quartier Aérodrome à El Jadida
171556,7633434,tanger,de la plage,188,SAFE_25,De La Plage à Tanger
171557,7633447,tanger,de la plage,188,SAFE_25,De La Plage à Tanger
171566,7633620,marrakech,gueliz,1250,SAFE_25,Guéliz à Marrakech
171567,7633621,marrakech,gueliz,1250,SAFE_25,Guéliz à Marrakech
171568,7633622,marrakech,bab ighli,12,SAFE_10,Bab Ighli à Marrakech
171574,7633637,marrakech,gueliz,1250,SAFE_25,Guéliz à Marrakech
171583,7633727,marrakech,hivernage,273,SAFE_25,Hivernage à Marrakech
171585,7633831,marrakech,route de safi,237,SAFE_25,Route de Safi à Marrakech
171586,7633834,casablanca,palmier,340,SAFE_25,Palmier à Casablanca
171592,7633976,casablanca,bourgogne ouest,380,SAFE_25,Bourgogne Ouest à Casablanca
171594,7634021,benslimane,oasis,5,SAFE_5,Oasis à Benslimane
171595,7634046,marrakech,camp al ghoul,112,SAFE_25,Camp Al Ghoul à Marrakech
171596,7634066,oujda,boustane,15,SAFE_10,Boustane à Oujda
171597,7634068,marrakech,gueliz,1250,SAFE_25,Guéliz à Marrakech
171598,7634087,casablanca,hay chrifa,49,SAFE_25,Hay Chrifa à Casablanca
171600,7634166,agadir,hay mohammadi,183,SAFE_25,Hay Mohammadi à Agadir
171601,7634181,agadir,hay mohammadi,183,SAFE_25,Hay Mohammadi à Agadir
171603,7634284,meknes,sidi bouzekri,12,SAFE_10,Sidi bouzekri à Meknes
171605,7634334,tanger,sania,64,SAFE_25,Sania à Tanger
171608,7634387,marrakech,samlalia,132,SAFE_25,Samlalia à Marrakech
171609,7634410,rabat,riyad,566,SAFE_25,Riyad à Rabat
171610,7634425,tanger,mesnana,96,SAFE_25,Mesnana à Tanger
171611,7634428,tanger,el mers 1,1,LOW,El Mers 1 à Tanger
171612,7634443,fes,nouvelle ville,31,SAFE_25,Nouvelle Ville à Fès
171613,7634464,sale,ouled moussa,10,SAFE_10,Ouled Moussa à Salé
171614,7634498,tanger,moujahidine,132,SAFE_25,Moujahidine à Tanger
171616,7634510,casablanca,bernoussi,99,SAFE_25,Bernoussi à Casablanca
171617,7634617,casablanca,mandarona,87,SAFE_25,Mandarona à Casablanca
171622,7634685,casablanca,bourgogne ouest,380,SAFE_25,Bourgogne Ouest à Casablanca
171623,7634696,casablanca,oulfa,409,SAFE_25,Oulfa à Casablanca
171624,7634697,temara,massira 1,28,SAFE_25,Massira 1 à Temara
171627,7634748,casablanca,maarif extension,351,SAFE_25,Maârif Extension à Casablanca
171630,7634751,casablanca,gauthier,422,SAFE_25,Gauthier à Casablanca
171634,7634840,casablanca,les hopitaux,385,SAFE_25,Les Hôpitaux à Casablanca
171635,7634870,casablanca,val fleury,190,SAFE_25,Val Fleury à Casablanca
171636,7634878,tanger,mghogha,80,SAFE_25,Mghogha à Tanger
171640,7635007,marrakech,gueliz,1250,SAFE_25,Guéliz à Marrakech
171643,7635330,casablanca,mers sultan,170,SAFE_25,Mers Sultan à Casablanca
171645,7635358,marrakech,gueliz,1250,SAFE_25,Guéliz à Marrakech
171646,7635360,rabat,karrakchou,1,LOW,Karrakchou à Rabat
171647,7635363,casablanca,les hopitaux,385,SAFE_25,Les Hôpitaux à Casablanca
171648,7635393,casablanca,maarif extension,351,SAFE_25,Maârif Extension à Casablanca
171650,7635413,fes,route de meknes,13,SAFE_10,Route de Meknes à Fès
171653,7635480,marrakech,mhamid,253,SAFE_25,Mhamid à Marrakech
171654,7635485,casablanca,racine,596,SAFE_25,Racine à Casablanca
171657,7635524,tanger,administratif,164,SAFE_25,Administratif à Tanger
171660,7635601,casablanca,palmier,340,SAFE_25,Palmier à Casablanca
171661,7635642,marrakech,gueliz,1250,SAFE_25,Guéliz à Marrakech
171662,7635644,mohammedia,al aalia,51,SAFE_25,Al Aalia à Mohammedia
171663,7635645,marrakech,mhamid,253,SAFE_25,Mhamid à Marrakech
171665,7635769,kenitra,la ville haute,69,SAFE_25,La Ville Haute à Kénitra
171666,7635827,casablanca,les princesses,332,SAFE_25,Les princesses à Casablanca
171667,7635845,tanger,boukhalef,98,SAFE_25,Boukhalef à Tanger
171669,7635855,fes,route ain chkaf,51,SAFE_25,Route ain Chkaf à Fès
171671,7635917,fes,al hadiqa,6,SAFE_5,Al Hadiqa à Fès
171673,7635990,casablanca,maarif,326,SAFE_25,Maârif à Casablanca
171674,7636012,el jadida,derb sid daoui,11,SAFE_10,Derb Sid Daoui à El Jadida
171675,7636033,tanger,ziaten,49,SAFE_25,Ziaten à Tanger
171680,7636276,sale,mkinssia,13,SAFE_10,Mkinssia à Salé
171682,7636305,meknes,marjane,146,SAFE_25,Marjane à Meknes
171683,7636307,casablanca,al azhar,21,SAFE_10,Al Azhar à Casablanca
171684,7636323,kenitra,oulad wjih,62,SAFE_25,Oulad Wjih à Kénitra
171685,7636333,casablanca,gauthier,422,SAFE_25,Gauthier à Casablanca
171688,7636379,marrakech,route casablanca,269,SAFE_25,Route Casablanca à Marrakech
171689,7636383,casablanca,racine,596,SAFE_25,Racine à Casablanca
171690,7636390,casablanca,mandarona,87,SAFE_25,Mandarona à Casablanca
171691,7636435,tanger,beni touzine,22,SAFE_10,Beni Touzine à Tanger
171692,7636441,casablanca,ain sebaa,344,SAFE_25,Aïn Sebaâ à Casablanca
171695,7636469,tanger,marjane,165,SAFE_25,Marjane à Tanger
171697,7636549,casablanca,belvedere,301,SAFE_25,Belvédère à Casablanca
171698,7636554,marrakech,route d agadir essaouira,143,SAFE_25,Route d'Agadir - Essaouira à Marrakech
171699,7636557,marrakech,route casablanca,269,SAFE_25,Route Casablanca à Marrakech
171701,7636563,casablanca,californie,735,SAFE_25,Californie à Casablanca
171703,7636578,casablanca,mers sultan,170,SAFE_25,Mers Sultan à Casablanca
171704,7636592,casablanca,mandarona,87,SAFE_25,Mandarona à Casablanca
171705,7636639,rabat,hay al massira,9,SAFE_5,Hay Al Massira à Rabat
171706,7636652,tetouan,taboula,14,SAFE_10,Taboula à Tétouan
171708,7636677,meknes,hamria,152,SAFE_25,Hamria à Meknes
171709,7636680,agadir,hay dakhla,57,SAFE_25,Hay Dakhla à Agadir
171710,7636684,sale,hay chmaou,56,SAFE_25,Hay Chmaou à Salé
171711,7636688,casablanca,la gironde,122,SAFE_25,La Gironde à Casablanca
171712,7636695,casablanca,oulfa,409,SAFE_25,Oulfa à Casablanca
171715,7636752,casablanca,ain chock,119,SAFE_25,Ain Chock à Casablanca
171716,7636770,casablanca,mers sultan,170,SAFE_25,Mers Sultan à Casablanca
171717,7636791,meknes,hay salam,30,SAFE_25,Hay salam à Meknes
171722,7636834,casablanca,racine,596,SAFE_25,Racine à Casablanca
171723,7636845,rabat,hay al massira,9,SAFE_5,Hay Al Massira à Rabat
171724,7636940,casablanca,triangle d or,142,SAFE_25,Triangle d'Or à Casablanca
171725,7636943,casablanca,sidi maarouf,518,SAFE_25,Sidi Maarouf à Casablanca
171726,7636950,casablanca,palmier,340,SAFE_25,Palmier à Casablanca
171728,7636977,marrakech,route d agadir essaouira,143,SAFE_25,Route d'Agadir - Essaouira à Marrakech
171729,7637038,agadir,hay mohammadi,183,SAFE_25,Hay Mohammadi à Agadir
171730,7637056,sale,sala el jadida,84,SAFE_25,Sala el Jadida à Salé
171732,7637085,tanger,mesnana,96,SAFE_25,Mesnana à Tanger
171733,7637092,agadir,hay mohammadi,183,SAFE_25,Hay Mohammadi à Agadir
171736,7637226,benslimane,administratif,10,SAFE_10,Administratif à Benslimane
171737,7637231,casablanca,al hadika,25,SAFE_25,Al Hadika à Casablanca
171738,7637237,casablanca,gauthier,422,SAFE_25,Gauthier à Casablanca
171739,7637241,casablanca,les princesses,332,SAFE_25,Les princesses à Casablanca
171740,7637242,casablanca,roches noires,198,SAFE_25,Roches Noires à Casablanca
171741,7637260,casablanca,hay moulay rachid 6,1,LOW,Hay Moulay Rachid 6 à Casablanca
171742,7637268,casablanca,al qods,132,SAFE_25,Al Qods à Casablanca
171743,7637281,agadir,hay mohammadi,183,SAFE_25,Hay Mohammadi à Agadir
171744,7637341,sale,horria,3,LOW,Horria à Salé
171747,7637422,fes,hay riad,4,LOW,Hay Riad à Fès
171748,7637427,casablanca,moulay youssef,31,SAFE_25,Moulay Youssef à Casablanca
171749,7637432,sale,horria,3,LOW,Horria à Salé
171751,7637442,marrakech,ouasis,16,SAFE_10,Ouasis à Marrakech
171752,7637468,casablanca,maarif,326,SAFE_25,Maârif à Casablanca
171755,7637478,casablanca,ain borja,88,SAFE_25,Ain Borja à Casablanca
171757,7637516,el jadida,hay essalam,49,SAFE_25,Hay Essalam à El Jadida
171758,7637522,sale,mkinssia,13,SAFE_10,Mkinssia à Salé
171760,7637566,casablanca,triangle d or,142,SAFE_25,Triangle d'Or à Casablanca
171761,7637589,temara,val d or,10,SAFE_10,Val d'or à Temara
171762,7637596,agadir,secteur touristique,92,SAFE_25,Secteur Touristique à Agadir
171763,7637599,casablanca,les hopitaux,385,SAFE_25,Les Hôpitaux à Casablanca
171765,7637668,casablanca,belvedere,301,SAFE_25,Belvédère à Casablanca
171766,7637676,sale,sidi abdellah,18,SAFE_10,Sidi Abdellah à Salé
171768,7637799,casablanca,ain diab,457,SAFE_25,Ain Diab à Casablanca
171769,7637803,casablanca,les hopitaux,385,SAFE_25,Les Hôpitaux à Casablanca
171771,7637950,temara,oued eddahab,11,SAFE_10,Oued Eddahab à Temara
171772,7637954,casablanca,derb moulay cherif,4,LOW,Derb Moulay Cherif à Casablanca
171773,7637959,casablanca,derb ghalef,98,SAFE_25,Derb Ghalef à Casablanca
171774,7637970,marrakech,route de safi,237,SAFE_25,Route de Safi à Marrakech
171775,7637976,fes,champ de course,17,SAFE_10,Champ de course à Fès
171777,7638107,casablanca,belvedere,301,SAFE_25,Belvédère à Casablanca
171779,7638129,casablanca,maarif,326,SAFE_25,Maârif à Casablanca
171780,7638133,tanger,boukhalef,98,SAFE_25,Boukhalef à Tanger
171781,7638157,tanger,mesnana,96,SAFE_25,Mesnana à Tanger
171782,7638170,tanger,iberie,173,SAFE_25,Iberie à Tanger
171783,7638190,casablanca,ain diab,457,SAFE_25,Ain Diab à Casablanca
171784,7638198,marrakech,daoudiat,64,SAFE_25,Daoudiat à Marrakech
171785,7638227,casablanca,hay antaria,6,SAFE_5,Hay Antaria à Casablanca
171787,7638250,casablanca,ferme bretonne hay arraha,189,SAFE_25,Ferme Bretonne (Hay Arraha) à Casablanca
171788,7638258,casablanca,ferme bretonne hay arraha,189,SAFE_25,Ferme Bretonne (Hay Arraha) à Casablanca
171790,7638277,oujda,cgi,13,SAFE_10,CGI à Oujda
171793,7638289,rabat,agdal,313,SAFE_25,Agdal à Rabat
171794,7638297,sale,tabriquet,37,SAFE_25,Tabriquet à Salé
171795,7638342,casablanca,maarif extension,351,SAFE_25,Maârif Extension à Casablanca
171796,7638365,marrakech,route de safi,237,SAFE_25,Route de Safi à Marrakech
171797,7638435,casablanca,palmier,340,SAFE_25,Palmier à Casablanca
171798,7638445,casablanca,bernoussi,99,SAFE_25,Bernoussi à Casablanca
171799,7638472,tanger,du golf,123,SAFE_25,Du Golf à Tanger
171800,7638505,casablanca,casablanca finance city,208,SAFE_25,Casablanca Finance City à Casablanca
171802,7638529,marrakech,ennakhil palmeraie,469,SAFE_25,Ennakhil (Palmeraie) à Marrakech
171803,7638542,casablanca,les princesses,332,SAFE_25,Les princesses à Casablanca
171804,7638556,casablanca,maarif,326,SAFE_25,Maârif à Casablanca
171805,7638598,casablanca,mers sultan,170,SAFE_25,Mers Sultan à Casablanca
171806,7638602,meknes,hay salam,30,SAFE_25,Hay salam à Meknes
171807,7638613,casablanca,quartier bachkou,69,SAFE_25,Quartier Bachkou à Casablanca
171809,7638693,agadir,hay mohammadi,183,SAFE_25,Hay Mohammadi à Agadir
171810,7638713,casablanca,la gironde,122,SAFE_25,La Gironde à Casablanca
171815,7638845,casablanca,ain sebaa,344,SAFE_25,Aïn Sebaâ à Casablanca
171819,7638884,marrakech,route de l ourika,877,SAFE_25,Route de l'Ourika à Marrakech
171820,7638891,casablanca,ain borja,88,SAFE_25,Ain Borja à Casablanca
171821,7638893,marrakech,agdal,514,SAFE_25,Agdal à Marrakech
171823,7638934,casablanca,oulfa,409,SAFE_25,Oulfa à Casablanca
171824,7638980,meknes,marjane,146,SAFE_25,Marjane à Meknes
171825,7639009,rabat,riyad,566,SAFE_25,Riyad à Rabat
171826,7639050,marrakech,hay chouhada,4,LOW,Hay Chouhada à Marrakech
171827,7639161,casablanca,hay hassani,116,SAFE_25,Hay Hassani à Casablanca
171828,7639162,casablanca,mers sultan,170,SAFE_25,Mers Sultan à Casablanca
171829,7639168,fes,route ain chkaf,51,SAFE_25,Route ain Chkaf à Fès
171830,7639170,casablanca,val fleury,190,SAFE_25,Val Fleury à Casablanca
171831,7639173,casablanca,gauthier,422,SAFE_25,Gauthier à Casablanca
171832,7639177,casablanca,belvedere,301,SAFE_25,Belvédère à Casablanca
171835,7639263,casablanca,moulay youssef,31,SAFE_25,Moulay Youssef à Casablanca
171838,7639395,marrakech,route de safi,237,SAFE_25,Route de Safi à Marrakech
171840,7639428,settat,smaala,9,SAFE_5,Smaâla à Settat
171841,7639525,agadir,hay houda,65,SAFE_25,Hay Houda à Agadir
171842,7639548,casablanca,maarif,326,SAFE_25,Maârif à Casablanca
171843,7639558,casablanca,cil hay salam,225,SAFE_25,CIL (Hay Salam) à Casablanca
171844,7639567,meknes,marjane,146,SAFE_25,Marjane à Meknes
171846,7639603,casablanca,racine extension,51,SAFE_25,Racine Extension à Casablanca
171847,7639607,casablanca,la gironde,122,SAFE_25,La Gironde à Casablanca
171848,7639636,casablanca,hay arsalan,7,SAFE_5,Hay Arsalan à Casablanca
171849,7639643,temara,skikina,28,SAFE_25,Skikina à Temara
171850,7639685,temara,wifak,121,SAFE_25,Wifak à Temara
171853,7639715,casablanca,ain borja,88,SAFE_25,Ain Borja à Casablanca
171854,7639730,marrakech,gueliz,1250,SAFE_25,Guéliz à Marrakech
171856,7639782,casablanca,beausejour,150,SAFE_25,Beauséjour à Casablanca
171857,7639823,casablanca,oulfa,409,SAFE_25,Oulfa à Casablanca
171858,7639907,casablanca,maarif,326,SAFE_25,Maârif à Casablanca
171859,7640032,tetouan,route de ceuta,19,SAFE_10,Route de Ceuta à Tétouan
171861,7640189,agadir,assaka,5,SAFE_5,Assaka à Agadir
171864,7640208,rabat,hay nahda,43,SAFE_25,Hay Nahda à Rabat
171865,7640217,fes,nouvelle ville,31,SAFE_25,Nouvelle Ville à Fès
171867,7640242,temara,wifak,121,SAFE_25,Wifak à Temara
171868,7640268,rabat,riyad,566,SAFE_25,Riyad à Rabat
171870,7640289,bouznika,plage oued cherrat,118,SAFE_25,Plage Oued Cherrat à Bouznika
171871,7640292,meknes,hay zitoune,10,SAFE_10,Hay zitoune à Meknes
171874,7640406,fes,nouvelle ville,31,SAFE_25,Nouvelle Ville à Fès
171875,7640452,agadir,hay massira,14,SAFE_10,Hay Massira à Agadir
171876,7640478,tanger,du golf,123,SAFE_25,Du Golf à Tanger
171877,7640494,tanger,mesnana,96,SAFE_25,Mesnana à Tanger
171879,7640512,sale,hay chmaou,56,SAFE_25,Hay Chmaou à Salé
171880,7640612,casablanca,belvedere,301,SAFE_25,Belvédère à Casablanca
171881,7640619,casablanca,bourgogne est,157,SAFE_25,Bourgogne Est à Casablanca
171883,7640636,casablanca,racine,596,SAFE_25,Racine à Casablanca
171884,7640664,fes,route immouzer,38,SAFE_25,Route Immouzer à Fès
171885,7640708,mohammedia,riad 1,7,SAFE_5,Riad 1 à Mohammedia
171887,7640756,casablanca,maarif,326,SAFE_25,Maârif à Casablanca
171888,7640768,casablanca,les hopitaux,385,SAFE_25,Les Hôpitaux à Casablanca
171891,7640869,tanger,el baraka,3,LOW,El Baraka à Tanger
171892,7640895,casablanca,mers sultan,170,SAFE_25,Mers Sultan à Casablanca
171893,7640901,casablanca,ain chock,119,SAFE_25,Ain Chock à Casablanca
171894,7640931,casablanca,oasis,332,SAFE_25,Oasis à Casablanca
171896,7640959,kenitra,bir rami est,42,SAFE_25,Bir Rami Est à Kénitra
171897,7640975,casablanca,californie,735,SAFE_25,Californie à Casablanca
171898,7640985,casablanca,hay al othmania,1,LOW,Hay Al Othmania à Casablanca
171899,7640995,oujda,riad isli,11,SAFE_10,Riad isli à Oujda
171902,7641052,mohammedia,nassim,37,SAFE_25,Nassim à Mohammedia
171905,7641109,bouznika,al kawtar,71,SAFE_25,Al Kawtar à Bouznika
171906,7641162,rabat,riyad,566,SAFE_25,Riyad à Rabat
171910,7641239,tanger,sania,64,SAFE_25,Sania à Tanger
171911,7641263,tanger,route nationale assilah n1,134,SAFE_25,Route Nationale Assilah (N1) à Tanger
171912,7641288,sale,mkinssia,13,SAFE_10,Mkinssia à Salé
171913,7641296,casablanca,benjdia,50,SAFE_25,Benjdia à Casablanca
171915,7641350,mohammedia,quartier du parc,79,SAFE_25,Quartier du Parc à Mohammedia
171916,7641364,bouznika,hay toummert,9,SAFE_5,Hay Toummert à Bouznika
171917,7641440,tanger,tanja balia,220,SAFE_25,Tanja Balia à Tanger
171918,7641463,tanger,mghogha,80,SAFE_25,Mghogha à Tanger
171919,7641497,casablanca,californie,735,SAFE_25,Californie à Casablanca
171920,7641498,meknes,marjane,146,SAFE_25,Marjane à Meknes
171922,7641529,casablanca,val fleury,190,SAFE_25,Val Fleury à Casablanca
171923,7641605,tanger,iberie,173,SAFE_25,Iberie à Tanger
171924,7641633,casablanca,maarif,326,SAFE_25,Maârif à Casablanca
171925,7641652,kenitra,oulad wjih,62,SAFE_25,Oulad Wjih à Kénitra
171928,7641684,marrakech,majorelle,157,SAFE_25,Majorelle à Marrakech
171930,7641716,tanger,de la plage,188,SAFE_25,De La Plage à Tanger
171931,7641721,casablanca,oulfa,409,SAFE_25,Oulfa à Casablanca
171933,7641852,casablanca,ain diab,457,SAFE_25,Ain Diab à Casablanca
171934,7641881,casablanca,racine,596,SAFE_25,Racine à Casablanca
171936,7642135,rabat,hay nahda,43,SAFE_25,Hay Nahda à Rabat
171942,7642302,fes,zouagha,21,SAFE_10,Zouagha à Fès
171944,7642308,kenitra,mimosas,57,SAFE_25,Mimosas à Kénitra
171946,7642341,agadir,hay mohammadi,183,SAFE_25,Hay Mohammadi à Agadir
171947,7642408,marrakech,gueliz,1250,SAFE_25,Guéliz à Marrakech
171948,7642420,casablanca,al qods,132,SAFE_25,Al Qods à Casablanca
171949,7642567,casablanca,racine,596,SAFE_25,Racine à Casablanca
171950,7642570,mohammedia,al aalia,51,SAFE_25,Al Aalia à Mohammedia
171951,7642599,tanger,malabata,421,SAFE_25,Malabata à Tanger
171952,7642637,casablanca,les princesses,332,SAFE_25,Les princesses à Casablanca
171957,7642881,meknes,hay salam,30,SAFE_25,Hay salam à Meknes
171958,7642926,safi,hay anas,3,LOW,Hay Anas à Safi
171959,7642940,casablanca,bourgogne ouest,380,SAFE_25,Bourgogne Ouest à Casablanca
171963,7642971,casablanca,sidi maarouf,518,SAFE_25,Sidi Maarouf à Casablanca
171966,7643061,kenitra,maamora,58,SAFE_25,Maamora à Kénitra
171968,7643096,kenitra,mimosas,57,SAFE_25,Mimosas à Kénitra
171969,7643117,tanger,tanja balia,220,SAFE_25,Tanja Balia à Tanger
171970,7643125,casablanca,al qods,132,SAFE_25,Al Qods à Casablanca
171971,7643140,casablanca,ain sebaa,344,SAFE_25,Aïn Sebaâ à Casablanca
171972,7643176,mohammedia,wafa,25,SAFE_25,Wafa à Mohammedia
171973,7643232,temara,massira 1,28,SAFE_25,Massira 1 à Temara
171975,7643306,casablanca,hay idrissia,9,SAFE_5,Hay Idrissia à Casablanca
171980,7643482,casablanca,maarif,326,SAFE_25,Maârif à Casablanca
171982,7643560,marrakech,agdal,514,SAFE_25,Agdal à Marrakech
171984,7643609,casablanca,maarif,326,SAFE_25,Maârif à Casablanca
171985,7643638,skhirat,al fath,13,SAFE_10,Al fath à Skhirat
171986,7643647,casablanca,bourgogne ouest,380,SAFE_25,Bourgogne Ouest à Casablanca
171987,7643653,casablanca,riviera,76,SAFE_25,Riviera à Casablanca
171990,7643853,casablanca,maarif,326,SAFE_25,Maârif à Casablanca
171991,7643862,agadir,haut anza,8,SAFE_5,Haut Anza à Agadir
171992,7643879,meknes,marjane,146,SAFE_25,Marjane à Meknes
171993,7643927,tanger,de la plage,188,SAFE_25,De La Plage à Tanger
171995,7644094,temara,harhoura,92,SAFE_25,Harhoura à Temara
171996,7644117,marrakech,gueliz,1250,SAFE_25,Guéliz à Marrakech
171997,7644128,casablanca,benjdia,50,SAFE_25,Benjdia à Casablanca
171998,7644154,kenitra,maghrib arabi,29,SAFE_25,Maghrib Arabi à Kénitra
171999,7644168,casablanca,bernoussi,99,SAFE_25,Bernoussi à Casablanca
172000,7644179,marrakech,gueliz,1250,SAFE_25,Guéliz à Marrakech
172001,7644212,marrakech,route de safi,237,SAFE_25,Route de Safi à Marrakech
172002,7644229,agadir,hay houda,65,SAFE_25,Hay Houda à Agadir
172004,7644290,tanger,castilla,76,SAFE_25,Castilla à Tanger
172005,7644321,marrakech,hivernage,273,SAFE_25,Hivernage à Marrakech
172006,7644376,casablanca,mandarona,87,SAFE_25,Mandarona à Casablanca
172007,7644394,casablanca,maarif,326,SAFE_25,Maârif à Casablanca
172009,7644402,casablanca,triangle d or,142,SAFE_25,Triangle d'Or à Casablanca
172010,7644424,rabat,hay al fath,34,SAFE_25,Hay Al Fath à Rabat
172011,7644449,agadir,hay mohammadi,183,SAFE_25,Hay Mohammadi à Agadir
172012,7644498,oujda,boustane,15,SAFE_10,Boustane à Oujda
172013,7644503,casablanca,casablanca finance city,208,SAFE_25,Casablanca Finance City à Casablanca
172016,7644572,safi,plateau,3,LOW,Plateau à Safi
172017,7644614,rabat,hay nahda,43,SAFE_25,Hay Nahda à Rabat
172019,7644706,casablanca,anassi,40,SAFE_25,Anassi à Casablanca
172021,7644787,fes,route immouzer,38,SAFE_25,Route Immouzer à Fès
172022,7644798,agadir,secteur touristique,92,SAFE_25,Secteur Touristique à Agadir
172025,7644825,marrakech,hay mabrouka,95,SAFE_25,Hay Mabrouka à Marrakech
172027,7644866,bouznika,plage oued cherrat,118,SAFE_25,Plage Oued Cherrat à Bouznika
172028,7644879,meknes,marjane,146,SAFE_25,Marjane à Meknes
172030,7644927,sale,sala el jadida,84,SAFE_25,Sala el Jadida à Salé
172031,7644940,casablanca,mers sultan,170,SAFE_25,Mers Sultan à Casablanca
172032,7645002,sale,hay chmaou,56,SAFE_25,Hay Chmaou à Salé
172033,7645007,casablanca,sidi maarouf,518,SAFE_25,Sidi Maarouf à Casablanca
172035,7645070,oujda,jawhara,20,SAFE_10,Jawhara à Oujda
172036,7645082,tanger,jirrari,19,SAFE_10,Jirrari à Tanger
172038,7645122,rabat,riyad,566,SAFE_25,Riyad à Rabat
172039,7645171,casablanca,les princesses,332,SAFE_25,Les princesses à Casablanca
172043,7645233,sale,hay chmaou,56,SAFE_25,Hay Chmaou à Salé
172044,7645239,marrakech,route casablanca,269,SAFE_25,Route Casablanca à Marrakech
172045,7645275,casablanca,sidi maarouf,518,SAFE_25,Sidi Maarouf à Casablanca
172046,7645280,temara,wifak,121,SAFE_25,Wifak à Temara
172047,7645282,mohammedia,hay al horria,8,SAFE_5,Hay Al Horria à Mohammedia
172048,7645304,agadir,cite adrar,16,SAFE_10,Cité Adrar à Agadir
172050,7645310,casablanca,oulfa,409,SAFE_25,Oulfa à Casablanca
172052,7645357,rabat,kebibat,33,SAFE_25,Kébibat à Rabat
172053,7645394,marrakech,ennakhil palmeraie,469,SAFE_25,Ennakhil (Palmeraie) à Marrakech
172063,7645627,tanger,ain el hayani,20,SAFE_10,Ain El Hayani à Tanger
172067,7645678,meknes,hamria,152,SAFE_25,Hamria à Meknes
172069,7645722,casablanca,hay albaraka,19,SAFE_10,Hay Albaraka à Casablanca
172073,7645769,mohammedia,nassim,37,SAFE_25,Nassim à Mohammedia
172075,7645791,agadir,hay mohammadi,183,SAFE_25,Hay Mohammadi à Agadir
172076,7645796,skhirat,kasbah,12,SAFE_10,Kasbah à Skhirat
172081,7645849,casablanca,hay sadri,7,SAFE_5,Hay Sadri à Casablanca
172082,7645867,casablanca,longchamps hay al hanaa,60,SAFE_25,Longchamps (Hay Al Hanâa) à Casablanca
172085,7645922,tanger,marchan,45,SAFE_25,Marchan à Tanger
172086,7645926,casablanca,sidi maarouf,518,SAFE_25,Sidi Maârouf à Casablanca
172088,7646021,meknes,marjane,146,SAFE_25,Marjane à Meknes
172089,7646061,tanger,aouama gharbia,64,SAFE_25,Aouama Gharbia à Tanger
172090,7646070,casablanca,roches noires,198,SAFE_25,Roches Noires à Casablanca
172091,7646073,rabat,agdal,313,SAFE_25,Agdal à Rabat
172092,7646076,casablanca,oulfa,409,SAFE_25,Oulfa à Casablanca
172093,7646088,sale,hay chmaou,56,SAFE_25,Hay Chmaou à Salé
172094,7646149,temara,riad oulad mtaa,35,SAFE_25,Riad Oulad Mtaa à Temara
172095,7646153,casablanca,beausite,41,SAFE_25,Beausite à Casablanca
172098,7646172,casablanca,belvedere,301,SAFE_25,Belvédère à Casablanca
172099,7646180,sale,mkinssia,13,SAFE_10,Mkinssia à Salé
172100,7646182,casablanca,sidi maarouf,518,SAFE_25,Sidi Maarouf à Casablanca
172101,7646205,casablanca,maarif,326,SAFE_25,Maârif à Casablanca
172102,7646325,agadir,hay mohammadi,183,SAFE_25,Hay Mohammadi à Agadir
172103,7646357,casablanca,sidi moumen,119,SAFE_25,Sidi Moumen à Casablanca
172104,7646364,fes,al hadiqa,6,SAFE_5,Al Hadiqa à Fès
172105,7646449,casablanca,racine,596,SAFE_25,Racine à Casablanca
172108,7646502,casablanca,racine,596,SAFE_25,Racine à Casablanca
172110,7646588,casablanca,franceville,76,SAFE_25,Franceville à Casablanca
172112,7646777,fes,quartier oued fes,34,SAFE_25,Quartier Oued Fes à Fès
172115,7646840,casablanca,racine,596,SAFE_25,Racine à Casablanca
172116,7646859,kenitra,maghrib arabi,29,SAFE_25,Maghrib Arabi à Kénitra
172118,7646891,casablanca,racine extension,51,SAFE_25,Racine Extension à Casablanca
172119,7646902,marrakech,hivernage,273,SAFE_25,Hivernage à Marrakech
172121,7646913,casablanca,hay almassira 3,1,LOW,Hay Almassira 3 à Casablanca
172122,7646922,rabat,les orangers,27,SAFE_25,Les Orangers à Rabat
172123,7646938,casablanca,ain sebaa,344,SAFE_25,Aïn Sebaâ à Casablanca
172124,7646951,marrakech,gueliz,1250,SAFE_25,Guéliz à Marrakech
172125,7647017,marrakech,gueliz,1250,SAFE_25,Guéliz à Marrakech
172126,7647023,casablanca,moulay youssef,31,SAFE_25,Moulay Youssef à Casablanca
172127,7647024,marrakech,gueliz,1250,SAFE_25,Guéliz à Marrakech
172135,7647159,tanger,administratif,164,SAFE_25,Administratif à Tanger
172137,7647244,casablanca,racine,596,SAFE_25,Racine à Casablanca
172139,7647268,marrakech,les portes de marrakech,94,SAFE_25,Les Portes de Marrakech à Marrakech
172142,7647428,casablanca,roches noires,198,SAFE_25,Roches Noires à Casablanca
172146,7647543,rabat,riyad,566,SAFE_25,Riyad à Rabat
172147,7647632,kenitra,maghrib arabi,29,SAFE_25,Maghrib Arabi à Kénitra
172148,7647646,marrakech,gueliz,1250,SAFE_25,Guéliz à Marrakech
172151,7647703,meknes,wislane,53,SAFE_25,Wislane à Meknes
172152,7647718,tanger,boukhalef,98,SAFE_25,Boukhalef à Tanger
172153,7647734,casablanca,maarif extension,351,SAFE_25,Maârif Extension à Casablanca
172154,7647740,marrakech,route casablanca,269,SAFE_25,Route Casablanca à Marrakech
172158,7647971,sale,hay karima,6,SAFE_5,Hay Karima à Salé
172159,7648004,tanger,el majd,13,SAFE_10,El Majd à Tanger
172161,7648064,casablanca,hay salama,19,SAFE_10,Hay Salama à Casablanca
172162,7648091,sale,hay salam,24,SAFE_10,Hay Salam à Salé
172164,7648128,casablanca,oulfa,409,SAFE_25,Oulfa à Casablanca
172165,7648192,agadir,hay mohammadi,183,SAFE_25,Hay Mohammadi à Agadir
172166,7648228,casablanca,ain sebaa,344,SAFE_25,Aïn Sebaâ à Casablanca
172167,7648263,kenitra,mimosas,57,SAFE_25,Mimosas à Kénitra
172169,7648281,sale,abouab sala,17,SAFE_10,Abouab Sala à Salé
172171,7648368,casablanca,hay lamiaa,1,LOW,Hay Lamiaa à Casablanca
172172,7648370,casablanca,ain sebaa,344,SAFE_25,Aïn Sebaâ à Casablanca
172173,7648372,casablanca,oulfa,409,SAFE_25,Oulfa à Casablanca
172174,7648377,casablanca,californie,735,SAFE_25,Californie à Casablanca
172175,7648379,casablanca,jamila 5,10,SAFE_10,Jamila 5 à Casablanca
172176,7648391,rabat,riyad,566,SAFE_25,Riyad à Rabat
172177,7648397,rabat,agdal,313,SAFE_25,Agdal à Rabat
172179,7648475,casablanca,belvedere,301,SAFE_25,Belvédère à Casablanca
172181,7648548,marrakech,gueliz,1250,SAFE_25,Guéliz à Marrakech
172182,7648562,marrakech,hay targa,491,SAFE_25,Hay Targa à Marrakech
172184,7648712,casablanca,racine,596,SAFE_25,Racine à Casablanca
172187,7648837,casablanca,belvedere,301,SAFE_25,Belvédère à Casablanca
172188,7648863,casablanca,oulfa,409,SAFE_25,Oulfa à Casablanca
172189,7648913,kenitra,maghrib arabi,29,SAFE_25,Maghrib Arabi à Kénitra
172190,7648939,tanger,tanja balia,220,SAFE_25,Tanja Balia à Tanger
172192,7648945,oujda,hay salam,10,SAFE_10,Hay salam à Oujda
172193,7648952,casablanca,maarif extension,351,SAFE_25,Maârif Extension à Casablanca
172194,7648959,settat,hay mabrouka,5,SAFE_5,Hay Mabrouka à Settat
172195,7648961,casablanca,maarif extension,351,SAFE_25,Maârif Extension à Casablanca
172196,7648971,el jadida,jawhara,10,SAFE_10,Jawhara à El Jadida
172199,7649000,agadir,hay salam,64,SAFE_25,Hay Salam à Agadir
172200,7649012,marrakech,hivernage,273,SAFE_25,Hivernage à Marrakech
172201,7649014,tanger,tanja balia,220,SAFE_25,Tanja Balia à Tanger
172204,7649054,casablanca,racine,596,SAFE_25,Racine à Casablanca
172205,7649059,bouznika,plage oued cherrat,118,SAFE_25,Plage Oued Cherrat à Bouznika
172206,7649071,marrakech,route casablanca,269,SAFE_25,Route Casablanca à Marrakech
172208,7649113,casablanca,derb al kabir,2,LOW,Derb Al kabir à Casablanca
172209,7649115,casablanca,californie,735,SAFE_25,Californie à Casablanca
172210,7649124,casablanca,lissasfa,104,SAFE_25,Lissasfa à Casablanca
172211,7649178,tanger,iberie,173,SAFE_25,Iberie à Tanger
172212,7649183,marrakech,route casablanca,269,SAFE_25,Route Casablanca à Marrakech
172213,7649199,kenitra,mimosas,57,SAFE_25,Mimosas à Kénitra
172214,7649211,temara,wifak,121,SAFE_25,Wifak à Temara
172216,7649230,agadir,hay al farah,26,SAFE_25,Hay Al Farah à Agadir
172221,7649360,casablanca,casablanca finance city,208,SAFE_25,Casablanca Finance City à Casablanca
172222,7649361,casablanca,hay mohammadi,65,SAFE_25,Hay Mohammadi à Casablanca
172223,7649363,casablanca,oulfa,409,SAFE_25,Oulfa à Casablanca
172224,7649388,casablanca,al farah dar essalam,11,SAFE_10,Al Farah Dar Essalam à Casablanca
172225,7649396,casablanca,laymoune,100,SAFE_25,Laymoune à Casablanca
172226,7649397,casablanca,la gironde,122,SAFE_25,La Gironde à Casablanca
172228,7649437,marrakech,riad zitoun,96,SAFE_25,Riad Zitoun à Marrakech
172229,7649443,tanger,tanja balia,220,SAFE_25,Tanja Balia à Tanger
172230,7649456,mohammedia,la siesta,62,SAFE_25,La Siesta à Mohammedia
172232,7649532,temara,riad oulad mtaa,35,SAFE_25,Riad Oulad Mtaa à Temara
172233,7649545,casablanca,hay hassani,116,SAFE_25,Hay Hassani à Casablanca
172235,7649580,casablanca,ain sebaa,344,SAFE_25,Aïn Sebaâ à Casablanca
172236,7649589,settat,hay salam,6,SAFE_5,Hay salam à Settat
172237,7649602,temara,wifak,121,SAFE_25,Wifak à Temara
172238,7649619,fes,hay al wifaq,2,LOW,Hay Al Wifaq à Fès
172239,7649624,casablanca,maarif,326,SAFE_25,Maârif à Casablanca
172240,7649626,marrakech,rmila,97,SAFE_25,Rmila à Marrakech
172241,7649639,marrakech,gueliz,1250,SAFE_25,Guéliz à Marrakech
172242,7649643,rabat,hay nahda,43,SAFE_25,Hay Nahda à Rabat
172244,7649651,casablanca,triangle d or,142,SAFE_25,Triangle d'Or à Casablanca
172246,7649662,casablanca,ain sebaa,344,SAFE_25,Aïn Sebaâ à Casablanca
172247,7649672,kenitra,maghrib arabi,29,SAFE_25,Maghrib Arabi à Kénitra
172248,7649683,casablanca,mers sultan,170,SAFE_25,Mers Sultan à Casablanca
172249,7649692,casablanca,oulfa,409,SAFE_25,Oulfa à Casablanca
172251,7649712,casablanca,bourgogne ouest,380,SAFE_25,Bourgogne Ouest à Casablanca
172252,7649716,casablanca,gauthier,422,SAFE_25,Gauthier à Casablanca
172253,7649729,casablanca,racine,596,SAFE_25,Racine à Casablanca
172254,7649745,casablanca,californie,735,SAFE_25,Californie à Casablanca
172255,7649752,rabat,agdal,313,SAFE_25,Agdal à Rabat
172256,7649755,casablanca,maarif,326,SAFE_25,Maârif à Casablanca
172257,7649789,casablanca,anfa,374,SAFE_25,Anfa à Casablanca
172259,7649844,casablanca,californie,735,SAFE_25,Californie à Casablanca
172260,7649846,mohammedia,wafa,25,SAFE_25,Wafa à Mohammedia
172263,7649869,tetouan,msalla,5,SAFE_5,Msalla à Tétouan
172266,7649872,tetouan,msalla,5,SAFE_5,Msalla à Tétouan
172267,7649873,tetouan,msalla,5,SAFE_5,Msalla à Tétouan
172268,7649874,tetouan,msalla,5,SAFE_5,Msalla à Tétouan
172269,7649875,tetouan,msalla,5,SAFE_5,Msalla à Tétouan
172270,7649876,tetouan,msalla,5,SAFE_5,Msalla à Tétouan
172271,7649881,fes,route ain chkaf,51,SAFE_25,Route ain Chkaf à Fès
172277,7649950,casablanca,mers sultan,170,SAFE_25,Mers Sultan à Casablanca
172279,7649983,casablanca,maarif,326,SAFE_25,Maârif à Casablanca
172281,7650031,tanger,tanja balia,220,SAFE_25,Tanja Balia à Tanger
172282,7650043,casablanca,bourgogne ouest,380,SAFE_25,Bourgogne Ouest à Casablanca
172283,7650045,casablanca,mers sultan,170,SAFE_25,Mers Sultan à Casablanca
172285,7650137,mohammedia,la siesta,62,SAFE_25,La Siesta à Mohammedia
172290,7650226,temara,fath el kheir,8,SAFE_5,Fath el Kheir à Temara
172291,7650242,bouznika,quartier industriel,31,SAFE_25,Quartier Industriel à Bouznika
172292,7650257,kenitra,maamora,58,SAFE_25,Maamora à Kénitra
172297,7650430,kenitra,mimosas,57,SAFE_25,Mimosas à Kénitra
172300,7650478,el jadida,quartier aerodrome,20,SAFE_10,Quartier Aérodrome à El Jadida
172304,7650532,casablanca,bourgogne est,157,SAFE_25,Bourgogne Est à Casablanca
172306,7650605,rabat,riyad,566,SAFE_25,Riyad à Rabat
172307,7650621,casablanca,triangle d or,142,SAFE_25,Triangle d'Or à Casablanca
172308,7650645,kenitra,el hadadda,51,SAFE_25,El Hadadda à Kénitra
172309,7650699,marrakech,ennakhil palmeraie,469,SAFE_25,Ennakhil (Palmeraie) à Marrakech
172310,7650845,casablanca,nassim 1,64,SAFE_25,Nassim 1 à Casablanca
172311,7650854,rabat,riyad,566,SAFE_25,Riyad à Rabat
172312,7650859,marrakech,route de l ourika,877,SAFE_25,Route de l'Ourika à Marrakech
172313,7650873,agadir,hay mohammadi,183,SAFE_25,Hay Mohammadi à Agadir
172315,7650884,marrakech,gueliz,1250,SAFE_25,Guéliz à Marrakech
172317,7651069,casablanca,derb ghalef,98,SAFE_25,Derb Ghalef à Casablanca
172319,7651136,casablanca,anfa superieur,66,SAFE_25,Anfa Supérieur à Casablanca
172320,7651166,mohammedia,quartier du parc,79,SAFE_25,Quartier du Parc à Mohammedia
172322,7651196,marrakech,massira 1,51,SAFE_25,Massira 1 à Marrakech
172325,7651208,marrakech,samlalia,132,SAFE_25,Samlalia à Marrakech
172326,7651216,casablanca,beausite,41,SAFE_25,Beausite à Casablanca
172327,7651236,casablanca,racine,596,SAFE_25,Racine à Casablanca
172328,7651265,bouznika,plage oued cherrat,118,SAFE_25,Plage Oued Cherrat à Bouznika
172329,7651321,casablanca,triangle d or,142,SAFE_25,Triangle d'Or à Casablanca
172331,7651327,casablanca,ain sebaa,344,SAFE_25,Aïn Sebaâ à Casablanca
172332,7651396,casablanca,gauthier,422,SAFE_25,Gauthier à Casablanca
172333,7651422,fes,zouagha,21,SAFE_10,Zouagha à Fès
172338,7651737,casablanca,maarif extension,351,SAFE_25,Maârif Extension à Casablanca
172339,7651741,casablanca,maarif,326,SAFE_25,Maârif à Casablanca
172343,7651802,tanger,hay hassani,92,SAFE_25,Hay Hassani à Tanger
172344,7651828,casablanca,belvedere,301,SAFE_25,Belvédère à Casablanca
172346,7651855,sale,horria,3,LOW,Horria à Salé
172347,7651858,casablanca,bourgogne ouest,380,SAFE_25,Bourgogne Ouest à Casablanca
172348,7651859,casablanca,alsace lorraine,43,SAFE_25,Alsace Lorraine à Casablanca
172349,7651862,mohammedia,mannesmann,37,SAFE_25,Mannesmann à Mohammedia
172350,7651906,casablanca,maarif extension,351,SAFE_25,Maârif Extension à Casablanca
172353,7651920,meknes,hamria,152,SAFE_25,Hamria à Meknes
172355,7651932,tanger,marjane,165,SAFE_25,Marjane à Tanger
172356,7651949,casablanca,bourgogne est,157,SAFE_25,Bourgogne Est à Casablanca
172357,7651963,bouznika,al kawtar,71,SAFE_25,Al Kawtar à Bouznika
172358,7652011,agadir,talborjt,18,SAFE_10,Talborjt à Agadir
172359,7652037,fes,zouagha,21,SAFE_10,Zouagha à Fès
172360,7652055,casablanca,oulfa,409,SAFE_25,Oulfa à Casablanca
172361,7652196,casablanca,bourgogne ouest,380,SAFE_25,Bourgogne Ouest à Casablanca
172362,7652261,casablanca,hay mohammadi,65,SAFE_25,Hay Mohammadi à Casablanca
172364,7652352,casablanca,sidi maarouf,518,SAFE_25,Sidi Maarouf à Casablanca
172365,7652399,marrakech,route d agadir essaouira,143,SAFE_25,Route d'Agadir - Essaouira à Marrakech
172368,7652460,casablanca,belvedere,301,SAFE_25,Belvédère à Casablanca
172370,7652465,casablanca,bourgogne ouest,380,SAFE_25,Bourgogne Ouest à Casablanca
172372,7652496,mohammedia,route de rabat,18,SAFE_10,Route de rabat à Mohammedia
172373,7652497,mohammedia,hassania 3,5,SAFE_5,Hassania 3 à Mohammedia
172374,7652498,mohammedia,route de rabat,18,SAFE_10,Route de rabat à Mohammedia
172375,7652500,mohammedia,route de rabat,18,SAFE_10,Route de rabat à Mohammedia
172376,7652501,mohammedia,route de rabat,18,SAFE_10,Route de rabat à Mohammedia
172377,7652540,marrakech,route de l ourika,877,SAFE_25,Route de l'Ourika à Marrakech
172378,7652554,casablanca,bernoussi,99,SAFE_25,Bernoussi à Casablanca
172379,7652566,casablanca,hay zobir,38,SAFE_25,Hay Zobir à Casablanca
172381,7652580,marrakech,gueliz,1250,SAFE_25,Guéliz à Marrakech
172382,7652583,agadir,hay salam,64,SAFE_25,Hay Salam à Agadir
172384,7652608,sale,hay chmaou,56,SAFE_25,Hay Chmaou à Salé
172385,7652617,fes,route immouzer,38,SAFE_25,Route Immouzer à Fès
172386,7652661,casablanca,maarif extension,351,SAFE_25,Maârif Extension à Casablanca
172388,7652675,sale,hay chmaou,56,SAFE_25,Hay Chmaou à Salé
172390,7652702,casablanca,hay mohammadi,65,SAFE_25,Hay Mohammadi à Casablanca
172391,7652705,tanger,route nationale assilah n1,134,SAFE_25,Route Nationale Assilah (N1) à Tanger
172394,7652761,casablanca,belvedere,301,SAFE_25,Belvédère à Casablanca
172397,7652885,sale,bab al bahr,12,SAFE_10,Bab Al Bahr à Salé
172398,7652913,casablanca,sidi maarouf,518,SAFE_25,Sidi Maarouf à Casablanca
172400,7653009,sale,sidi hajji,27,SAFE_25,Sidi Hajji à Salé
172401,7653039,marrakech,majorelle,157,SAFE_25,Majorelle à Marrakech
172402,7653061,marrakech,agdal,514,SAFE_25,Agdal à Marrakech
172403,7653102,marrakech,hivernage,273,SAFE_25,Hivernage à Marrakech
172404,7653119,casablanca,sidi maarouf,518,SAFE_25,Sidi Maârouf à Casablanca
172405,7653129,casablanca,val fleury,190,SAFE_25,Val Fleury à Casablanca
172407,7653144,marrakech,ennakhil palmeraie,469,SAFE_25,Ennakhil (Palmeraie) à Marrakech
172411,7653177,casablanca,al qods,132,SAFE_25,Al Qods à Casablanca
172412,7653205,casablanca,nassim 2,43,SAFE_25,Nassim 2 à Casablanca
172413,7653217,casablanca,anfa,374,SAFE_25,Anfa à Casablanca
172414,7653223,casablanca,anassi,40,SAFE_25,Anassi à Casablanca
172416,7653238,tanger,ziaten,49,SAFE_25,Ziaten à Tanger
172417,7653259,marrakech,route d agadir essaouira,143,SAFE_25,Route d'Agadir - Essaouira à Marrakech
172419,7653266,casablanca,bourgogne ouest,380,SAFE_25,Bourgogne Ouest à Casablanca
172421,7653337,tanger,mesnana,96,SAFE_25,Mesnana à Tanger
172422,7653338,tanger,de la plage,188,SAFE_25,De La Plage à Tanger
172424,7653390,casablanca,californie,735,SAFE_25,Californie à Casablanca
172425,7653398,rabat,hassan centre ville,119,SAFE_25,Hassan - Centre Ville à Rabat
172426,7653418,essaouira,raounak,6,SAFE_5,Raounak à Essaouira
172429,7653544,tanger,de la plage,188,SAFE_25,De La Plage à Tanger
172433,7653562,tanger,de la plage,188,SAFE_25,De La Plage à Tanger
172435,7653584,kenitra,oulad wjih,62,SAFE_25,Oulad Wjih à Kénitra
172436,7653585,bouznika,plage oued cherrat,118,SAFE_25,Plage Oued Cherrat à Bouznika
172437,7653629,marrakech,route de fez,469,SAFE_25,Route de Fez à Marrakech
172438,7653640,tanger,ahlane,96,SAFE_25,Ahlane à Tanger
172439,7653646,casablanca,racine,596,SAFE_25,Racine à Casablanca
172440,7653652,meknes,al bassatine,56,SAFE_25,Al bassatine à Meknes
172443,7653687,kenitra,maghrib arabi,29,SAFE_25,Maghrib Arabi à Kénitra
172447,7653698,bouznika,hamza,21,SAFE_10,Hamza à Bouznika
172448,7653701,marrakech,ennakhil palmeraie,469,SAFE_25,Ennakhil (Palmeraie) à Marrakech
172449,7653707,marrakech,daoudiat,64,SAFE_25,Daoudiat à Marrakech
172451,7653823,casablanca,ain sebaa,344,SAFE_25,Aïn Sebaâ à Casablanca
172453,7653830,casablanca,hay lmkansa,18,SAFE_10,Hay Lmkansa à Casablanca
172454,7653848,casablanca,beausite,41,SAFE_25,Beausite à Casablanca
172456,7653896,casablanca,les hopitaux,385,SAFE_25,Les Hôpitaux à Casablanca
172457,7653935,casablanca,jamila 2,3,LOW,Jamila 2 à Casablanca
172458,7653956,tanger,de la plage,188,SAFE_25,De La Plage à Tanger
172459,7653962,casablanca,anfa,374,SAFE_25,Anfa à Casablanca
172460,7653965,casablanca,les hopitaux,385,SAFE_25,Les Hôpitaux à Casablanca
172463,7653998,casablanca,maarif,326,SAFE_25,Maârif à Casablanca
172465,7654025,temara,ain atig,11,SAFE_10,Ain Atig à Temara
172467,7654050,tanger,iberie,173,SAFE_25,Iberie à Tanger
172472,7654095,marrakech,izdihar,97,SAFE_25,Izdihar à Marrakech
172474,7654131,settat,hay salam,6,SAFE_5,Hay salam à Settat
172475,7654132,casablanca,racine,596,SAFE_25,Racine à Casablanca
172476,7654161,fes,quartier oued fes,34,SAFE_25,Quartier Oued Fes à Fès
172477,7654168,rabat,hay nahda,43,SAFE_25,Hay Nahda à Rabat
172480,7654219,casablanca,ain sebaa,344,SAFE_25,Aïn Sebaâ à Casablanca
172481,7654221,casablanca,ain sebaa,344,SAFE_25,Aïn Sebaâ à Casablanca
172482,7654222,casablanca,ain sebaa,344,SAFE_25,Aïn Sebaâ à Casablanca
172484,7654226,casablanca,ain sebaa,344,SAFE_25,Aïn Sebaâ à Casablanca
172485,7654227,casablanca,ain sebaa,344,SAFE_25,Aïn Sebaâ à Casablanca
172487,7654230,casablanca,ain sebaa,344,SAFE_25,Aïn Sebaâ à Casablanca
172488,7654231,casablanca,ain sebaa,344,SAFE_25,Aïn Sebaâ à Casablanca
172489,7654233,casablanca,ain sebaa,344,SAFE_25,Aïn Sebaâ à Casablanca
172490,7654236,casablanca,ain sebaa,344,SAFE_25,Aïn Sebaâ à Casablanca
172492,7654254,casablanca,bourgogne ouest,380,SAFE_25,Bourgogne Ouest à Casablanca
172493,7654260,tanger,mesnana,96,SAFE_25,Mesnana à Tanger
172494,7654269,tanger,du golf,123,SAFE_25,Du Golf à Tanger
172496,7654312,marrakech,gueliz,1250,SAFE_25,Guéliz à Marrakech
172497,7654367,tanger,sania,64,SAFE_25,Sania à Tanger
172500,7654429,sale,sala el jadida,84,SAFE_25,Sala el Jadida à Salé
172502,7654503,agadir,cite adrar,16,SAFE_10,Cité Adrar à Agadir
172503,7654518,casablanca,californie,735,SAFE_25,Californie à Casablanca
172504,7654535,bouznika,al kawtar,71,SAFE_25,Al Kawtar à Bouznika
172505,7654542,tanger,ahlane,96,SAFE_25,Ahlane à Tanger
172506,7654569,casablanca,sidi moumen,119,SAFE_25,Sidi Moumen à Casablanca
172508,7654611,tanger,malabata,421,SAFE_25,Malabata à Tanger
172509,7654656,kenitra,bir rami est,42,SAFE_25,Bir Rami Est à Kénitra
172510,7654673,casablanca,oulfa,409,SAFE_25,Oulfa à Casablanca
172512,7654730,marrakech,agdal,514,SAFE_25,Agdal à Marrakech
172513,7654734,marrakech,agdal,514,SAFE_25,Agdal à Marrakech
172514,7654764,casablanca,anassi,40,SAFE_25,Anassi à Casablanca
172515,7654848,tanger,msala,22,SAFE_10,Msala à Tanger
172517,7654861,casablanca,gauthier,422,SAFE_25,Gauthier à Casablanca
172518,7654981,tanger,route nationale assilah n1,134,SAFE_25,Route Nationale Assilah (N1) à Tanger
172519,7654986,tanger,ahlane,96,SAFE_25,Ahlane à Tanger
172520,7655003,fes,route ain chkaf,51,SAFE_25,Route ain Chkaf à Fès
172521,7655017,mohammedia,al aalia,51,SAFE_25,Al Aalia à Mohammedia
172523,7655110,casablanca,la gironde,122,SAFE_25,La Gironde à Casablanca
172524,7655115,casablanca,maarif extension,351,SAFE_25,Maârif Extension à Casablanca
172526,7655206,mohammedia,hay al horria,8,SAFE_5,Hay Al Horria à Mohammedia
172528,7655249,casablanca,maarif,326,SAFE_25,Maârif à Casablanca
172532,7655345,marrakech,gueliz,1250,SAFE_25,Guéliz à Marrakech
172534,7655390,tanger,route nationale assilah n1,134,SAFE_25,Route Nationale Assilah (N1) à Tanger
172535,7655392,marrakech,gueliz,1250,SAFE_25,Guéliz à Marrakech
172538,7655551,marrakech,izdihar,97,SAFE_25,Izdihar à Marrakech
172542,7655586,casablanca,californie,735,SAFE_25,Californie à Casablanca
172544,7655661,oujda,bd hassan ii,3,LOW,Bd Hassan II à Oujda
172546,7655872,marrakech,route casablanca,269,SAFE_25,Route Casablanca à Marrakech
172547,7655903,casablanca,hay inara,27,SAFE_25,Hay Inara à Casablanca
172549,7655956,marrakech,majorelle,157,SAFE_25,Majorelle à Marrakech
172550,7655973,settat,smaala,9,SAFE_5,Smaâla à Settat
172551,7655983,casablanca,anfa superieur,66,SAFE_25,Anfa Supérieur à Casablanca
172552,7656014,fes,hay riad,4,LOW,Hay Riad à Fès
172555,7656092,oujda,andalous,20,SAFE_10,Andalous à Oujda
172556,7656322,tanger,branes kdima,29,SAFE_25,Branes Kdima à Tanger
172557,7656541,marrakech,gueliz,1250,SAFE_25,Guéliz à Marrakech
172558,7656579,casablanca,oasis sud,25,SAFE_25,Oasis sud à Casablanca
172559,7656612,casablanca,racine,596,SAFE_25,Racine à Casablanca
172560,7656654,casablanca,hay mohammadi,65,SAFE_25,Hay Mohammadi à Casablanca
172561,7656687,casablanca,casablanca finance city,208,SAFE_25,Casablanca Finance City à Casablanca
172562,7656768,casablanca,itissal,6,SAFE_5,Itissal à Casablanca
172563,7656776,casablanca,bourgogne ouest,380,SAFE_25,Bourgogne Ouest à Casablanca
172564,7656804,fes,route se sefrou,16,SAFE_10,Route se Sefrou à Fès
172565,7656859,meknes,marjane,146,SAFE_25,Marjane à Meknes
172566,7656873,casablanca,les hopitaux,385,SAFE_25,Les Hôpitaux à Casablanca
172569,7656911,casablanca,maarif,326,SAFE_25,Maârif à Casablanca
172573,7656987,bouznika,quartier industriel,31,SAFE_25,Quartier Industriel à Bouznika
172574,7657036,casablanca,maarif extension,351,SAFE_25,Maârif Extension à Casablanca
172575,7657054,casablanca,bourgogne ouest,380,SAFE_25,Bourgogne Ouest à Casablanca
172576,7657055,casablanca,maarif,326,SAFE_25,Maârif à Casablanca
172578,7657059,casablanca,maarif,326,SAFE_25,Maârif à Casablanca
172579,7657105,marrakech,agdal,514,SAFE_25,Agdal à Marrakech
172582,7657163,kenitra,maghrib arabi,29,SAFE_25,Maghrib Arabi à Kénitra
172586,7657276,marrakech,route casablanca,269,SAFE_25,Route Casablanca à Marrakech
172588,7657318,casablanca,racine,596,SAFE_25,Racine à Casablanca
172595,7657336,casablanca,les hopitaux,385,SAFE_25,Les Hôpitaux à Casablanca
172597,7657366,casablanca,oasis sud,25,SAFE_25,Oasis sud à Casablanca
172602,7657458,casablanca,sidi maarouf,518,SAFE_25,Sidi Maarouf à Casablanca
172607,7657565,marrakech,gueliz,1250,SAFE_25,Guéliz à Marrakech
172608,7657585,marrakech,gueliz,1250,SAFE_25,Guéliz à Marrakech
172609,7657591,marrakech,agdal,514,SAFE_25,Agdal à Marrakech
172610,7657607,casablanca,hay hassani,116,SAFE_25,Hay Hassani à Casablanca
172611,7657629,tanger,du golf,123,SAFE_25,Du Golf à Tanger
172612,7657658,casablanca,sidi belyout,39,SAFE_25,Sidi Belyout à Casablanca
172614,7657675,kenitra,oulad wjih,62,SAFE_25,Oulad Wjih à Kénitra
172617,7657693,marrakech,route de ouarzazate,289,SAFE_25,Route de Ouarzazate à Marrakech
172621,7657731,kenitra,mimosas,57,SAFE_25,Mimosas à Kénitra
172624,7657859,marrakech,route de safi,237,SAFE_25,Route de Safi à Marrakech
172626,7657905,casablanca,ain borja,88,SAFE_25,Ain Borja à Casablanca
172632,7658246,meknes,marjane,146,SAFE_25,Marjane à Meknes
172638,7658452,casablanca,sidi moumen,119,SAFE_25,Sidi Moumen à Casablanca
172639,7658453,casablanca,maarif extension,351,SAFE_25,Maârif Extension à Casablanca
172641,7658482,tanger,hay hassani,92,SAFE_25,Hay Hassani à Tanger
172642,7658488,marrakech,douar dlam,2,LOW,Douar Dlam à Marrakech
172643,7658493,tanger,mghogha,80,SAFE_25,Mghogha à Tanger
172644,7658514,casablanca,hay mohammadi,65,SAFE_25,Hay Mohammadi à Casablanca
172650,7658580,casablanca,casablanca finance city,208,SAFE_25,Casablanca Finance City à Casablanca
172651,7658583,marrakech,hivernage,273,SAFE_25,Hivernage à Marrakech
172652,7658609,casablanca,la gironde,122,SAFE_25,La Gironde à Casablanca
172653,7658622,tanger,castilla,76,SAFE_25,Castilla à Tanger
172655,7658649,casablanca,hay hassani,116,SAFE_25,Hay Hassani à Casablanca
172659,7658810,sale,tabriquet,37,SAFE_25,Tabriquet à Salé
172660,7658816,casablanca,maarif extension,351,SAFE_25,Maârif Extension à Casablanca
172664,7658883,tanger,administratif,164,SAFE_25,Administratif à Tanger
172665,7658900,casablanca,ferme bretonne hay arraha,189,SAFE_25,Ferme Bretonne (Hay Arraha) à Casablanca
172666,7658927,casablanca,hay hassani,116,SAFE_25,Hay Hassani à Casablanca
172667,7658933,tetouan,wilaya,41,SAFE_25,Wilaya à Tétouan
172668,7658959,bouznika,plage oued cherrat,118,SAFE_25,Plage Oued Cherrat à Bouznika
172672,7659001,casablanca,bourgogne ouest,380,SAFE_25,Bourgogne Ouest à Casablanca
172676,7659091,casablanca,oulfa,409,SAFE_25,Oulfa à Casablanca
172677,7659113,tetouan,martil,5,SAFE_5,Martil à Tétouan
172679,7659187,fes,route ain chkaf,51,SAFE_25,Route ain Chkaf à Fès
172681,7659221,marrakech,gueliz,1250,SAFE_25,Guéliz à Marrakech
172683,7659224,fes,hay ait skato,3,LOW,Hay Ait Skato à Fès
172684,7659229,temara,wifak,121,SAFE_25,Wifak à Temara
172685,7659262,casablanca,nassim 1,64,SAFE_25,Nassim 1 à Casablanca
172687,7659306,kenitra,oulad wjih,62,SAFE_25,Oulad Wjih à Kénitra
172690,7659319,casablanca,racine,596,SAFE_25,Racine à Casablanca
172691,7659325,casablanca,oasis,332,SAFE_25,Oasis à Casablanca
172693,7659341,tanger,mghogha,80,SAFE_25,Mghogha à Tanger
172695,7659479,casablanca,ain borja,88,SAFE_25,Ain Borja à Casablanca
172697,7659603,tanger,ahlane,96,SAFE_25,Ahlane à Tanger
172699,7659646,casablanca,casablanca finance city,208,SAFE_25,Casablanca Finance City à Casablanca
172701,7659732,rabat,hay al massira,9,SAFE_5,Hay Al Massira à Rabat
172702,7659733,rabat,hay al massira,9,SAFE_5,Hay Al Massira à Rabat
172703,7659734,rabat,hay al massira,9,SAFE_5,Hay Al Massira à Rabat
172704,7659735,rabat,hay al massira,9,SAFE_5,Hay Al Massira à Rabat
172705,7659736,rabat,hay al massira,9,SAFE_5,Hay Al Massira à Rabat
172706,7659737,rabat,hay ach chbanat,25,SAFE_25,Hay Ach-chbanat à Rabat
172707,7659738,rabat,hay al massira,9,SAFE_5,Hay Al Massira à Rabat
172708,7659739,rabat,hay al massira,9,SAFE_5,Hay Al Massira à Rabat
172709,7659740,rabat,hay al massira,9,SAFE_5,Hay Al Massira à Rabat
172710,7659742,rabat,hay al massira,9,SAFE_5,Hay Al Massira à Rabat
172711,7659743,rabat,hay al massira,9,SAFE_5,Hay Al Massira à Rabat
172712,7659744,rabat,hay al massira,9,SAFE_5,Hay Al Massira à Rabat
172713,7659745,rabat,hay al massira,9,SAFE_5,Hay Al Massira à Rabat
172714,7659746,rabat,hay al massira,9,SAFE_5,Hay Al Massira à Rabat
172715,7659747,rabat,hay al massira,9,SAFE_5,Hay Al Massira à Rabat
172716,7659748,rabat,hay al massira,9,SAFE_5,Hay Al Massira à Rabat
172717,7659749,rabat,hay al massira,9,SAFE_5,Hay Al Massira à Rabat
172718,7659751,rabat,hay al massira,9,SAFE_5,Hay Al Massira à Rabat
172719,7659759,casablanca,maarif,326,SAFE_25,Maârif à Casablanca
172721,7659782,sale,el qaria,11,SAFE_10,El Qaria à Salé
172722,7659789,rabat,hassan centre ville,119,SAFE_25,Hassan - Centre Ville à Rabat
172725,7659832,tanger,administratif,164,SAFE_25,Administratif à Tanger
172726,7659905,marrakech,hivernage,273,SAFE_25,Hivernage à Marrakech
172728,7659915,casablanca,benjdia,50,SAFE_25,Benjdia à Casablanca
172729,7659950,casablanca,hay hassani,116,SAFE_25,Hay Hassani à Casablanca
172730,7659965,casablanca,beausite,41,SAFE_25,Beausite à Casablanca
172731,7660006,safi,lamiaa,6,SAFE_5,Lamiaa à Safi
172732,7660014,marrakech,ain mezouar,54,SAFE_25,Ain Mezouar à Marrakech
172733,7660025,marrakech,route de ouarzazate,289,SAFE_25,Route de Ouarzazate à Marrakech
172734,7660027,casablanca,anfa,374,SAFE_25,Anfa à Casablanca
172735,7660072,rabat,riyad,566,SAFE_25,Riyad à Rabat
172736,7660105,tanger,tanja balia,220,SAFE_25,Tanja Balia à Tanger
172738,7660125,casablanca,les hopitaux,385,SAFE_25,Les Hôpitaux à Casablanca
172739,7660134,casablanca,anfa,374,SAFE_25,Anfa à Casablanca
172740,7660164,casablanca,hay zobir,38,SAFE_25,Hay Zobir à Casablanca
172742,7660242,marrakech,ennakhil palmeraie,469,SAFE_25,Ennakhil (Palmeraie) à Marrakech
172744,7660358,agadir,hay mohammadi,183,SAFE_25,Hay Mohammadi à Agadir
172745,7660444,mohammedia,wafa,25,SAFE_25,Wafa à Mohammedia
172747,7660536,oujda,el qods,10,SAFE_10,El Qods à Oujda
172748,7660652,casablanca,maarif extension,351,SAFE_25,Maârif Extension à Casablanca
172750,7660752,marrakech,route casablanca,269,SAFE_25,Route Casablanca à Marrakech
172752,7660770,mohammedia,diour lakrai,2,LOW,Diour Lakrai à Mohammedia
172756,7660813,casablanca,anfa,374,SAFE_25,Anfa à Casablanca
172757,7660823,casablanca,sidi moumen,119,SAFE_25,Sidi Moumen à Casablanca
172759,7660832,casablanca,oulfa,409,SAFE_25,Oulfa à Casablanca
172760,7660833,casablanca,habbous,21,SAFE_10,Habbous à Casablanca
172762,7660849,marrakech,agdal,514,SAFE_25,Agdal à Marrakech
172763,7660870,kenitra,mimosas,57,SAFE_25,Mimosas à Kénitra
172765,7660901,casablanca,racine,596,SAFE_25,Racine à Casablanca
172767,7660940,casablanca,bourgogne ouest,380,SAFE_25,Bourgogne Ouest à Casablanca
172768,7660979,casablanca,la gironde,122,SAFE_25,La Gironde à Casablanca
172771,7661123,rabat,agdal,313,SAFE_25,Agdal à Rabat
172773,7661137,marrakech,hay targa,491,SAFE_25,Hay Targa à Marrakech
172774,7661142,rabat,souissi,566,SAFE_25,Souissi à Rabat
172775,7661162,marrakech,route de safi,237,SAFE_25,Route de Safi à Marrakech
172777,7661225,fes,hay al wifaq,2,LOW,Hay Al Wifaq à Fès
172779,7661375,kenitra,maghrib arabi,29,SAFE_25,Maghrib Arabi à Kénitra
172780,7661460,kenitra,mimosas,57,SAFE_25,Mimosas à Kénitra
172781,7661471,casablanca,salmia 2,26,SAFE_25,Salmia 2 à Casablanca
172782,7661490,casablanca,maarif,326,SAFE_25,Maârif à Casablanca
172783,7661495,sale,sakani,12,SAFE_10,Sakani à Salé
172784,7661517,fes,hay bensouda,12,SAFE_10,Hay Bensouda à Fès
172785,7661526,casablanca,mers sultan,170,SAFE_25,Mers Sultan à Casablanca
172786,7661572,casablanca,hay moulay abdellah,30,SAFE_25,Hay Moulay Abdellah à Casablanca
172787,7661593,fes,route ain chkaf,51,SAFE_25,Route ain Chkaf à Fès
172788,7661607,sale,abouab sala,17,SAFE_10,Abouab Sala à Salé
172792,7661693,sale,sakani,12,SAFE_10,Sakani à Salé
172795,7661743,mohammedia,al aalia,51,SAFE_25,Al Aalia à Mohammedia
172796,7661748,casablanca,bourgogne ouest,380,SAFE_25,Bourgogne Ouest à Casablanca
172797,7661752,marrakech,route casablanca,269,SAFE_25,Route Casablanca à Marrakech
172798,7661759,casablanca,oulfa,409,SAFE_25,Oulfa à Casablanca
172799,7661780,casablanca,mandarona,87,SAFE_25,Mandarona à Casablanca
172800,7661781,marrakech,gueliz,1250,SAFE_25,Guéliz à Marrakech
172801,7661782,marrakech,gueliz,1250,SAFE_25,Guéliz à Marrakech
172802,7661783,marrakech,gueliz,1250,SAFE_25,Guéliz à Marrakech
172803,7661784,marrakech,gueliz,1250,SAFE_25,Guéliz à Marrakech
172804,7661785,marrakech,gueliz,1250,SAFE_25,Guéliz à Marrakech
172805,7661786,marrakech,gueliz,1250,SAFE_25,Guéliz à Marrakech
172806,7661788,marrakech,gueliz,1250,SAFE_25,Guéliz à Marrakech
172807,7661789,marrakech,gueliz,1250,SAFE_25,Guéliz à Marrakech
172808,7661933,casablanca,casablanca finance city,208,SAFE_25,Casablanca Finance City à Casablanca
172810,7661972,tanger,achennad,5,SAFE_5,Achennad à Tanger
172811,7662024,casablanca,les princesses,332,SAFE_25,Les princesses à Casablanca
172812,7662079,sale,hay karima,6,SAFE_5,Hay Karima à Salé
172813,7662105,marrakech,hivernage,273,SAFE_25,Hivernage à Marrakech
172814,7662106,marrakech,gueliz,1250,SAFE_25,Guéliz à Marrakech
172815,7662107,marrakech,gueliz,1250,SAFE_25,Guéliz à Marrakech
172816,7662108,marrakech,gueliz,1250,SAFE_25,Guéliz à Marrakech
172819,7662160,marrakech,gueliz,1250,SAFE_25,Guéliz à Marrakech
172820,7662183,tanger,castilla,76,SAFE_25,Castilla à Tanger
172822,7662199,casablanca,casablanca marina,100,SAFE_25,Casablanca Marina à Casablanca
172825,7662219,tetouan,route de ceuta,19,SAFE_10,Route de Ceuta à Tétouan
172826,7662223,casablanca,maarif extension,351,SAFE_25,Maârif Extension à Casablanca
172827,7662241,temara,ain atig,11,SAFE_10,Ain Atig à Temara
172828,7662250,casablanca,alsace lorraine,43,SAFE_25,Alsace Lorraine à Casablanca
172830,7662369,casablanca,oasis,332,SAFE_25,Oasis à Casablanca
172831,7662407,casablanca,roches noires,198,SAFE_25,Roches Noires à Casablanca
172832,7662419,tanger,ahlane,96,SAFE_25,Ahlane à Tanger
172833,7662428,casablanca,anfa,374,SAFE_25,Anfa à Casablanca
172835,7662464,agadir,hay mohammadi,183,SAFE_25,Hay Mohammadi à Agadir
172836,7662465,agadir,hay mohammadi,183,SAFE_25,Hay Mohammadi à Agadir
172837,7662466,agadir,hay mohammadi,183,SAFE_25,Hay Mohammadi à Agadir
172838,7662467,agadir,hay mohammadi,183,SAFE_25,Hay Mohammadi à Agadir
172839,7662469,agadir,hay mohammadi,183,SAFE_25,Hay Mohammadi à Agadir
172840,7662470,agadir,hay mohammadi,183,SAFE_25,Hay Mohammadi à Agadir
172841,7662471,agadir,hay mohammadi,183,SAFE_25,Hay Mohammadi à Agadir
172842,7662472,agadir,hay mohammadi,183,SAFE_25,Hay Mohammadi à Agadir
172844,7662578,casablanca,les princesses,332,SAFE_25,Les princesses à Casablanca
172845,7662642,meknes,marjane,146,SAFE_25,Marjane à Meknes
172854,7662700,casablanca,beausejour,150,SAFE_25,Beauséjour à Casablanca
172855,7662706,marrakech,riad al atlas,31,SAFE_25,Riad Al Atlas à Marrakech
172856,7662707,marrakech,riad al atlas,31,SAFE_25,Riad Al Atlas à Marrakech
172857,7662709,marrakech,riad al atlas,31,SAFE_25,Riad Al Atlas à Marrakech
172858,7662711,marrakech,riad al atlas,31,SAFE_25,Riad Al Atlas à Marrakech
172859,7662713,marrakech,riad al atlas,31,SAFE_25,Riad Al Atlas à Marrakech
172860,7662714,marrakech,riad al atlas,31,SAFE_25,Riad Al Atlas à Marrakech
172861,7662733,tanger,route nationale assilah n1,134,SAFE_25,Route Nationale Assilah (N1) à Tanger
172862,7662734,tanger,route nationale assilah n1,134,SAFE_25,Route Nationale Assilah (N1) à Tanger
172863,7662735,tanger,route nationale assilah n1,134,SAFE_25,Route Nationale Assilah (N1) à Tanger
172864,7662736,tanger,route nationale assilah n1,134,SAFE_25,Route Nationale Assilah (N1) à Tanger
172865,7662738,tanger,route nationale assilah n1,134,SAFE_25,Route Nationale Assilah (N1) à Tanger
172866,7662739,tanger,route nationale assilah n1,134,SAFE_25,Route Nationale Assilah (N1) à Tanger
172867,7662740,tanger,route nationale assilah n1,134,SAFE_25,Route Nationale Assilah (N1) à Tanger
172868,7662741,tanger,route nationale assilah n1,134,SAFE_25,Route Nationale Assilah (N1) à Tanger
172870,7662788,casablanca,casablanca marina,100,SAFE_25,Casablanca Marina à Casablanca
172872,7662826,rabat,hassan centre ville,119,SAFE_25,Hassan - Centre Ville à Rabat
172875,7662900,casablanca,nassim 1,64,SAFE_25,Nassim 1 à Casablanca
172876,7662903,temara,wifak,121,SAFE_25,Wifak à Temara
172877,7662921,casablanca,casablanca finance city,208,SAFE_25,Casablanca Finance City à Casablanca
172878,7662937,casablanca,belvedere,301,SAFE_25,Belvédère à Casablanca
172881,7663063,tanger,tanger city center,86,SAFE_25,Tanger City Center à Tanger
172882,7663072,marrakech,hivernage,273,SAFE_25,Hivernage à Marrakech
172883,7663101,casablanca,maarif,326,SAFE_25,Maârif à Casablanca
172887,7663186,casablanca,casablanca finance city,208,SAFE_25,Casablanca Finance City à Casablanca
172889,7663279,marrakech,route de safi,237,SAFE_25,Route de Safi à Marrakech
172891,7663335,temara,abbadi,25,SAFE_25,Abbadi à Temara
172892,7663359,tanger,souani,12,SAFE_10,Souani à Tanger
172893,7663377,casablanca,ain borja,88,SAFE_25,Ain Borja à Casablanca
172895,7663407,tanger,el majd,13,SAFE_10,El Majd à Tanger
172896,7663425,rabat,hay achchabab,10,SAFE_10,Hay Achchabab à Rabat
172897,7663454,rabat,hay al fath,34,SAFE_25,Hay Al Fath à Rabat
172899,7663457,dakhla,essalam,3,LOW,Essalam à Dakhla
172900,7663463,fes,route ain chkaf,51,SAFE_25,Route ain Chkaf à Fès
172906,7663511,tetouan,wilaya,41,SAFE_25,Wilaya à Tétouan
172907,7663525,bouznika,plage oued cherrat,118,SAFE_25,Plage Oued Cherrat à Bouznika
172908,7663528,marrakech,daoudiat,64,SAFE_25,Daoudiat à Marrakech
172909,7663544,tanger,de la plage,188,SAFE_25,De La Plage à Tanger
172910,7663550,casablanca,fonciere,22,SAFE_10,Foncière à Casablanca
172912,7663597,tanger,mesnana,96,SAFE_25,Mesnana à Tanger
172914,7663622,casablanca,ain chock,119,SAFE_25,Ain Chock à Casablanca
172915,7663667,skhirat,plage rose maree,34,SAFE_25,Plage rose marée à Skhirat
172917,7663685,casablanca,oulfa,409,SAFE_25,Oulfa à Casablanca
172918,7663706,el jadida,ennajd,27,SAFE_25,Ennajd à El Jadida
172920,7663718,rabat,agdal,313,SAFE_25,Agdal à Rabat
172922,7663833,skhirat,belkhir,3,LOW,Belkhir à Skhirat
172931,7663893,casablanca,bourgogne ouest,380,SAFE_25,Bourgogne Ouest à Casablanca
172942,7663954,marrakech,route casablanca,269,SAFE_25,Route Casablanca à Marrakech
172943,7663961,mohammedia,mannesmann,37,SAFE_25,Mannesmann à Mohammedia
172944,7664047,skhirat,imarat,15,SAFE_10,Imarat à Skhirat
172969,7664106,marrakech,ben saleh,65,SAFE_25,Ben Saleh à Marrakech
172970,7664124,casablanca,la gironde,122,SAFE_25,La Gironde à Casablanca
172979,7664144,fes,champ de course,17,SAFE_10,Champ de course à Fès
172980,7664169,meknes,hamria,152,SAFE_25,Hamria à Meknes
173013,7664282,casablanca,sidi maarouf,518,SAFE_25,Sidi Maarouf à Casablanca
173015,7664291,rabat,riyad,566,SAFE_25,Riyad à Rabat
173016,7664311,marrakech,route de fez,469,SAFE_25,Route de Fez à Marrakech
173018,7664337,marrakech,camp al ghoul,112,SAFE_25,Camp Al Ghoul à Marrakech
173019,7664355,fes,zouagha,21,SAFE_10,Zouagha à Fès
173020,7664373,casablanca,ahl loghlam hay assalam,21,SAFE_10,Ahl Loghlam (Hay Assalam) à Casablanca
173021,7664376,casablanca,triangle d or,142,SAFE_25,Triangle d'Or à Casablanca
173045,7664566,marrakech,ennakhil palmeraie,469,SAFE_25,Ennakhil (Palmeraie) à Marrakech
173047,7664589,tanger,bella vista,28,SAFE_25,Bella Vista à Tanger
173048,7664590,tanger,bella vista,28,SAFE_25,Bella Vista à Tanger
173049,7664591,tanger,bella vista,28,SAFE_25,Bella Vista à Tanger
173050,7664592,tanger,bella vista,28,SAFE_25,Bella Vista à Tanger
173051,7664593,tanger,bella vista,28,SAFE_25,Bella Vista à Tanger
173052,7664594,tanger,bella vista,28,SAFE_25,Bella Vista à Tanger
173053,7664595,tanger,bella vista,28,SAFE_25,Bella Vista à Tanger
173054,7664596,tanger,bella vista,28,SAFE_25,Bella Vista à Tanger
173055,7664630,marrakech,les portes de marrakech,94,SAFE_25,Les Portes de Marrakech à Marrakech
173056,7664631,marrakech,les portes de marrakech,94,SAFE_25,Les Portes de Marrakech à Marrakech
173057,7664632,marrakech,les portes de marrakech,94,SAFE_25,Les Portes de Marrakech à Marrakech
173058,7664633,marrakech,les portes de marrakech,94,SAFE_25,Les Portes de Marrakech à Marrakech
173059,7664634,marrakech,les portes de marrakech,94,SAFE_25,Les Portes de Marrakech à Marrakech
173060,7664635,marrakech,les portes de marrakech,94,SAFE_25,Les Portes de Marrakech à Marrakech
173061,7664636,marrakech,les portes de marrakech,94,SAFE_25,Les Portes de Marrakech à Marrakech
173062,7664644,tanger,bir el ghazi,12,SAFE_10,Bir El Ghazi à Tanger
173063,7664645,tanger,bir el ghazi,12,SAFE_10,Bir El Ghazi à Tanger
173064,7664646,tanger,bir el ghazi,12,SAFE_10,Bir El Ghazi à Tanger
173065,7664647,tanger,bir el ghazi,12,SAFE_10,Bir El Ghazi à Tanger
173066,7664648,tanger,bir el ghazi,12,SAFE_10,Bir El Ghazi à Tanger
173067,7664649,tanger,bir el ghazi,12,SAFE_10,Bir El Ghazi à Tanger
173068,7664650,tanger,bir el ghazi,12,SAFE_10,Bir El Ghazi à Tanger
173069,7664651,tanger,bir el ghazi,12,SAFE_10,Bir El Ghazi à Tanger
173078,7664680,tanger,port tanger ville,43,SAFE_25,Port Tanger ville à Tanger
173080,7664687,marrakech,mhamid,253,SAFE_25,Mhamid à Marrakech
173081,7664688,marrakech,mhamid,253,SAFE_25,Mhamid à Marrakech
173082,7664689,marrakech,mhamid,253,SAFE_25,Mhamid à Marrakech
173083,7664690,marrakech,mhamid,253,SAFE_25,Mhamid à Marrakech
173084,7664691,marrakech,mhamid,253,SAFE_25,Mhamid à Marrakech
173085,7664692,marrakech,mhamid,253,SAFE_25,Mhamid à Marrakech
173086,7664693,marrakech,mhamid,253,SAFE_25,Mhamid à Marrakech
173087,7664695,tanger,boukhalef,98,SAFE_25,Boukhalef à Tanger
173088,7664696,tanger,boukhalef,98,SAFE_25,Boukhalef à Tanger
173089,7664697,tanger,boukhalef,98,SAFE_25,Boukhalef à Tanger
173090,7664698,tanger,boukhalef,98,SAFE_25,Boukhalef à Tanger
173091,7664699,tanger,boukhalef,98,SAFE_25,Boukhalef à Tanger
173092,7664700,tanger,boukhalef,98,SAFE_25,Boukhalef à Tanger
173093,7664701,tanger,boukhalef,98,SAFE_25,Boukhalef à Tanger
173094,7664702,tanger,boukhalef,98,SAFE_25,Boukhalef à Tanger
173095,7664703,casablanca,les princesses,332,SAFE_25,Les princesses à Casablanca
173096,7664706,marrakech,sidi ghanem,14,SAFE_10,Sidi Ghanem à Marrakech
173097,7664707,marrakech,sidi ghanem,14,SAFE_10,Sidi Ghanem à Marrakech
173098,7664708,marrakech,sidi ghanem,14,SAFE_10,Sidi Ghanem à Marrakech
173099,7664709,marrakech,sidi ghanem,14,SAFE_10,Sidi Ghanem à Marrakech
173100,7664710,marrakech,sidi ghanem,14,SAFE_10,Sidi Ghanem à Marrakech
173101,7664711,marrakech,sidi ghanem,14,SAFE_10,Sidi Ghanem à Marrakech
173102,7664712,marrakech,sidi ghanem,14,SAFE_10,Sidi Ghanem à Marrakech
173112,7664753,skhirat,al fath,13,SAFE_10,Al fath à Skhirat
173113,7664773,marrakech,mhamid,253,SAFE_25,Mhamid à Marrakech
173114,7664774,marrakech,mhamid,253,SAFE_25,Mhamid à Marrakech
173115,7664775,marrakech,mhamid,253,SAFE_25,Mhamid à Marrakech
173116,7664776,marrakech,mhamid,253,SAFE_25,Mhamid à Marrakech
173117,7664777,marrakech,mhamid,253,SAFE_25,Mhamid à Marrakech
173118,7664778,marrakech,mhamid,253,SAFE_25,Mhamid à Marrakech
173119,7664779,marrakech,mhamid,253,SAFE_25,Mhamid à Marrakech
173121,7664789,tanger,boukhalef,98,SAFE_25,Boukhalef à Tanger
173123,7664839,casablanca,ain sebaa,344,SAFE_25,Aïn Sebaâ à Casablanca
173132,7664860,kenitra,oulad wjih,62,SAFE_25,Oulad Wjih à Kénitra
173133,7664861,kenitra,oulad wjih,62,SAFE_25,Oulad Wjih à Kénitra
173134,7664862,kenitra,oulad wjih,62,SAFE_25,Oulad Wjih à Kénitra
173135,7664863,kenitra,oulad wjih,62,SAFE_25,Oulad Wjih à Kénitra
173136,7664864,kenitra,oulad wjih,62,SAFE_25,Oulad Wjih à Kénitra
173137,7664865,kenitra,oulad wjih,62,SAFE_25,Oulad Wjih à Kénitra
173138,7664866,kenitra,oulad wjih,62,SAFE_25,Oulad Wjih à Kénitra
173147,7664888,meknes,marjane,146,SAFE_25,Marjane à Meknes
173148,7664889,meknes,marjane,146,SAFE_25,Marjane à Meknes
173149,7664890,meknes,marjane,146,SAFE_25,Marjane à Meknes
173150,7664891,meknes,marjane,146,SAFE_25,Marjane à Meknes
173151,7664892,meknes,marjane,146,SAFE_25,Marjane à Meknes
173152,7664893,meknes,marjane,146,SAFE_25,Marjane à Meknes
173153,7664894,meknes,marjane,146,SAFE_25,Marjane à Meknes
173154,7664895,meknes,marjane,146,SAFE_25,Marjane à Meknes
173157,7664900,kenitra,oulad wjih,62,SAFE_25,Oulad Wjih à Kénitra
173158,7664901,kenitra,oulad wjih,62,SAFE_25,Oulad Wjih à Kénitra
173159,7664902,kenitra,oulad wjih,62,SAFE_25,Oulad Wjih à Kénitra
173160,7664903,kenitra,oulad wjih,62,SAFE_25,Oulad Wjih à Kénitra
173161,7664904,kenitra,oulad wjih,62,SAFE_25,Oulad Wjih à Kénitra
173162,7664905,kenitra,oulad wjih,62,SAFE_25,Oulad Wjih à Kénitra
173164,7664907,kenitra,oulad wjih,62,SAFE_25,Oulad Wjih à Kénitra
173174,7664977,casablanca,bourgogne est,157,SAFE_25,Bourgogne Est à Casablanca
173191,7665048,casablanca,sidi moumen,119,SAFE_25,Sidi Moumen à Casablanca
173192,7665052,tanger,zemmouri,11,SAFE_10,Zemmouri à Tanger
173193,7665055,oujda,hay ennasr,11,SAFE_10,Hay Ennasr à Oujda
173194,7665056,oujda,hay ennasr,11,SAFE_10,Hay Ennasr à Oujda
173195,7665057,oujda,hay ennasr,11,SAFE_10,Hay Ennasr à Oujda
173196,7665058,oujda,hay ennasr,11,SAFE_10,Hay Ennasr à Oujda
173197,7665059,oujda,hay ennasr,11,SAFE_10,Hay Ennasr à Oujda
173198,7665060,oujda,hay ennasr,11,SAFE_10,Hay Ennasr à Oujda
173199,7665061,oujda,hay ennasr,11,SAFE_10,Hay Ennasr à Oujda
173200,7665075,casablanca,hay sadri,7,SAFE_5,Hay Sadri à Casablanca
173202,7665119,casablanca,anfa,374,SAFE_25,Anfa à Casablanca
173203,7665128,agadir,hay houda,65,SAFE_25,Hay Houda à Agadir
173204,7665131,marrakech,route d agadir essaouira,143,SAFE_25,Route d'Agadir - Essaouira à Marrakech
173205,7665139,casablanca,oulfa,409,SAFE_25,Oulfa à Casablanca
173207,7665158,tanger,branes kdima,29,SAFE_25,Branes Kdima à Tanger
173211,7665195,tanger,tanja balia,220,SAFE_25,Tanja Balia à Tanger
173216,7665322,casablanca,oulfa,409,SAFE_25,Oulfa à Casablanca
173218,7665355,casablanca,belvedere,301,SAFE_25,Belvédère à Casablanca
173219,7665395,kenitra,assam,17,SAFE_10,Assam à Kénitra
173220,7665396,casablanca,maarif,326,SAFE_25,Maârif à Casablanca
173222,7665417,tanger,sania,64,SAFE_25,Sania à Tanger
173225,7665490,fes,route ain chkaf,51,SAFE_25,Route ain Chkaf à Fès
173226,7665550,casablanca,maarif,326,SAFE_25,Maârif à Casablanca
173227,7665552,casablanca,maarif,326,SAFE_25,Maârif à Casablanca
173228,7665569,casablanca,racine extension,51,SAFE_25,Racine Extension à Casablanca
173230,7665621,marrakech,hivernage,273,SAFE_25,Hivernage à Marrakech
173232,7665662,fes,zouagha,21,SAFE_10,Zouagha à Fès
173233,7665668,fes,zouagha,21,SAFE_10,Zouagha à Fès
173235,7665722,casablanca,al qods,132,SAFE_25,Al Qods à Casablanca
173236,7665726,fes,narjis,23,SAFE_10,Narjis à Fès
173237,7665730,marrakech,gueliz,1250,SAFE_25,Guéliz à Marrakech
173238,7665737,tanger,marjane,165,SAFE_25,Marjane à Tanger
173239,7665746,tanger,moujahidine,132,SAFE_25,Moujahidine à Tanger
173241,7665755,casablanca,al hadika,25,SAFE_25,Al Hadika à Casablanca
173243,7665783,tanger,hay hassani,92,SAFE_25,Hay Hassani à Tanger
173245,7665864,rabat,riyad,566,SAFE_25,Riyad à Rabat
173246,7665896,marrakech,samlalia,132,SAFE_25,Samlalia à Marrakech
173250,7665930,casablanca,maarif,326,SAFE_25,Maârif à Casablanca
173251,7666115,tanger,de la plage,188,SAFE_25,De La Plage à Tanger
173252,7666125,marrakech,ennakhil palmeraie,469,SAFE_25,Ennakhil (Palmeraie) à Marrakech
173263,7666233,tanger,achakar,164,SAFE_25,Achakar à Tanger
173265,7666280,fes,route ain chkaf,51,SAFE_25,Route ain Chkaf à Fès
173266,7666288,casablanca,casablanca marina,100,SAFE_25,Casablanca Marina à Casablanca
173267,7666291,tetouan,wilaya,41,SAFE_25,Wilaya à Tétouan
173268,7666296,ifrane,la prairie,2,LOW,La prairie à Ifrane
173269,7666345,agadir,talborjt,18,SAFE_10,Talborjt à Agadir
173272,7666402,casablanca,habbous,21,SAFE_10,Habbous à Casablanca
173274,7666429,casablanca,les hopitaux,385,SAFE_25,Les Hôpitaux à Casablanca
173275,7666461,fes,mont fleuri,13,SAFE_10,Mont Fleuri à Fès
173276,7666541,meknes,marjane,146,SAFE_25,Marjane à Meknes
173277,7666543,casablanca,maarif,326,SAFE_25,Maârif à Casablanca
173279,7666568,benslimane,golf de benslimane,48,SAFE_25,Golf de Benslimane à Benslimane
173280,7666575,casablanca,quartier bachkou,69,SAFE_25,Quartier Bachkou à Casablanca
173281,7666716,bouznika,plage oued cherrat,118,SAFE_25,Plage Oued Cherrat à Bouznika
173282,7666718,agadir,talborjt,18,SAFE_10,Talborjt à Agadir
173283,7666744,casablanca,val fleury,190,SAFE_25,Val Fleury à Casablanca
173284,7666761,casablanca,val fleury,190,SAFE_25,Val Fleury à Casablanca
173288,7666885,casablanca,belvedere,301,SAFE_25,Belvédère à Casablanca
173289,7666906,sale,tabriquet,37,SAFE_25,Tabriquet à Salé
173290,7666925,casablanca,les hopitaux,385,SAFE_25,Les Hôpitaux à Casablanca
173291,7666973,tanger,de la plage,188,SAFE_25,De La Plage à Tanger
173292,7666984,tanger,marjane,165,SAFE_25,Marjane à Tanger
173293,7667030,rabat,l ocean,61,SAFE_25,L'Ocean à Rabat
173294,7667059,casablanca,palmier,340,SAFE_25,Palmier à Casablanca
173295,7667113,bouznika,quartier industriel,31,SAFE_25,Quartier Industriel à Bouznika
173296,7667167,kenitra,el fath,1,LOW,El Fath à Kénitra
173298,7667186,casablanca,la gironde,122,SAFE_25,La Gironde à Casablanca
173300,7667202,casablanca,mers sultan,170,SAFE_25,Mers Sultan à Casablanca
173301,7667211,marrakech,route de safi,237,SAFE_25,Route de Safi à Marrakech
173303,7667218,kenitra,maamora,58,SAFE_25,Maamora à Kénitra
173304,7667233,casablanca,hay smara,8,SAFE_5,Hay Smara à Casablanca
173305,7667291,fes,hay atlas,8,SAFE_5,Hay Atlas à Fès
173307,7667318,casablanca,hay al amal,7,SAFE_5,Hay Al Amal à Casablanca
173309,7667333,meknes,marjane,146,SAFE_25,Marjane à Meknes
173310,7667334,meknes,marjane,146,SAFE_25,Marjane à Meknes
173311,7667335,meknes,marjane,146,SAFE_25,Marjane à Meknes
173312,7667344,kenitra,oulad wjih,62,SAFE_25,Oulad Wjih à Kénitra
173313,7667357,casablanca,maarif,326,SAFE_25,Maârif à Casablanca
173314,7667418,tanger,mister khouch,15,SAFE_10,Mister Khouch à Tanger
173315,7667422,casablanca,al hadika,25,SAFE_25,Al Hadika à Casablanca
173316,7667424,sale,sidi abdellah,18,SAFE_10,Sidi Abdellah à Salé
173317,7667429,casablanca,ain chock,119,SAFE_25,Ain Chock à Casablanca
173318,7667434,casablanca,beausejour,150,SAFE_25,Beauséjour à Casablanca
173319,7667453,fes,hay atlas,8,SAFE_5,Hay Atlas à Fès
173320,7667454,tanger,tanja balia,220,SAFE_25,Tanja Balia à Tanger
173321,7667495,rabat,hay nahda,43,SAFE_25,Hay Nahda à Rabat
173322,7667508,casablanca,nassim 2,43,SAFE_25,Nassim 2 à Casablanca
173323,7667511,bouznika,plage oued cherrat,118,SAFE_25,Plage Oued Cherrat à Bouznika
173324,7667528,casablanca,ain sebaa,344,SAFE_25,Aïn Sebaâ à Casablanca
173326,7667547,casablanca,les hopitaux,385,SAFE_25,Les Hôpitaux à Casablanca
173327,7667588,kenitra,oulad wjih,62,SAFE_25,Oulad Wjih à Kénitra
173328,7667589,el jadida,hay essalam,49,SAFE_25,Hay Essalam à El Jadida
173329,7667592,oujda,les iris,12,SAFE_10,Les Iris à Oujda
173330,7667598,casablanca,les hopitaux,385,SAFE_25,Les Hôpitaux à Casablanca
173331,7667630,casablanca,les hopitaux,385,SAFE_25,Les Hôpitaux à Casablanca
173333,7667689,fes,agdal,12,SAFE_10,Agdal à Fès
173335,7667747,casablanca,oasis,332,SAFE_25,Oasis à Casablanca
173336,7667754,sale,hay oued dahab,10,SAFE_10,Hay Oued Dahab à Salé
173339,7667804,casablanca,les princesses,332,SAFE_25,Les princesses à Casablanca
173340,7667897,casablanca,beausite,41,SAFE_25,Beausite à Casablanca
173341,7667899,casablanca,sour jdid,3,LOW,Sour Jdid à Casablanca
173343,7667909,casablanca,racine,596,SAFE_25,Racine à Casablanca
173344,7667920,meknes,marjane,146,SAFE_25,Marjane à Meknes
173347,7667959,rabat,riyad,566,SAFE_25,Riyad à Rabat
173349,7667998,casablanca,les princesses,332,SAFE_25,Les princesses à Casablanca
173350,7667999,casablanca,nassim 1,64,SAFE_25,Nassim 1 à Casablanca
173351,7668027,casablanca,sidi moumen,119,SAFE_25,Sidi Moumen à Casablanca
173353,7668059,sale,mkinssia,13,SAFE_10,Mkinssia à Salé
173354,7668104,temara,wifak,121,SAFE_25,Wifak à Temara
173355,7668165,tetouan,taboula,14,SAFE_10,Taboula à Tétouan
173357,7668195,casablanca,ain chock,119,SAFE_25,Ain Chock à Casablanca
173358,7668261,casablanca,gauthier,422,SAFE_25,Gauthier à Casablanca
173360,7668303,casablanca,gauthier,422,SAFE_25,Gauthier à Casablanca
173362,7668311,casablanca,californie,735,SAFE_25,Californie à Casablanca
173364,7668389,casablanca,racine,596,SAFE_25,Racine à Casablanca
173365,7668393,temara,riad oulad mtaa,35,SAFE_25,Riad Oulad Mtaa à Temara
173366,7668409,casablanca,val fleury,190,SAFE_25,Val Fleury à Casablanca
173367,7668416,casablanca,al qods,132,SAFE_25,Al Qods à Casablanca
173368,7668417,safi,azib derai,8,SAFE_5,Azib Derai à Safi
173369,7668474,casablanca,hay mohammadi,65,SAFE_25,Hay Mohammadi à Casablanca
173371,7668562,oujda,andalous,20,SAFE_10,Andalous à Oujda
173372,7668601,tanger,charf,17,SAFE_10,Charf à Tanger
173374,7668620,fes,nouvelle ville,31,SAFE_25,Nouvelle Ville à Fès
173377,7668656,fes,route immouzer,38,SAFE_25,Route Immouzer à Fès
173378,7668685,tanger,ahlane,96,SAFE_25,Ahlane à Tanger
173384,7668823,fes,bad boujloud,1,LOW,Bad Boujloud à Fès
173386,7668877,temara,harhoura,92,SAFE_25,Harhoura à Temara
173389,7668915,rabat,kebibat,33,SAFE_25,Kébibat à Rabat
173390,7668932,casablanca,sidi maarouf,518,SAFE_25,Sidi Maarouf à Casablanca
173393,7668962,casablanca,maarif extension,351,SAFE_25,Maârif Extension à Casablanca
173397,7669002,kenitra,la ville haute,69,SAFE_25,La Ville Haute à Kénitra
173398,7669012,casablanca,maarif extension,351,SAFE_25,Maârif Extension à Casablanca
173399,7669014,mohammedia,nassim,37,SAFE_25,Nassim à Mohammedia
173400,7669066,essaouira,raounak,6,SAFE_5,Raounak à Essaouira
173401,7669189,marrakech,hay targa,491,SAFE_25,Hay Targa à Marrakech
173402,7669220,casablanca,les princesses,332,SAFE_25,Les princesses à Casablanca
173406,7669306,tanger,aouama gharbia,64,SAFE_25,Aouama Gharbia à Tanger
173407,7669307,tanger,aouama gharbia,64,SAFE_25,Aouama Gharbia à Tanger
173409,7669314,tanger,aouama gharbia,64,SAFE_25,Aouama Gharbia à Tanger
173415,7669372,rabat,haut agdal,84,SAFE_25,Haut Agdal à Rabat
173417,7669455,kenitra,maamora,58,SAFE_25,Maamora à Kénitra
173422,7669534,tanger,sania,64,SAFE_25,Sania à Tanger
173424,7669708,casablanca,sidi moumen,119,SAFE_25,Sidi Moumen à Casablanca
173425,7669712,casablanca,ain chock,119,SAFE_25,Ain Chock à Casablanca
173426,7669835,bouznika,plage oued cherrat,118,SAFE_25,Plage Oued Cherrat à Bouznika
173428,7669932,casablanca,al madina aljadida,18,SAFE_10,Al Madina Aljadida à Casablanca
173429,7669941,rabat,agdal,313,SAFE_25,Agdal à Rabat
173430,7669996,temara,wifak,121,SAFE_25,Wifak à Temara
173432,7670045,casablanca,bourgogne ouest,380,SAFE_25,Bourgogne Ouest à Casablanca
173434,7670086,casablanca,al qods,132,SAFE_25,Al Qods à Casablanca
173435,7670104,agadir,tilila,54,SAFE_25,Tilila à Agadir
173436,7670113,agadir,amsernate,6,SAFE_5,Amsernate à Agadir
173439,7670200,marrakech,gueliz,1250,SAFE_25,Guéliz à Marrakech
173444,7670230,agadir,hay al wafaa,2,LOW,Hay Al Wafaa à Agadir
173446,7670242,casablanca,gauthier,422,SAFE_25,Gauthier à Casablanca
173452,7670318,kenitra,ismalia,19,SAFE_10,Ismalia à Kénitra
173453,7670349,casablanca,triangle d or,142,SAFE_25,Triangle d'Or à Casablanca
173456,7670402,rabat,haut agdal,84,SAFE_25,Haut Agdal à Rabat
173459,7670432,marrakech,route de safi,237,SAFE_25,Route de Safi à Marrakech
173461,7670519,fes,hay bensouda,12,SAFE_10,Hay Bensouda à Fès
173463,7670548,marrakech,gueliz,1250,SAFE_25,Guéliz à Marrakech
173464,7670560,marrakech,gueliz,1250,SAFE_25,Guéliz à Marrakech
173465,7670569,marrakech,ennakhil palmeraie,469,SAFE_25,Ennakhil (Palmeraie) à Marrakech
173466,7670767,rabat,riyad,566,SAFE_25,Riyad à Rabat
173467,7670768,tanger,administratif,164,SAFE_25,Administratif à Tanger
173468,7670791,marrakech,boulevard med 6,124,SAFE_25,Boulevard Med 6 à Marrakech
173469,7670824,el jadida,hay essalam,49,SAFE_25,Hay Essalam à El Jadida
173471,7670890,casablanca,bourgogne ouest,380,SAFE_25,Bourgogne Ouest à Casablanca
173472,7670900,marrakech,bouaakkaz,53,SAFE_25,Bouaakkaz à Marrakech
173475,7670941,temara,wifak,121,SAFE_25,Wifak à Temara
173476,7670993,tanger,el baraka,3,LOW,El Baraka à Tanger
173477,7671015,marrakech,hivernage,273,SAFE_25,Hivernage à Marrakech
173479,7671107,marrakech,ennakhil palmeraie,469,SAFE_25,Ennakhil (Palmeraie) à Marrakech
173480,7671110,fes,mont fleuri,13,SAFE_10,Mont Fleuri à Fès
173481,7671166,fes,route de meknes,13,SAFE_10,Route de Meknes à Fès
173483,7671234,marrakech,gueliz,1250,SAFE_25,Guéliz à Marrakech
173484,7671238,agadir,ben serguaou,18,SAFE_10,Ben Serguaou à Agadir
173485,7671245,marrakech,gueliz,1250,SAFE_25,Guéliz à Marrakech
173486,7671251,casablanca,bernoussi,99,SAFE_25,Bernoussi à Casablanca
173488,7671272,marrakech,gueliz,1250,SAFE_25,Guéliz à Marrakech
173489,7671275,marrakech,gueliz,1250,SAFE_25,Guéliz à Marrakech
173490,7671277,casablanca,hay chrifa,49,SAFE_25,Hay Chrifa à Casablanca
173494,7671366,meknes,hamria,152,SAFE_25,Hamria à Meknes
173495,7671417,marrakech,route de safi,237,SAFE_25,Route de Safi à Marrakech
173497,7671472,tanger,administratif,164,SAFE_25,Administratif à Tanger
173498,7671475,sale,sidi abdellah,18,SAFE_10,Sidi Abdellah à Salé
173500,7671548,fes,nouvelle ville,31,SAFE_25,Nouvelle Ville à Fès
173501,7671555,casablanca,hay mohammadi,65,SAFE_25,Hay Mohammadi à Casablanca
173504,7671575,casablanca,oulfa,409,SAFE_25,Oulfa à Casablanca
173505,7671590,sale,sidi hajji,27,SAFE_25,Sidi Hajji à Salé
173507,7671627,casablanca,oulfa,409,SAFE_25,Oulfa à Casablanca
173508,7671659,marrakech,gueliz,1250,SAFE_25,Guéliz à Marrakech
173509,7671665,temara,riad oulad mtaa,35,SAFE_25,Riad Oulad Mtaa à Temara
173511,7671709,marrakech,gueliz,1250,SAFE_25,Guéliz à Marrakech
173512,7671724,marrakech,mhamid,253,SAFE_25,Mhamid à Marrakech
173513,7671733,tanger,tanger city center,86,SAFE_25,Tanger City Center à Tanger
173514,7671735,casablanca,sidi moumen,119,SAFE_25,Sidi Moumen à Casablanca
173515,7671750,marrakech,gueliz,1250,SAFE_25,Guéliz à Marrakech
173519,7671793,mohammedia,hassania 2,3,LOW,Hassania 2 à Mohammedia
173524,7671892,marrakech,gueliz,1250,SAFE_25,Guéliz à Marrakech
173526,7671927,temara,val d or,10,SAFE_10,Val d'or à Temara
173527,7671990,casablanca,palmier,340,SAFE_25,Palmier à Casablanca
173528,7672000,casablanca,hay alamal,11,SAFE_10,Hay Alamal à Casablanca
173529,7672068,casablanca,lusitania,4,LOW,Lusitania à Casablanca
173530,7672069,fes,route immouzer,38,SAFE_25,Route Immouzer à Fès
173532,7672129,sale,sala el jadida,84,SAFE_25,Sala el Jadida à Salé
173533,7672158,casablanca,city dar es salaam,12,SAFE_10,City Dar Es Salaam à Casablanca
173534,7672173,marrakech,route d agadir essaouira,143,SAFE_25,Route d'Agadir - Essaouira à Marrakech
173535,7672174,casablanca,les princesses,332,SAFE_25,Les princesses à Casablanca
173536,7672176,casablanca,californie,735,SAFE_25,Californie à Casablanca
173538,7672181,agadir,hay mohammadi,183,SAFE_25,Hay Mohammadi à Agadir
173539,7672236,casablanca,quartier bachkou,69,SAFE_25,Quartier Bachkou à Casablanca
173541,7672285,fes,hay riad,4,LOW,Hay Riad à Fès
173542,7672301,casablanca,sidi el khadir,14,SAFE_10,Sidi El Khadir à Casablanca
173543,7672306,temara,abbadi,25,SAFE_25,Abbadi à Temara
173544,7672327,agadir,haut anza,8,SAFE_5,Haut Anza à Agadir
173547,7672563,marrakech,gueliz,1250,SAFE_25,Guéliz à Marrakech
173548,7672593,marrakech,gueliz,1250,SAFE_25,Guéliz à Marrakech
173549,7672609,casablanca,sidi moumen,119,SAFE_25,Sidi Moumen à Casablanca
173551,7672635,temara,wifak,121,SAFE_25,Wifak à Temara
173552,7672664,marrakech,ennakhil palmeraie,469,SAFE_25,Ennakhil (Palmeraie) à Marrakech
173555,7672736,casablanca,palmier,340,SAFE_25,Palmier à Casablanca
173557,7672755,casablanca,ferme bretonne hay arraha,189,SAFE_25,Ferme Bretonne (Hay Arraha) à Casablanca
173558,7672759,temara,wifak,121,SAFE_25,Wifak à Temara
173559,7672784,tanger,malabata,421,SAFE_25,Malabata à Tanger
173563,7672850,casablanca,ain borja,88,SAFE_25,Ain Borja à Casablanca
173564,7672865,temara,skikina,28,SAFE_25,Skikina à Temara
173566,7672890,meknes,cente,31,SAFE_25,Cente à Meknes
173568,7672945,casablanca,les hopitaux,385,SAFE_25,Les Hôpitaux à Casablanca
173570,7672972,casablanca,jamila 7,3,LOW,Jamila 7 à Casablanca
173573,7673005,temara,firdaouss,6,SAFE_5,Firdaouss à Temara
173574,7673006,temara,skikina,28,SAFE_25,Skikina à Temara
173578,7673168,casablanca,ain diab,457,SAFE_25,Ain Diab à Casablanca
173593,7673215,casablanca,gauthier,422,SAFE_25,Gauthier à Casablanca
173596,7673225,casablanca,les princesses,332,SAFE_25,Les princesses à Casablanca
173598,7673239,casablanca,beausejour,150,SAFE_25,Beauséjour à Casablanca
173599,7673240,casablanca,les hopitaux,385,SAFE_25,Les Hôpitaux à Casablanca
173601,7673245,casablanca,fonciere,22,SAFE_10,Foncière à Casablanca
173604,7673255,casablanca,les hopitaux,385,SAFE_25,Les Hôpitaux à Casablanca
173605,7673257,casablanca,oasis,332,SAFE_25,Oasis à Casablanca
173608,7673275,casablanca,racine,596,SAFE_25,Racine à Casablanca
173611,7673289,casablanca,beausejour,150,SAFE_25,Beauséjour à Casablanca
173614,7673296,casablanca,bourgogne ouest,380,SAFE_25,Bourgogne Ouest à Casablanca
173620,7673314,casablanca,bourgogne est,157,SAFE_25,Bourgogne Est à Casablanca
173621,7673370,casablanca,californie,735,SAFE_25,Californie à Casablanca
173622,7673379,casablanca,oasis,332,SAFE_25,Oasis à Casablanca
173624,7673445,meknes,el manar,2,LOW,El manar à Meknes
173625,7673486,casablanca,ain sebaa,344,SAFE_25,Aïn Sebaâ à Casablanca
173626,7673521,mohammedia,hay al horria,8,SAFE_5,Hay Al Horria à Mohammedia
173628,7673571,agadir,hay hassani,3,LOW,Hay Hassani à Agadir
173633,7673737,meknes,wislane,53,SAFE_25,Wislane à Meknes
173635,7673774,casablanca,sidi maarouf,518,SAFE_25,Sidi Maarouf à Casablanca
173636,7673797,fes,hay massira,1,LOW,Hay Massira à Fès
173638,7673839,mohammedia,rachidia,5,SAFE_5,Rachidia à Mohammedia
173639,7673876,safi,sidi bouzid,15,SAFE_10,Sidi Bouzid à Safi
173642,7673981,marrakech,gueliz,1250,SAFE_25,Guéliz à Marrakech
173643,7673982,marrakech,gueliz,1250,SAFE_25,Guéliz à Marrakech
173644,7673983,marrakech,gueliz,1250,SAFE_25,Guéliz à Marrakech
173645,7674008,casablanca,al farah dar essalam,11,SAFE_10,Al Farah Dar Essalam à Casablanca
173647,7674029,fes,route se sefrou,16,SAFE_10,Route se Sefrou à Fès
173649,7674068,marrakech,route casablanca,269,SAFE_25,Route Casablanca à Marrakech
173651,7674122,tanger,de la plage,188,SAFE_25,De La Plage à Tanger
173652,7674137,casablanca,oulfa,409,SAFE_25,Oulfa à Casablanca
173653,7674157,casablanca,oulfa,409,SAFE_25,Oulfa à Casablanca
173657,7674210,tanger,mesnana,96,SAFE_25,Mesnana à Tanger
173658,7674212,tanger,mesnana,96,SAFE_25,Mesnana à Tanger
173659,7674214,tanger,mesnana,96,SAFE_25,Mesnana à Tanger
173660,7674225,rabat,hay al fath,34,SAFE_25,Hay Al Fath à Rabat
173662,7674284,casablanca,val fleury,190,SAFE_25,Val Fleury à Casablanca
173663,7674292,safi,hay essalam,3,LOW,Hay essalam à Safi
173665,7674306,casablanca,oulfa,409,SAFE_25,Oulfa à Casablanca
173666,7674328,tanger,castilla,76,SAFE_25,Castilla à Tanger
173667,7674349,casablanca,sidi maarouf,518,SAFE_25,Sidi Maarouf à Casablanca
173668,7674359,casablanca,sidi maarouf,518,SAFE_25,Sidi Maarouf à Casablanca
173669,7674381,bouznika,plage oued cherrat,118,SAFE_25,Plage Oued Cherrat à Bouznika
173670,7674384,casablanca,anfa,374,SAFE_25,Anfa à Casablanca
173673,7674418,mohammedia,quartier du parc,79,SAFE_25,Quartier du Parc à Mohammedia
173675,7674438,casablanca,racine,596,SAFE_25,Racine à Casablanca
173676,7674470,sale,bab sebta,4,LOW,Bab Sebta à Salé
173677,7674531,casablanca,maarif extension,351,SAFE_25,Maârif Extension à Casablanca
173680,7674548,casablanca,oulfa,409,SAFE_25,Oulfa à Casablanca
173681,7674605,tanger,tanja balia,220,SAFE_25,Tanja Balia à Tanger
173683,7674659,safi,el matar cite aviation,7,SAFE_5,El Matar (Cité Aviation) à Safi
173684,7674662,kenitra,el hadadda,51,SAFE_25,El Hadadda à Kénitra
173686,7674717,marrakech,mhamid,253,SAFE_25,Mhamid à Marrakech
173687,7674749,meknes,wislane,53,SAFE_25,Wislane à Meknes
173688,7674787,meknes,marjane,146,SAFE_25,Marjane à Meknes
173690,7674903,marrakech,gueliz,1250,SAFE_25,Guéliz à Marrakech
173692,7674916,casablanca,gauthier,422,SAFE_25,Gauthier à Casablanca
173693,7674942,rabat,souissi,566,SAFE_25,Souissi à Rabat
173694,7675004,rabat,souissi,566,SAFE_25,Souissi à Rabat
173695,7675075,casablanca,maarif extension,351,SAFE_25,Maârif Extension à Casablanca
173696,7675090,casablanca,oulfa,409,SAFE_25,Oulfa à Casablanca
173697,7675094,casablanca,val fleury,190,SAFE_25,Val Fleury à Casablanca
173698,7675100,marrakech,gueliz,1250,SAFE_25,Guéliz à Marrakech
173700,7675119,tanger,tanger city center,86,SAFE_25,Tanger City Center à Tanger
173701,7675133,casablanca,maarif,326,SAFE_25,Maârif à Casablanca
173704,7675169,casablanca,hay mohammadi,65,SAFE_25,Hay Mohammadi à Casablanca
173705,7675186,tanger,administratif,164,SAFE_25,Administratif à Tanger
173707,7675236,casablanca,racine,596,SAFE_25,Racine à Casablanca
173708,7675238,casablanca,palmier,340,SAFE_25,Palmier à Casablanca
173709,7675325,mohammedia,wafa,25,SAFE_25,Wafa à Mohammedia
173710,7675342,fes,quartier oued fes,34,SAFE_25,Quartier Oued Fes à Fès
173711,7675345,rabat,l ocean,61,SAFE_25,L'Ocean à Rabat
173712,7675360,el jadida,najmat al janoub,18,SAFE_10,Najmat Al Janoub à El Jadida
173713,7675434,meknes,marjane,146,SAFE_25,Marjane à Meknes
173714,7675466,casablanca,beausite,41,SAFE_25,Beausite à Casablanca
173717,7675512,casablanca,nassim 1,64,SAFE_25,Nassim 1 à Casablanca
173718,7675518,marrakech,daoudiat,64,SAFE_25,Daoudiat à Marrakech
173719,7675530,casablanca,maarif extension,351,SAFE_25,Maârif Extension à Casablanca
173720,7675534,casablanca,les princesses,332,SAFE_25,Les princesses à Casablanca
173721,7675535,casablanca,maarif extension,351,SAFE_25,Maârif Extension à Casablanca
173722,7675536,casablanca,maarif extension,351,SAFE_25,Maârif Extension à Casablanca
173723,7675539,tanger,mesnana,96,SAFE_25,Mesnana à Tanger
173725,7675584,casablanca,hay mohammadi,65,SAFE_25,Hay Mohammadi à Casablanca
173727,7675616,casablanca,belvedere,301,SAFE_25,Belvédère à Casablanca
173728,7675621,casablanca,mandarona,87,SAFE_25,Mandarona à Casablanca
173729,7675628,kenitra,maghrib arabi,29,SAFE_25,Maghrib Arabi à Kénitra
173730,7675650,tetouan,mounia,9,SAFE_5,Mounia à Tétouan
173732,7675661,casablanca,beausejour,150,SAFE_25,Beauséjour à Casablanca
173733,7675668,rabat,aviation mabella,79,SAFE_25,Aviation - Mabella à Rabat
173734,7675670,casablanca,sidi maarouf,518,SAFE_25,Sidi Maarouf à Casablanca
173735,7675690,casablanca,belvedere,301,SAFE_25,Belvédère à Casablanca
173737,7675694,casablanca,hay al amal,7,SAFE_5,Hay Al Amal à Casablanca
173740,7675758,sale,hay karima,6,SAFE_5,Hay Karima à Salé
173743,7675801,casablanca,oulfa,409,SAFE_25,Oulfa à Casablanca
173745,7675832,casablanca,benjdia,50,SAFE_25,Benjdia à Casablanca
173747,7675850,temara,wifak,121,SAFE_25,Wifak à Temara
173748,7675862,casablanca,belvedere,301,SAFE_25,Belvédère à Casablanca
173749,7675871,casablanca,beausejour,150,SAFE_25,Beauséjour à Casablanca
173750,7675908,rabat,souissi,566,SAFE_25,Souissi à Rabat
173751,7675917,mohammedia,nassim,37,SAFE_25,Nassim à Mohammedia
173753,7675931,oujda,hay el qods,8,SAFE_5,Hay el Qods à Oujda
173754,7675941,marrakech,gueliz,1250,SAFE_25,Guéliz à Marrakech
173756,7676156,casablanca,ain sebaa,344,SAFE_25,Aïn Sebaâ à Casablanca
173757,7676207,casablanca,ain sebaa,344,SAFE_25,Aïn Sebaâ à Casablanca
173758,7676256,casablanca,liberte,21,SAFE_10,Liberté à Casablanca
173763,7676273,tanger,tanja balia,220,SAFE_25,Tanja Balia à Tanger
173767,7676300,casablanca,mers sultan,170,SAFE_25,Mers Sultan à Casablanca
173768,7676343,tanger,du golf,123,SAFE_25,Du Golf à Tanger
173769,7676345,casablanca,hay zobir,38,SAFE_25,Hay Zobir à Casablanca
173770,7676378,el jadida,ennajd,27,SAFE_25,Ennajd à El Jadida
173771,7676389,rabat,souissi,566,SAFE_25,Souissi à Rabat
173772,7676446,casablanca,ain sebaa,344,SAFE_25,Aïn Sebaâ à Casablanca
173773,7676460,marrakech,hay mabrouka,95,SAFE_25,Hay Mabrouka à Marrakech
173774,7676475,rabat,karrakchou,1,LOW,Karrakchou à Rabat
173775,7676494,rabat,hassan centre ville,119,SAFE_25,Hassan - Centre Ville à Rabat
173776,7676495,sale,hay oued dahab,10,SAFE_10,Hay Oued Dahab à Salé
173778,7676533,tanger,casabarata,18,SAFE_10,Casabarata à Tanger
173779,7676554,rabat,hay ach chbanat,25,SAFE_25,Hay Ach-chbanat à Rabat
173780,7676557,rabat,hay al barid,1,LOW,Hay Al Barid à Rabat
173783,7676600,rabat,guich oudaya,48,SAFE_25,Guich Oudaya à Rabat
173784,7676604,sale,ouled moussa,10,SAFE_10,Ouled Moussa à Salé
173785,7676611,casablanca,oulfa,409,SAFE_25,Oulfa à Casablanca
173787,7676709,casablanca,ain diab,457,SAFE_25,Ain Diab à Casablanca
173788,7676884,marrakech,majorelle,157,SAFE_25,Majorelle à Marrakech
173789,7676892,sale,sakani,12,SAFE_10,Sakani à Salé
173790,7676915,meknes,al bassatine,56,SAFE_25,Al bassatine à Meknes
173791,7676952,sale,hay chmaou,56,SAFE_25,Hay Chmaou à Salé
173803,7676999,kenitra,mimosas,57,SAFE_25,Mimosas à Kénitra
173806,7677040,sale,tabriquet,37,SAFE_25,Tabriquet à Salé
173807,7677048,tanger,manar,103,SAFE_25,Manar à Tanger
173808,7677056,casablanca,maarif,326,SAFE_25,Maârif à Casablanca
173809,7677076,skhirat,ain el hayat,9,SAFE_5,Ain el Hayat à Skhirat
173812,7677098,sale,tabriquet,37,SAFE_25,Tabriquet à Salé
173813,7677134,essaouira,ghazoua,20,SAFE_10,Ghazoua à Essaouira
173814,7677142,marrakech,gueliz,1250,SAFE_25,Guéliz à Marrakech
173815,7677166,temara,wifak,121,SAFE_25,Wifak à Temara
173817,7677172,casablanca,les princesses,332,SAFE_25,Les princesses à Casablanca
173818,7677179,casablanca,les princesses,332,SAFE_25,Les princesses à Casablanca
173819,7677186,casablanca,les princesses,332,SAFE_25,Les princesses à Casablanca
173820,7677196,casablanca,al osra,17,SAFE_10,Al Osra à Casablanca
173821,7677211,sale,abouab sala,17,SAFE_10,Abouab Sala à Salé
173823,7677214,bouznika,plage oued cherrat,118,SAFE_25,Plage Oued Cherrat à Bouznika
173824,7677228,agadir,hay dakhla,57,SAFE_25,Hay Dakhla à Agadir
173825,7677235,sale,tabriquet,37,SAFE_25,Tabriquet à Salé
173826,7677257,casablanca,oulfa,409,SAFE_25,Oulfa à Casablanca
173828,7677278,nador,hay el matar,15,SAFE_10,Hay el matar à Nador
173831,7677356,casablanca,racine,596,SAFE_25,Racine à Casablanca
173832,7677486,casablanca,lissasfa,104,SAFE_25,Lissasfa à Casablanca
173833,7677519,casablanca,ain borja,88,SAFE_25,Ain Borja à Casablanca
173834,7677671,casablanca,les princesses,332,SAFE_25,Les princesses à Casablanca
173835,7677831,meknes,cente,31,SAFE_25,Cente à Meknes
173836,7677917,casablanca,bernoussi,99,SAFE_25,Bernoussi à Casablanca
173839,7677976,casablanca,gauthier,422,SAFE_25,Gauthier à Casablanca
173840,7678017,casablanca,al farah dar essalam,11,SAFE_10,Al Farah Dar Essalam à Casablanca
173842,7678044,rabat,hay el menzah,56,SAFE_25,Hay El Menzah à Rabat
173843,7678053,casablanca,bourgogne ouest,380,SAFE_25,Bourgogne Ouest à Casablanca
173844,7678073,rabat,riyad,566,SAFE_25,Riyad à Rabat
173845,7678083,rabat,hassan centre ville,119,SAFE_25,Hassan - Centre Ville à Rabat
173846,7678112,casablanca,roches noires,198,SAFE_25,Roches Noires à Casablanca
173848,7678185,tanger,malabata,421,SAFE_25,Malabata à Tanger
173849,7678246,casablanca,oulfa,409,SAFE_25,Oulfa à Casablanca
173850,7678257,casablanca,moulay youssef,31,SAFE_25,Moulay Youssef à Casablanca
173851,7678287,agadir,hay houda,65,SAFE_25,Hay Houda à Agadir
173852,7678289,nador,hay el matar,15,SAFE_10,Hay el matar à Nador
173853,7678290,tanger,achakar,164,SAFE_25,Achakar à Tanger
173854,7678303,casablanca,oulfa,409,SAFE_25,Oulfa à Casablanca
173856,7678450,casablanca,mers sultan,170,SAFE_25,Mers Sultan à Casablanca
173857,7678456,fes,route immouzer,38,SAFE_25,Route Immouzer à Fès
173858,7678509,casablanca,laymoune,100,SAFE_25,Laymoune à Casablanca
173859,7678511,casablanca,la gironde,122,SAFE_25,La Gironde à Casablanca
173860,7678533,kenitra,la ville haute,69,SAFE_25,La Ville Haute à Kénitra
173863,7678591,temara,abbadi,25,SAFE_25,Abbadi à Temara
173865,7678631,casablanca,maarif,326,SAFE_25,Maârif à Casablanca
173870,7678763,casablanca,anfa,374,SAFE_25,Anfa à Casablanca
173871,7678776,casablanca,oulfa,409,SAFE_25,Oulfa à Casablanca
173873,7678825,casablanca,maarif,326,SAFE_25,Maârif à Casablanca
173876,7678860,kenitra,mimosas,57,SAFE_25,Mimosas à Kénitra
173877,7678866,sale,lalla aicha,1,LOW,Lalla Aicha à Salé
173878,7678903,marrakech,majorelle,157,SAFE_25,Majorelle à Marrakech
173879,7678912,fes,nouvelle ville,31,SAFE_25,Nouvelle Ville à Fès
173881,7678920,casablanca,oulfa,409,SAFE_25,Oulfa à Casablanca
173884,7679071,essaouira,raounak,6,SAFE_5,Raounak à Essaouira
173885,7679075,kenitra,ismalia,19,SAFE_10,Ismalia à Kénitra
173891,7679105,casablanca,oasis,332,SAFE_25,Oasis à Casablanca
173893,7679122,casablanca,ain diab,457,SAFE_25,Ain Diab à Casablanca
173894,7679149,agadir,hay mohammadi,183,SAFE_25,Hay Mohammadi à Agadir
173895,7679191,casablanca,maarif,326,SAFE_25,Maârif à Casablanca
173896,7679203,casablanca,les princesses,332,SAFE_25,Les princesses à Casablanca
173897,7679271,kenitra,mimosas,57,SAFE_25,Mimosas à Kénitra
173898,7679273,tanger,sania,64,SAFE_25,Sania à Tanger
173899,7679276,kenitra,mimosas,57,SAFE_25,Mimosas à Kénitra
173900,7679300,casablanca,anfa,374,SAFE_25,Anfa à Casablanca
173901,7679312,casablanca,beausejour,150,SAFE_25,Beauséjour à Casablanca
173902,7679313,casablanca,triangle d or,142,SAFE_25,Triangle d'Or à Casablanca
173904,7679318,casablanca,gauthier,422,SAFE_25,Gauthier à Casablanca
173905,7679328,casablanca,oulfa,409,SAFE_25,Oulfa à Casablanca
173907,7679374,casablanca,palmier,340,SAFE_25,Palmier à Casablanca
173908,7679378,casablanca,les hopitaux,385,SAFE_25,Les Hôpitaux à Casablanca
173909,7679380,casablanca,les hopitaux,385,SAFE_25,Les Hôpitaux à Casablanca
173910,7679381,casablanca,palmier,340,SAFE_25,Palmier à Casablanca
173911,7679397,meknes,al bassatine,56,SAFE_25,Al bassatine à Meknes
173912,7679401,casablanca,ferme bretonne hay arraha,189,SAFE_25,Ferme Bretonne (Hay Arraha) à Casablanca
173913,7679412,tanger,jbel kbir,80,SAFE_25,Jbel Kbir à Tanger
173914,7679419,sale,sala el jadida,84,SAFE_25,Sala el Jadida à Salé
173917,7679429,tanger,administratif,164,SAFE_25,Administratif à Tanger
173919,7679442,marrakech,hay mabrouka,95,SAFE_25,Hay Mabrouka à Marrakech
173920,7679457,casablanca,racine,596,SAFE_25,Racine à Casablanca
173922,7679480,ifrane,la prairie,2,LOW,La prairie à Ifrane
173923,7679498,tetouan,wilaya,41,SAFE_25,Wilaya à Tétouan
173926,7679514,marrakech,route de fez,469,SAFE_25,Route de Fez à Marrakech
173928,7679567,tanger,californie,48,SAFE_25,Californie à Tanger
173929,7679634,kenitra,maamora,58,SAFE_25,Maamora à Kénitra
173930,7679644,mohammedia,nassim,37,SAFE_25,Nassim à Mohammedia
173931,7679661,casablanca,ain diab extension,188,SAFE_25,Ain Diab Extension à Casablanca
173933,7679675,fes,hay tazi,2,LOW,Hay Tazi à Fès
173934,7679701,casablanca,maarif extension,351,SAFE_25,Maârif Extension à Casablanca
173935,7679800,el jadida,narjiss,7,SAFE_5,Narjiss à El Jadida
173936,7679811,meknes,hamria,152,SAFE_25,Hamria à Meknes
173937,7679819,casablanca,les hopitaux,385,SAFE_25,Les Hôpitaux à Casablanca
173938,7679825,mohammedia,al aalia,51,SAFE_25,Al Aalia à Mohammedia
173940,7679836,casablanca,sidi moumen,119,SAFE_25,Sidi Moumen à Casablanca
173942,7679844,agadir,hay mohammadi,183,SAFE_25,Hay Mohammadi à Agadir
173943,7679861,sale,abouab sala,17,SAFE_10,Abouab Sala à Salé
173950,7679973,casablanca,racine,596,SAFE_25,Racine à Casablanca
173951,7679978,marrakech,gueliz,1250,SAFE_25,Guéliz à Marrakech
173955,7680008,casablanca,hay hassani,116,SAFE_25,Hay Hassani à Casablanca
173956,7680018,casablanca,bourgogne ouest,380,SAFE_25,Bourgogne Ouest à Casablanca
173960,7680050,casablanca,liberte,21,SAFE_10,Liberté à Casablanca
173963,7680107,el jadida,quartier aerodrome,20,SAFE_10,Quartier Aérodrome à El Jadida
173965,7680125,casablanca,roches noires,198,SAFE_25,Roches Noires à Casablanca
173968,7680142,casablanca,oulfa,409,SAFE_25,Oulfa à Casablanca
173969,7680165,meknes,hamria,152,SAFE_25,Hamria à Meknes
173971,7680198,tetouan,saniat errmel,11,SAFE_10,Saniat Errmel à Tétouan
173975,7680288,sale,hay salam,24,SAFE_10,Hay Salam à Salé
173977,7680425,casablanca,bourgogne est,157,SAFE_25,Bourgogne Est à Casablanca
173980,7680539,casablanca,anfa,374,SAFE_25,Anfa à Casablanca
173981,7680548,casablanca,racine,596,SAFE_25,Racine à Casablanca
173982,7680567,casablanca,ferme bretonne hay arraha,189,SAFE_25,Ferme Bretonne (Hay Arraha) à Casablanca
173986,7680643,casablanca,zone industrielle oukacha,27,SAFE_25,Zone Industrielle Oukacha à Casablanca
173991,7680695,agadir,cite adrar,16,SAFE_10,Cité Adrar à Agadir
173992,7680699,casablanca,nassim 1,64,SAFE_25,Nassim 1 à Casablanca
173993,7680721,tanger,mozart,64,SAFE_25,Mozart à Tanger
173995,7680769,marrakech,gueliz,1250,SAFE_25,Guéliz à Marrakech
173996,7680770,marrakech,gueliz,1250,SAFE_25,Guéliz à Marrakech
173997,7680775,casablanca,racine,596,SAFE_25,Racine à Casablanca
174000,7680821,marrakech,gueliz,1250,SAFE_25,Guéliz à Marrakech
174001,7680847,temara,messrour 2,1,LOW,Messrour 2 à Temara
174002,7680867,fes,hay al azhar,11,SAFE_10,Hay Al Azhar à Fès
174003,7680918,tanger,zemmouri,11,SAFE_10,Zemmouri à Tanger
174004,7680928,casablanca,maarif,326,SAFE_25,Maârif à Casablanca
174005,7680947,marrakech,route casablanca,269,SAFE_25,Route Casablanca à Marrakech
174008,7681014,tanger,tanger city center,86,SAFE_25,Tanger City Center à Tanger
174009,7681106,fes,zouagha,21,SAFE_10,Zouagha à Fès
174010,7681111,fes,zouagha,21,SAFE_10,Zouagha à Fès
174012,7681146,fes,route ain chkaf,51,SAFE_25,Route ain Chkaf à Fès
174014,7681162,fes,nouvelle ville,31,SAFE_25,Nouvelle Ville à Fès
174015,7681174,marrakech,route d agadir essaouira,143,SAFE_25,Route d'Agadir - Essaouira à Marrakech
174016,7681181,casablanca,anassi,40,SAFE_25,Anassi à Casablanca
174018,7681236,fes,route de meknes,13,SAFE_10,Route de Meknes à Fès
174019,7681262,casablanca,la gironde,122,SAFE_25,La Gironde à Casablanca
174021,7681301,oujda,cgi,13,SAFE_10,CGI à Oujda
174022,7681310,tanger,manar,103,SAFE_25,Manar à Tanger
174024,7681341,marrakech,gueliz,1250,SAFE_25,Guéliz à Marrakech
174028,7681416,casablanca,sidi maarouf,518,SAFE_25,Sidi Maarouf à Casablanca
174029,7681417,casablanca,racine,596,SAFE_25,Racine à Casablanca
174030,7681454,fes,route de meknes,13,SAFE_10,Route de Meknes à Fès
174031,7681462,marrakech,izdihar,97,SAFE_25,Izdihar à Marrakech
174032,7681464,casablanca,beausejour,150,SAFE_25,Beauséjour à Casablanca
174033,7681484,marrakech,ennakhil palmeraie,469,SAFE_25,Ennakhil (Palmeraie) à Marrakech
174034,7681488,casablanca,cil hay salam,225,SAFE_25,CIL (Hay Salam) à Casablanca
174035,7681508,mohammedia,wafa,25,SAFE_25,Wafa à Mohammedia
174036,7681523,bouznika,hay toummert,9,SAFE_5,Hay Toummert à Bouznika
174046,7681635,casablanca,val fleury,190,SAFE_25,Val Fleury à Casablanca
174049,7681685,marrakech,issil,29,SAFE_25,Issil à Marrakech
174050,7681720,casablanca,ain diab,457,SAFE_25,Ain Diab à Casablanca
174052,7681858,sale,tabriquet,37,SAFE_25,Tabriquet à Salé
174053,7681874,marrakech,gueliz,1250,SAFE_25,Guéliz à Marrakech
174054,7681922,casablanca,hermitage,63,SAFE_25,Hermitage à Casablanca
174055,7681930,rabat,souissi,566,SAFE_25,Souissi à Rabat
174058,7682006,casablanca,hay alhoda,1,LOW,Hay Alhoda à Casablanca
174059,7682015,casablanca,sidi maarouf,518,SAFE_25,Sidi Maarouf à Casablanca
174060,7682059,casablanca,gauthier,422,SAFE_25,Gauthier à Casablanca
174061,7682073,casablanca,ain diab,457,SAFE_25,Ain Diab à Casablanca
174062,7682078,sale,sala el jadida,84,SAFE_25,Sala el Jadida à Salé
174063,7682102,bouznika,quartier industriel,31,SAFE_25,Quartier Industriel à Bouznika
174064,7682115,tanger,ahlane,96,SAFE_25,Ahlane à Tanger
174077,7682369,marrakech,riad al atlas,31,SAFE_25,Riad Al Atlas à Marrakech
174080,7682433,marrakech,mhamid,253,SAFE_25,Mhamid à Marrakech
174081,7682437,casablanca,maarif,326,SAFE_25,Maârif à Casablanca
174083,7682488,agadir,hay mohammadi,183,SAFE_25,Hay Mohammadi à Agadir
174085,7682496,casablanca,californie,735,SAFE_25,Californie à Casablanca
174086,7682500,casablanca,belvedere,301,SAFE_25,Belvédère à Casablanca
174089,7682581,temara,skikina,28,SAFE_25,Skikina à Temara
174094,7682663,el jadida,jawhara,10,SAFE_10,Jawhara à El Jadida
174096,7682697,casablanca,la gironde,122,SAFE_25,La Gironde à Casablanca
174098,7682737,casablanca,ain sebaa,344,SAFE_25,Aïn Sebaâ à Casablanca
174099,7682748,casablanca,sidi maarouf,518,SAFE_25,Sidi Maarouf à Casablanca
174101,7682768,marrakech,route casablanca,269,SAFE_25,Route Casablanca à Marrakech
174103,7682781,casablanca,racine,596,SAFE_25,Racine à Casablanca
174104,7682783,fes,hay bensouda,12,SAFE_10,Hay Bensouda à Fès
174106,7682832,rabat,hay nahda,43,SAFE_25,Hay Nahda à Rabat
174107,7682843,casablanca,maarif,326,SAFE_25,Maârif à Casablanca
174108,7682850,bouznika,plage oued cherrat,118,SAFE_25,Plage Oued Cherrat à Bouznika
174109,7682864,agadir,hay mohammadi,183,SAFE_25,Hay Mohammadi à Agadir
174112,7682921,marrakech,mhamid,253,SAFE_25,Mhamid à Marrakech
174115,7682968,essaouira,bab doukkala,7,SAFE_5,Bab Doukkala à Essaouira
174116,7683006,kenitra,maamora,58,SAFE_25,Maamora à Kénitra
174117,7683029,marrakech,route casablanca,269,SAFE_25,Route Casablanca à Marrakech
174118,7683035,agadir,hay mohammadi,183,SAFE_25,Hay Mohammadi à Agadir
174119,7683053,bouznika,hamza,21,SAFE_10,Hamza à Bouznika
174120,7683076,casablanca,hay salama,19,SAFE_10,Hay Salama à Casablanca
174121,7683084,meknes,wislane,53,SAFE_25,Wislane à Meknes
174122,7683121,kenitra,la ville haute,69,SAFE_25,La Ville Haute à Kénitra
174124,7683206,sale,hay karima,6,SAFE_5,Hay Karima à Salé
174127,7683258,casablanca,bourgogne ouest,380,SAFE_25,Bourgogne Ouest à Casablanca
174128,7683269,casablanca,mers sultan,170,SAFE_25,Mers Sultan à Casablanca
174129,7683308,casablanca,palmier,340,SAFE_25,Palmier à Casablanca
174131,7683364,casablanca,ain sebaa,344,SAFE_25,Aïn Sebaâ à Casablanca
174133,7683390,marrakech,ennakhil palmeraie,469,SAFE_25,Ennakhil (Palmeraie) à Marrakech
174134,7683410,casablanca,bourgogne ouest,380,SAFE_25,Bourgogne Ouest à Casablanca
174135,7683514,casablanca,anassi,40,SAFE_25,Anassi à Casablanca
174136,7683537,kenitra,maghrib arabi,29,SAFE_25,Maghrib Arabi à Kénitra
174137,7683551,marrakech,samlalia,132,SAFE_25,Samlalia à Marrakech
174138,7683569,tanger,tanger city center,86,SAFE_25,Tanger City Center à Tanger
174139,7683603,el jadida,al kodia,9,SAFE_5,Al Kodia à El Jadida
174140,7683614,casablanca,anassi,40,SAFE_25,Anassi à Casablanca
174141,7683641,casablanca,nassim 1,64,SAFE_25,Nassim 1 à Casablanca
174142,7683665,casablanca,beausejour,150,SAFE_25,Beauséjour à Casablanca
174143,7683710,casablanca,roches noires,198,SAFE_25,Roches Noires à Casablanca
174144,7683742,casablanca,bourgogne est,157,SAFE_25,Bourgogne Est à Casablanca
174147,7683871,sale,sidi hajji,27,SAFE_25,Sidi Hajji à Salé
174148,7683881,rabat,riyad,566,SAFE_25,Riyad à Rabat
174149,7683895,marrakech,route casablanca,269,SAFE_25,Route Casablanca à Marrakech
174153,7683964,casablanca,hay hassani,116,SAFE_25,Hay Hassani à Casablanca
174154,7683985,casablanca,palmier,340,SAFE_25,Palmier à Casablanca
174155,7684027,rabat,hassan centre ville,119,SAFE_25,Hassan - Centre Ville à Rabat
174156,7684031,tanger,marjane,165,SAFE_25,Marjane à Tanger
174157,7684070,casablanca,ain diab,457,SAFE_25,Ain Diab à Casablanca
174158,7684071,oujda,lazaret,21,SAFE_10,Lazaret à Oujda
174160,7684103,meknes,hamria,152,SAFE_25,Hamria à Meknes
174162,7684155,casablanca,nassim 1,64,SAFE_25,Nassim 1 à Casablanca
174163,7684160,casablanca,la gironde,122,SAFE_25,La Gironde à Casablanca
174166,7684168,tanger,tanger city center,86,SAFE_25,Tanger City Center à Tanger
174167,7684192,casablanca,belvedere,301,SAFE_25,Belvédère à Casablanca
174170,7684221,marrakech,izdihar,97,SAFE_25,Izdihar à Marrakech
174172,7684303,mohammedia,riad 2,4,LOW,Riad 2 à Mohammedia
174173,7684306,casablanca,hay antaria,6,SAFE_5,Hay Antaria à Casablanca
174174,7684339,casablanca,maarif extension,351,SAFE_25,Maârif Extension à Casablanca
174176,7684355,casablanca,oulfa,409,SAFE_25,Oulfa à Casablanca
174177,7684384,casablanca,mers sultan,170,SAFE_25,Mers Sultan à Casablanca
174178,7684413,kenitra,la ville haute,69,SAFE_25,La Ville Haute à Kénitra
174179,7684465,tanger,mghogha,80,SAFE_25,Mghogha à Tanger
174183,7684515,casablanca,plateau al batha,38,SAFE_25,Plateau (Al Batha) à Casablanca
174185,7684567,casablanca,ain diab extension,188,SAFE_25,Ain Diab Extension à Casablanca
174186,7684578,casablanca,ain diab,457,SAFE_25,Ain Diab à Casablanca
174187,7684597,tanger,tanger city center,86,SAFE_25,Tanger City Center à Tanger
174188,7684601,casablanca,sidi maarouf,518,SAFE_25,Sidi Maarouf à Casablanca
174189,7684623,marrakech,route de safi,237,SAFE_25,Route de Safi à Marrakech
174190,7684637,sale,sakani,12,SAFE_10,Sakani à Salé
174191,7684640,tanger,marjane,165,SAFE_25,Marjane à Tanger
174195,7684687,rabat,agdal,313,SAFE_25,Agdal à Rabat
174196,7684692,casablanca,ain borja,88,SAFE_25,Ain Borja à Casablanca
174197,7684704,marrakech,ennakhil palmeraie,469,SAFE_25,Ennakhil (Palmeraie) à Marrakech
174198,7684751,casablanca,lekrimat,13,SAFE_10,Lekrimat à Casablanca
174200,7684771,casablanca,belvedere,301,SAFE_25,Belvédère à Casablanca
174202,7684778,tetouan,el mdrassi,5,SAFE_5,El Mdrassi à Tétouan
174212,7685192,el jadida,biranzarane,8,SAFE_5,Biranzarane à El Jadida
174213,7685215,tanger,boukhalef,98,SAFE_25,Boukhalef à Tanger
174215,7685238,casablanca,ain sebaa,344,SAFE_25,Aïn Sebaâ à Casablanca
174217,7685278,kenitra,maamora,58,SAFE_25,Maamora à Kénitra
174218,7685285,casablanca,salmia 2,26,SAFE_25,Salmia 2 à Casablanca
174219,7685291,temara,wifak,121,SAFE_25,Wifak à Temara
174220,7685322,casablanca,ferme bretonne hay arraha,189,SAFE_25,Ferme Bretonne (Hay Arraha) à Casablanca
174221,7685326,skhirat,plage rose maree,34,SAFE_25,Plage rose marée à Skhirat
174237,7685467,kenitra,el hadadda,51,SAFE_25,El Hadadda à Kénitra
174238,7685493,tetouan,touabel,1,LOW,Touabel à Tétouan
174242,7685552,fes,hay moulay el kamel,4,LOW,Hay Moulay El Kamel à Fès
174243,7685556,sale,sakani,12,SAFE_10,Sakani à Salé
174245,7685599,kenitra,oulad wjih,62,SAFE_25,Oulad Wjih à Kénitra
174246,7685611,sale,hay chmaou,56,SAFE_25,Hay Chmaou à Salé
174247,7685630,casablanca,gauthier,422,SAFE_25,Gauthier à Casablanca
174251,7685752,casablanca,anassi,40,SAFE_25,Anassi à Casablanca
174258,7685920,marrakech,gueliz,1250,SAFE_25,Guéliz à Marrakech
174259,7685933,tanger,mozart,64,SAFE_25,Mozart à Tanger
174261,7685961,casablanca,ain sebaa,344,SAFE_25,Aïn Sebaâ à Casablanca
174262,7685966,rabat,riyad,566,SAFE_25,Riyad à Rabat
174264,7685989,marrakech,mhamid,253,SAFE_25,Mhamid à Marrakech
174266,7686055,kenitra,el hadadda,51,SAFE_25,El Hadadda à Kénitra
174269,7686080,casablanca,ahl loghlam hay assalam,21,SAFE_10,Ahl Loghlam (Hay Assalam) à Casablanca
174270,7686085,casablanca,val fleury,190,SAFE_25,Val Fleury à Casablanca
174271,7686099,kenitra,maamora,58,SAFE_25,Maamora à Kénitra
174273,7686112,casablanca,maarif,326,SAFE_25,Maârif à Casablanca
174274,7686121,casablanca,hay mohammadi,65,SAFE_25,Hay Mohammadi à Casablanca
174275,7686143,casablanca,racine,596,SAFE_25,Racine à Casablanca
174276,7686170,meknes,marjane,146,SAFE_25,Marjane à Meknes
174277,7686209,casablanca,oulfa,409,SAFE_25,Oulfa à Casablanca
174279,7686232,casablanca,ferme bretonne hay arraha,189,SAFE_25,Ferme Bretonne (Hay Arraha) à Casablanca
174280,7686250,casablanca,californie,735,SAFE_25,Californie à Casablanca
174281,7686280,casablanca,racine,596,SAFE_25,Racine à Casablanca
174283,7686369,casablanca,oulfa,409,SAFE_25,Oulfa à Casablanca
174284,7686429,casablanca,nassim 2,43,SAFE_25,Nassim 2 à Casablanca
174285,7686447,mohammedia,al aalia,51,SAFE_25,Al Aalia à Mohammedia
174287,7686469,casablanca,sidi maarouf,518,SAFE_25,Sidi Maarouf à Casablanca
174288,7686482,el jadida,sidi moussa,18,SAFE_10,Sidi Moussa à El Jadida
174289,7686484,casablanca,les princesses,332,SAFE_25,Les princesses à Casablanca
174290,7686495,marrakech,amerchich,50,SAFE_25,Amerchich à Marrakech
174291,7686519,meknes,marjane,146,SAFE_25,Marjane à Meknes
174292,7686525,marrakech,hay mabrouka,95,SAFE_25,Hay Mabrouka à Marrakech
174295,7686545,casablanca,ain sebaa,344,SAFE_25,Aïn Sebaâ à Casablanca
174296,7686550,rabat,riyad,566,SAFE_25,Riyad à Rabat
174297,7686552,marrakech,route casablanca,269,SAFE_25,Route Casablanca à Marrakech
174298,7686577,casablanca,palmier,340,SAFE_25,Palmier à Casablanca
174300,7686591,mohammedia,rachidia,5,SAFE_5,Rachidia à Mohammedia
174302,7686606,kenitra,maghrib arabi,29,SAFE_25,Maghrib Arabi à Kénitra
174303,7686622,sale,hay chmaou,56,SAFE_25,Hay Chmaou à Salé
174304,7686623,casablanca,cil hay salam,225,SAFE_25,CIL (Hay Salam) à Casablanca
174309,7686696,meknes,al bassatine,56,SAFE_25,Al bassatine à Meknes
174311,7686723,rabat,akkari,8,SAFE_5,Akkari à Rabat
174312,7686725,tanger,ziaten,49,SAFE_25,Ziaten à Tanger
174314,7686758,skhirat,imarat,15,SAFE_10,Imarat à Skhirat
174315,7686780,mohammedia,diour dokala,4,LOW,Diour Dokala à Mohammedia
174316,7686808,casablanca,sidi moumen,119,SAFE_25,Sidi Moumen à Casablanca
174318,7686816,tetouan,saniat errmel,11,SAFE_10,Saniat Errmel à Tétouan
174321,7686838,marrakech,route de safi,237,SAFE_25,Route de Safi à Marrakech
174322,7686869,casablanca,ain sebaa,344,SAFE_25,Aïn Sebaâ à Casablanca
174323,7686870,agadir,hay mohammadi,183,SAFE_25,Hay Mohammadi à Agadir
174326,7686897,agadir,hay mohammadi,183,SAFE_25,Hay Mohammadi à Agadir
174327,7686899,mohammedia,al qods,5,SAFE_5,Al Qods à Mohammedia
174329,7686920,marrakech,gueliz,1250,SAFE_25,Guéliz à Marrakech
174332,7686955,fes,route immouzer,38,SAFE_25,Route Immouzer à Fès
174333,7686958,marrakech,gueliz,1250,SAFE_25,Guéliz à Marrakech
174334,7686960,kenitra,maamora,58,SAFE_25,Maamora à Kénitra
174335,7686974,casablanca,les hopitaux,385,SAFE_25,Les Hôpitaux à Casablanca
174337,7686993,rabat,agdal,313,SAFE_25,Agdal à Rabat
174338,7687029,casablanca,maarif extension,351,SAFE_25,Maârif Extension à Casablanca
174339,7687036,casablanca,bernoussi,99,SAFE_25,Bernoussi à Casablanca
174341,7687053,meknes,marjane,146,SAFE_25,Marjane à Meknes
174344,7687097,meknes,hamria,152,SAFE_25,Hamria à Meknes
174345,7687099,meknes,marjane,146,SAFE_25,Marjane à Meknes
174346,7687119,sale,kharouba,1,LOW,Kharouba à Salé
174351,7687272,casablanca,bourgogne ouest,380,SAFE_25,Bourgogne Ouest à Casablanca
174353,7687282,tetouan,martil,5,SAFE_5,Martil à Tétouan
174354,7687283,casablanca,mers sultan,170,SAFE_25,Mers Sultan à Casablanca
174357,7687306,mohammedia,la siesta,62,SAFE_25,La Siesta à Mohammedia
174358,7687316,casablanca,ain diab,457,SAFE_25,Ain Diab à Casablanca
174359,7687323,bouznika,hamza,21,SAFE_10,Hamza à Bouznika
174362,7687362,tanger,tanger city center,86,SAFE_25,Tanger City Center à Tanger
174364,7687373,fes,quartier oued fes,34,SAFE_25,Quartier Oued Fes à Fès
174365,7687376,casablanca,bernoussi,99,SAFE_25,Bernoussi à Casablanca
174366,7687377,casablanca,hay mohammadi,65,SAFE_25,Hay Mohammadi à Casablanca
174367,7687380,casablanca,hay arrahma,3,LOW,Hay Arrahma à Casablanca
174368,7687402,casablanca,oulfa,409,SAFE_25,Oulfa à Casablanca
174371,7687411,tanger,administratif,164,SAFE_25,Administratif à Tanger
174372,7687414,kenitra,maghrib arabi,29,SAFE_25,Maghrib Arabi à Kénitra
174373,7687432,fes,oued fes,3,LOW,Oued Fes à Fès
174374,7687434,temara,maghreb arabi,7,SAFE_5,Maghreb Arabi à Temara
174377,7687466,kenitra,maghrib arabi,29,SAFE_25,Maghrib Arabi à Kénitra
174378,7687467,rabat,riyad,566,SAFE_25,Riyad à Rabat
174379,7687479,fes,hay tazi,2,LOW,Hay Tazi à Fès
174380,7687491,casablanca,anassi,40,SAFE_25,Anassi à Casablanca
174383,7687533,casablanca,hay lmkansa,18,SAFE_10,Hay Lmkansa à Casablanca
174384,7687551,mohammedia,nassim,37,SAFE_25,Nassim à Mohammedia
174385,7687558,casablanca,derb ghalef,98,SAFE_25,Derb Ghalef à Casablanca
174386,7687568,rabat,hay nahda,43,SAFE_25,Hay Nahda à Rabat
174387,7687601,casablanca,ain sebaa,344,SAFE_25,Aïn Sebaâ à Casablanca
174388,7687602,casablanca,anassi,40,SAFE_25,Anassi à Casablanca
174389,7687604,settat,hay salam,6,SAFE_5,Hay salam à Settat
174392,7687680,casablanca,oulfa,409,SAFE_25,Oulfa à Casablanca
174393,7687691,casablanca,oulfa,409,SAFE_25,Oulfa à Casablanca
174394,7687692,casablanca,la gironde,122,SAFE_25,La Gironde à Casablanca
174395,7687702,casablanca,al farah dar essalam,11,SAFE_10,Al Farah Dar Essalam à Casablanca
174397,7687741,casablanca,bourgogne ouest,380,SAFE_25,Bourgogne Ouest à Casablanca
174398,7687747,mohammedia,port,3,LOW,Port à Mohammedia
174399,7687765,casablanca,oulfa,409,SAFE_25,Oulfa à Casablanca
174400,7687781,casablanca,hay inara,27,SAFE_25,Hay Inara à Casablanca
174401,7687782,casablanca,oulfa,409,SAFE_25,Oulfa à Casablanca
174405,7687868,casablanca,maarif extension,351,SAFE_25,Maârif Extension à Casablanca
174406,7687869,casablanca,mers sultan,170,SAFE_25,Mers Sultan à Casablanca
174407,7687880,casablanca,racine,596,SAFE_25,Racine à Casablanca
174408,7687892,casablanca,mers sultan,170,SAFE_25,Mers Sultan à Casablanca
174409,7687907,casablanca,al farah dar essalam,11,SAFE_10,Al Farah Dar Essalam à Casablanca
174410,7687908,marrakech,mhamid,253,SAFE_25,Mhamid à Marrakech
174411,7687920,casablanca,palmier,340,SAFE_25,Palmier à Casablanca
174412,7687954,agadir,haut anza,8,SAFE_5,Haut Anza à Agadir
174413,7687956,casablanca,hay sadri,7,SAFE_5,Hay Sadri à Casablanca
174416,7687969,tanger,sania,64,SAFE_25,Sania à Tanger
174417,7687992,meknes,hamria,152,SAFE_25,Hamria à Meknes
174418,7688008,casablanca,californie,735,SAFE_25,Californie à Casablanca
174420,7688072,marrakech,izdihar,97,SAFE_25,Izdihar à Marrakech
174422,7688128,rabat,riyad,566,SAFE_25,Riyad à Rabat
174424,7688156,casablanca,maarif,326,SAFE_25,Maârif à Casablanca
174427,7688202,casablanca,sidi maarouf,518,SAFE_25,Sidi Maarouf à Casablanca
174432,7688275,mohammedia,wafa,25,SAFE_25,Wafa à Mohammedia
174433,7688283,safi,miftah el kheir,1,LOW,Miftah el kheir à Safi
174435,7688297,casablanca,lissasfa,104,SAFE_25,Lissasfa à Casablanca
174437,7688358,casablanca,ain sebaa,344,SAFE_25,Aïn Sebaâ à Casablanca
174438,7688365,fes,hay badr,4,LOW,Hay Badr à Fès
174439,7688381,bouznika,plage oued cherrat,118,SAFE_25,Plage Oued Cherrat à Bouznika
174440,7688383,marrakech,massira 3,21,SAFE_10,Massira 3 à Marrakech
174442,7688401,sale,hay chmaou,56,SAFE_25,Hay Chmaou à Salé
174443,7688514,casablanca,al qods,132,SAFE_25,Al Qods à Casablanca
174444,7688539,kenitra,el hadadda,51,SAFE_25,El Hadadda à Kénitra
174445,7688567,marrakech,ennakhil palmeraie,469,SAFE_25,Ennakhil (Palmeraie) à Marrakech
174447,7688653,casablanca,maarif extension,351,SAFE_25,Maârif Extension à Casablanca
174450,7688699,casablanca,racine extension,51,SAFE_25,Racine Extension à Casablanca
174451,7688701,rabat,agdal,313,SAFE_25,Agdal à Rabat
174453,7688766,oujda,nour,2,LOW,Nour à Oujda
174454,7688776,casablanca,ferme bretonne hay arraha,189,SAFE_25,Ferme Bretonne (Hay Arraha) à Casablanca
174455,7688778,casablanca,bourgogne ouest,380,SAFE_25,Bourgogne Ouest à Casablanca
174456,7688811,safi,azib derai,8,SAFE_5,Azib Derai à Safi
174457,7688845,agadir,hay mohammadi,183,SAFE_25,Hay Mohammadi à Agadir
174458,7689080,tanger,hay hassani,92,SAFE_25,Hay Hassani à Tanger
174459,7689084,bouznika,al kawtar,71,SAFE_25,Al Kawtar à Bouznika
174460,7689121,casablanca,casablanca finance city,208,SAFE_25,Casablanca Finance City à Casablanca
174461,7689140,meknes,marjane,146,SAFE_25,Marjane à Meknes
174462,7689145,sale,bettana,16,SAFE_10,Bettana à Salé
174463,7689156,el jadida,ennajd,27,SAFE_25,Ennajd à El Jadida
174466,7689253,casablanca,oulfa,409,SAFE_25,Oulfa à Casablanca
174469,7689394,casablanca,les hopitaux,385,SAFE_25,Les Hôpitaux à Casablanca
174471,7689494,fes,zouagha,21,SAFE_10,Zouagha à Fès
174473,7689531,casablanca,oulfa,409,SAFE_25,Oulfa à Casablanca
174474,7689540,casablanca,racine,596,SAFE_25,Racine à Casablanca
174475,7689586,sale,sala el jadida,84,SAFE_25,Sala el Jadida à Salé
174478,7689613,casablanca,la vilette,15,SAFE_10,La Vilette à Casablanca
174481,7689651,meknes,hamria,152,SAFE_25,Hamria à Meknes
174483,7689679,marrakech,route casablanca,269,SAFE_25,Route Casablanca à Marrakech
174484,7689680,tanger,el majd,13,SAFE_10,El Majd à Tanger
174485,7689726,casablanca,nassim 2,43,SAFE_25,Nassim 2 à Casablanca
174486,7689754,bouznika,quartier industriel,31,SAFE_25,Quartier Industriel à Bouznika
174489,7689790,casablanca,casablanca marina,100,SAFE_25,Casablanca Marina à Casablanca
174492,7689845,casablanca,bernoussi,99,SAFE_25,Bernoussi à Casablanca
174494,7689858,rabat,agdal,313,SAFE_25,Agdal à Rabat
174495,7689916,casablanca,bournazil,16,SAFE_10,Bournazil à Casablanca
174496,7689921,rabat,kebibat,33,SAFE_25,Kébibat à Rabat
174497,7689949,casablanca,californie,735,SAFE_25,Californie à Casablanca
174498,7689969,casablanca,val fleury,190,SAFE_25,Val Fleury à Casablanca
174500,7690015,casablanca,salmia 2,26,SAFE_25,Salmia 2 à Casablanca
174501,7690024,casablanca,les hopitaux,385,SAFE_25,Les Hôpitaux à Casablanca
174504,7690070,marrakech,route d agadir essaouira,143,SAFE_25,Route d'Agadir - Essaouira à Marrakech
174506,7690087,casablanca,les princesses,332,SAFE_25,Les princesses à Casablanca
174507,7690122,casablanca,californie,735,SAFE_25,Californie à Casablanca
174510,7690149,casablanca,racine,596,SAFE_25,Racine à Casablanca
174511,7690161,agadir,riad salam,33,SAFE_25,Riad Salam à Agadir
174513,7690209,casablanca,la gironde,122,SAFE_25,La Gironde à Casablanca
174515,7690228,casablanca,bourgogne ouest,380,SAFE_25,Bourgogne Ouest à Casablanca
174517,7690259,casablanca,ain diab,457,SAFE_25,Ain Diab à Casablanca
174518,7690275,casablanca,hay sadri,7,SAFE_5,Hay Sadri à Casablanca
174526,7690359,casablanca,hay rajaa,3,LOW,Hay Rajaa à Casablanca
174527,7690363,marrakech,route casablanca,269,SAFE_25,Route Casablanca à Marrakech
174530,7690368,marrakech,route casablanca,269,SAFE_25,Route Casablanca à Marrakech
174531,7690374,casablanca,hay rajaa,3,LOW,Hay Rajaa à Casablanca
174532,7690376,casablanca,gauthier,422,SAFE_25,Gauthier à Casablanca
174533,7690426,casablanca,oasis,332,SAFE_25,Oasis à Casablanca
174534,7690455,casablanca,hay chrifa,49,SAFE_25,Hay Chrifa à Casablanca
174535,7690459,tanger,ahlane,96,SAFE_25,Ahlane à Tanger
174536,7690478,fes,hay annassim,1,LOW,Hay Annassim à Fès
174538,7690606,casablanca,maarif extension,351,SAFE_25,Maârif Extension à Casablanca
174539,7690662,kenitra,la ville haute,69,SAFE_25,La Ville Haute à Kénitra
174540,7690665,marrakech,gueliz,1250,SAFE_25,Guéliz à Marrakech
174543,7690755,tetouan,route de ceuta,19,SAFE_10,Route de Ceuta à Tétouan
174546,7690792,casablanca,bourgogne ouest,380,SAFE_25,Bourgogne Ouest à Casablanca
174547,7690805,casablanca,hay albaraka,19,SAFE_10,Hay Albaraka à Casablanca
174551,7690830,marrakech,rmila,97,SAFE_25,Rmila à Marrakech
174554,7690901,mohammedia,hay al horria,8,SAFE_5,Hay Al Horria à Mohammedia
174555,7690906,casablanca,triangle d or,142,SAFE_25,Triangle d'Or à Casablanca
174556,7690909,casablanca,oulfa,409,SAFE_25,Oulfa à Casablanca
174557,7690916,fes,zouagha,21,SAFE_10,Zouagha à Fès
174559,7690999,agadir,hay houda,65,SAFE_25,Hay Houda à Agadir
174561,7691027,casablanca,palmier,340,SAFE_25,Palmier à Casablanca
174563,7691078,rabat,aviation mabella,79,SAFE_25,Aviation - Mabella à Rabat
174564,7691120,mohammedia,nassim,37,SAFE_25,Nassim à Mohammedia
174565,7691125,fes,route immouzer,38,SAFE_25,Route Immouzer à Fès
174567,7691146,casablanca,beausejour,150,SAFE_25,Beauséjour à Casablanca
174568,7691151,marrakech,gueliz,1250,SAFE_25,Guéliz à Marrakech
174570,7691162,marrakech,mhamid,253,SAFE_25,Mhamid à Marrakech
174571,7691170,casablanca,garage allal,11,SAFE_10,Garage Allal à Casablanca
174574,7691194,casablanca,mers sultan,170,SAFE_25,Mers Sultan à Casablanca
174576,7691232,tanger,hay al bassatine,6,SAFE_5,Hay Al Bassatine à Tanger
174577,7691261,casablanca,hay annour,8,SAFE_5,Hay Annour à Casablanca
174578,7691281,casablanca,tacharouk hay al walaa,29,SAFE_25,Tacharouk (Hay Al Walaa) à Casablanca
174581,7691345,casablanca,bourgogne est,157,SAFE_25,Bourgogne Est à Casablanca
174582,7691367,casablanca,lissasfa,104,SAFE_25,Lissasfa à Casablanca
174584,7691393,meknes,sidi bouzekri,12,SAFE_10,Sidi bouzekri à Meknes
174586,7691415,bouznika,quartier industriel,31,SAFE_25,Quartier Industriel à Bouznika
174588,7691461,meknes,hamria,152,SAFE_25,Hamria à Meknes
174589,7691515,casablanca,anassi,40,SAFE_25,Anassi à Casablanca
174591,7691552,tanger,tanja balia,220,SAFE_25,Tanja Balia à Tanger
174592,7691560,casablanca,al azhar,21,SAFE_10,Al Azhar à Casablanca
174595,7691586,casablanca,al azhar,21,SAFE_10,Al Azhar à Casablanca
174596,7691608,marrakech,gueliz,1250,SAFE_25,Guéliz à Marrakech
174597,7691630,casablanca,racine,596,SAFE_25,Racine à Casablanca
174599,7691635,casablanca,ain sebaa,344,SAFE_25,Aïn Sebaâ à Casablanca
174602,7691653,casablanca,beausite,41,SAFE_25,Beausite à Casablanca
174604,7691674,el jadida,al kodia,9,SAFE_5,Al Kodia à El Jadida
174607,7691712,tanger,hay hassani,92,SAFE_25,Hay Hassani à Tanger
174608,7691727,sale,tabriquet,37,SAFE_25,Tabriquet à Salé
174610,7691731,settat,smaala,9,SAFE_5,Smaâla à Settat
174611,7691734,casablanca,val fleury,190,SAFE_25,Val Fleury à Casablanca
174612,7691740,kenitra,maamora,58,SAFE_25,Maamora à Kénitra
174613,7691752,casablanca,maarif extension,351,SAFE_25,Maârif Extension à Casablanca
174614,7691756,bouznika,plage oued cherrat,118,SAFE_25,Plage Oued Cherrat à Bouznika
174615,7691789,sale,hay oued dahab,10,SAFE_10,Hay Oued Dahab à Salé
174616,7691838,casablanca,ferme bretonne hay arraha,189,SAFE_25,Ferme Bretonne (Hay Arraha) à Casablanca
174617,7691856,meknes,marjane,146,SAFE_25,Marjane à Meknes
174618,7691875,settat,hay salam,6,SAFE_5,Hay salam à Settat
174619,7691897,casablanca,racine extension,51,SAFE_25,Racine Extension à Casablanca
174625,7691989,tanger,boukhalef,98,SAFE_25,Boukhalef à Tanger
174630,7692124,casablanca,maarif extension,351,SAFE_25,Maârif Extension à Casablanca
174631,7692132,marrakech,gueliz,1250,SAFE_25,Guéliz à Marrakech
174632,7692134,casablanca,dar touzani,6,SAFE_5,Dar Touzani à Casablanca
174633,7692164,fes,mont fleuri,13,SAFE_10,Mont Fleuri à Fès
174635,7692171,casablanca,ain borja,88,SAFE_25,Ain Borja à Casablanca
174638,7692186,casablanca,sidi maarouf,518,SAFE_25,Sidi Maarouf à Casablanca
174639,7692191,casablanca,anfa superieur,66,SAFE_25,Anfa Supérieur à Casablanca
174640,7692192,casablanca,racine,596,SAFE_25,Racine à Casablanca
174648,7692319,marrakech,route d agadir essaouira,143,SAFE_25,Route d'Agadir - Essaouira à Marrakech
174649,7692353,casablanca,racine,596,SAFE_25,Racine à Casablanca
174651,7692374,casablanca,ain sebaa,344,SAFE_25,Aïn Sebaâ à Casablanca
174654,7692392,marrakech,mhamid,253,SAFE_25,Mhamid à Marrakech
174655,7692432,tanger,branes 2,42,SAFE_25,Branes 2 à Tanger
174656,7692440,casablanca,ain sebaa,344,SAFE_25,Aïn Sebaâ à Casablanca
174658,7692442,casablanca,mers sultan,170,SAFE_25,Mers Sultan à Casablanca
174659,7692444,temara,abbadi,25,SAFE_25,Abbadi à Temara
174660,7692451,kenitra,la ville haute,69,SAFE_25,La Ville Haute à Kénitra
174662,7692470,casablanca,bourgogne ouest,380,SAFE_25,Bourgogne Ouest à Casablanca
174663,7692487,sale,ouled moussa,10,SAFE_10,Ouled Moussa à Salé
174664,7692494,casablanca,cil hay salam,225,SAFE_25,CIL (Hay Salam) à Casablanca
174666,7692503,agadir,cite adrar,16,SAFE_10,Cité Adrar à Agadir
174668,7692515,casablanca,bourgogne ouest,380,SAFE_25,Bourgogne Ouest à Casablanca
174673,7692626,marrakech,gueliz,1250,SAFE_25,Guéliz à Marrakech
174674,7692634,casablanca,racine,596,SAFE_25,Racine à Casablanca
174675,7692636,marrakech,hivernage,273,SAFE_25,Hivernage à Marrakech
174676,7692652,nador,selouane,21,SAFE_10,Selouane à Nador
174677,7692660,sale,ouled moussa,10,SAFE_10,Ouled Moussa à Salé
174678,7692665,casablanca,casablanca marina,100,SAFE_25,Casablanca Marina à Casablanca
174680,7692683,mohammedia,quartier du parc,79,SAFE_25,Quartier du Parc à Mohammedia
174682,7692739,tetouan,laayoune,2,LOW,Laayoune à Tétouan
174683,7692754,sale,sala el jadida,84,SAFE_25,Sala el Jadida à Salé
174685,7692764,tanger,route nationale assilah n1,134,SAFE_25,Route Nationale Assilah (N1) à Tanger
174686,7692776,kenitra,el hadadda,51,SAFE_25,El Hadadda à Kénitra
174688,7692806,casablanca,racine,596,SAFE_25,Racine à Casablanca
174689,7692824,agadir,founti,96,SAFE_25,Founti à Agadir
174694,7692903,marrakech,sidi ghanem,14,SAFE_10,Sidi Ghanem à Marrakech
174696,7692967,casablanca,racine,596,SAFE_25,Racine à Casablanca
174697,7692979,casablanca,maarif extension,351,SAFE_25,Maârif Extension à Casablanca
174698,7692981,marrakech,zaouia sidi ghalem,48,SAFE_25,Zaouia Sidi Ghalem à Marrakech
174699,7692986,rabat,hay nahda,43,SAFE_25,Hay Nahda à Rabat
174700,7692999,rabat,agdal,313,SAFE_25,Agdal à Rabat
174701,7693003,marrakech,mhamid,253,SAFE_25,Mhamid à Marrakech
174702,7693010,casablanca,ain sebaa,344,SAFE_25,Aïn Sebaâ à Casablanca
174704,7693021,casablanca,racine,596,SAFE_25,Racine à Casablanca
174705,7693025,marrakech,route amizmiz,500,SAFE_25,Route Amizmiz à Marrakech
174706,7693031,casablanca,ain sebaa,344,SAFE_25,Aïn Sebaâ à Casablanca
174709,7693065,essaouira,lahrarta,13,SAFE_10,Lahrarta à Essaouira
174710,7693079,tetouan,wilaya,41,SAFE_25,Wilaya à Tétouan
174713,7693139,rabat,agdal,313,SAFE_25,Agdal à Rabat
174716,7693163,tanger,ahlane,96,SAFE_25,Ahlane à Tanger
174717,7693166,marrakech,route amizmiz,500,SAFE_25,Route Amizmiz à Marrakech
174718,7693176,fes,nouvelle ville,31,SAFE_25,Nouvelle Ville à Fès
174722,7693206,oujda,lazaret,21,SAFE_10,Lazaret à Oujda
174726,7693233,mohammedia,monica,17,SAFE_10,Monica à Mohammedia
174730,7693259,casablanca,hay alfalah,3,LOW,Hay Alfalah à Casablanca
174734,7693307,rabat,souissi,566,SAFE_25,Souissi à Rabat
174743,7693481,fes,l habitat,6,SAFE_5,L'habitat à Fès
174745,7693516,casablanca,la gironde,122,SAFE_25,La Gironde à Casablanca
174746,7693531,rabat,l ocean,61,SAFE_25,L'Ocean à Rabat
174749,7693586,tanger,mozart,64,SAFE_25,Mozart à Tanger
174751,7693624,sale,sidi hajji,27,SAFE_25,Sidi Hajji à Salé
174752,7693643,casablanca,ahl loghlam hay assalam,21,SAFE_10,Ahl Loghlam (Hay Assalam) à Casablanca
174753,7693649,tanger,branes 2,42,SAFE_25,Branes 2 à Tanger
174754,7693667,tanger,achakar,164,SAFE_25,Achakar à Tanger
174755,7693668,meknes,marjane,146,SAFE_25,Marjane à Meknes
174756,7693674,casablanca,californie,735,SAFE_25,Californie à Casablanca
174758,7693695,casablanca,belvedere,301,SAFE_25,Belvédère à Casablanca
174759,7693708,fes,ain amiyer,11,SAFE_10,Ain Amiyer à Fès
174761,7693726,khemisset,hay essalam,11,SAFE_10,Hay Essalam à Khémisset
174762,7693753,mohammedia,quartier du parc,79,SAFE_25,Quartier du Parc à Mohammedia
174763,7693756,tanger,route nationale assilah n1,134,SAFE_25,Route Nationale Assilah (N1) à Tanger
174765,7693778,casablanca,bourgogne ouest,380,SAFE_25,Bourgogne Ouest à Casablanca
174766,7693817,sale,sidi abdellah,18,SAFE_10,Sidi Abdellah à Salé
174767,7693825,sale,sakani,12,SAFE_10,Sakani à Salé
174768,7693834,fes,quartier oued fes,34,SAFE_25,Quartier Oued Fes à Fès
174771,7693851,tanger,iberie,173,SAFE_25,Iberie à Tanger
174772,7693864,tanger,de la plage,188,SAFE_25,De La Plage à Tanger
174774,7693886,casablanca,gauthier,422,SAFE_25,Gauthier à Casablanca
174775,7693892,tanger,tanger city center,86,SAFE_25,Tanger City Center à Tanger
174776,7693897,marrakech,hivernage,273,SAFE_25,Hivernage à Marrakech
174777,7693902,casablanca,nassim 1,64,SAFE_25,Nassim 1 à Casablanca
174778,7693903,benslimane,golf de benslimane,48,SAFE_25,Golf de Benslimane à Benslimane
174779,7693914,tanger,branes kdima,29,SAFE_25,Branes Kdima à Tanger
174780,7693915,agadir,hay najah,11,SAFE_10,Hay Najah à Agadir
174781,7693917,casablanca,belvedere,301,SAFE_25,Belvédère à Casablanca
174782,7693968,fes,nouvelle ville,31,SAFE_25,Nouvelle Ville à Fès
174783,7693970,fes,route ain chkaf,51,SAFE_25,Route ain Chkaf à Fès
174786,7693985,casablanca,anfa,374,SAFE_25,Anfa à Casablanca
174787,7693998,agadir,hay salam,64,SAFE_25,Hay Salam à Agadir
174788,7694009,casablanca,belvedere,301,SAFE_25,Belvédère à Casablanca
174789,7694033,marrakech,hivernage,273,SAFE_25,Hivernage à Marrakech
174792,7694062,fes,zouagha,21,SAFE_10,Zouagha à Fès
174793,7694076,bouznika,plage oued cherrat,118,SAFE_25,Plage Oued Cherrat à Bouznika
174794,7694088,marrakech,samlalia,132,SAFE_25,Samlalia à Marrakech
174795,7694144,casablanca,racine extension,51,SAFE_25,Racine Extension à Casablanca
174797,7694193,kenitra,el hadadda,51,SAFE_25,El Hadadda à Kénitra
174798,7694199,marrakech,gueliz,1250,SAFE_25,Guéliz à Marrakech
174799,7694201,el jadida,quartier aerodrome,20,SAFE_10,Quartier Aérodrome à El Jadida
174800,7694228,oujda,lazaret,21,SAFE_10,Lazaret à Oujda
174801,7694263,kenitra,maghrib arabi,29,SAFE_25,Maghrib Arabi à Kénitra
174802,7694267,rabat,hay el menzah,56,SAFE_25,Hay El Menzah à Rabat
174804,7694337,casablanca,californie,735,SAFE_25,Californie à Casablanca
174805,7694372,casablanca,maarif,326,SAFE_25,Maârif à Casablanca
174806,7694374,marrakech,route casablanca,269,SAFE_25,Route Casablanca à Marrakech
174807,7694380,casablanca,hay zobir,38,SAFE_25,Hay Zobir à Casablanca
174808,7694391,casablanca,sidi maarouf,518,SAFE_25,Sidi Maarouf à Casablanca
174809,7694416,fes,route ain chkaf,51,SAFE_25,Route ain Chkaf à Fès
174810,7694463,casablanca,ain borja,88,SAFE_25,Ain Borja à Casablanca
174812,7694497,casablanca,al azhar,21,SAFE_10,Al Azhar à Casablanca
174813,7694514,casablanca,oulfa,409,SAFE_25,Oulfa à Casablanca
174814,7694530,marrakech,gueliz,1250,SAFE_25,Guéliz à Marrakech
174815,7694533,marrakech,route casablanca,269,SAFE_25,Route Casablanca à Marrakech
174816,7694534,agadir,tilila,54,SAFE_25,Tilila à Agadir
174817,7694535,casablanca,ain sebaa,344,SAFE_25,Aïn Sebaâ à Casablanca
174818,7694548,casablanca,franceville,76,SAFE_25,Franceville à Casablanca
174819,7694549,oujda,jawhara,20,SAFE_10,Jawhara à Oujda
174821,7694582,mohammedia,quartier du parc,79,SAFE_25,Quartier du Parc à Mohammedia
174822,7694598,casablanca,al qods,132,SAFE_25,Al Qods à Casablanca
174823,7694616,casablanca,hermitage,63,SAFE_25,Hermitage à Casablanca
174825,7694639,marrakech,route de safi,237,SAFE_25,Route de Safi à Marrakech
174831,7694747,tanger,de la plage,188,SAFE_25,De La Plage à Tanger
174833,7694782,casablanca,beausejour,150,SAFE_25,Beauséjour à Casablanca
174834,7694788,casablanca,racine,596,SAFE_25,Racine à Casablanca
174835,7694811,casablanca,al qods,132,SAFE_25,Al Qods à Casablanca
174836,7694835,casablanca,sidi moumen,119,SAFE_25,Sidi Moumen à Casablanca
174838,7694865,casablanca,casablanca finance city,208,SAFE_25,Casablanca Finance City à Casablanca
174839,7694898,casablanca,val fleury,190,SAFE_25,Val Fleury à Casablanca
174841,7694928,tanger,malabata,421,SAFE_25,Malabata à Tanger
174842,7694929,tanger,malabata,421,SAFE_25,Malabata à Tanger
174843,7694930,tanger,malabata,421,SAFE_25,Malabata à Tanger
174844,7694931,tanger,malabata,421,SAFE_25,Malabata à Tanger
174845,7694932,tanger,malabata,421,SAFE_25,Malabata à Tanger
174846,7694933,tanger,malabata,421,SAFE_25,Malabata à Tanger
174847,7694934,tanger,malabata,421,SAFE_25,Malabata à Tanger
174848,7694935,tanger,malabata,421,SAFE_25,Malabata à Tanger
174849,7694936,tanger,malabata,421,SAFE_25,Malabata à Tanger
174850,7694938,tanger,malabata,421,SAFE_25,Malabata à Tanger
174851,7694939,tanger,malabata,421,SAFE_25,Malabata à Tanger
174852,7694940,tanger,malabata,421,SAFE_25,Malabata à Tanger
174853,7694941,tanger,malabata,421,SAFE_25,Malabata à Tanger
174854,7694942,tanger,malabata,421,SAFE_25,Malabata à Tanger
174856,7694973,tanger,branes 2,42,SAFE_25,Branes 2 à Tanger
174857,7695030,casablanca,oasis sud,25,SAFE_25,Oasis sud à Casablanca
174858,7695066,meknes,hamria,152,SAFE_25,Hamria à Meknes
174859,7695138,casablanca,sidi maarouf,518,SAFE_25,Sidi Maarouf à Casablanca
174863,7695231,casablanca,oasis,332,SAFE_25,Oasis à Casablanca
174864,7695232,temara,abbadi,25,SAFE_25,Abbadi à Temara
174865,7695249,agadir,haut founty,47,SAFE_25,Haut Founty à Agadir
174866,7695276,marrakech,route d agadir essaouira,143,SAFE_25,Route d'Agadir - Essaouira à Marrakech
174867,7695289,casablanca,ain sebaa,344,SAFE_25,Aïn Sebaâ à Casablanca
174868,7695303,casablanca,maarif extension,351,SAFE_25,Maârif Extension à Casablanca
174871,7695337,casablanca,oulfa,409,SAFE_25,Oulfa à Casablanca
174872,7695345,casablanca,hay adil,2,LOW,Hay Adil à Casablanca
174873,7695355,casablanca,bourgogne ouest,380,SAFE_25,Bourgogne Ouest à Casablanca
174874,7695364,fes,quartier oued fes,34,SAFE_25,Quartier Oued Fes à Fès
174875,7695390,fes,route ain chkaf,51,SAFE_25,Route ain Chkaf à Fès
174876,7695392,tanger,zemmouri,11,SAFE_10,Zemmouri à Tanger
174877,7695401,tanger,beni touzine,22,SAFE_10,Beni Touzine à Tanger
174879,7695424,casablanca,mandarona,87,SAFE_25,Mandarona à Casablanca
174881,7695502,rabat,hay nahda,43,SAFE_25,Hay Nahda à Rabat
174883,7695561,casablanca,les hopitaux,385,SAFE_25,Les Hôpitaux à Casablanca
174884,7695572,marrakech,ain mezouar,54,SAFE_25,Ain Mezouar à Marrakech
174885,7695574,rabat,kebibat,33,SAFE_25,Kébibat à Rabat
174886,7695576,agadir,hay salam,64,SAFE_25,Hay Salam à Agadir
174887,7695604,marrakech,samlalia,132,SAFE_25,Samlalia à Marrakech
174889,7695634,rabat,l ocean,61,SAFE_25,L'Ocean à Rabat
174891,7695650,essaouira,skala,1,LOW,Skala à Essaouira
174892,7695660,agadir,hay mohammadi,183,SAFE_25,Hay Mohammadi à Agadir
174897,7695705,fes,al adarissa,3,LOW,Al Adarissa à Fès
174900,7695732,mohammedia,quartier du soleil,11,SAFE_10,Quartier Du Soleil à Mohammedia
174901,7695741,casablanca,sidi moumen,119,SAFE_25,Sidi Moumen à Casablanca
174902,7695758,fes,champ de course,17,SAFE_10,Champ de course à Fès
174903,7695773,casablanca,oulfa,409,SAFE_25,Oulfa à Casablanca
174905,7695805,agadir,hay najah,11,SAFE_10,Hay Najah à Agadir
174907,7695821,marrakech,ain mezouar,54,SAFE_25,Ain Mezouar à Marrakech
174911,7695842,el jadida,essaada,55,SAFE_25,Essaada à El Jadida
174912,7695846,marrakech,agdal,514,SAFE_25,Agdal à Marrakech
174913,7695848,temara,massira 1,28,SAFE_25,Massira 1 à Temara
174914,7695851,agadir,hay salam,64,SAFE_25,Hay Salam à Agadir
174917,7695883,casablanca,sidi maarouf,518,SAFE_25,Sidi Maarouf à Casablanca
174918,7695884,marrakech,hay mabrouka,95,SAFE_25,Hay Mabrouka à Marrakech
174919,7695887,fes,route se sefrou,16,SAFE_10,Route se Sefrou à Fès
174922,7695905,mohammedia,nassim,37,SAFE_25,Nassim à Mohammedia
174923,7695907,marrakech,route de safi,237,SAFE_25,Route de Safi à Marrakech
174924,7695909,marrakech,hay saada,42,SAFE_25,Hay Saada à Marrakech
174926,7695922,marrakech,route amizmiz,500,SAFE_25,Route Amizmiz à Marrakech
174927,7695924,marrakech,mhamid,253,SAFE_25,Mhamid à Marrakech
174929,7695941,marrakech,route casablanca,269,SAFE_25,Route Casablanca à Marrakech
174932,7695987,tanger,route nationale assilah n1,134,SAFE_25,Route Nationale Assilah (N1) à Tanger
174933,7695998,rabat,diour jamaa,38,SAFE_25,Diour Jamaa à Rabat
174935,7696036,bouznika,plage oued cherrat,118,SAFE_25,Plage Oued Cherrat à Bouznika
174938,7696049,oujda,boustane,15,SAFE_10,Boustane à Oujda
174939,7696052,agadir,hay mohammadi,183,SAFE_25,Hay Mohammadi à Agadir
174941,7696088,casablanca,hay hassani,116,SAFE_25,Hay Hassani à Casablanca
174942,7696089,bouznika,quartier industriel,31,SAFE_25,Quartier Industriel à Bouznika
174946,7696109,agadir,talborjt,18,SAFE_10,Talborjt à Agadir
174947,7696120,marrakech,route de fez,469,SAFE_25,Route de Fez à Marrakech
174949,7696137,tetouan,route de ceuta,19,SAFE_10,Route de Ceuta à Tétouan
174951,7696142,kenitra,mimosas,57,SAFE_25,Mimosas à Kénitra
174954,7696177,casablanca,les hopitaux,385,SAFE_25,Les Hôpitaux à Casablanca
174964,7696285,kenitra,maghrib arabi,29,SAFE_25,Maghrib Arabi à Kénitra
174965,7696336,casablanca,hay zobir,38,SAFE_25,Hay Zobir à Casablanca
174966,7696373,casablanca,mandarona,87,SAFE_25,Mandarona à Casablanca
174967,7696425,tanger,castilla,76,SAFE_25,Castilla à Tanger
174970,7696484,casablanca,derb ghalef,98,SAFE_25,Derb Ghalef à Casablanca
174971,7696498,casablanca,maarif,326,SAFE_25,Maârif à Casablanca
174973,7696586,marrakech,route casablanca,269,SAFE_25,Route Casablanca à Marrakech
174974,7696610,marrakech,hay mabrouka,95,SAFE_25,Hay Mabrouka à Marrakech
174975,7696617,marrakech,hay mabrouka,95,SAFE_25,Hay Mabrouka à Marrakech
174976,7696620,marrakech,hay mabrouka,95,SAFE_25,Hay Mabrouka à Marrakech
174977,7696637,marrakech,hay mabrouka,95,SAFE_25,Hay Mabrouka à Marrakech
174978,7696639,casablanca,palmier,340,SAFE_25,Palmier à Casablanca
174981,7696711,rabat,hay nahda,43,SAFE_25,Hay Nahda à Rabat
174982,7696724,casablanca,hay mohammadi,65,SAFE_25,Hay Mohammadi à Casablanca
174984,7696759,marrakech,daoudiat,64,SAFE_25,Daoudiat à Marrakech
174986,7696801,casablanca,maarif extension,351,SAFE_25,Maârif Extension à Casablanca
174989,7696837,mohammedia,nassim,37,SAFE_25,Nassim à Mohammedia
174990,7696865,sale,hay chmaou,56,SAFE_25,Hay Chmaou à Salé
174991,7696875,agadir,hay mohammadi,183,SAFE_25,Hay Mohammadi à Agadir
174993,7696908,marrakech,gueliz,1250,SAFE_25,Guéliz à Marrakech
174994,7696935,casablanca,bournazil,16,SAFE_10,Bournazil à Casablanca
174995,7696945,fes,route ain chkaf,51,SAFE_25,Route ain Chkaf à Fès
174996,7696970,safi,sidi bouzid,15,SAFE_10,Sidi Bouzid à Safi
174997,7696981,sale,hay oued dahab,10,SAFE_10,Hay Oued Dahab à Salé
174998,7696990,essaouira,route d agadir,13,SAFE_10,Route d'Agadir à Essaouira
174999,7697024,sale,abouab sala,17,SAFE_10,Abouab Sala à Salé
175000,7697045,casablanca,bernoussi,99,SAFE_25,Bernoussi à Casablanca
175001,7697048,casablanca,bernoussi,99,SAFE_25,Bernoussi à Casablanca
175002,7697050,marrakech,hivernage,273,SAFE_25,Hivernage à Marrakech
175005,7697092,tanger,boukhalef,98,SAFE_25,Boukhalef à Tanger
175006,7697157,khemisset,lot tadart,1,LOW,Lot Tadart à Khémisset
175007,7697167,marrakech,camp al ghoul,112,SAFE_25,Camp Al Ghoul à Marrakech
175008,7697174,marrakech,camp al ghoul,112,SAFE_25,Camp Al Ghoul à Marrakech
175009,7697190,casablanca,hay inara,27,SAFE_25,Hay Inara à Casablanca
175010,7697194,mohammedia,port,3,LOW,Port à Mohammedia
175012,7697221,rabat,agdal,313,SAFE_25,Agdal à Rabat
175014,7697245,casablanca,hay sadri,7,SAFE_5,Hay Sadri à Casablanca
175018,7697273,mohammedia,mannesmann,37,SAFE_25,Mannesmann à Mohammedia
175019,7697277,casablanca,bourgogne ouest,380,SAFE_25,Bourgogne Ouest à Casablanca
175020,7697405,marrakech,gueliz,1250,SAFE_25,Guéliz à Marrakech
175021,7697416,tanger,manar,103,SAFE_25,Manar à Tanger
175023,7697424,casablanca,hay albaraka,19,SAFE_10,Hay Albaraka à Casablanca
175025,7697443,bouznika,plage oued cherrat,118,SAFE_25,Plage Oued Cherrat à Bouznika
175029,7697553,sale,abouab sala,17,SAFE_10,Abouab Sala à Salé
175031,7697569,rabat,kebibat,33,SAFE_25,Kébibat à Rabat
175033,7697629,mohammedia,wafa,25,SAFE_25,Wafa à Mohammedia
175034,7697664,temara,wifak,121,SAFE_25,Wifak à Temara
175035,7697671,agadir,hay mohammadi,183,SAFE_25,Hay Mohammadi à Agadir
175036,7697672,casablanca,hay hassani,116,SAFE_25,Hay Hassani à Casablanca
175037,7697673,marrakech,ain mezouar,54,SAFE_25,Ain Mezouar à Marrakech
175038,7697681,casablanca,sidi moumen,119,SAFE_25,Sidi Moumen à Casablanca
175039,7697694,sale,tabriquet,37,SAFE_25,Tabriquet à Salé
175041,7697699,tanger,msala,22,SAFE_10,Msala à Tanger
175042,7697710,tanger,mghogha,80,SAFE_25,Mghogha à Tanger
175046,7697776,casablanca,bourgogne ouest,380,SAFE_25,Bourgogne Ouest à Casablanca
175047,7697820,kenitra,val fleuri,31,SAFE_25,Val Fleuri à Kénitra
175048,7697847,casablanca,palmier,340,SAFE_25,Palmier à Casablanca
175049,7697858,casablanca,gauthier,422,SAFE_25,Gauthier à Casablanca
175054,7698038,rabat,hay nahda,43,SAFE_25,Hay Nahda à Rabat
175055,7698070,agadir,taddart anza,11,SAFE_10,Taddart Anza à Agadir
175057,7698075,mohammedia,al aalia,51,SAFE_25,Al Aalia à Mohammedia
175058,7698087,tanger,ahlane,96,SAFE_25,Ahlane à Tanger
175059,7698123,casablanca,val fleury,190,SAFE_25,Val Fleury à Casablanca
175060,7698126,sale,hay chmaou,56,SAFE_25,Hay Chmaou à Salé
175065,7698205,casablanca,val fleury,190,SAFE_25,Val Fleury à Casablanca
175066,7698219,casablanca,val fleury,190,SAFE_25,Val Fleury à Casablanca
175067,7698227,casablanca,val fleury,190,SAFE_25,Val Fleury à Casablanca
175068,7698230,rabat,hay al kora,8,SAFE_5,Hay Al Kora à Rabat
175069,7698232,marrakech,route amizmiz,500,SAFE_25,Route Amizmiz à Marrakech
175070,7698244,casablanca,val fleury,190,SAFE_25,Val Fleury à Casablanca
175072,7698301,casablanca,triangle d or,142,SAFE_25,Triangle d'Or à Casablanca
175073,7698332,marrakech,hay mabrouka,95,SAFE_25,Hay Mabrouka à Marrakech
175074,7698345,rabat,riyad,566,SAFE_25,Riyad à Rabat
175076,7698368,meknes,hamria,152,SAFE_25,Hamria à Meknes
175077,7698381,casablanca,casablanca finance city,208,SAFE_25,Casablanca Finance City à Casablanca
175080,7698385,tanger,branes 1,16,SAFE_10,Branes 1 à Tanger
175081,7698389,safi,azib derai,8,SAFE_5,Azib Derai à Safi
175083,7698431,el jadida,quartier aerodrome,20,SAFE_10,Quartier Aérodrome à El Jadida
175084,7698437,casablanca,sidi el khadir,14,SAFE_10,Sidi El Khadir à Casablanca
175086,7698469,agadir,tilila,54,SAFE_25,Tilila à Agadir
175088,7698522,mohammedia,quartier du parc,79,SAFE_25,Quartier du Parc à Mohammedia
175090,7698585,tanger,mghogha,80,SAFE_25,Mghogha à Tanger
175091,7698586,casablanca,maarif extension,351,SAFE_25,Maârif Extension à Casablanca
175092,7698598,casablanca,maarif,326,SAFE_25,Maârif à Casablanca
175093,7698615,temara,riad oulad mtaa,35,SAFE_25,Riad Oulad Mtaa à Temara
175095,7698647,tanger,sania,64,SAFE_25,Sania à Tanger
175096,7698664,casablanca,bourgogne ouest,380,SAFE_25,Bourgogne Ouest à Casablanca
175098,7698712,casablanca,ain sebaa,344,SAFE_25,Aïn Sebaâ à Casablanca
175100,7698738,benslimane,oasis,5,SAFE_5,Oasis à Benslimane
175101,7698765,casablanca,gauthier,422,SAFE_25,Gauthier à Casablanca
175102,7698777,casablanca,bourgogne ouest,380,SAFE_25,Bourgogne Ouest à Casablanca
175105,7698863,temara,wifak,121,SAFE_25,Wifak à Temara
175108,7698880,casablanca,californie,735,SAFE_25,Californie à Casablanca
175114,7698888,casablanca,californie,735,SAFE_25,Californie à Casablanca
175115,7698889,casablanca,californie,735,SAFE_25,Californie à Casablanca
175117,7698892,casablanca,californie,735,SAFE_25,Californie à Casablanca
175119,7698930,tanger,du golf,123,SAFE_25,Du Golf à Tanger
175122,7698958,rabat,aviation mabella,79,SAFE_25,Aviation - Mabella à Rabat
175123,7698960,casablanca,hay zobir,38,SAFE_25,Hay Zobir à Casablanca
175124,7698961,casablanca,salmia 1,1,LOW,Salmia 1 à Casablanca
175125,7698967,fes,champ de course,17,SAFE_10,Champ de course à Fès
175126,7698977,casablanca,les princesses,332,SAFE_25,Les princesses à Casablanca
175128,7698980,casablanca,les princesses,332,SAFE_25,Les princesses à Casablanca
175129,7698994,marrakech,gueliz,1250,SAFE_25,Guéliz à Marrakech
175131,7699026,casablanca,beausejour,150,SAFE_25,Beauséjour à Casablanca
175132,7699130,tanger,boukhalef,98,SAFE_25,Boukhalef à Tanger
175133,7699154,meknes,marjane,146,SAFE_25,Marjane à Meknes
175135,7699184,casablanca,bourgogne est,157,SAFE_25,Bourgogne Est à Casablanca
175136,7699210,casablanca,mers sultan,170,SAFE_25,Mers Sultan à Casablanca
175137,7699217,casablanca,val fleury,190,SAFE_25,Val Fleury à Casablanca
175140,7699227,tanger,hay hassani,92,SAFE_25,Hay Hassani à Tanger
175141,7699240,casablanca,val fleury,190,SAFE_25,Val Fleury à Casablanca
175142,7699259,tanger,casabarata,18,SAFE_10,Casabarata à Tanger
175143,7699270,kenitra,maamora,58,SAFE_25,Maamora à Kénitra
175144,7699283,marrakech,daoudiat,64,SAFE_25,Daoudiat à Marrakech
175145,7699314,casablanca,fonciere,22,SAFE_10,Foncière à Casablanca
175148,7699345,mohammedia,quartier du soleil,11,SAFE_10,Quartier Du Soleil à Mohammedia
175153,7699354,casablanca,nassim 1,64,SAFE_25,Nassim 1 à Casablanca
175156,7699377,mohammedia,wafa,25,SAFE_25,Wafa à Mohammedia
175158,7699383,marrakech,route de safi,237,SAFE_25,Route de Safi à Marrakech
175159,7699396,sale,tabriquet,37,SAFE_25,Tabriquet à Salé
175160,7699402,sale,hay rahma,10,SAFE_10,Hay Rahma à Salé
175161,7699406,tetouan,route de ceuta,19,SAFE_10,Route de Ceuta à Tétouan
175162,7699416,marrakech,gueliz,1250,SAFE_25,Guéliz à Marrakech
175164,7699444,marrakech,route d agadir essaouira,143,SAFE_25,Route d'Agadir - Essaouira à Marrakech
175165,7699461,casablanca,roches noires,198,SAFE_25,Roches Noires à Casablanca
175170,7699576,tanger,azib haj kaddour,10,SAFE_10,Azib Haj Kaddour à Tanger
175173,7699623,sale,hay chmaou,56,SAFE_25,Hay Chmaou à Salé
175175,7699697,bouznika,al kawtar,71,SAFE_25,Al Kawtar à Bouznika
175176,7699703,kenitra,mimosas,57,SAFE_25,Mimosas à Kénitra
175177,7699792,sale,frougui,1,LOW,Frougui à Salé
175178,7699794,casablanca,les hopitaux,385,SAFE_25,Les Hôpitaux à Casablanca
175180,7699858,casablanca,californie,735,SAFE_25,Californie à Casablanca
175182,7699896,meknes,hamria,152,SAFE_25,Hamria à Meknes
175183,7699898,temara,wifak,121,SAFE_25,Wifak à Temara
175184,7699914,casablanca,ain sebaa,344,SAFE_25,Aïn Sebaâ à Casablanca
175186,7699947,casablanca,racine,596,SAFE_25,Racine à Casablanca
175189,7699964,tetouan,ziana,8,SAFE_5,Ziana à Tétouan
175190,7699974,casablanca,franceville,76,SAFE_25,Franceville à Casablanca
175191,7699998,safi,azib derai,8,SAFE_5,Azib Derai à Safi
175192,7700013,casablanca,ain sebaa,344,SAFE_25,Aïn Sebaâ à Casablanca
175194,7700030,kenitra,maamora,58,SAFE_25,Maamora à Kénitra
175195,7700055,marrakech,les portes de marrakech,94,SAFE_25,Les Portes de Marrakech à Marrakech
175196,7700102,casablanca,beausejour,150,SAFE_25,Beauséjour à Casablanca
175197,7700129,casablanca,hay mohammadi,65,SAFE_25,Hay Mohammadi à Casablanca
175201,7700194,casablanca,sidi maarouf,518,SAFE_25,Sidi Maarouf à Casablanca
175203,7700248,rabat,hay al kora,8,SAFE_5,Hay Al Kora à Rabat
175206,7700264,casablanca,mers sultan,170,SAFE_25,Mers Sultan à Casablanca
175208,7700273,casablanca,nassim 2,43,SAFE_25,Nassim 2 à Casablanca
175209,7700286,bouznika,quartier industriel,31,SAFE_25,Quartier Industriel à Bouznika
175210,7700303,casablanca,nassim 1,64,SAFE_25,Nassim 1 à Casablanca
175212,7700315,tanger,moujahidine,132,SAFE_25,Moujahidine à Tanger
175213,7700320,casablanca,roches noires,198,SAFE_25,Roches Noires à Casablanca
175214,7700327,el jadida,essaada,55,SAFE_25,Essaada à El Jadida
175215,7700329,meknes,hamria,152,SAFE_25,Hamria à Meknes
175216,7700332,casablanca,al hadika,25,SAFE_25,Al Hadika à Casablanca
175217,7700344,agadir,hay mohammadi,183,SAFE_25,Hay Mohammadi à Agadir
175218,7700345,mohammedia,la siesta,62,SAFE_25,La Siesta à Mohammedia
175219,7700348,kenitra,maamora,58,SAFE_25,Maamora à Kénitra
175221,7700392,bouznika,hay toummert,9,SAFE_5,Hay Toummert à Bouznika
175222,7700396,fes,quartier oued fes,34,SAFE_25,Quartier Oued Fes à Fès
175223,7700416,marrakech,hay mabrouka,95,SAFE_25,Hay Mabrouka à Marrakech
175224,7700422,casablanca,hay chrifa,49,SAFE_25,Hay Chrifa à Casablanca
175225,7700423,temara,skikina,28,SAFE_25,Skikina à Temara
175227,7700435,casablanca,ain borja,88,SAFE_25,Ain Borja à Casablanca
175228,7700442,khemisset,cgi,8,SAFE_5,CGI à Khémisset
175229,7700468,rabat,riyad,566,SAFE_25,Riyad à Rabat
175230,7700474,casablanca,val fleury,190,SAFE_25,Val Fleury à Casablanca
175231,7700478,sale,tabriquet,37,SAFE_25,Tabriquet à Salé
175232,7700480,rabat,haut agdal,84,SAFE_25,Haut Agdal à Rabat
175233,7700481,casablanca,oulfa,409,SAFE_25,Oulfa à Casablanca
175235,7700516,agadir,riad salam,33,SAFE_25,Riad Salam à Agadir
175237,7700540,casablanca,mers sultan,170,SAFE_25,Mers Sultan à Casablanca
175239,7700560,casablanca,oulfa,409,SAFE_25,Oulfa à Casablanca
175240,7700566,casablanca,oulfa,409,SAFE_25,Oulfa à Casablanca
175241,7700578,casablanca,maarif,326,SAFE_25,Maârif à Casablanca
175242,7700583,casablanca,beausite,41,SAFE_25,Beausite à Casablanca
175244,7700609,meknes,marjane,146,SAFE_25,Marjane à Meknes
175245,7700634,casablanca,hay al amal,7,SAFE_5,Hay Al Amal à Casablanca
175246,7700637,casablanca,hay moulay rachid 6,1,LOW,Hay Moulay Rachid 6 à Casablanca
175247,7700642,casablanca,californie,735,SAFE_25,Californie à Casablanca
175249,7700655,casablanca,belvedere,301,SAFE_25,Belvédère à Casablanca
175250,7700666,khemisset,lot al wafa,1,LOW,Lot Al Wafa à Khémisset
175251,7700667,meknes,hamria,152,SAFE_25,Hamria à Meknes
175252,7700671,el jadida,najmat al janoub,18,SAFE_10,Najmat Al Janoub à El Jadida
175254,7700693,agadir,hay mohammadi,183,SAFE_25,Hay Mohammadi à Agadir
175255,7700705,sale,hay oued dahab,10,SAFE_10,Hay Oued Dahab à Salé
175259,7700726,casablanca,salmia 2,26,SAFE_25,Salmia 2 à Casablanca
175260,7700731,tetouan,martil,5,SAFE_5,Martil à Tétouan
175261,7700736,casablanca,sidi maarouf,518,SAFE_25,Sidi Maarouf à Casablanca
175262,7700738,tetouan,martil,5,SAFE_5,Martil à Tétouan
175263,7700743,tetouan,martil,5,SAFE_5,Martil à Tétouan
175264,7700762,rabat,abi ragrag,3,LOW,Abi Ragrag à Rabat
175265,7700791,casablanca,cil hay salam,225,SAFE_25,CIL (Hay Salam) à Casablanca
175266,7700797,casablanca,maarif extension,351,SAFE_25,Maârif Extension à Casablanca
175267,7700819,casablanca,les hopitaux,385,SAFE_25,Les Hôpitaux à Casablanca
175269,7700827,casablanca,oulfa,409,SAFE_25,Oulfa à Casablanca
175270,7700844,agadir,hay salam,64,SAFE_25,Hay Salam à Agadir
175271,7700854,agadir,hay salam,64,SAFE_25,Hay Salam à Agadir
175273,7700904,casablanca,burger,53,SAFE_25,Burger à Casablanca
175276,7701021,fes,quartier oued fes,34,SAFE_25,Quartier Oued Fes à Fès
175277,7701029,sale,sidi hajji,27,SAFE_25,Sidi Hajji à Salé
175279,7701044,sale,sidi hajji,27,SAFE_25,Sidi Hajji à Salé
175280,7701056,casablanca,hermitage,63,SAFE_25,Hermitage à Casablanca
175281,7701074,essaouira,essaouira el jadida,37,SAFE_25,Essaouira El Jadida à Essaouira
175282,7701079,marrakech,camp al ghoul,112,SAFE_25,Camp Al Ghoul à Marrakech
175283,7701087,marrakech,route casablanca,269,SAFE_25,Route Casablanca à Marrakech
175285,7701145,casablanca,ain diab,457,SAFE_25,Ain Diab à Casablanca
175286,7701174,mohammedia,al aalia,51,SAFE_25,Al Aalia à Mohammedia
175287,7701185,tetouan,martil,5,SAFE_5,Martil à Tétouan
175288,7701192,casablanca,hay zobir,38,SAFE_25,Hay Zobir à Casablanca
175291,7701243,casablanca,anassi,40,SAFE_25,Anassi à Casablanca
175292,7701253,casablanca,sidi maarouf,518,SAFE_25,Sidi Maarouf à Casablanca
175293,7701265,casablanca,oasis,332,SAFE_25,Oasis à Casablanca
175295,7701271,casablanca,mers sultan,170,SAFE_25,Mers Sultan à Casablanca
175296,7701278,casablanca,maarif,326,SAFE_25,Maârif à Casablanca
175298,7701282,casablanca,mers sultan,170,SAFE_25,Mers Sultan à Casablanca
175300,7701299,casablanca,maarif,326,SAFE_25,Maârif à Casablanca
175302,7701316,casablanca,racine,596,SAFE_25,Racine à Casablanca
175304,7701326,sale,hay chmaou,56,SAFE_25,Hay Chmaou à Salé
175305,7701328,meknes,hamria,152,SAFE_25,Hamria à Meknes
175306,7701332,sale,hay chmaou,56,SAFE_25,Hay Chmaou à Salé
175309,7701351,tanger,branes 1,16,SAFE_10,Branes 1 à Tanger
175310,7701357,rabat,hay al fath,34,SAFE_25,Hay Al Fath à Rabat
175312,7701359,kenitra,mimosas,57,SAFE_25,Mimosas à Kénitra
175313,7701374,fes,hay al wifaq,2,LOW,Hay Al Wifaq à Fès
175315,7701417,casablanca,oulfa,409,SAFE_25,Oulfa à Casablanca
175316,7701418,sale,hay chmaou,56,SAFE_25,Hay Chmaou à Salé
175318,7701439,essaouira,essaouira el jadida,37,SAFE_25,Essaouira El Jadida à Essaouira
175319,7701449,casablanca,hay al fadl,7,SAFE_5,Hay Al Fadl à Casablanca
175322,7701477,casablanca,franceville,76,SAFE_25,Franceville à Casablanca
175323,7701487,marrakech,amerchich,50,SAFE_25,Amerchich à Marrakech
175325,7701584,tetouan,mounia,9,SAFE_5,Mounia à Tétouan
175327,7701611,benslimane,golf de benslimane,48,SAFE_25,Golf de Benslimane à Benslimane
175328,7701636,kenitra,ismalia,19,SAFE_10,Ismalia à Kénitra
175330,7701645,casablanca,belvedere,301,SAFE_25,Belvédère à Casablanca
175331,7701670,temara,skikina,28,SAFE_25,Skikina à Temara
175333,7701751,rabat,riyad,566,SAFE_25,Riyad à Rabat
175334,7701786,casablanca,hay hassani,116,SAFE_25,Hay Hassani à Casablanca
175335,7701804,casablanca,oulfa,409,SAFE_25,Oulfa à Casablanca
175336,7701826,essaouira,nouvelle ville,28,SAFE_25,Nouvelle Ville à Essaouira
175339,7701889,mohammedia,quartier du parc,79,SAFE_25,Quartier du Parc à Mohammedia
175340,7701934,marrakech,boulevard med 6,124,SAFE_25,Boulevard Med 6 à Marrakech
175341,7701958,marrakech,gueliz,1250,SAFE_25,Guéliz à Marrakech
175343,7701976,marrakech,agdal,514,SAFE_25,Agdal à Marrakech
175344,7701990,tanger,malabata,421,SAFE_25,Malabata à Tanger
175346,7702012,marrakech,amerchich,50,SAFE_25,Amerchich à Marrakech
175349,7702021,casablanca,ain diab,457,SAFE_25,Ain Diab à Casablanca
175350,7702035,temara,massira 3,13,SAFE_10,Massira 3 à Temara
175351,7702039,marrakech,route casablanca,269,SAFE_25,Route Casablanca à Marrakech
175353,7702062,temara,wifak,121,SAFE_25,Wifak à Temara
175355,7702102,casablanca,beausejour,150,SAFE_25,Beauséjour à Casablanca
175357,7702106,skhirat,plage rose maree,34,SAFE_25,Plage rose marée à Skhirat
175358,7702109,rabat,riyad,566,SAFE_25,Riyad à Rabat
175359,7702118,casablanca,maarif extension,351,SAFE_25,Maârif Extension à Casablanca
175360,7702125,casablanca,mandarona,87,SAFE_25,Mandarona à Casablanca
175361,7702144,casablanca,hay sadri,7,SAFE_5,Hay Sadri à Casablanca
175363,7702162,bouznika,al kawtar,71,SAFE_25,Al Kawtar à Bouznika
175369,7702242,marrakech,route de safi,237,SAFE_25,Route de Safi à Marrakech
175370,7702246,casablanca,maarif extension,351,SAFE_25,Maârif Extension à Casablanca
175372,7702293,meknes,hay salam,30,SAFE_25,Hay salam à Meknes
175376,7702406,casablanca,zone industrielle moulay rachid,14,SAFE_10,Zone Industrielle Moulay Rachid à Casablanca
175378,7702470,agadir,hay salam,64,SAFE_25,Hay Salam à Agadir
175379,7702486,mohammedia,nassim,37,SAFE_25,Nassim à Mohammedia
175381,7702513,casablanca,ferme bretonne hay arraha,189,SAFE_25,Ferme Bretonne (Hay Arraha) à Casablanca
175382,7702521,sale,hay chmaou,56,SAFE_25,Hay Chmaou à Salé
175383,7702527,marrakech,mhamid,253,SAFE_25,Mhamid à Marrakech
175386,7702551,marrakech,mhamid,253,SAFE_25,Mhamid à Marrakech
175388,7702565,marrakech,mhamid,253,SAFE_25,Mhamid à Marrakech
175390,7702631,casablanca,californie,735,SAFE_25,Californie à Casablanca
175392,7702673,fes,agdal,12,SAFE_10,Agdal à Fès
175393,7702681,casablanca,cil hay salam,225,SAFE_25,CIL (Hay Salam) à Casablanca
175394,7702706,casablanca,racine,596,SAFE_25,Racine à Casablanca
175396,7702720,tanger,administratif,164,SAFE_25,Administratif à Tanger
175397,7702728,sale,hay chmaou,56,SAFE_25,Hay Chmaou à Salé
175399,7702745,casablanca,oulfa,409,SAFE_25,Oulfa à Casablanca
175400,7702761,tanger,mister khouch,15,SAFE_10,Mister Khouch à Tanger
175401,7702764,tanger,aouama gharbia,64,SAFE_25,Aouama Gharbia à Tanger
175402,7702787,sale,hay chmaou,56,SAFE_25,Hay Chmaou à Salé
175403,7702790,marrakech,route casablanca,269,SAFE_25,Route Casablanca à Marrakech
175405,7702858,casablanca,oulfa,409,SAFE_25,Oulfa à Casablanca
175406,7702868,tetouan,martil,5,SAFE_5,Martil à Tétouan
175407,7702896,rabat,al kouass,1,LOW,Al Kouass à Rabat
175408,7702898,bouznika,hamza,21,SAFE_10,Hamza à Bouznika
175409,7702909,bouznika,hamza,21,SAFE_10,Hamza à Bouznika
175410,7702910,casablanca,bourgogne ouest,380,SAFE_25,Bourgogne Ouest à Casablanca
175411,7702922,fes,route immouzer,38,SAFE_25,Route Immouzer à Fès
175413,7702956,bouznika,plage oued cherrat,118,SAFE_25,Plage Oued Cherrat à Bouznika
175414,7702971,fes,hay badr,4,LOW,Hay Badr à Fès
175415,7702974,rabat,l ocean,61,SAFE_25,L'Ocean à Rabat
175419,7703074,casablanca,bourgogne ouest,380,SAFE_25,Bourgogne Ouest à Casablanca
175420,7703097,casablanca,ferme bretonne hay arraha,189,SAFE_25,Ferme Bretonne (Hay Arraha) à Casablanca
175422,7703139,casablanca,val fleury,190,SAFE_25,Val Fleury à Casablanca
175425,7703161,fes,bourmana,6,SAFE_5,Bourmana à Fès
175426,7703162,rabat,l ocean,61,SAFE_25,L'Ocean à Rabat
175427,7703164,oujda,el qods,10,SAFE_10,El Qods à Oujda
175429,7703172,agadir,hay salam,64,SAFE_25,Hay Salam à Agadir
175431,7703281,bouznika,al kawtar,71,SAFE_25,Al Kawtar à Bouznika
175432,7703295,agadir,haut founty,47,SAFE_25,Haut Founty à Agadir
175434,7703323,casablanca,oulfa,409,SAFE_25,Oulfa à Casablanca
175435,7703392,casablanca,ain sebaa,344,SAFE_25,Aïn Sebaâ à Casablanca
175436,7703405,casablanca,bourgogne est,157,SAFE_25,Bourgogne Est à Casablanca
175437,7703413,casablanca,anassi,40,SAFE_25,Anassi à Casablanca
175438,7703460,rabat,kebibat,33,SAFE_25,Kébibat à Rabat
175439,7703495,casablanca,californie,735,SAFE_25,Californie à Casablanca
175440,7703508,tanger,marjane,165,SAFE_25,Marjane à Tanger
175442,7703517,casablanca,anassi,40,SAFE_25,Anassi à Casablanca
175445,7703558,casablanca,ain sebaa,344,SAFE_25,Aïn Sebaâ à Casablanca
175446,7703560,casablanca,val fleury,190,SAFE_25,Val Fleury à Casablanca
175449,7703594,temara,riad oulad mtaa,35,SAFE_25,Riad Oulad Mtaa à Temara
175453,7703671,marrakech,gueliz,1250,SAFE_25,Guéliz à Marrakech
175454,7703688,casablanca,maarif extension,351,SAFE_25,Maârif Extension à Casablanca
175455,7703691,agadir,founti,96,SAFE_25,Founti à Agadir
175456,7703692,casablanca,hay hassani,116,SAFE_25,Hay Hassani à Casablanca
175457,7703707,casablanca,al qods,132,SAFE_25,Al Qods à Casablanca
175458,7703709,rabat,hassan centre ville,119,SAFE_25,Hassan - Centre Ville à Rabat
175460,7703747,oujda,boustane,15,SAFE_10,Boustane à Oujda
175462,7703765,tanger,marjane,165,SAFE_25,Marjane à Tanger
175463,7703771,tanger,marjane,165,SAFE_25,Marjane à Tanger
175465,7703778,meknes,marjane,146,SAFE_25,Marjane à Meknes
175466,7703787,casablanca,al qods,132,SAFE_25,Al Qods à Casablanca
175467,7703827,kenitra,la ville haute,69,SAFE_25,La Ville Haute à Kénitra
175471,7703891,casablanca,maarif extension,351,SAFE_25,Maârif Extension à Casablanca
175472,7703897,kenitra,el hadadda,51,SAFE_25,El Hadadda à Kénitra
175473,7703908,marrakech,gueliz,1250,SAFE_25,Guéliz à Marrakech
175474,7703940,settat,hay kilz,1,LOW,Hay Kilz à Settat
175476,7703956,sale,sakani,12,SAFE_10,Sakani à Salé
175482,7703986,casablanca,les princesses,332,SAFE_25,Les princesses à Casablanca
175483,7703989,casablanca,sidi maarouf,518,SAFE_25,Sidi Maarouf à Casablanca
175484,7703994,fes,route se sefrou,16,SAFE_10,Route se Sefrou à Fès
175485,7704005,sale,bab sebta,4,LOW,Bab Sebta à Salé
175486,7704012,agadir,hay mohammadi,183,SAFE_25,Hay Mohammadi à Agadir
175489,7704046,tanger,hay hassani,92,SAFE_25,Hay Hassani à Tanger
175491,7704080,tetouan,saniat errmel,11,SAFE_10,Saniat Errmel à Tétouan
175492,7704088,casablanca,sidi maarouf,518,SAFE_25,Sidi Maarouf à Casablanca
175493,7704099,mohammedia,la siesta,62,SAFE_25,La Siesta à Mohammedia
175494,7704124,meknes,marjane,146,SAFE_25,Marjane à Meknes
175497,7704232,casablanca,oulfa,409,SAFE_25,Oulfa à Casablanca
175498,7704236,marrakech,mhamid,253,SAFE_25,Mhamid à Marrakech
175499,7704240,casablanca,les hopitaux,385,SAFE_25,Les Hôpitaux à Casablanca
175500,7704270,rabat,hay nahda,43,SAFE_25,Hay Nahda à Rabat
175502,7704309,casablanca,ferme bretonne hay arraha,189,SAFE_25,Ferme Bretonne (Hay Arraha) à Casablanca
175504,7704333,sale,sidi hajji,27,SAFE_25,Sidi Hajji à Salé
175505,7704339,casablanca,maarif extension,351,SAFE_25,Maârif Extension à Casablanca
175513,7704399,casablanca,oulfa,409,SAFE_25,Oulfa à Casablanca
175514,7704400,fes,route ain chkaf,51,SAFE_25,Route ain Chkaf à Fès
175515,7704401,tanger,branes kdima,29,SAFE_25,Branes Kdima à Tanger
175517,7704450,el jadida,dar assalam,14,SAFE_10,Dar Assalam à El Jadida
175520,7704483,casablanca,mandarona,87,SAFE_25,Mandarona à Casablanca
175521,7704496,casablanca,oulfa,409,SAFE_25,Oulfa à Casablanca
175523,7704521,sale,sidi hajji,27,SAFE_25,Sidi Hajji à Salé
175524,7704530,casablanca,hay alfoqara,3,LOW,Hay Alfoqara à Casablanca
175529,7704608,casablanca,ain sebaa,344,SAFE_25,Aïn Sebaâ à Casablanca
175531,7704635,casablanca,beausejour,150,SAFE_25,Beauséjour à Casablanca
175532,7704667,fes,nouvelle ville,31,SAFE_25,Nouvelle Ville à Fès
175534,7704701,bouznika,plage oued cherrat,118,SAFE_25,Plage Oued Cherrat à Bouznika
175536,7704767,oujda,hay fath,16,SAFE_10,Hay fath à Oujda
175537,7704769,sale,sakani,12,SAFE_10,Sakani à Salé
175538,7704782,marrakech,gueliz,1250,SAFE_25,Guéliz à Marrakech
175539,7704784,casablanca,salmia 2,26,SAFE_25,Salmia 2 à Casablanca
175540,7704792,marrakech,route de safi,237,SAFE_25,Route de Safi à Marrakech
175541,7704808,casablanca,bernoussi,99,SAFE_25,Bernoussi à Casablanca
175543,7704826,kenitra,oulad wjih,62,SAFE_25,Oulad Wjih à Kénitra
175546,7704845,el jadida,najmat al janoub,18,SAFE_10,Najmat Al Janoub à El Jadida
175549,7704872,casablanca,oulfa,409,SAFE_25,Oulfa à Casablanca
175551,7704877,tetouan,touilaa foqia,2,LOW,Touilaa Foqia à Tétouan
175553,7704909,bouznika,hamza,21,SAFE_10,Hamza à Bouznika
175554,7704920,casablanca,al farah dar essalam,11,SAFE_10,Al Farah Dar Essalam à Casablanca
175558,7704957,tetouan,el mdrassi,5,SAFE_5,El Mdrassi à Tétouan
175559,7704966,kenitra,maamora,58,SAFE_25,Maamora à Kénitra
175561,7704975,casablanca,ain diab,457,SAFE_25,Ain Diab à Casablanca
175566,7705007,agadir,hay houda,65,SAFE_25,Hay Houda à Agadir
175567,7705014,tanger,boukhalef,98,SAFE_25,Boukhalef à Tanger
175568,7705017,casablanca,maarif,326,SAFE_25,Maârif à Casablanca
175570,7705022,fes,hay ait skato,3,LOW,Hay Ait Skato à Fès
175571,7705025,casablanca,oulfa,409,SAFE_25,Oulfa à Casablanca
175574,7705035,kenitra,maamora,58,SAFE_25,Maamora à Kénitra
175576,7705064,tetouan,martil,5,SAFE_5,Martil à Tétouan
175578,7705079,casablanca,anassi,40,SAFE_25,Anassi à Casablanca
175582,7705133,casablanca,sidi maarouf,518,SAFE_25,Sidi Maarouf à Casablanca
175585,7705189,casablanca,mers sultan,170,SAFE_25,Mers Sultan à Casablanca
175586,7705192,casablanca,cil hay salam,225,SAFE_25,CIL (Hay Salam) à Casablanca
175587,7705202,fes,bourmana,6,SAFE_5,Bourmana à Fès
175588,7705209,temara,temara plage,4,LOW,Temara plage à Temara
175590,7705214,meknes,marjane,146,SAFE_25,Marjane à Meknes
175591,7705223,casablanca,bernoussi,99,SAFE_25,Bernoussi à Casablanca
175592,7705224,essaouira,ghazoua,20,SAFE_10,Ghazoua à Essaouira
175593,7705236,marrakech,ain mezouar,54,SAFE_25,Ain Mezouar à Marrakech
175596,7705264,temara,massira 1,28,SAFE_25,Massira 1 à Temara
175597,7705269,el jadida,jawhara,10,SAFE_10,Jawhara à El Jadida
175598,7705275,fes,ain amiyer,11,SAFE_10,Ain Amiyer à Fès
175599,7705279,sale,tabriquet,37,SAFE_25,Tabriquet à Salé
175600,7705286,bouznika,plage oued cherrat,118,SAFE_25,Plage Oued Cherrat à Bouznika
175605,7705323,casablanca,racine,596,SAFE_25,Racine à Casablanca
175606,7705328,casablanca,oulfa,409,SAFE_25,Oulfa à Casablanca
175607,7705382,casablanca,belvedere,301,SAFE_25,Belvédère à Casablanca
175610,7705409,casablanca,maarif,326,SAFE_25,Maârif à Casablanca
175611,7705429,el jadida,narjiss,7,SAFE_5,Narjiss à El Jadida
175612,7705433,meknes,marjane,146,SAFE_25,Marjane à Meknes
175613,7705437,marrakech,boulevard med 6,124,SAFE_25,Boulevard Med 6 à Marrakech
175614,7705457,fes,hay tarik 1,5,SAFE_5,Hay Tarik 1 à Fès
175615,7705477,fes,mont fleuri,13,SAFE_10,Mont Fleuri à Fès
175616,7705491,casablanca,la gironde,122,SAFE_25,La Gironde à Casablanca
175617,7705492,marrakech,arset sbaia,10,SAFE_10,Arset Sbaia à Marrakech
175618,7705503,fes,hay lalla soukaina,4,LOW,Hay Lalla Soukaina à Fès
175619,7705524,agadir,haut founty,47,SAFE_25,Haut Founty à Agadir
175621,7705561,sale,bettana,16,SAFE_10,Bettana à Salé
175623,7705615,rabat,agdal,313,SAFE_25,Agdal à Rabat
175624,7705623,marrakech,gueliz,1250,SAFE_25,Guéliz à Marrakech
175625,7705624,casablanca,oasis sud,25,SAFE_25,Oasis sud à Casablanca
175626,7705645,casablanca,les princesses,332,SAFE_25,Les princesses à Casablanca
175627,7705654,casablanca,burger,53,SAFE_25,Burger à Casablanca
175628,7705690,casablanca,mandarona,87,SAFE_25,Mandarona à Casablanca
175629,7705699,casablanca,hay chrifa,49,SAFE_25,Hay Chrifa à Casablanca
175631,7705711,kenitra,mimosas,57,SAFE_25,Mimosas à Kénitra
175634,7705745,casablanca,oulfa,409,SAFE_25,Oulfa à Casablanca
175636,7705782,casablanca,californie,735,SAFE_25,Californie à Casablanca
175637,7705784,casablanca,maarif,326,SAFE_25,Maârif à Casablanca
175641,7705839,casablanca,la vilette,15,SAFE_10,La Vilette à Casablanca
175642,7705859,casablanca,ferme bretonne hay arraha,189,SAFE_25,Ferme Bretonne (Hay Arraha) à Casablanca
175644,7705872,casablanca,ain sebaa,344,SAFE_25,Aïn Sebaâ à Casablanca
175645,7705921,rabat,agdal,313,SAFE_25,Agdal à Rabat
175646,7705930,marrakech,route de ouarzazate,289,SAFE_25,Route de Ouarzazate à Marrakech
175648,7705945,kenitra,la ville haute,69,SAFE_25,La Ville Haute à Kénitra
175649,7705953,rabat,hay al fath,34,SAFE_25,Hay Al Fath à Rabat
175652,7705998,casablanca,racine,596,SAFE_25,Racine à Casablanca
175656,7706015,rabat,diour jamaa,38,SAFE_25,Diour Jamaa à Rabat
175657,7706027,tanger,aharrarine,37,SAFE_25,Aharrarine à Tanger
175660,7706075,casablanca,palmier,340,SAFE_25,Palmier à Casablanca
175661,7706090,casablanca,les princesses,332,SAFE_25,Les princesses à Casablanca
175662,7706123,casablanca,californie,735,SAFE_25,Californie à Casablanca
175663,7706128,rabat,riyad,566,SAFE_25,Riyad à Rabat
175664,7706134,tanger,route nationale assilah n1,134,SAFE_25,Route Nationale Assilah (N1) à Tanger
175665,7706150,marrakech,route casablanca,269,SAFE_25,Route Casablanca à Marrakech
175667,7706198,rabat,riyad,566,SAFE_25,Riyad à Rabat
175668,7706242,mohammedia,quartier du parc,79,SAFE_25,Quartier du Parc à Mohammedia
175670,7706286,casablanca,racine,596,SAFE_25,Racine à Casablanca
175671,7706292,tetouan,ziana,8,SAFE_5,Ziana à Tétouan
175674,7706318,meknes,wislane,53,SAFE_25,Wislane à Meknes
175675,7706335,bouznika,al kawtar,71,SAFE_25,Al Kawtar à Bouznika
175676,7706361,casablanca,hay chrifa,49,SAFE_25,Hay Chrifa à Casablanca
175678,7706385,casablanca,oasis,332,SAFE_25,Oasis à Casablanca
175680,7706412,tanger,jbel kbir,80,SAFE_25,Jbel Kbir à Tanger
175682,7706470,casablanca,maarif,326,SAFE_25,Maârif à Casablanca
175683,7706477,marrakech,arset ihiri,24,SAFE_10,Arset Ihiri à Marrakech
175684,7706490,kenitra,mimosas,57,SAFE_25,Mimosas à Kénitra
175685,7706516,tanger,iberie,173,SAFE_25,Iberie à Tanger
175686,7706544,rabat,hay nahda,43,SAFE_25,Hay Nahda à Rabat
175688,7706568,casablanca,maarif,326,SAFE_25,Maârif à Casablanca
175689,7706569,marrakech,route d agadir essaouira,143,SAFE_25,Route d'Agadir - Essaouira à Marrakech
175692,7706636,casablanca,mers sultan,170,SAFE_25,Mers Sultan à Casablanca
175694,7706669,agadir,haut founty,47,SAFE_25,Haut Founty à Agadir
175696,7706681,casablanca,belvedere,301,SAFE_25,Belvédère à Casablanca
175699,7706723,casablanca,ain sebaa,344,SAFE_25,Aïn Sebaâ à Casablanca
175700,7706726,rabat,hay nahda,43,SAFE_25,Hay Nahda à Rabat
175702,7706771,agadir,abattoirs,30,SAFE_25,Abattoirs à Agadir
175703,7706772,casablanca,ain diab,457,SAFE_25,Ain Diab à Casablanca
175704,7706776,kenitra,mimosas,57,SAFE_25,Mimosas à Kénitra
175706,7706798,agadir,hay mohammadi,183,SAFE_25,Hay Mohammadi à Agadir
175710,7706823,rabat,riyad,566,SAFE_25,Riyad à Rabat
175711,7706829,kenitra,maamora,58,SAFE_25,Maamora à Kénitra
175713,7706864,agadir,anza,33,SAFE_25,Anza à Agadir
175714,7706867,tanger,boukhalef,98,SAFE_25,Boukhalef à Tanger
175715,7706877,casablanca,maarif,326,SAFE_25,Maârif à Casablanca
175716,7706880,tanger,administratif,164,SAFE_25,Administratif à Tanger
175717,7706890,casablanca,maarif,326,SAFE_25,Maârif à Casablanca
175719,7706893,casablanca,bourgogne ouest,380,SAFE_25,Bourgogne Ouest à Casablanca
175721,7706972,marrakech,hivernage,273,SAFE_25,Hivernage à Marrakech
175724,7707003,marrakech,gueliz,1250,SAFE_25,Guéliz à Marrakech
175725,7707006,el jadida,essaada,55,SAFE_25,Essaada à El Jadida
175726,7707038,casablanca,ferme bretonne hay arraha,189,SAFE_25,Ferme Bretonne (Hay Arraha) à Casablanca
175727,7707109,temara,wifak,121,SAFE_25,Wifak à Temara
175728,7707125,casablanca,oulfa,409,SAFE_25,Oulfa à Casablanca
175730,7707130,casablanca,oasis sud,25,SAFE_25,Oasis sud à Casablanca
175733,7707164,casablanca,bourgogne est,157,SAFE_25,Bourgogne Est à Casablanca
175735,7707198,casablanca,ferme bretonne hay arraha,189,SAFE_25,Ferme Bretonne (Hay Arraha) à Casablanca
175738,7707241,marrakech,sidi abbad,22,SAFE_10,Sidi Abbad à Marrakech
175740,7707291,casablanca,anassi,40,SAFE_25,Anassi à Casablanca
175741,7707309,tanger,marchan,45,SAFE_25,Marchan à Tanger
175742,7707332,sale,horria,3,LOW,Horria à Salé
175744,7707340,bouznika,hamza,21,SAFE_10,Hamza à Bouznika
175745,7707343,casablanca,gauthier,422,SAFE_25,Gauthier à Casablanca
175747,7707375,rabat,hay nahda,43,SAFE_25,Hay Nahda à Rabat
175750,7707432,casablanca,val fleury,190,SAFE_25,Val Fleury à Casablanca
175751,7707450,rabat,riyad,566,SAFE_25,Riyad à Rabat
175752,7707454,casablanca,les princesses,332,SAFE_25,Les princesses à Casablanca
175753,7707463,casablanca,bourgogne ouest,380,SAFE_25,Bourgogne Ouest à Casablanca
175754,7707475,casablanca,bourgogne ouest,380,SAFE_25,Bourgogne Ouest à Casablanca
175757,7707492,casablanca,bernoussi,99,SAFE_25,Bernoussi à Casablanca
175758,7707505,casablanca,maarif extension,351,SAFE_25,Maârif Extension à Casablanca
175759,7707508,casablanca,racine,596,SAFE_25,Racine à Casablanca
175760,7707510,sale,tabriquet,37,SAFE_25,Tabriquet à Salé
175761,7707517,sale,tabriquet,37,SAFE_25,Tabriquet à Salé
175763,7707546,marrakech,gueliz,1250,SAFE_25,Guéliz à Marrakech
175765,7707565,fes,route ain chkaf,51,SAFE_25,Route ain Chkaf à Fès
175767,7707608,casablanca,la floride,14,SAFE_10,La Floride à Casablanca
175768,7707618,agadir,haut founty,47,SAFE_25,Haut Founty à Agadir
175769,7707622,casablanca,ain chock,119,SAFE_25,Ain Chock à Casablanca
175770,7707642,oujda,park,2,LOW,Park à Oujda
175772,7707686,marrakech,agdal,514,SAFE_25,Agdal à Marrakech
175773,7707691,tetouan,wilaya,41,SAFE_25,Wilaya à Tétouan
175774,7707722,sale,bab sebta,4,LOW,Bab Sebta à Salé
175776,7707770,casablanca,belvedere,301,SAFE_25,Belvédère à Casablanca
175780,7707876,tanger,achennad,5,SAFE_5,Achennad à Tanger
175781,7707888,tanger,sania,64,SAFE_25,Sania à Tanger
175782,7707908,agadir,zone industrielle agadir,23,SAFE_10,Zone Industrielle Agadir à Agadir
175784,7707920,casablanca,maarif,326,SAFE_25,Maârif à Casablanca
175786,7707963,casablanca,maarif,326,SAFE_25,Maârif à Casablanca
175787,7707967,casablanca,val fleury,190,SAFE_25,Val Fleury à Casablanca
175788,7707982,casablanca,triangle d or,142,SAFE_25,Triangle d'Or à Casablanca
175789,7707984,el jadida,hay essalam,49,SAFE_25,Hay Essalam à El Jadida
175791,7708020,marrakech,arset sbaia,10,SAFE_10,Arset Sbaia à Marrakech
175792,7708021,marrakech,massira 2,22,SAFE_10,Massira 2 à Marrakech
175794,7708040,meknes,hamria,152,SAFE_25,Hamria à Meknes
175795,7708063,marrakech,route casablanca,269,SAFE_25,Route Casablanca à Marrakech
175796,7708084,casablanca,sidi moumen,119,SAFE_25,Sidi Moumen à Casablanca
175797,7708108,el jadida,hay essalam,49,SAFE_25,Hay Essalam à El Jadida
175798,7708127,nador,hay el matar,15,SAFE_10,Hay el matar à Nador
175799,7708145,casablanca,moulay youssef,31,SAFE_25,Moulay Youssef à Casablanca
175800,7708161,casablanca,ain chock,119,SAFE_25,Ain Chock à Casablanca
175801,7708181,rabat,hay nahda,43,SAFE_25,Hay Nahda à Rabat
175803,7708183,tanger,castilla,76,SAFE_25,Castilla à Tanger
175804,7708187,casablanca,hay chrifa,49,SAFE_25,Hay Chrifa à Casablanca
175805,7708208,casablanca,bernoussi,99,SAFE_25,Bernoussi à Casablanca
175806,7708254,casablanca,ain borja,88,SAFE_25,Ain Borja à Casablanca
175807,7708274,tanger,marjane,165,SAFE_25,Marjane à Tanger
175809,7708328,fes,route ain chkaf,51,SAFE_25,Route ain Chkaf à Fès
175810,7708348,casablanca,al farah dar essalam,11,SAFE_10,Al Farah Dar Essalam à Casablanca
175812,7708423,casablanca,roches noires,198,SAFE_25,Roches Noires à Casablanca
175813,7708444,casablanca,racine,596,SAFE_25,Racine à Casablanca
175814,7708472,kenitra,maamora,58,SAFE_25,Maamora à Kénitra
175815,7708476,tanger,boukhalef,98,SAFE_25,Boukhalef à Tanger
175816,7708484,rabat,agdal,313,SAFE_25,Agdal à Rabat
175818,7708542,tanger,haddad,6,SAFE_5,Haddad à Tanger
175821,7708619,casablanca,sidi othmane,42,SAFE_25,Sidi Othmane à Casablanca
175822,7708719,casablanca,anfa superieur,66,SAFE_25,Anfa Supérieur à Casablanca
175823,7708735,bouznika,plage oued cherrat,118,SAFE_25,Plage Oued Cherrat à Bouznika
175825,7708754,kenitra,oulad wjih,62,SAFE_25,Oulad Wjih à Kénitra
175826,7708764,agadir,hay hassani,3,LOW,Hay Hassani à Agadir
175827,7708899,marrakech,gueliz,1250,SAFE_25,Guéliz à Marrakech
175828,7708909,casablanca,ferme bretonne hay arraha,189,SAFE_25,Ferme Bretonne (Hay Arraha) à Casablanca
175829,7708910,marrakech,gueliz,1250,SAFE_25,Guéliz à Marrakech
175830,7708911,agadir,hay dakhla,57,SAFE_25,Hay Dakhla à Agadir
175831,7708914,rabat,agdal,313,SAFE_25,Agdal à Rabat
175833,7708936,casablanca,sidi belyout,39,SAFE_25,Sidi Belyout à Casablanca
175835,7708958,el jadida,derb lahona,2,LOW,Derb Lahona à El Jadida
175837,7708964,agadir,haut founty,47,SAFE_25,Haut Founty à Agadir
175839,7708995,sale,hay chmaou,56,SAFE_25,Hay Chmaou à Salé
175841,7709014,marrakech,ennakhil palmeraie,469,SAFE_25,Ennakhil (Palmeraie) à Marrakech
175842,7709020,casablanca,sidi moumen,119,SAFE_25,Sidi Moumen à Casablanca
175843,7709036,skhirat,kasbah,12,SAFE_10,Kasbah à Skhirat
175844,7709050,casablanca,racine,596,SAFE_25,Racine à Casablanca
175845,7709086,casablanca,mers sultan,170,SAFE_25,Mers Sultan à Casablanca
175847,7709117,rabat,souissi,566,SAFE_25,Souissi à Rabat
175849,7709143,casablanca,palmier,340,SAFE_25,Palmier à Casablanca
175852,7709217,marrakech,gueliz,1250,SAFE_25,Guéliz à Marrakech
175853,7709232,rabat,agdal,313,SAFE_25,Agdal à Rabat
175855,7709270,casablanca,mers sultan,170,SAFE_25,Mers Sultan à Casablanca
175856,7709372,kenitra,mimosas,57,SAFE_25,Mimosas à Kénitra
175857,7709401,sale,sidi hajji,27,SAFE_25,Sidi Hajji à Salé
175858,7709404,el jadida,cheminoits,3,LOW,Cheminoits à El Jadida
175859,7709405,el jadida,dar assalam,14,SAFE_10,Dar Assalam à El Jadida
175866,7709525,casablanca,nassim 1,64,SAFE_25,Nassim 1 à Casablanca
175867,7709549,temara,wifak,121,SAFE_25,Wifak à Temara
175870,7709553,casablanca,al qods,132,SAFE_25,Al Qods à Casablanca
175871,7709570,marrakech,gueliz,1250,SAFE_25,Guéliz à Marrakech
175872,7709576,meknes,al bassatine,56,SAFE_25,Al bassatine à Meknes
175873,7709582,sale,bab sebta,4,LOW,Bab Sebta à Salé
175874,7709583,marrakech,agdal,514,SAFE_25,Agdal à Marrakech
175875,7709610,tanger,mesnana,96,SAFE_25,Mesnana à Tanger
175876,7709612,casablanca,mers sultan,170,SAFE_25,Mers Sultan à Casablanca
175878,7709651,casablanca,bournazil,16,SAFE_10,Bournazil à Casablanca
175879,7709688,casablanca,maarif,326,SAFE_25,Maârif à Casablanca
175880,7709690,settat,smaala,9,SAFE_5,Smaâla à Settat
175881,7709691,marrakech,les portes de marrakech,94,SAFE_25,Les Portes de Marrakech à Marrakech
175882,7709692,casablanca,cil hay salam,225,SAFE_25,CIL (Hay Salam) à Casablanca
175883,7709700,tetouan,taboula,14,SAFE_10,Taboula à Tétouan
175884,7709701,bouznika,plage oued cherrat,118,SAFE_25,Plage Oued Cherrat à Bouznika
175885,7709702,casablanca,mers sultan,170,SAFE_25,Mers Sultan à Casablanca
175890,7709735,mohammedia,rachidia,5,SAFE_5,Rachidia à Mohammedia
175894,7709760,rabat,guich oudaya,48,SAFE_25,Guich Oudaya à Rabat
175895,7709765,marrakech,hay mabrouka,95,SAFE_25,Hay Mabrouka à Marrakech
175896,7709770,casablanca,hay moulay rachid 4,2,LOW,Hay Moulay Rachid 4 à Casablanca
175897,7709787,el jadida,lalla zahra,4,LOW,Lalla Zahra à El Jadida
175898,7709788,el jadida,mouilha,2,LOW,Mouilha à El Jadida
175900,7709809,meknes,marjane,146,SAFE_25,Marjane à Meknes
175901,7709812,marrakech,route casablanca,269,SAFE_25,Route Casablanca à Marrakech
175903,7709826,kenitra,mimosas,57,SAFE_25,Mimosas à Kénitra
175904,7709838,casablanca,beausejour,150,SAFE_25,Beauséjour à Casablanca
175905,7709851,marrakech,izdihar,97,SAFE_25,Izdihar à Marrakech
175907,7709869,sale,sala el jadida,84,SAFE_25,Sala el Jadida à Salé
175909,7709896,casablanca,bourgogne ouest,380,SAFE_25,Bourgogne Ouest à Casablanca
175911,7709930,tetouan,touabel,1,LOW,Touabel à Tétouan
175912,7709948,casablanca,la vilette,15,SAFE_10,La Vilette à Casablanca
175913,7709949,marrakech,route casablanca,269,SAFE_25,Route Casablanca à Marrakech
175914,7709956,casablanca,californie,735,SAFE_25,Californie à Casablanca
175917,7709983,casablanca,hay mohammadi,65,SAFE_25,Hay Mohammadi à Casablanca
175918,7709995,mohammedia,al aalia,51,SAFE_25,Al Aalia à Mohammedia
175919,7710004,sale,hay salam,24,SAFE_10,Hay Salam à Salé
175920,7710011,casablanca,californie,735,SAFE_25,Californie à Casablanca
175921,7710032,sale,tabriquet,37,SAFE_25,Tabriquet à Salé
175922,7710035,rabat,kebibat,33,SAFE_25,Kébibat à Rabat
175924,7710043,tanger,hay hassani,92,SAFE_25,Hay Hassani à Tanger
175925,7710061,casablanca,ain chock,119,SAFE_25,Ain Chock à Casablanca
175926,7710067,casablanca,maarif extension,351,SAFE_25,Maârif Extension à Casablanca
175927,7710071,marrakech,gueliz,1250,SAFE_25,Guéliz à Marrakech
175928,7710074,casablanca,maarif,326,SAFE_25,Maârif à Casablanca
175929,7710077,agadir,abattoirs,30,SAFE_25,Abattoirs à Agadir
175931,7710120,rabat,l ocean,61,SAFE_25,L'Ocean à Rabat
175932,7710124,agadir,ben serguaou,18,SAFE_10,Ben Serguaou à Agadir
175933,7710130,temara,oued eddahab,11,SAFE_10,Oued Eddahab à Temara
175936,7710244,marrakech,gueliz,1250,SAFE_25,Guéliz à Marrakech
175940,7710255,marrakech,hivernage,273,SAFE_25,Hivernage à Marrakech
175941,7710259,casablanca,al madina aljadida,18,SAFE_10,Al Madina Aljadida à Casablanca
175942,7710261,casablanca,ferme bretonne hay arraha,189,SAFE_25,Ferme Bretonne (Hay Arraha) à Casablanca
175943,7710284,casablanca,val fleury,190,SAFE_25,Val Fleury à Casablanca
175945,7710308,sale,sala el jadida,84,SAFE_25,Sala el Jadida à Salé
175946,7710313,oujda,hay ennasr,11,SAFE_10,Hay Ennasr à Oujda
175948,7710423,casablanca,mers sultan,170,SAFE_25,Mers Sultan à Casablanca
175949,7710435,casablanca,ain diab extension,188,SAFE_25,Ain Diab Extension à Casablanca
175950,7710438,casablanca,benjdia,50,SAFE_25,Benjdia à Casablanca
175951,7710495,casablanca,belvedere,301,SAFE_25,Belvédère à Casablanca
175953,7710567,mohammedia,quartier du parc,79,SAFE_25,Quartier du Parc à Mohammedia
175955,7710575,rabat,souissi,566,SAFE_25,Souissi à Rabat
175956,7710586,casablanca,oasis,332,SAFE_25,Oasis à Casablanca
175961,7710645,casablanca,oulfa,409,SAFE_25,Oulfa à Casablanca
175962,7710646,tanger,route nationale assilah n1,134,SAFE_25,Route Nationale Assilah (N1) à Tanger
175963,7710696,casablanca,mers sultan,170,SAFE_25,Mers Sultan à Casablanca
175964,7710719,sale,hay chmaou,56,SAFE_25,Hay Chmaou à Salé
175965,7710746,casablanca,hay arrahma,3,LOW,Hay Arrahma à Casablanca
175968,7710770,rabat,agdal,313,SAFE_25,Agdal à Rabat
175969,7710783,marrakech,sanaoubar,15,SAFE_10,Sanaoubar à Marrakech
175971,7710792,el jadida,hay essalam,49,SAFE_25,Hay Essalam à El Jadida
175973,7710808,casablanca,anassi,40,SAFE_25,Anassi à Casablanca
175976,7710828,tanger,aouama gharbia,64,SAFE_25,Aouama Gharbia à Tanger
175977,7710833,marrakech,gueliz,1250,SAFE_25,Guéliz à Marrakech
175979,7710859,bouznika,hamza,21,SAFE_10,Hamza à Bouznika
175980,7710869,kenitra,bir rami ouest,38,SAFE_25,Bir Rami Ouest à Kénitra
175981,7710898,temara,wifak,121,SAFE_25,Wifak à Temara
175983,7710980,meknes,wislane,53,SAFE_25,Wislane à Meknes
175985,7711026,casablanca,sidi maarouf,518,SAFE_25,Sidi Maarouf à Casablanca
175986,7711085,khemisset,cgi,8,SAFE_5,CGI à Khémisset
175987,7711091,tanger,marjane,165,SAFE_25,Marjane à Tanger
175988,7711185,casablanca,californie,735,SAFE_25,Californie à Casablanca
175989,7711209,casablanca,beausejour,150,SAFE_25,Beauséjour à Casablanca
175991,7711232,el jadida,hay essalam,49,SAFE_25,Hay Essalam à El Jadida
175992,7711247,tanger,iberie,173,SAFE_25,Iberie à Tanger
175994,7711273,casablanca,sidi maarouf,518,SAFE_25,Sidi Maarouf à Casablanca
175997,7711329,fes,nouvelle ville,31,SAFE_25,Nouvelle Ville à Fès
176001,7711439,casablanca,laymoune,100,SAFE_25,Laymoune à Casablanca
176007,7711555,casablanca,sidi moumen,119,SAFE_25,Sidi Moumen à Casablanca
176009,7711561,rabat,riyad,566,SAFE_25,Riyad à Rabat
176010,7711576,casablanca,maarif extension,351,SAFE_25,Maârif Extension à Casablanca
176011,7711577,mohammedia,hay annasr,4,LOW,Hay Annasr à Mohammedia
176012,7711583,rabat,aviation mabella,79,SAFE_25,Aviation - Mabella à Rabat
176013,7711585,rabat,hassan centre ville,119,SAFE_25,Hassan - Centre Ville à Rabat
176014,7711613,rabat,hay al rajaa fillah,3,LOW,Hay Al Rajaa Fillah à Rabat
176015,7711616,casablanca,sidi maarouf,518,SAFE_25,Sidi Maarouf à Casablanca
176016,7711624,meknes,hamria,152,SAFE_25,Hamria à Meknes
176017,7711625,casablanca,les princesses,332,SAFE_25,Les princesses à Casablanca
176019,7711636,tanger,boukhalef,98,SAFE_25,Boukhalef à Tanger
176022,7711663,agadir,hay salam,64,SAFE_25,Hay Salam à Agadir
176023,7711667,marrakech,route casablanca,269,SAFE_25,Route Casablanca à Marrakech
176026,7711734,casablanca,anassi,40,SAFE_25,Anassi à Casablanca
176029,7711812,tanger,administratif,164,SAFE_25,Administratif à Tanger
176032,7711860,tanger,administratif,164,SAFE_25,Administratif à Tanger
176033,7711871,rabat,agdal,313,SAFE_25,Agdal à Rabat
176034,7711881,tanger,marjane,165,SAFE_25,Marjane à Tanger
176035,7711917,casablanca,bourgogne ouest,380,SAFE_25,Bourgogne Ouest à Casablanca
176036,7711929,casablanca,bourgogne est,157,SAFE_25,Bourgogne Est à Casablanca
176038,7711954,tanger,administratif,164,SAFE_25,Administratif à Tanger
176039,7711959,casablanca,les hopitaux,385,SAFE_25,Les Hôpitaux à Casablanca
176040,7711969,tanger,malabata,421,SAFE_25,Malabata à Tanger
176041,7711973,tanger,boukhalef,98,SAFE_25,Boukhalef à Tanger
176042,7711988,casablanca,roches noires,198,SAFE_25,Roches Noires à Casablanca
176044,7712108,bouznika,quartier industriel,31,SAFE_25,Quartier Industriel à Bouznika
176045,7712110,casablanca,nassim 1,64,SAFE_25,Nassim 1 à Casablanca
176046,7712116,casablanca,roches noires,198,SAFE_25,Roches Noires à Casablanca
176047,7712138,casablanca,anfa,374,SAFE_25,Anfa à Casablanca
176050,7712188,agadir,hay mohammadi,183,SAFE_25,Hay Mohammadi à Agadir
176052,7712246,tanger,achakar,164,SAFE_25,Achakar à Tanger
176055,7712270,skhirat,plage rose maree,34,SAFE_25,Plage rose marée à Skhirat
176056,7712276,temara,wifak,121,SAFE_25,Wifak à Temara
176058,7712340,bouznika,plage oued cherrat,118,SAFE_25,Plage Oued Cherrat à Bouznika
176059,7712341,kenitra,la ville haute,69,SAFE_25,La Ville Haute à Kénitra
176061,7712357,rabat,hassan centre ville,119,SAFE_25,Hassan - Centre Ville à Rabat
176063,7712375,settat,hay salam,6,SAFE_5,Hay salam à Settat
176064,7712378,settat,hay salam,6,SAFE_5,Hay salam à Settat
176065,7712380,casablanca,beausejour,150,SAFE_25,Beauséjour à Casablanca
176067,7712393,marrakech,riad al atlas,31,SAFE_25,Riad Al Atlas à Marrakech
176072,7712499,marrakech,daoudiat,64,SAFE_25,Daoudiat à Marrakech
176073,7712503,marrakech,hay mabrouka,95,SAFE_25,Hay Mabrouka à Marrakech
176074,7712518,marrakech,gueliz,1250,SAFE_25,Guéliz à Marrakech
176076,7712545,mohammedia,quartier du parc,79,SAFE_25,Quartier du Parc à Mohammedia
176077,7712553,casablanca,casablanca finance city,208,SAFE_25,Casablanca Finance City à Casablanca
176079,7712575,sale,sala el jadida,84,SAFE_25,Sala el Jadida à Salé
176080,7712577,casablanca,oulfa,409,SAFE_25,Oulfa à Casablanca
176082,7712599,casablanca,la gironde,122,SAFE_25,La Gironde à Casablanca
176083,7712600,meknes,marjane,146,SAFE_25,Marjane à Meknes
176087,7712660,casablanca,hay zobir,38,SAFE_25,Hay Zobir à Casablanca
176088,7712701,tanger,moujahidine,132,SAFE_25,Moujahidine à Tanger
176089,7712710,kenitra,maamora,58,SAFE_25,Maamora à Kénitra
176090,7712738,rabat,souissi,566,SAFE_25,Souissi à Rabat
176093,7712809,mohammedia,riad 1,7,SAFE_5,Riad 1 à Mohammedia
176094,7712810,casablanca,gauthier,422,SAFE_25,Gauthier à Casablanca
176097,7712819,mohammedia,riad 1,7,SAFE_5,Riad 1 à Mohammedia
176099,7712866,oujda,bd hassan ii,3,LOW,Bd Hassan II à Oujda
176100,7712874,fes,zouagha,21,SAFE_10,Zouagha à Fès
176101,7712875,marrakech,route casablanca,269,SAFE_25,Route Casablanca à Marrakech
176104,7712925,bouznika,quartier industriel,31,SAFE_25,Quartier Industriel à Bouznika
176107,7712959,tanger,moujahidine,132,SAFE_25,Moujahidine à Tanger
176111,7713012,tanger,tanger city center,86,SAFE_25,Tanger City Center à Tanger
176112,7713015,marrakech,hay mabrouka,95,SAFE_25,Hay Mabrouka à Marrakech
176113,7713024,casablanca,les princesses,332,SAFE_25,Les princesses à Casablanca
176116,7713040,tanger,aharrarine,37,SAFE_25,Aharrarine à Tanger
176117,7713053,fes,champ de course,17,SAFE_10,Champ de course à Fès
176120,7713145,marrakech,route de safi,237,SAFE_25,Route de Safi à Marrakech
176121,7713168,agadir,hay najah,11,SAFE_10,Hay Najah à Agadir
176122,7713169,casablanca,habbous,21,SAFE_10,Habbous à Casablanca
176123,7713201,casablanca,belvedere,301,SAFE_25,Belvédère à Casablanca
176124,7713222,marrakech,hay mabrouka,95,SAFE_25,Hay Mabrouka à Marrakech
176126,7713326,tanger,tanger city center,86,SAFE_25,Tanger City Center à Tanger
176130,7713385,casablanca,la gironde,122,SAFE_25,La Gironde à Casablanca
176132,7713421,tanger,boukhalef,98,SAFE_25,Boukhalef à Tanger
176133,7713435,casablanca,racine,596,SAFE_25,Racine à Casablanca
176134,7713455,rabat,agdal,313,SAFE_25,Agdal à Rabat
176135,7713483,temara,massira 1,28,SAFE_25,Massira 1 à Temara
176136,7713522,casablanca,mandarona,87,SAFE_25,Mandarona à Casablanca
176141,7713583,settat,hay salam,6,SAFE_5,Hay salam à Settat
176142,7713591,casablanca,ain chock,119,SAFE_25,Ain Chock à Casablanca
176143,7713600,rabat,hay nahda,43,SAFE_25,Hay Nahda à Rabat
176145,7713611,casablanca,hay chrifa,49,SAFE_25,Hay Chrifa à Casablanca
176146,7713616,tanger,tanja balia,220,SAFE_25,Tanja Balia à Tanger
176147,7713620,marrakech,gueliz,1250,SAFE_25,Guéliz à Marrakech
176148,7713625,casablanca,ain sebaa,344,SAFE_25,Aïn Sebaâ à Casablanca
176150,7713685,tanger,tanja balia,220,SAFE_25,Tanja Balia à Tanger
176151,7713688,tanger,tanja balia,220,SAFE_25,Tanja Balia à Tanger
176152,7713695,sale,mkinssia,13,SAFE_10,Mkinssia à Salé
176153,7713734,casablanca,oulfa,409,SAFE_25,Oulfa à Casablanca
176159,7713824,kenitra,maamora,58,SAFE_25,Maamora à Kénitra
176163,7713855,tanger,tanja balia,220,SAFE_25,Tanja Balia à Tanger
176164,7713859,kenitra,maghrib arabi,29,SAFE_25,Maghrib Arabi à Kénitra
176166,7713862,casablanca,oulfa,409,SAFE_25,Oulfa à Casablanca
176167,7713866,casablanca,anassi,40,SAFE_25,Anassi à Casablanca
176169,7713899,sale,bab sebta,4,LOW,Bab Sebta à Salé
176172,7713967,el jadida,essaada,55,SAFE_25,Essaada à El Jadida
176173,7713995,casablanca,tacharouk hay al walaa,29,SAFE_25,Tacharouk (Hay Al Walaa) à Casablanca
176174,7714003,tanger,tanja balia,220,SAFE_25,Tanja Balia à Tanger
176175,7714009,tanger,tanja balia,220,SAFE_25,Tanja Balia à Tanger
176176,7714012,tanger,route nationale assilah n1,134,SAFE_25,Route Nationale Assilah (N1) à Tanger
176179,7714068,rabat,hassan centre ville,119,SAFE_25,Hassan - Centre Ville à Rabat
176180,7714073,bouznika,plage oued cherrat,118,SAFE_25,Plage Oued Cherrat à Bouznika
176181,7714094,casablanca,les princesses,332,SAFE_25,Les princesses à Casablanca
176182,7714098,temara,wifak,121,SAFE_25,Wifak à Temara
176186,7714221,casablanca,laymoune,100,SAFE_25,Laymoune à Casablanca
176188,7714239,marrakech,agdal,514,SAFE_25,Agdal à Marrakech
176189,7714244,casablanca,ain sebaa,344,SAFE_25,Aïn Sebaâ à Casablanca
176191,7714253,tetouan,taboula,14,SAFE_10,Taboula à Tétouan
176193,7714305,mohammedia,quartier du parc,79,SAFE_25,Quartier du Parc à Mohammedia
176194,7714356,marrakech,agdal,514,SAFE_25,Agdal à Marrakech
176196,7714391,meknes,marjane,146,SAFE_25,Marjane à Meknes
176197,7714402,temara,wifak,121,SAFE_25,Wifak à Temara
176201,7714421,kenitra,mimosas,57,SAFE_25,Mimosas à Kénitra
176202,7714430,agadir,agadir oufella,4,LOW,Agadir Oufella à Agadir
176203,7714447,casablanca,salmia 2,26,SAFE_25,Salmia 2 à Casablanca
176206,7714484,casablanca,nassim 2,43,SAFE_25,Nassim 2 à Casablanca
176208,7714499,casablanca,oulfa,409,SAFE_25,Oulfa à Casablanca
176209,7714500,casablanca,hay hassani,116,SAFE_25,Hay Hassani à Casablanca
176210,7714512,agadir,amicales,13,SAFE_10,Amicales à Agadir
176211,7714517,sale,sala el jadida,84,SAFE_25,Sala el Jadida à Salé
176213,7714529,casablanca,ferme bretonne hay arraha,189,SAFE_25,Ferme Bretonne (Hay Arraha) à Casablanca
176214,7714538,nador,aarid,11,SAFE_10,Aarid à Nador
176216,7714557,sale,abouab sala,17,SAFE_10,Abouab Sala à Salé
176218,7714623,casablanca,jamila 5,10,SAFE_10,Jamila 5 à Casablanca
176221,7714702,casablanca,sidi maarouf,518,SAFE_25,Sidi Maarouf à Casablanca
176224,7714718,tanger,route nationale assilah n1,134,SAFE_25,Route Nationale Assilah (N1) à Tanger
176227,7714778,casablanca,nassim 2,43,SAFE_25,Nassim 2 à Casablanca
176228,7714788,el jadida,hay essalam,49,SAFE_25,Hay Essalam à El Jadida
176229,7714795,casablanca,belvedere,301,SAFE_25,Belvédère à Casablanca
176233,7714865,rabat,agdal,313,SAFE_25,Agdal à Rabat
176236,7714890,casablanca,triangle d or,142,SAFE_25,Triangle d'Or à Casablanca
176238,7714915,casablanca,la gironde,122,SAFE_25,La Gironde à Casablanca
176239,7714918,casablanca,ferme bretonne hay arraha,189,SAFE_25,Ferme Bretonne (Hay Arraha) à Casablanca
176240,7714922,casablanca,la gironde,122,SAFE_25,La Gironde à Casablanca
176241,7714933,casablanca,racine,596,SAFE_25,Racine à Casablanca
176244,7714941,tetouan,route de ceuta,19,SAFE_10,Route de Ceuta à Tétouan
176245,7714972,casablanca,derb ghalef,98,SAFE_25,Derb Ghalef à Casablanca
176247,7714984,meknes,marjane,146,SAFE_25,Marjane à Meknes
176249,7715003,marrakech,bouaakkaz,53,SAFE_25,Bouaakkaz à Marrakech
176250,7715032,rabat,hassan centre ville,119,SAFE_25,Hassan - Centre Ville à Rabat
176252,7715047,kenitra,oulad wjih,62,SAFE_25,Oulad Wjih à Kénitra
176253,7715068,casablanca,ain diab,457,SAFE_25,Ain Diab à Casablanca
176255,7715086,casablanca,oulfa,409,SAFE_25,Oulfa à Casablanca
176256,7715090,tanger,tanger city center,86,SAFE_25,Tanger City Center à Tanger
176258,7715115,casablanca,oulfa,409,SAFE_25,Oulfa à Casablanca
176259,7715123,temara,harhoura,92,SAFE_25,Harhoura à Temara
176261,7715138,agadir,hay mohammadi,183,SAFE_25,Hay Mohammadi à Agadir
176264,7715142,tanger,marjane,165,SAFE_25,Marjane à Tanger
176265,7715147,bouznika,quartier industriel,31,SAFE_25,Quartier Industriel à Bouznika
176269,7715201,casablanca,ain diab,457,SAFE_25,Ain Diab à Casablanca
176272,7715225,meknes,hamria,152,SAFE_25,Hamria à Meknes
176273,7715271,casablanca,la gironde,122,SAFE_25,La Gironde à Casablanca
176275,7715298,casablanca,bourgogne ouest,380,SAFE_25,Bourgogne Ouest à Casablanca
176277,7715312,sale,sala el jadida,84,SAFE_25,Sala el Jadida à Salé
176278,7715353,casablanca,hay idrissia,9,SAFE_5,Hay Idrissia à Casablanca
176281,7715390,casablanca,derb ghalef,98,SAFE_25,Derb Ghalef à Casablanca
176283,7715435,casablanca,sidi maarouf,518,SAFE_25,Sidi Maarouf à Casablanca
176284,7715451,casablanca,bourgogne ouest,380,SAFE_25,Bourgogne Ouest à Casablanca
176287,7715463,meknes,hamria,152,SAFE_25,Hamria à Meknes
176288,7715467,meknes,hamria,152,SAFE_25,Hamria à Meknes
176289,7715471,meknes,hamria,152,SAFE_25,Hamria à Meknes
176290,7715475,meknes,hamria,152,SAFE_25,Hamria à Meknes
176291,7715479,meknes,marjane,146,SAFE_25,Marjane à Meknes
176292,7715481,meknes,marjane,146,SAFE_25,Marjane à Meknes
176293,7715484,meknes,marjane,146,SAFE_25,Marjane à Meknes
176294,7715486,meknes,wislane,53,SAFE_25,Wislane à Meknes
176295,7715493,kenitra,mimosas,57,SAFE_25,Mimosas à Kénitra
176296,7715546,rabat,agdal,313,SAFE_25,Agdal à Rabat
176297,7715568,kenitra,mimosas,57,SAFE_25,Mimosas à Kénitra
176298,7715579,tanger,marjane,165,SAFE_25,Marjane à Tanger
176299,7715582,casablanca,oulfa,409,SAFE_25,Oulfa à Casablanca
176301,7715691,casablanca,maarif,326,SAFE_25,Maârif à Casablanca
176307,7715755,settat,sidi abdelkarim,7,SAFE_5,Sidi Abdelkarim à Settat
176309,7715778,casablanca,racine,596,SAFE_25,Racine à Casablanca
176310,7715830,marrakech,gueliz,1250,SAFE_25,Guéliz à Marrakech
176311,7715865,casablanca,franceville,76,SAFE_25,Franceville à Casablanca
176312,7715879,kenitra,el hadadda,51,SAFE_25,El Hadadda à Kénitra
176313,7715883,kenitra,mimosas,57,SAFE_25,Mimosas à Kénitra
176314,7715893,tetouan,el mdrassi,5,SAFE_5,El Mdrassi à Tétouan
176315,7715934,rabat,hassan centre ville,119,SAFE_25,Hassan - Centre Ville à Rabat
176318,7715939,rabat,agdal,313,SAFE_25,Agdal à Rabat
176319,7715971,marrakech,gueliz,1250,SAFE_25,Guéliz à Marrakech
176320,7715982,casablanca,hay al kodia,3,LOW,Hay Al Kodia à Casablanca
176322,7716001,marrakech,hivernage,273,SAFE_25,Hivernage à Marrakech
176323,7716004,kenitra,el hadadda,51,SAFE_25,El Hadadda à Kénitra
176324,7716017,rabat,diour jamaa,38,SAFE_25,Diour Jamaa à Rabat
176325,7716021,casablanca,hay al fadl,7,SAFE_5,Hay Al Fadl à Casablanca
176326,7716031,casablanca,ain borja,88,SAFE_25,Ain Borja à Casablanca
176327,7716039,fes,mont fleuri,13,SAFE_10,Mont Fleuri à Fès
176330,7716051,casablanca,anassi,40,SAFE_25,Anassi à Casablanca
176333,7716080,casablanca,hay annour,8,SAFE_5,Hay Annour à Casablanca
176335,7716145,mohammedia,la colline,22,SAFE_10,La Colline à Mohammedia
176339,7716155,casablanca,ain sebaa,344,SAFE_25,Aïn Sebaâ à Casablanca
176342,7716202,el jadida,essaada,55,SAFE_25,Essaada à El Jadida
176343,7716205,nador,ouled boutaib,4,LOW,Ouled boutaib à Nador
176345,7716227,casablanca,racine,596,SAFE_25,Racine à Casablanca
176346,7716231,casablanca,sidi moumen,119,SAFE_25,Sidi Moumen à Casablanca
176347,7716233,casablanca,palmier,340,SAFE_25,Palmier à Casablanca
176349,7716266,fes,bourmana,6,SAFE_5,Bourmana à Fès
176350,7716275,kenitra,la ville haute,69,SAFE_25,La Ville Haute à Kénitra
176352,7716292,marrakech,camp al ghoul,112,SAFE_25,Camp Al Ghoul à Marrakech
176353,7716293,rabat,riyad,566,SAFE_25,Riyad à Rabat
176354,7716300,rabat,riyad,566,SAFE_25,Riyad à Rabat
176355,7716303,marrakech,camp al ghoul,112,SAFE_25,Camp Al Ghoul à Marrakech
176356,7716322,marrakech,agdal,514,SAFE_25,Agdal à Marrakech
176358,7716334,tanger,marjane,165,SAFE_25,Marjane à Tanger
176359,7716335,tanger,marjane,165,SAFE_25,Marjane à Tanger
176364,7716363,casablanca,maarif,326,SAFE_25,Maârif à Casablanca
176365,7716372,casablanca,racine,596,SAFE_25,Racine à Casablanca
176366,7716374,casablanca,maarif extension,351,SAFE_25,Maârif Extension à Casablanca
176368,7716383,meknes,hamria,152,SAFE_25,Hamria à Meknes
176369,7716387,fes,ain amiyer,11,SAFE_10,Ain Amiyer à Fès
176370,7716406,rabat,kebibat,33,SAFE_25,Kébibat à Rabat
176371,7716489,sale,bab al bahr,12,SAFE_10,Bab Al Bahr à Salé
176372,7716508,tanger,tanja balia,220,SAFE_25,Tanja Balia à Tanger
176373,7716511,casablanca,racine,596,SAFE_25,Racine à Casablanca
176374,7716517,rabat,hassan centre ville,119,SAFE_25,Hassan - Centre Ville à Rabat
176375,7716566,casablanca,belvedere,301,SAFE_25,Belvédère à Casablanca
176378,7716688,marrakech,camp al ghoul,112,SAFE_25,Camp Al Ghoul à Marrakech
176379,7716764,oujda,el qods,10,SAFE_10,El Qods à Oujda
176382,7716778,fes,route ain chkaf,51,SAFE_25,Route ain Chkaf à Fès
176383,7716800,marrakech,route casablanca,269,SAFE_25,Route Casablanca à Marrakech
176386,7716836,casablanca,hay annour,8,SAFE_5,Hay Annour à Casablanca
176387,7716837,casablanca,racine,596,SAFE_25,Racine à Casablanca
176388,7716858,tanger,tanja balia,220,SAFE_25,Tanja Balia à Tanger
176389,7716875,tanger,mozart,64,SAFE_25,Mozart à Tanger
176390,7716881,tanger,tanja balia,220,SAFE_25,Tanja Balia à Tanger
176391,7716896,tanger,marjane,165,SAFE_25,Marjane à Tanger
176392,7716907,casablanca,hay mohammadi,65,SAFE_25,Hay Mohammadi à Casablanca
176395,7716937,fes,boutaaa,2,LOW,Boutaaa à Fès
176396,7716959,rabat,l ocean,61,SAFE_25,L'Ocean à Rabat
176397,7716965,tanger,malabata,421,SAFE_25,Malabata à Tanger
176398,7716983,meknes,hay salam,30,SAFE_25,Hay salam à Meknes
176399,7716999,rabat,hay nahda,43,SAFE_25,Hay Nahda à Rabat
176400,7717003,rabat,riyad,566,SAFE_25,Riyad à Rabat
176403,7717026,kenitra,maghrib arabi,29,SAFE_25,Maghrib Arabi à Kénitra
176405,7717037,casablanca,maarif extension,351,SAFE_25,Maârif Extension à Casablanca
176406,7717044,casablanca,oulfa,409,SAFE_25,Oulfa à Casablanca
176407,7717055,kenitra,maghrib arabi,29,SAFE_25,Maghrib Arabi à Kénitra
176408,7717061,meknes,hay salam,30,SAFE_25,Hay salam à Meknes
176409,7717067,meknes,hay salam,30,SAFE_25,Hay salam à Meknes
176410,7717084,sale,hay chmaou,56,SAFE_25,Hay Chmaou à Salé
176412,7717146,oujda,hay boudir,6,SAFE_5,Hay Boudir à Oujda
176415,7717231,agadir,secteur touristique,92,SAFE_25,Secteur Touristique à Agadir
176416,7717242,sale,hay chmaou,56,SAFE_25,Hay Chmaou à Salé
176417,7717268,casablanca,les hopitaux,385,SAFE_25,Les Hôpitaux à Casablanca
176419,7717329,marrakech,route casablanca,269,SAFE_25,Route Casablanca à Marrakech
176420,7717374,rabat,hassan centre ville,119,SAFE_25,Hassan - Centre Ville à Rabat
176425,7717535,marrakech,hivernage,273,SAFE_25,Hivernage à Marrakech
176430,7717620,tetouan,ziana,8,SAFE_5,Ziana à Tétouan
176434,7717728,tanger,ben dibane,11,SAFE_10,Ben Dibane à Tanger
176435,7717766,casablanca,maarif,326,SAFE_25,Maârif à Casablanca
176436,7717777,casablanca,maarif extension,351,SAFE_25,Maârif Extension à Casablanca
176437,7717784,mohammedia,monica,17,SAFE_10,Monica à Mohammedia
176438,7717791,kenitra,el hadadda,51,SAFE_25,El Hadadda à Kénitra
176440,7717823,sale,sala el jadida,84,SAFE_25,Sala el Jadida à Salé
176442,7717889,casablanca,al azhar,21,SAFE_10,Al Azhar à Casablanca
176444,7717917,tanger,hay hassani,92,SAFE_25,Hay Hassani à Tanger
176445,7717918,casablanca,racine,596,SAFE_25,Racine à Casablanca
176448,7717943,tanger,marjane,165,SAFE_25,Marjane à Tanger
176449,7717945,tanger,marjane,165,SAFE_25,Marjane à Tanger
176450,7717947,tanger,marjane,165,SAFE_25,Marjane à Tanger
176451,7717949,tanger,marjane,165,SAFE_25,Marjane à Tanger
176452,7717951,tanger,marjane,165,SAFE_25,Marjane à Tanger
176453,7717953,tanger,marjane,165,SAFE_25,Marjane à Tanger
176455,7718016,casablanca,derb el mitre,3,LOW,Derb El Mitre à Casablanca
176456,7718019,casablanca,bourgogne ouest,380,SAFE_25,Bourgogne Ouest à Casablanca
176457,7718046,meknes,cente,31,SAFE_25,Cente à Meknes
176458,7718051,casablanca,californie,735,SAFE_25,Californie à Casablanca
176460,7718086,kenitra,el hadadda,51,SAFE_25,El Hadadda à Kénitra
176461,7718087,kenitra,el hadadda,51,SAFE_25,El Hadadda à Kénitra
176462,7718088,kenitra,el hadadda,51,SAFE_25,El Hadadda à Kénitra
176463,7718089,kenitra,el hadadda,51,SAFE_25,El Hadadda à Kénitra
176464,7718090,kenitra,el hadadda,51,SAFE_25,El Hadadda à Kénitra
176465,7718091,kenitra,el hadadda,51,SAFE_25,El Hadadda à Kénitra
176466,7718097,kenitra,el hadadda,51,SAFE_25,El Hadadda à Kénitra
176467,7718109,casablanca,gauthier,422,SAFE_25,Gauthier à Casablanca
176469,7718156,casablanca,al madina aljadida,18,SAFE_10,Al Madina Aljadida à Casablanca
176474,7718334,casablanca,ain diab extension,188,SAFE_25,Ain Diab Extension à Casablanca
176475,7718393,sale,hay chmaou,56,SAFE_25,Hay Chmaou à Salé
176476,7718439,tanger,du golf,123,SAFE_25,Du Golf à Tanger
176477,7718445,marrakech,daoudiat,64,SAFE_25,Daoudiat à Marrakech
176478,7718446,casablanca,la gironde,122,SAFE_25,La Gironde à Casablanca
176479,7718456,oujda,bd derfoufi,5,SAFE_5,Bd Derfoufi à Oujda
176480,7718459,sale,sidi hajji,27,SAFE_25,Sidi Hajji à Salé
176481,7718460,casablanca,bourgogne ouest,380,SAFE_25,Bourgogne Ouest à Casablanca
176482,7718463,fes,hay moulay el kamel,4,LOW,Hay Moulay El Kamel à Fès
176483,7718465,casablanca,al azhar,21,SAFE_10,Al Azhar à Casablanca
176485,7718475,skhirat,imarat,15,SAFE_10,Imarat à Skhirat
176486,7718494,el jadida,hay essalam,49,SAFE_25,Hay Essalam à El Jadida
176488,7718516,kenitra,la ville haute,69,SAFE_25,La Ville Haute à Kénitra
176489,7718534,casablanca,al hadika,25,SAFE_25,Al Hadika à Casablanca
176491,7718577,tanger,moujahidine,132,SAFE_25,Moujahidine à Tanger
176493,7718585,marrakech,camp al ghoul,112,SAFE_25,Camp Al Ghoul à Marrakech
176494,7718591,rabat,diour jamaa,38,SAFE_25,Diour Jamaa à Rabat
176495,7718604,benslimane,golf de benslimane,48,SAFE_25,Golf de Benslimane à Benslimane
176496,7718609,rabat,agdal,313,SAFE_25,Agdal à Rabat
176497,7718634,marrakech,hay mabrouka,95,SAFE_25,Hay Mabrouka à Marrakech
176499,7718643,marrakech,hay mabrouka,95,SAFE_25,Hay Mabrouka à Marrakech
176500,7718644,marrakech,les portes de marrakech,94,SAFE_25,Les Portes de Marrakech à Marrakech
176501,7718666,casablanca,hay inara,27,SAFE_25,Hay Inara à Casablanca
176504,7718781,casablanca,al qods,132,SAFE_25,Al Qods à Casablanca
176505,7718787,casablanca,hay arrahma,3,LOW,Hay Arrahma à Casablanca
176506,7718855,casablanca,maarif extension,351,SAFE_25,Maârif Extension à Casablanca
176507,7718857,agadir,hay mohammadi,183,SAFE_25,Hay Mohammadi à Agadir
176508,7718860,marrakech,route de safi,237,SAFE_25,Route de Safi à Marrakech
176509,7718861,rabat,hassan centre ville,119,SAFE_25,Hassan - Centre Ville à Rabat
176511,7718874,casablanca,palmier,340,SAFE_25,Palmier à Casablanca
176512,7718880,meknes,al bassatine,56,SAFE_25,Al bassatine à Meknes
176513,7718882,oujda,boustane,15,SAFE_10,Boustane à Oujda
176516,7718903,marrakech,route de safi,237,SAFE_25,Route de Safi à Marrakech
176517,7718977,marrakech,gueliz,1250,SAFE_25,Guéliz à Marrakech
176518,7718980,agadir,hay salam,64,SAFE_25,Hay Salam à Agadir
176520,7719006,el jadida,hay al amal,5,SAFE_5,Hay Al Amal à El Jadida
176523,7719022,casablanca,les princesses,332,SAFE_25,Les princesses à Casablanca
176524,7719040,temara,riad oulad mtaa,35,SAFE_25,Riad Oulad Mtaa à Temara
176525,7719042,marrakech,hay mabrouka,95,SAFE_25,Hay Mabrouka à Marrakech
176528,7719049,tanger,mesnana,96,SAFE_25,Mesnana à Tanger
176529,7719073,casablanca,ain sebaa,344,SAFE_25,Aïn Sebaâ à Casablanca
176531,7719116,kenitra,maghrib arabi,29,SAFE_25,Maghrib Arabi à Kénitra
176535,7719183,kenitra,mimosas,57,SAFE_25,Mimosas à Kénitra
176537,7719199,marrakech,daoudiat,64,SAFE_25,Daoudiat à Marrakech
176538,7719212,tanger,de la plage,188,SAFE_25,De La Plage à Tanger
176539,7719216,safi,swinia,1,LOW,Swinia à Safi
176540,7719229,kenitra,maghrib arabi,29,SAFE_25,Maghrib Arabi à Kénitra
176541,7719238,agadir,al wifaq,38,SAFE_25,Al Wifaq à Agadir
176542,7719266,marrakech,route casablanca,269,SAFE_25,Route Casablanca à Marrakech
176544,7719277,casablanca,les hopitaux,385,SAFE_25,Les Hôpitaux à Casablanca
176545,7719283,rabat,hay al fath,34,SAFE_25,Hay Al Fath à Rabat
176546,7719293,casablanca,benjdia,50,SAFE_25,Benjdia à Casablanca
176548,7719317,temara,wifak,121,SAFE_25,Wifak à Temara
176549,7719324,casablanca,racine,596,SAFE_25,Racine à Casablanca
176550,7719327,marrakech,gueliz,1250,SAFE_25,Guéliz à Marrakech
176551,7719332,temara,massira 1,28,SAFE_25,Massira 1 à Temara
176558,7719377,casablanca,sidi moumen,119,SAFE_25,Sidi Moumen à Casablanca
176559,7719383,casablanca,ain sebaa,344,SAFE_25,Aïn Sebaâ à Casablanca
176562,7719436,marrakech,hivernage,273,SAFE_25,Hivernage à Marrakech
176563,7719468,tanger,du golf,123,SAFE_25,Du Golf à Tanger
176564,7719515,sale,tabriquet,37,SAFE_25,Tabriquet à Salé
176565,7719523,casablanca,californie,735,SAFE_25,Californie à Casablanca
176566,7719553,casablanca,belvedere,301,SAFE_25,Belvédère à Casablanca
176567,7719573,casablanca,maarif,326,SAFE_25,Maârif à Casablanca
176568,7719595,marrakech,gueliz,1250,SAFE_25,Guéliz à Marrakech
176570,7719607,marrakech,mhamid,253,SAFE_25,Mhamid à Marrakech
176571,7719642,sale,hay rahma,10,SAFE_10,Hay Rahma à Salé
176572,7719649,casablanca,la gironde,122,SAFE_25,La Gironde à Casablanca
176573,7719652,agadir,extension dakhla,15,SAFE_10,Extension Dakhla à Agadir
176575,7719683,casablanca,hay albaraka,19,SAFE_10,Hay Albaraka à Casablanca
176576,7719696,marrakech,route casablanca,269,SAFE_25,Route Casablanca à Marrakech
176579,7719759,marrakech,gueliz,1250,SAFE_25,Guéliz à Marrakech
176581,7719803,marrakech,route casablanca,269,SAFE_25,Route Casablanca à Marrakech
176582,7719805,casablanca,beausejour,150,SAFE_25,Beauséjour à Casablanca
176583,7719858,marrakech,amerchich,50,SAFE_25,Amerchich à Marrakech
176584,7719859,tanger,aida,23,SAFE_10,Aida à Tanger
176586,7719879,mohammedia,route de rabat,18,SAFE_10,Route de rabat à Mohammedia
176587,7719883,marrakech,route de safi,237,SAFE_25,Route de Safi à Marrakech
176590,7719943,casablanca,belvedere,301,SAFE_25,Belvédère à Casablanca
176591,7719951,kenitra,maamora,58,SAFE_25,Maamora à Kénitra
176594,7719981,fes,nouvelle ville,31,SAFE_25,Nouvelle Ville à Fès
176595,7719985,casablanca,triangle d or,142,SAFE_25,Triangle d'Or à Casablanca
176596,7720017,casablanca,bernoussi,99,SAFE_25,Bernoussi à Casablanca
176598,7720061,casablanca,hay antaria,6,SAFE_5,Hay Antaria à Casablanca
176600,7720068,casablanca,gauthier,422,SAFE_25,Gauthier à Casablanca
176601,7720083,agadir,hay mohammadi,183,SAFE_25,Hay Mohammadi à Agadir
176602,7720119,casablanca,al qods,132,SAFE_25,Al Qods à Casablanca
176603,7720120,meknes,cente,31,SAFE_25,Cente à Meknes
176605,7720140,marrakech,majorelle,157,SAFE_25,Majorelle à Marrakech
176606,7720147,casablanca,oasis,332,SAFE_25,Oasis à Casablanca
176608,7720188,casablanca,les hopitaux,385,SAFE_25,Les Hôpitaux à Casablanca
176610,7720198,marrakech,gueliz,1250,SAFE_25,Guéliz à Marrakech
176614,7720277,benslimane,oasis,5,SAFE_5,Oasis à Benslimane
176615,7720296,marrakech,hivernage,273,SAFE_25,Hivernage à Marrakech
176616,7720331,marrakech,gueliz,1250,SAFE_25,Guéliz à Marrakech
176619,7720423,casablanca,bourgogne ouest,380,SAFE_25,Bourgogne Ouest à Casablanca
176621,7720467,agadir,hay mohammadi,183,SAFE_25,Hay Mohammadi à Agadir
176623,7720508,meknes,marjane,146,SAFE_25,Marjane à Meknes
176624,7720528,casablanca,oasis,332,SAFE_25,Oasis à Casablanca
176625,7720532,agadir,tilila,54,SAFE_25,Tilila à Agadir
176626,7720535,kenitra,la ville haute,69,SAFE_25,La Ville Haute à Kénitra
176627,7720536,skhirat,imarat,15,SAFE_10,Imarat à Skhirat
176628,7720548,casablanca,sidi maarouf,518,SAFE_25,Sidi Maarouf à Casablanca
176629,7720559,marrakech,gueliz,1250,SAFE_25,Guéliz à Marrakech
176630,7720563,agadir,agadir oufella,4,LOW,Agadir Oufella à Agadir
176632,7720579,marrakech,gueliz,1250,SAFE_25,Guéliz à Marrakech
176633,7720592,marrakech,route de ouarzazate,289,SAFE_25,Route de Ouarzazate à Marrakech
176634,7720603,casablanca,hay alhoda,1,LOW,Hay Alhoda à Casablanca
176638,7720631,tanger,moujahidine,132,SAFE_25,Moujahidine à Tanger
176639,7720641,tanger,castilla,76,SAFE_25,Castilla à Tanger
176640,7720643,mohammedia,al aalia,51,SAFE_25,Al Aalia à Mohammedia
176641,7720648,el jadida,mouilha,2,LOW,Mouilha à El Jadida
176642,7720666,meknes,hamria,152,SAFE_25,Hamria à Meknes
176643,7720667,mohammedia,quartier du parc,79,SAFE_25,Quartier du Parc à Mohammedia
176646,7720686,casablanca,al qods,132,SAFE_25,Al Qods à Casablanca
176647,7720697,casablanca,beausejour,150,SAFE_25,Beauséjour à Casablanca
176650,7720708,mohammedia,quartier du parc,79,SAFE_25,Quartier du Parc à Mohammedia
176651,7720727,tanger,administratif,164,SAFE_25,Administratif à Tanger
176655,7720742,fes,agdal,12,SAFE_10,Agdal à Fès
176657,7720772,bouznika,plage oued cherrat,118,SAFE_25,Plage Oued Cherrat à Bouznika
176659,7720797,temara,wifak,121,SAFE_25,Wifak à Temara
176661,7720814,casablanca,bourgogne ouest,380,SAFE_25,Bourgogne Ouest à Casablanca
176662,7720826,tanger,jbel kbir,80,SAFE_25,Jbel Kbir à Tanger
176663,7720860,marrakech,gueliz,1250,SAFE_25,Guéliz à Marrakech
176664,7720866,casablanca,sidi maarouf,518,SAFE_25,Sidi Maarouf à Casablanca
176665,7720883,marrakech,gueliz,1250,SAFE_25,Guéliz à Marrakech
176667,7720915,bouznika,quartier industriel,31,SAFE_25,Quartier Industriel à Bouznika
176668,7720930,marrakech,hivernage,273,SAFE_25,Hivernage à Marrakech
176670,7720968,mohammedia,mannesmann,37,SAFE_25,Mannesmann à Mohammedia
176672,7720994,kenitra,bir rami ouest,38,SAFE_25,Bir Rami Ouest à Kénitra
176673,7720996,kenitra,bir rami ouest,38,SAFE_25,Bir Rami Ouest à Kénitra
176674,7720997,kenitra,bir rami ouest,38,SAFE_25,Bir Rami Ouest à Kénitra
176675,7720999,kenitra,bir rami ouest,38,SAFE_25,Bir Rami Ouest à Kénitra
176676,7721000,kenitra,bir rami ouest,38,SAFE_25,Bir Rami Ouest à Kénitra
176677,7721001,kenitra,bir rami ouest,38,SAFE_25,Bir Rami Ouest à Kénitra
176678,7721003,kenitra,bir rami ouest,38,SAFE_25,Bir Rami Ouest à Kénitra
176679,7721004,kenitra,bir rami ouest,38,SAFE_25,Bir Rami Ouest à Kénitra
176680,7721014,marrakech,gueliz,1250,SAFE_25,Guéliz à Marrakech
176681,7721016,marrakech,gueliz,1250,SAFE_25,Guéliz à Marrakech
176682,7721027,tetouan,wilaya,41,SAFE_25,Wilaya à Tétouan
176684,7721061,marrakech,mhamid,253,SAFE_25,Mhamid à Marrakech
176685,7721062,marrakech,route casablanca,269,SAFE_25,Route Casablanca à Marrakech
176688,7721101,tanger,malabata,421,SAFE_25,Malabata à Tanger
176690,7721113,essaouira,nouvelle ville,28,SAFE_25,Nouvelle Ville à Essaouira
176693,7721158,marrakech,mhamid,253,SAFE_25,Mhamid à Marrakech
176695,7721234,fes,zouagha,21,SAFE_10,Zouagha à Fès
176696,7721243,tanger,marjane,165,SAFE_25,Marjane à Tanger
176697,7721249,casablanca,belvedere,301,SAFE_25,Belvédère à Casablanca
176699,7721257,casablanca,gauthier,422,SAFE_25,Gauthier à Casablanca
176700,7721259,casablanca,lissasfa,104,SAFE_25,Lissasfa à Casablanca
176701,7721260,casablanca,beausejour,150,SAFE_25,Beauséjour à Casablanca
176702,7721277,casablanca,mers sultan,170,SAFE_25,Mers Sultan à Casablanca
176703,7721280,tanger,malabata,421,SAFE_25,Malabata à Tanger
176704,7721283,skhirat,plage rose maree,34,SAFE_25,Plage rose marée à Skhirat
176705,7721294,meknes,marjane,146,SAFE_25,Marjane à Meknes
176706,7721304,kenitra,la ville haute,69,SAFE_25,La Ville Haute à Kénitra
176707,7721318,agadir,hay mohammadi,183,SAFE_25,Hay Mohammadi à Agadir
176708,7721336,casablanca,bernoussi,99,SAFE_25,Bernoussi à Casablanca
176710,7721351,meknes,marjane,146,SAFE_25,Marjane à Meknes
176712,7721375,rabat,souissi,566,SAFE_25,Souissi à Rabat
176713,7721388,bouznika,al kawtar,71,SAFE_25,Al Kawtar à Bouznika
176714,7721389,casablanca,anfa,374,SAFE_25,Anfa à Casablanca
176717,7721463,mohammedia,wafa,25,SAFE_25,Wafa à Mohammedia
176718,7721489,casablanca,oulfa,409,SAFE_25,Oulfa à Casablanca
176719,7721501,casablanca,ferme bretonne hay arraha,189,SAFE_25,Ferme Bretonne (Hay Arraha) à Casablanca
176722,7721509,casablanca,ain sebaa,344,SAFE_25,Aïn Sebaâ à Casablanca
176723,7721559,sale,hay rahma,10,SAFE_10,Hay Rahma à Salé
176724,7721569,temara,wifak,121,SAFE_25,Wifak à Temara
176726,7721620,marrakech,route casablanca,269,SAFE_25,Route Casablanca à Marrakech
176727,7721643,tanger,malabata,421,SAFE_25,Malabata à Tanger
176728,7721668,tanger,tanja balia,220,SAFE_25,Tanja Balia à Tanger
176729,7721669,marrakech,route casablanca,269,SAFE_25,Route Casablanca à Marrakech
176731,7721726,casablanca,quartier cheminots,1,LOW,Quartier Cheminots à Casablanca
176732,7721729,casablanca,la gironde,122,SAFE_25,La Gironde à Casablanca
176734,7721758,sale,sala el jadida,84,SAFE_25,Sala el Jadida à Salé
176735,7721785,casablanca,hay mohammadi,65,SAFE_25,Hay Mohammadi à Casablanca
176737,7721839,sale,bab al bahr,12,SAFE_10,Bab Al Bahr à Salé
176738,7721845,marrakech,gueliz,1250,SAFE_25,Guéliz à Marrakech
176739,7721858,meknes,wislane,53,SAFE_25,Wislane à Meknes
176740,7721863,rabat,hassan centre ville,119,SAFE_25,Hassan - Centre Ville à Rabat
176741,7721870,sale,tabriquet,37,SAFE_25,Tabriquet à Salé
176743,7721882,casablanca,bourgogne ouest,380,SAFE_25,Bourgogne Ouest à Casablanca
176746,7721916,bouznika,quartier industriel,31,SAFE_25,Quartier Industriel à Bouznika
176747,7721918,casablanca,oulfa,409,SAFE_25,Oulfa à Casablanca
176748,7721929,casablanca,oulfa,409,SAFE_25,Oulfa à Casablanca
176753,7722010,sale,sidi hajji,27,SAFE_25,Sidi Hajji à Salé
176754,7722020,marrakech,route casablanca,269,SAFE_25,Route Casablanca à Marrakech
176756,7722032,sale,sala el jadida,84,SAFE_25,Sala el Jadida à Salé
176757,7722040,casablanca,maarif,326,SAFE_25,Maârif à Casablanca
176758,7722085,meknes,marjane,146,SAFE_25,Marjane à Meknes
176759,7722096,casablanca,tacharouk hay al walaa,29,SAFE_25,Tacharouk (Hay Al Walaa) à Casablanca
176760,7722097,marrakech,izdihar,97,SAFE_25,Izdihar à Marrakech
176762,7722105,bouznika,quartier industriel,31,SAFE_25,Quartier Industriel à Bouznika
176763,7722126,casablanca,racine,596,SAFE_25,Racine à Casablanca
176765,7722153,marrakech,ennakhil palmeraie,469,SAFE_25,Ennakhil (Palmeraie) à Marrakech
176767,7722191,marrakech,daoudiat,64,SAFE_25,Daoudiat à Marrakech
176768,7722206,tanger,aharrarine,37,SAFE_25,Aharrarine à Tanger
176770,7722220,rabat,agdal,313,SAFE_25,Agdal à Rabat
176772,7722312,essaouira,tafoukt,4,LOW,Tafoukt à Essaouira
176774,7722327,casablanca,belvedere,301,SAFE_25,Belvédère à Casablanca
176779,7722524,casablanca,ain sebaa,344,SAFE_25,Aïn Sebaâ à Casablanca
176780,7722552,marrakech,route casablanca,269,SAFE_25,Route Casablanca à Marrakech
176781,7722577,marrakech,gueliz,1250,SAFE_25,Guéliz à Marrakech
176783,7722677,kenitra,la ville haute,69,SAFE_25,La Ville Haute à Kénitra
176784,7722708,casablanca,sidi maarouf,518,SAFE_25,Sidi Maarouf à Casablanca
176786,7722718,casablanca,la gironde,122,SAFE_25,La Gironde à Casablanca
176787,7722762,casablanca,la gironde,122,SAFE_25,La Gironde à Casablanca
176789,7722922,bouznika,hamza,21,SAFE_10,Hamza à Bouznika
176792,7723048,meknes,marjane,146,SAFE_25,Marjane à Meknes
176793,7723080,agadir,hay mohammadi,183,SAFE_25,Hay Mohammadi à Agadir
176794,7723089,casablanca,mers sultan,170,SAFE_25,Mers Sultan à Casablanca
176795,7723090,bouznika,al kawtar,71,SAFE_25,Al Kawtar à Bouznika
176796,7723092,casablanca,oasis,332,SAFE_25,Oasis à Casablanca
176803,7723177,marrakech,route casablanca,269,SAFE_25,Route Casablanca à Marrakech
176807,7723201,casablanca,bourgogne ouest,380,SAFE_25,Bourgogne Ouest à Casablanca
176812,7723308,meknes,bab lekhmiss,3,LOW,Bab lekhmiss à Meknes
176813,7723321,agadir,hay houda,65,SAFE_25,Hay Houda à Agadir
176814,7723324,casablanca,laymoune,100,SAFE_25,Laymoune à Casablanca
176816,7723331,tetouan,wilaya,41,SAFE_25,Wilaya à Tétouan
176817,7723334,fes,fes city center,8,SAFE_5,Fes City Center à Fès
176818,7723360,marrakech,route amizmiz,500,SAFE_25,Route Amizmiz à Marrakech
176819,7723381,casablanca,sidi maarouf,518,SAFE_25,Sidi Maarouf à Casablanca
176820,7723399,casablanca,lahraouiyine,7,SAFE_5,Lahraouiyine à Casablanca
176821,7723423,casablanca,gauthier,422,SAFE_25,Gauthier à Casablanca
176822,7723432,casablanca,sidi moumen,119,SAFE_25,Sidi Moumen à Casablanca
176823,7723444,casablanca,gauthier,422,SAFE_25,Gauthier à Casablanca
176826,7723509,casablanca,oulfa,409,SAFE_25,Oulfa à Casablanca
176827,7723538,sale,pepiniere,3,LOW,Pépinière à Salé
176829,7723555,el jadida,biranzarane,8,SAFE_5,Biranzarane à El Jadida
176833,7723620,casablanca,alsace lorraine,43,SAFE_25,Alsace Lorraine à Casablanca
176834,7723636,casablanca,racine,596,SAFE_25,Racine à Casablanca
176835,7723660,kenitra,mimosas,57,SAFE_25,Mimosas à Kénitra
176836,7723677,casablanca,bourgogne ouest,380,SAFE_25,Bourgogne Ouest à Casablanca
176837,7723692,casablanca,hay arrahma,3,LOW,Hay Arrahma à Casablanca
176840,7723740,bouznika,hamza,21,SAFE_10,Hamza à Bouznika
176841,7723758,bouznika,hamza,21,SAFE_10,Hamza à Bouznika
176843,7723776,rabat,riyad,566,SAFE_25,Riyad à Rabat
176847,7723794,kenitra,mimosas,57,SAFE_25,Mimosas à Kénitra
176848,7723796,marrakech,route casablanca,269,SAFE_25,Route Casablanca à Marrakech
176849,7723812,rabat,haut agdal,84,SAFE_25,Haut Agdal à Rabat
176851,7723826,kenitra,la ville haute,69,SAFE_25,La Ville Haute à Kénitra
176852,7723838,sale,el qods,7,SAFE_5,El Qods à Salé
176854,7723874,marrakech,route de safi,237,SAFE_25,Route de Safi à Marrakech
176856,7723909,tanger,moujahidine,132,SAFE_25,Moujahidine à Tanger
176858,7723934,marrakech,gueliz,1250,SAFE_25,Guéliz à Marrakech
176859,7723941,casablanca,val fleury,190,SAFE_25,Val Fleury à Casablanca
176860,7723944,marrakech,gueliz,1250,SAFE_25,Guéliz à Marrakech
176862,7723976,temara,wifak,121,SAFE_25,Wifak à Temara
176863,7723985,skhirat,plage rose maree,34,SAFE_25,Plage rose marée à Skhirat
176864,7724005,casablanca,anassi,40,SAFE_25,Anassi à Casablanca
176865,7724034,agadir,hay mohammadi,183,SAFE_25,Hay Mohammadi à Agadir
176868,7724078,casablanca,casablanca finance city,208,SAFE_25,Casablanca Finance City à Casablanca
176869,7724081,el jadida,sidi moussa,18,SAFE_10,Sidi Moussa à El Jadida
176870,7724082,marrakech,rmila,97,SAFE_25,Rmila à Marrakech
176871,7724083,sale,hay chmaou,56,SAFE_25,Hay Chmaou à Salé
176872,7724101,sale,hay chmaou,56,SAFE_25,Hay Chmaou à Salé
176873,7724117,rabat,hassan centre ville,119,SAFE_25,Hassan - Centre Ville à Rabat
176874,7724142,casablanca,gauthier,422,SAFE_25,Gauthier à Casablanca
176875,7724153,casablanca,port,20,SAFE_10,Port à Casablanca
176877,7724160,tetouan,ziana,8,SAFE_5,Ziana à Tétouan
176878,7724161,tetouan,ziana,8,SAFE_5,Ziana à Tétouan
176879,7724164,tetouan,ziana,8,SAFE_5,Ziana à Tétouan
176880,7724165,tetouan,ziana,8,SAFE_5,Ziana à Tétouan
176881,7724166,tetouan,ziana,8,SAFE_5,Ziana à Tétouan
176882,7724167,tetouan,ziana,8,SAFE_5,Ziana à Tétouan
176883,7724168,tetouan,ziana,8,SAFE_5,Ziana à Tétouan
176884,7724169,tetouan,ziana,8,SAFE_5,Ziana à Tétouan
176885,7724177,casablanca,al madina aljadida,18,SAFE_10,Al Madina Aljadida à Casablanca
176886,7724183,casablanca,belvedere,301,SAFE_25,Belvédère à Casablanca
176887,7724209,kenitra,el hadadda,51,SAFE_25,El Hadadda à Kénitra
176889,7724243,casablanca,gauthier,422,SAFE_25,Gauthier à Casablanca
176892,7724317,sale,sala el jadida,84,SAFE_25,Sala el Jadida à Salé
176895,7724418,tanger,mozart,64,SAFE_25,Mozart à Tanger
176898,7724429,oujda,hay fath,16,SAFE_10,Hay fath à Oujda
176899,7724430,tanger,marchan,45,SAFE_25,Marchan à Tanger
176902,7724453,sale,sidi hajji,27,SAFE_25,Sidi Hajji à Salé
176903,7724477,casablanca,racine extension,51,SAFE_25,Racine Extension à Casablanca
176906,7724518,casablanca,oulfa,409,SAFE_25,Oulfa à Casablanca
176908,7724538,sale,sala el jadida,84,SAFE_25,Sala el Jadida à Salé
176909,7724552,casablanca,bourgogne ouest,380,SAFE_25,Bourgogne Ouest à Casablanca
176910,7724566,casablanca,alsace lorraine,43,SAFE_25,Alsace Lorraine à Casablanca
176911,7724572,fes,ain amiyer,11,SAFE_10,Ain Amiyer à Fès
176915,7724646,tanger,iberie,173,SAFE_25,Iberie à Tanger
176916,7724648,marrakech,gueliz,1250,SAFE_25,Guéliz à Marrakech
176917,7724651,marrakech,massira 1,51,SAFE_25,Massira 1 à Marrakech
176918,7724654,casablanca,jamila 2,3,LOW,Jamila 2 à Casablanca
176919,7724657,temara,wifak,121,SAFE_25,Wifak à Temara
176921,7724675,marrakech,daoudiat,64,SAFE_25,Daoudiat à Marrakech
176922,7724703,rabat,riyad,566,SAFE_25,Riyad à Rabat
176923,7724704,marrakech,gueliz,1250,SAFE_25,Guéliz à Marrakech
176927,7724758,sale,sidi hajji,27,SAFE_25,Sidi Hajji à Salé
176930,7724788,marrakech,gueliz,1250,SAFE_25,Guéliz à Marrakech
176937,7724833,temara,skikina,28,SAFE_25,Skikina à Temara
176939,7724907,marrakech,amerchich,50,SAFE_25,Amerchich à Marrakech
176943,7724972,rabat,agdal,313,SAFE_25,Agdal à Rabat
176945,7725001,fes,talaa,15,SAFE_10,Talaa à Fès
176947,7725071,bouznika,plage oued cherrat,118,SAFE_25,Plage Oued Cherrat à Bouznika
176948,7725081,casablanca,anfa,374,SAFE_25,Anfa à Casablanca
176954,7725146,tanger,branes 2,42,SAFE_25,Branes 2 à Tanger
176956,7725150,tanger,branes 2,42,SAFE_25,Branes 2 à Tanger
176957,7725156,tanger,manar,103,SAFE_25,Manar à Tanger
176958,7725157,marrakech,hay mabrouka,95,SAFE_25,Hay Mabrouka à Marrakech
176962,7725194,kenitra,mimosas,57,SAFE_25,Mimosas à Kénitra
176963,7725199,marrakech,ennakhil palmeraie,469,SAFE_25,Ennakhil (Palmeraie) à Marrakech
176964,7725202,tetouan,wilaya,41,SAFE_25,Wilaya à Tétouan
176966,7725227,tetouan,wilaya,41,SAFE_25,Wilaya à Tétouan
176967,7725232,marrakech,route de l ourika,877,SAFE_25,Route de l'Ourika à Marrakech
176968,7725235,casablanca,oasis,332,SAFE_25,Oasis à Casablanca
176970,7725248,marrakech,agdal,514,SAFE_25,Agdal à Marrakech
176971,7725258,casablanca,ain sebaa,344,SAFE_25,Aïn Sebaâ à Casablanca
176975,7725331,casablanca,la gironde,122,SAFE_25,La Gironde à Casablanca
176978,7725418,fes,route immouzer,38,SAFE_25,Route Immouzer à Fès
176979,7725423,tanger,de la plage,188,SAFE_25,De La Plage à Tanger
176981,7725446,casablanca,sidi maarouf,518,SAFE_25,Sidi Maarouf à Casablanca
176983,7725491,kenitra,la ville haute,69,SAFE_25,La Ville Haute à Kénitra
176984,7725500,agadir,tilila,54,SAFE_25,Tilila à Agadir
176985,7725504,marrakech,mhamid,253,SAFE_25,Mhamid à Marrakech
176986,7725524,casablanca,racine extension,51,SAFE_25,Racine Extension à Casablanca
176988,7725532,casablanca,oulfa,409,SAFE_25,Oulfa à Casablanca
176989,7725542,casablanca,oulfa,409,SAFE_25,Oulfa à Casablanca
176990,7725547,agadir,zone industrielle agadir,23,SAFE_10,Zone Industrielle Agadir à Agadir
176991,7725549,tanger,marjane,165,SAFE_25,Marjane à Tanger
176992,7725558,bouznika,quartier industriel,31,SAFE_25,Quartier Industriel à Bouznika
176994,7725589,tanger,branes 1,16,SAFE_10,Branes 1 à Tanger
176995,7725606,agadir,riad salam,33,SAFE_25,Riad Salam à Agadir
176996,7725614,kenitra,maamora,58,SAFE_25,Maamora à Kénitra
176998,7725625,bouznika,assanaouber,16,SAFE_10,Assanaouber à Bouznika
176999,7725627,marrakech,route casablanca,269,SAFE_25,Route Casablanca à Marrakech
177001,7725637,bouznika,hay toummert,9,SAFE_5,Hay Toummert à Bouznika
177002,7725642,bouznika,plage oued cherrat,118,SAFE_25,Plage Oued Cherrat à Bouznika
177004,7725664,kenitra,mimosas,57,SAFE_25,Mimosas à Kénitra
177006,7725676,marrakech,issil,29,SAFE_25,Issil à Marrakech
177008,7725685,fes,narjis,23,SAFE_10,Narjis à Fès
177011,7725703,casablanca,ain borja,88,SAFE_25,Ain Borja à Casablanca
177012,7725723,tanger,hanaa 2,3,LOW,Hanaa 2 à Tanger
177015,7725742,meknes,cente,31,SAFE_25,Cente à Meknes
177016,7725751,rabat,agdal,313,SAFE_25,Agdal à Rabat
177017,7725779,rabat,riyad,566,SAFE_25,Riyad à Rabat
177018,7725819,marrakech,samlalia,132,SAFE_25,Samlalia à Marrakech
177019,7725824,casablanca,al qods,132,SAFE_25,Al Qods à Casablanca
177021,7725879,mohammedia,wafa,25,SAFE_25,Wafa à Mohammedia
177022,7725890,bouznika,assanaouber,16,SAFE_10,Assanaouber à Bouznika
177025,7725950,kenitra,mimosas,57,SAFE_25,Mimosas à Kénitra
177026,7725958,casablanca,oulfa,409,SAFE_25,Oulfa à Casablanca
177027,7725959,agadir,assaka,5,SAFE_5,Assaka à Agadir
177029,7725965,marrakech,gueliz,1250,SAFE_25,Guéliz à Marrakech
177031,7725973,casablanca,lissasfa,104,SAFE_25,Lissasfa à Casablanca
177035,7725989,oujda,andalous,20,SAFE_10,Andalous à Oujda
177036,7725993,casablanca,tacharouk hay al walaa,29,SAFE_25,Tacharouk (Hay Al Walaa) à Casablanca
177037,7725995,fes,mont fleuri,13,SAFE_10,Mont Fleuri à Fès
177038,7725998,casablanca,la gironde,122,SAFE_25,La Gironde à Casablanca
177039,7726014,casablanca,oasis,332,SAFE_25,Oasis à Casablanca
177040,7726017,casablanca,tacharouk hay al walaa,29,SAFE_25,Tacharouk (Hay Al Walaa) à Casablanca
177041,7726025,casablanca,tacharouk hay al walaa,29,SAFE_25,Tacharouk (Hay Al Walaa) à Casablanca
177046,7726085,casablanca,nassim 1,64,SAFE_25,Nassim 1 à Casablanca
177051,7726114,casablanca,al qods,132,SAFE_25,Al Qods à Casablanca
177053,7726132,casablanca,derb ghalef,98,SAFE_25,Derb Ghalef à Casablanca
177054,7726140,sale,horria,3,LOW,Horria à Salé
177057,7726175,marrakech,gueliz,1250,SAFE_25,Guéliz à Marrakech
177058,7726183,skhirat,al fath,13,SAFE_10,Al fath à Skhirat
177059,7726242,casablanca,lissasfa,104,SAFE_25,Lissasfa à Casablanca
177061,7726266,casablanca,oulfa,409,SAFE_25,Oulfa à Casablanca
177062,7726272,kenitra,maamora,58,SAFE_25,Maamora à Kénitra
177063,7726298,casablanca,oasis,332,SAFE_25,Oasis à Casablanca
177064,7726306,agadir,hay houda,65,SAFE_25,Hay Houda à Agadir
177066,7726342,marrakech,gueliz,1250,SAFE_25,Guéliz à Marrakech
177067,7726348,rabat,diour jamaa,38,SAFE_25,Diour Jamaa à Rabat
177069,7726375,marrakech,route casablanca,269,SAFE_25,Route Casablanca à Marrakech
177070,7726378,sale,horria,3,LOW,Horria à Salé
177071,7726399,rabat,hay al fath,34,SAFE_25,Hay Al Fath à Rabat
177072,7726405,casablanca,anfa,374,SAFE_25,Anfa à Casablanca
177073,7726413,rabat,hay al fath,34,SAFE_25,Hay Al Fath à Rabat
177077,7726473,sale,bab al bahr,12,SAFE_10,Bab Al Bahr à Salé
177078,7726487,bouznika,al kawtar,71,SAFE_25,Al Kawtar à Bouznika
177081,7726500,mohammedia,hay al falah,6,SAFE_5,Hay Al Falah à Mohammedia
177083,7726549,el jadida,sidi moussa,18,SAFE_10,Sidi Moussa à El Jadida
177087,7726575,el jadida,al qods,5,SAFE_5,Al Qods à El Jadida
177088,7726582,temara,riad oulad mtaa,35,SAFE_25,Riad Oulad Mtaa à Temara
177089,7726612,agadir,hay mohammadi,183,SAFE_25,Hay Mohammadi à Agadir
177090,7726636,rabat,hay nahda,43,SAFE_25,Hay Nahda à Rabat
177092,7726651,sale,sidi hajji,27,SAFE_25,Sidi Hajji à Salé
177093,7726763,fes,champ de course,17,SAFE_10,Champ de course à Fès
177095,7726812,kenitra,el hadadda,51,SAFE_25,El Hadadda à Kénitra
177096,7726840,casablanca,oulfa,409,SAFE_25,Oulfa à Casablanca
177097,7726858,casablanca,sidi moumen,119,SAFE_25,Sidi Moumen à Casablanca
177099,7726906,settat,hay mabrouka,5,SAFE_5,Hay Mabrouka à Settat
177100,7726907,el jadida,quartier aerodrome,20,SAFE_10,Quartier Aérodrome à El Jadida
177102,7726919,marrakech,gueliz,1250,SAFE_25,Guéliz à Marrakech
177103,7726932,rabat,agdal,313,SAFE_25,Agdal à Rabat
177104,7726937,tanger,moujahidine,132,SAFE_25,Moujahidine à Tanger
177105,7726955,rabat,hay nahda,43,SAFE_25,Hay Nahda à Rabat
177106,7726957,marrakech,gueliz,1250,SAFE_25,Guéliz à Marrakech
177107,7726987,marrakech,route de fez,469,SAFE_25,Route de Fez à Marrakech
177108,7727004,rabat,l ocean,61,SAFE_25,L'Ocean à Rabat
177109,7727041,casablanca,gauthier,422,SAFE_25,Gauthier à Casablanca
177110,7727084,casablanca,anfa,374,SAFE_25,Anfa à Casablanca
177112,7727103,casablanca,anfa,374,SAFE_25,Anfa à Casablanca
177113,7727107,casablanca,anfa,374,SAFE_25,Anfa à Casablanca
177114,7727111,casablanca,oulfa,409,SAFE_25,Oulfa à Casablanca
177118,7727128,marrakech,route casablanca,269,SAFE_25,Route Casablanca à Marrakech
177119,7727146,fes,route ain chkaf,51,SAFE_25,Route ain Chkaf à Fès
177121,7727209,meknes,hamria,152,SAFE_25,Hamria à Meknes
177122,7727218,casablanca,anfa,374,SAFE_25,Anfa à Casablanca
177123,7727225,casablanca,anfa,374,SAFE_25,Anfa à Casablanca
177124,7727367,casablanca,belvedere,301,SAFE_25,Belvédère à Casablanca
177127,7727392,casablanca,ferme bretonne hay arraha,189,SAFE_25,Ferme Bretonne (Hay Arraha) à Casablanca
177128,7727397,casablanca,al qods,132,SAFE_25,Al Qods à Casablanca
177132,7727462,fes,route se sefrou,16,SAFE_10,Route se Sefrou à Fès
177133,7727475,casablanca,casablanca finance city,208,SAFE_25,Casablanca Finance City à Casablanca
177134,7727480,casablanca,racine,596,SAFE_25,Racine à Casablanca
177136,7727484,sale,abouab sala,17,SAFE_10,Abouab Sala à Salé
177137,7727510,rabat,riyad,566,SAFE_25,Riyad à Rabat
177138,7727515,meknes,al bassatine,56,SAFE_25,Al bassatine à Meknes
177141,7727534,casablanca,oulfa,409,SAFE_25,Oulfa à Casablanca
177142,7727536,marrakech,agdal,514,SAFE_25,Agdal à Marrakech
177143,7727575,tanger,de la plage,188,SAFE_25,De La Plage à Tanger
177144,7727577,fes,zone industrielle bensouda,1,LOW,Zone Industrielle Bensouda à Fès
177146,7727584,marrakech,route d agadir essaouira,143,SAFE_25,Route d'Agadir - Essaouira à Marrakech
177148,7727614,casablanca,sidi moumen,119,SAFE_25,Sidi Moumen à Casablanca
177149,7727635,casablanca,sidi maarouf,518,SAFE_25,Sidi Maarouf à Casablanca
177150,7727641,casablanca,palmier,340,SAFE_25,Palmier à Casablanca
177151,7727682,casablanca,burger,53,SAFE_25,Burger à Casablanca
177152,7727698,kenitra,mimosas,57,SAFE_25,Mimosas à Kénitra
177154,7727719,casablanca,val fleury,190,SAFE_25,Val Fleury à Casablanca
177156,7727785,casablanca,triangle d or,142,SAFE_25,Triangle d'Or à Casablanca
177157,7727788,casablanca,palmier,340,SAFE_25,Palmier à Casablanca
177158,7727835,oujda,les iris,12,SAFE_10,Les Iris à Oujda
177159,7727868,casablanca,racine,596,SAFE_25,Racine à Casablanca
177160,7727899,bouznika,assanaouber,16,SAFE_10,Assanaouber à Bouznika
177162,7727928,casablanca,hay hassani,116,SAFE_25,Hay Hassani à Casablanca
177163,7727949,rabat,hassan centre ville,119,SAFE_25,Hassan - Centre Ville à Rabat
177165,7727989,casablanca,oulfa,409,SAFE_25,Oulfa à Casablanca
177167,7728063,casablanca,sidi moumen,119,SAFE_25,Sidi Moumen à Casablanca
177168,7728099,casablanca,tacharouk hay al walaa,29,SAFE_25,Tacharouk (Hay Al Walaa) à Casablanca
177169,7728100,tetouan,wilaya,41,SAFE_25,Wilaya à Tétouan
177173,7728152,casablanca,bourgogne ouest,380,SAFE_25,Bourgogne Ouest à Casablanca
177176,7728188,tanger,castilla,76,SAFE_25,Castilla à Tanger
177178,7728221,casablanca,ain sebaa,344,SAFE_25,Aïn Sebaâ à Casablanca
177180,7728240,marrakech,les portes de marrakech,94,SAFE_25,Les Portes de Marrakech à Marrakech
177183,7728296,casablanca,belvedere,301,SAFE_25,Belvédère à Casablanca
177185,7728315,marrakech,route casablanca,269,SAFE_25,Route Casablanca à Marrakech
177187,7728377,meknes,marjane,146,SAFE_25,Marjane à Meknes
177188,7728379,casablanca,oulfa,409,SAFE_25,Oulfa à Casablanca
177191,7728388,casablanca,mers sultan,170,SAFE_25,Mers Sultan à Casablanca
177192,7728389,el jadida,sidi moussa,18,SAFE_10,Sidi Moussa à El Jadida
177193,7728400,casablanca,ain borja,88,SAFE_25,Ain Borja à Casablanca
177194,7728413,casablanca,belvedere,301,SAFE_25,Belvédère à Casablanca
177196,7728426,marrakech,ennakhil palmeraie,469,SAFE_25,Ennakhil (Palmeraie) à Marrakech
177197,7728428,khemisset,lot tadart,1,LOW,Lot Tadart à Khémisset
177199,7728439,meknes,hamria,152,SAFE_25,Hamria à Meknes
177200,7728447,casablanca,bourgogne ouest,380,SAFE_25,Bourgogne Ouest à Casablanca
177204,7728526,casablanca,casablanca finance city,208,SAFE_25,Casablanca Finance City à Casablanca
177205,7728543,marrakech,hivernage,273,SAFE_25,Hivernage à Marrakech
177209,7728603,fes,nouvelle ville,31,SAFE_25,Nouvelle Ville à Fès
177210,7728606,casablanca,ain diab,457,SAFE_25,Ain Diab à Casablanca
177211,7728607,rabat,riyad,566,SAFE_25,Riyad à Rabat
177212,7728616,fes,ain amiyer,11,SAFE_10,Ain Amiyer à Fès
177215,7728677,kenitra,mimosas,57,SAFE_25,Mimosas à Kénitra
177217,7728704,kenitra,la ville haute,69,SAFE_25,La Ville Haute à Kénitra
177218,7728707,tanger,administratif,164,SAFE_25,Administratif à Tanger
177221,7728820,benslimane,oasis,5,SAFE_5,Oasis à Benslimane
177222,7728826,fes,hay al wifaq,2,LOW,Hay Al Wifaq à Fès
177223,7728859,fes,nouvelle ville,31,SAFE_25,Nouvelle Ville à Fès
177229,7728966,sale,sala el jadida,84,SAFE_25,Sala el Jadida à Salé
177230,7728982,casablanca,oulfa,409,SAFE_25,Oulfa à Casablanca
177231,7728991,casablanca,hay al amal,7,SAFE_5,Hay Al Amal à Casablanca
177232,7728994,tanger,moujahidine,132,SAFE_25,Moujahidine à Tanger
177234,7729003,casablanca,ain borja,88,SAFE_25,Ain Borja à Casablanca
177235,7729027,marrakech,samlalia,132,SAFE_25,Samlalia à Marrakech
177236,7729035,kenitra,mimosas,57,SAFE_25,Mimosas à Kénitra
177237,7729057,rabat,l ocean,61,SAFE_25,L'Ocean à Rabat
177238,7729062,casablanca,belvedere,301,SAFE_25,Belvédère à Casablanca
177239,7729079,meknes,hamria,152,SAFE_25,Hamria à Meknes
177241,7729095,casablanca,salmia 2,26,SAFE_25,Salmia 2 à Casablanca
177243,7729113,casablanca,racine,596,SAFE_25,Racine à Casablanca
177244,7729118,casablanca,oulfa,409,SAFE_25,Oulfa à Casablanca
177245,7729143,casablanca,les hopitaux,385,SAFE_25,Les Hôpitaux à Casablanca
177246,7729158,temara,riad oulad mtaa,35,SAFE_25,Riad Oulad Mtaa à Temara
177247,7729176,casablanca,lissasfa,104,SAFE_25,Lissasfa à Casablanca
177249,7729248,fes,agdal,12,SAFE_10,Agdal à Fès
177251,7729262,casablanca,anfa,374,SAFE_25,Anfa à Casablanca
177252,7729264,casablanca,gauthier,422,SAFE_25,Gauthier à Casablanca
177254,7729289,marrakech,gueliz,1250,SAFE_25,Guéliz à Marrakech
177255,7729325,casablanca,ahl loghlam hay assalam,21,SAFE_10,Ahl Loghlam (Hay Assalam) à Casablanca
177257,7729381,marrakech,amelkis,224,SAFE_25,Amelkis à Marrakech
177258,7729382,mohammedia,quartier du parc,79,SAFE_25,Quartier du Parc à Mohammedia
177259,7729384,kenitra,mimosas,57,SAFE_25,Mimosas à Kénitra
177260,7729390,tanger,hay hassani,92,SAFE_25,Hay Hassani à Tanger
177261,7729400,casablanca,hay zobir,38,SAFE_25,Hay Zobir à Casablanca
177262,7729460,casablanca,la gironde,122,SAFE_25,La Gironde à Casablanca
177263,7729475,marrakech,route casablanca,269,SAFE_25,Route Casablanca à Marrakech
177264,7729489,casablanca,les hopitaux,385,SAFE_25,Les Hôpitaux à Casablanca
177265,7729507,tetouan,el matar,7,SAFE_5,El Matar à Tétouan
177266,7729537,casablanca,les princesses,332,SAFE_25,Les princesses à Casablanca
177269,7729599,marrakech,route casablanca,269,SAFE_25,Route Casablanca à Marrakech
177270,7729653,rabat,diour jamaa,38,SAFE_25,Diour Jamaa à Rabat
177271,7729694,casablanca,maarif,326,SAFE_25,Maârif à Casablanca
177272,7729734,nador,hay el matar,15,SAFE_10,Hay el matar à Nador
177273,7729764,casablanca,racine,596,SAFE_25,Racine à Casablanca
177275,7729791,marrakech,route casablanca,269,SAFE_25,Route Casablanca à Marrakech
177276,7729802,kenitra,val fleuri,31,SAFE_25,Val Fleuri à Kénitra
177278,7729829,tetouan,saniat errmel,11,SAFE_10,Saniat Errmel à Tétouan
177281,7729873,el jadida,hay essalam,49,SAFE_25,Hay Essalam à El Jadida
177284,7729890,el jadida,hay essalam,49,SAFE_25,Hay Essalam à El Jadida
177285,7729893,marrakech,route d agadir essaouira,143,SAFE_25,Route d'Agadir - Essaouira à Marrakech
177286,7729904,bouznika,quartier industriel,31,SAFE_25,Quartier Industriel à Bouznika
177287,7729912,sale,inbiaat,1,LOW,Inbiaat à Salé
177288,7729915,casablanca,sidi moumen,119,SAFE_25,Sidi Moumen à Casablanca
177292,7729966,casablanca,les princesses,332,SAFE_25,Les princesses à Casablanca
177293,7729967,oujda,hay salam,10,SAFE_10,Hay salam à Oujda
177295,7729982,casablanca,la vilette,15,SAFE_10,La Vilette à Casablanca
177296,7729988,casablanca,oulfa,409,SAFE_25,Oulfa à Casablanca
177297,7730000,mohammedia,hassania 2,3,LOW,Hassania 2 à Mohammedia
177299,7730015,meknes,marjane,146,SAFE_25,Marjane à Meknes
177300,7730039,casablanca,racine,596,SAFE_25,Racine à Casablanca
177301,7730047,rabat,bouitate,1,LOW,Bouitate à Rabat
177302,7730087,marrakech,gueliz,1250,SAFE_25,Guéliz à Marrakech
177303,7730094,bouznika,quartier industriel,31,SAFE_25,Quartier Industriel à Bouznika
177304,7730131,mohammedia,route de rabat,18,SAFE_10,Route de rabat à Mohammedia
177305,7730136,tetouan,wilaya,41,SAFE_25,Wilaya à Tétouan
177307,7730245,casablanca,les hopitaux,385,SAFE_25,Les Hôpitaux à Casablanca
177308,7730247,casablanca,hay hakam,3,LOW,Hay Hakam à Casablanca
177309,7730258,marrakech,hivernage,273,SAFE_25,Hivernage à Marrakech
177310,7730283,temara,riad oulad mtaa,35,SAFE_25,Riad Oulad Mtaa à Temara
177311,7730332,agadir,taddart anza,11,SAFE_10,Taddart Anza à Agadir
177312,7730349,mohammedia,diour lakrai,2,LOW,Diour Lakrai à Mohammedia
177313,7730359,casablanca,hay lmkansa,18,SAFE_10,Hay Lmkansa à Casablanca
177314,7730363,marrakech,ennakhil palmeraie,469,SAFE_25,Ennakhil (Palmeraie) à Marrakech
177315,7730401,casablanca,sidi moumen,119,SAFE_25,Sidi Moumen à Casablanca
177316,7730422,fes,route se sefrou,16,SAFE_10,Route se Sefrou à Fès
177317,7730434,sale,hay chmaou,56,SAFE_25,Hay Chmaou à Salé
177318,7730443,rabat,agdal,313,SAFE_25,Agdal à Rabat
177321,7730460,marrakech,gueliz,1250,SAFE_25,Guéliz à Marrakech
177322,7730470,marrakech,route d agadir essaouira,143,SAFE_25,Route d'Agadir - Essaouira à Marrakech
177323,7730490,casablanca,oulfa,409,SAFE_25,Oulfa à Casablanca
177327,7730529,marrakech,gueliz,1250,SAFE_25,Guéliz à Marrakech
177328,7730564,mohammedia,nassim,37,SAFE_25,Nassim à Mohammedia
177329,7730567,casablanca,oulfa,409,SAFE_25,Oulfa à Casablanca
177330,7730618,casablanca,racine,596,SAFE_25,Racine à Casablanca
177331,7730622,bouznika,al kawtar,71,SAFE_25,Al Kawtar à Bouznika
177332,7730624,casablanca,racine,596,SAFE_25,Racine à Casablanca
177333,7730631,bouznika,plage oued cherrat,118,SAFE_25,Plage Oued Cherrat à Bouznika
177335,7730665,marrakech,boukar,14,SAFE_10,Boukar à Marrakech
177336,7730673,casablanca,oulfa,409,SAFE_25,Oulfa à Casablanca
177338,7730680,fes,narjis,23,SAFE_10,Narjis à Fès
177339,7730702,skhirat,kasbah,12,SAFE_10,Kasbah à Skhirat
177342,7730734,marrakech,hay mabrouka,95,SAFE_25,Hay Mabrouka à Marrakech
177343,7730735,kenitra,mimosas,57,SAFE_25,Mimosas à Kénitra
177347,7730813,bouznika,plage oued cherrat,118,SAFE_25,Plage Oued Cherrat à Bouznika
177348,7730816,casablanca,tacharouk hay al walaa,29,SAFE_25,Tacharouk (Hay Al Walaa) à Casablanca
177349,7730842,rabat,guich oudaya,48,SAFE_25,Guich Oudaya à Rabat
177350,7730870,meknes,hamria,152,SAFE_25,Hamria à Meknes
177351,7730889,kenitra,el hadadda,51,SAFE_25,El Hadadda à Kénitra
177354,7730911,kenitra,el hadadda,51,SAFE_25,El Hadadda à Kénitra
177355,7730914,kenitra,el hadadda,51,SAFE_25,El Hadadda à Kénitra
177356,7730917,sale,bettana,16,SAFE_10,Bettana à Salé
177358,7730926,agadir,al wifaq,38,SAFE_25,Al Wifaq à Agadir
177359,7730938,mohammedia,hay salam,7,SAFE_5,Hay Salam à Mohammedia
177360,7730940,temara,wifak,121,SAFE_25,Wifak à Temara
177361,7730948,tanger,ziaten,49,SAFE_25,Ziaten à Tanger
177363,7731051,casablanca,fonciere,22,SAFE_10,Foncière à Casablanca
177366,7731189,tanger,achennad,5,SAFE_5,Achennad à Tanger
177371,7731211,marrakech,route de l ourika,877,SAFE_25,Route de l'Ourika à Marrakech
177372,7731228,el jadida,najmat al janoub,18,SAFE_10,Najmat Al Janoub à El Jadida
177373,7731245,fes,route immouzer,38,SAFE_25,Route Immouzer à Fès
177374,7731260,tanger,branes 2,42,SAFE_25,Branes 2 à Tanger
177376,7731319,casablanca,maarif extension,351,SAFE_25,Maârif Extension à Casablanca
177377,7731338,casablanca,al qods,132,SAFE_25,Al Qods à Casablanca
177378,7731346,casablanca,racine extension,51,SAFE_25,Racine Extension à Casablanca
177379,7731348,kenitra,el hadadda,51,SAFE_25,El Hadadda à Kénitra
177380,7731357,kenitra,el hadadda,51,SAFE_25,El Hadadda à Kénitra
177383,7731363,agadir,hay dakhla,57,SAFE_25,Hay Dakhla à Agadir
177384,7731372,kenitra,mimosas,57,SAFE_25,Mimosas à Kénitra
177385,7731388,casablanca,oasis,332,SAFE_25,Oasis à Casablanca
177386,7731410,tetouan,wilaya,41,SAFE_25,Wilaya à Tétouan
177387,7731412,casablanca,les princesses,332,SAFE_25,Les princesses à Casablanca
177388,7731413,sale,hay salam,24,SAFE_10,Hay Salam à Salé
177389,7731454,marrakech,route d agadir essaouira,143,SAFE_25,Route d'Agadir - Essaouira à Marrakech
177391,7731477,casablanca,ferme bretonne hay arraha,189,SAFE_25,Ferme Bretonne (Hay Arraha) à Casablanca
177392,7731493,casablanca,garage allal,11,SAFE_10,Garage Allal à Casablanca
177395,7731519,casablanca,racine,596,SAFE_25,Racine à Casablanca
177396,7731520,casablanca,ain borja,88,SAFE_25,Ain Borja à Casablanca
177398,7731546,tanger,boukhalef,98,SAFE_25,Boukhalef à Tanger
177399,7731558,tanger,malabata,421,SAFE_25,Malabata à Tanger
177400,7731572,fes,bourmana,6,SAFE_5,Bourmana à Fès
177401,7731578,rabat,guich oudaya,48,SAFE_25,Guich Oudaya à Rabat
177402,7731579,temara,wifak,121,SAFE_25,Wifak à Temara
177403,7731580,casablanca,oulfa,409,SAFE_25,Oulfa à Casablanca
177404,7731582,casablanca,belvedere,301,SAFE_25,Belvédère à Casablanca
177407,7731630,fes,route se sefrou,16,SAFE_10,Route se Sefrou à Fès
177408,7731669,sale,hay chmaou,56,SAFE_25,Hay Chmaou à Salé
177410,7731675,marrakech,gueliz,1250,SAFE_25,Guéliz à Marrakech
177413,7731715,casablanca,maarif extension,351,SAFE_25,Maârif Extension à Casablanca
177414,7731746,casablanca,hay zobir,38,SAFE_25,Hay Zobir à Casablanca
177415,7731762,casablanca,maarif extension,351,SAFE_25,Maârif Extension à Casablanca
177416,7731781,meknes,hamria,152,SAFE_25,Hamria à Meknes
177417,7731787,kenitra,mimosas,57,SAFE_25,Mimosas à Kénitra
177418,7731797,kenitra,el hadadda,51,SAFE_25,El Hadadda à Kénitra
177419,7731820,casablanca,oulfa,409,SAFE_25,Oulfa à Casablanca
177420,7731828,casablanca,sidi maarouf,518,SAFE_25,Sidi Maarouf à Casablanca
177421,7731837,casablanca,mers sultan,170,SAFE_25,Mers Sultan à Casablanca
177422,7731865,tanger,lalla chafia,4,LOW,Lalla Chafia à Tanger
177423,7731873,casablanca,les hopitaux,385,SAFE_25,Les Hôpitaux à Casablanca
177424,7731881,casablanca,casablanca finance city,208,SAFE_25,Casablanca Finance City à Casablanca
177428,7731948,casablanca,maarif,326,SAFE_25,Maârif à Casablanca
177430,7731994,casablanca,la gironde,122,SAFE_25,La Gironde à Casablanca
177431,7732029,casablanca,hay mohammadi,65,SAFE_25,Hay Mohammadi à Casablanca
177432,7732063,kenitra,mimosas,57,SAFE_25,Mimosas à Kénitra
177436,7732117,casablanca,oulfa,409,SAFE_25,Oulfa à Casablanca
177439,7732152,tanger,mesnana,96,SAFE_25,Mesnana à Tanger
177440,7732153,casablanca,maarif,326,SAFE_25,Maârif à Casablanca
177441,7732154,casablanca,oulfa,409,SAFE_25,Oulfa à Casablanca
177443,7732159,tanger,bella vista,28,SAFE_25,Bella Vista à Tanger
177444,7732166,marrakech,hivernage,273,SAFE_25,Hivernage à Marrakech
177445,7732168,marrakech,majorelle,157,SAFE_25,Majorelle à Marrakech
177446,7732169,marrakech,gueliz,1250,SAFE_25,Guéliz à Marrakech
177447,7732170,marrakech,gueliz,1250,SAFE_25,Guéliz à Marrakech
177448,7732171,marrakech,gueliz,1250,SAFE_25,Guéliz à Marrakech
177449,7732172,marrakech,gueliz,1250,SAFE_25,Guéliz à Marrakech
177450,7732173,marrakech,gueliz,1250,SAFE_25,Guéliz à Marrakech
177451,7732174,marrakech,samlalia,132,SAFE_25,Samlalia à Marrakech
177452,7732178,sale,tabriquet,37,SAFE_25,Tabriquet à Salé
177454,7732197,casablanca,mers sultan,170,SAFE_25,Mers Sultan à Casablanca
177455,7732212,agadir,anza,33,SAFE_25,Anza à Agadir
177458,7732223,casablanca,ain sebaa,344,SAFE_25,Aïn Sebaâ à Casablanca
177460,7732241,mohammedia,mannesmann,37,SAFE_25,Mannesmann à Mohammedia
177461,7732253,casablanca,derb milan hay omar bnou alkhattab,3,LOW,Derb Milan (Hay Omar Bnou Alkhattab) à Casablanca
177463,7732264,tetouan,saniat errmel,11,SAFE_10,Saniat Errmel à Tétouan
177465,7732274,casablanca,beausite,41,SAFE_25,Beausite à Casablanca
177466,7732278,casablanca,ain sebaa,344,SAFE_25,Aïn Sebaâ à Casablanca
177467,7732279,el jadida,hay essalam,49,SAFE_25,Hay Essalam à El Jadida
177468,7732293,casablanca,bourgogne ouest,380,SAFE_25,Bourgogne Ouest à Casablanca
177469,7732307,casablanca,les princesses,332,SAFE_25,Les princesses à Casablanca
177470,7732318,casablanca,ain sebaa,344,SAFE_25,Aïn Sebaâ à Casablanca
177471,7732330,tetouan,touilaa,10,SAFE_10,Touilaa à Tétouan
177473,7732340,marrakech,gueliz,1250,SAFE_25,Guéliz à Marrakech
177474,7732353,casablanca,hay alamal,11,SAFE_10,Hay Alamal à Casablanca
177475,7732355,mohammedia,wafa,25,SAFE_25,Wafa à Mohammedia
177476,7732358,casablanca,oasis,332,SAFE_25,Oasis à Casablanca
177478,7732401,kenitra,oulad wjih,62,SAFE_25,Oulad Wjih à Kénitra
177479,7732402,agadir,al wifaq,38,SAFE_25,Al Wifaq à Agadir
177480,7732404,casablanca,nassim 1,64,SAFE_25,Nassim 1 à Casablanca
177482,7732407,casablanca,la gironde,122,SAFE_25,La Gironde à Casablanca
177485,7732473,casablanca,maarif,326,SAFE_25,Maârif à Casablanca
177486,7732477,rabat,agdal,313,SAFE_25,Agdal à Rabat
177487,7732498,meknes,bab lekhmiss,3,LOW,Bab lekhmiss à Meknes
177488,7732499,tanger,jbel kbir,80,SAFE_25,Jbel Kbir à Tanger
177489,7732532,tanger,ben dibane,11,SAFE_10,Ben Dibane à Tanger
177490,7732538,tanger,ziaten,49,SAFE_25,Ziaten à Tanger
177492,7732582,casablanca,sidi moumen,119,SAFE_25,Sidi Moumen à Casablanca
177493,7732607,casablanca,bernoussi,99,SAFE_25,Bernoussi à Casablanca
177494,7732618,casablanca,oulfa,409,SAFE_25,Oulfa à Casablanca
177495,7732645,rabat,agdal,313,SAFE_25,Agdal à Rabat
177498,7732759,sale,sala el jadida,84,SAFE_25,Sala el Jadida à Salé
177501,7732840,marrakech,ennakhil palmeraie,469,SAFE_25,Ennakhil (Palmeraie) à Marrakech
177502,7732854,mohammedia,hassania 2,3,LOW,Hassania 2 à Mohammedia
177505,7732920,el jadida,ennajd,27,SAFE_25,Ennajd à El Jadida
177507,7732981,temara,wifak,121,SAFE_25,Wifak à Temara
177508,7732983,casablanca,ain diab,457,SAFE_25,Ain Diab à Casablanca
177510,7732998,casablanca,californie,735,SAFE_25,Californie à Casablanca
177511,7733002,casablanca,palmier,340,SAFE_25,Palmier à Casablanca
177512,7733006,casablanca,palmier,340,SAFE_25,Palmier à Casablanca
177514,7733025,agadir,hay salam,64,SAFE_25,Hay Salam à Agadir
177515,7733039,fes,zone industrielle bensouda,1,LOW,Zone Industrielle Bensouda à Fès
177516,7733042,casablanca,les princesses,332,SAFE_25,Les princesses à Casablanca
177517,7733048,casablanca,bourgogne ouest,380,SAFE_25,Bourgogne Ouest à Casablanca
177518,7733049,sale,sala el jadida,84,SAFE_25,Sala el Jadida à Salé
177522,7733085,casablanca,salmia 2,26,SAFE_25,Salmia 2 à Casablanca
177523,7733086,casablanca,hay hassani,116,SAFE_25,Hay Hassani à Casablanca
177524,7733113,casablanca,sidi maarouf,518,SAFE_25,Sidi Maarouf à Casablanca
177525,7733133,el jadida,hay essalam,49,SAFE_25,Hay Essalam à El Jadida
177527,7733157,casablanca,bourgogne ouest,380,SAFE_25,Bourgogne Ouest à Casablanca
177528,7733164,casablanca,triangle d or,142,SAFE_25,Triangle d'Or à Casablanca
177530,7733192,meknes,cente,31,SAFE_25,Cente à Meknes
177532,7733200,casablanca,sidi maarouf,518,SAFE_25,Sidi Maarouf à Casablanca
177533,7733201,casablanca,al hadika,25,SAFE_25,Al Hadika à Casablanca
177534,7733210,marrakech,izdihar,97,SAFE_25,Izdihar à Marrakech
177535,7733218,casablanca,triangle d or,142,SAFE_25,Triangle d'Or à Casablanca
177536,7733221,kenitra,el hadadda,51,SAFE_25,El Hadadda à Kénitra
177537,7733235,kenitra,mimosas,57,SAFE_25,Mimosas à Kénitra
177539,7733267,skhirat,ain el hayat,9,SAFE_5,Ain el Hayat à Skhirat
177541,7733328,casablanca,anfa,374,SAFE_25,Anfa à Casablanca
177542,7733352,tetouan,touabel,1,LOW,Touabel à Tétouan
177543,7733382,agadir,hay mohammadi,183,SAFE_25,Hay Mohammadi à Agadir
177545,7733441,kenitra,maghrib arabi,29,SAFE_25,Maghrib Arabi à Kénitra
177546,7733469,marrakech,hay saada,42,SAFE_25,Hay Saada à Marrakech
177547,7733484,casablanca,les hopitaux,385,SAFE_25,Les Hôpitaux à Casablanca
177548,7733486,rabat,hay nahda,43,SAFE_25,Hay Nahda à Rabat
177552,7733522,tanger,lalla chafia,4,LOW,Lalla Chafia à Tanger
177553,7733600,sale,hay chmaou,56,SAFE_25,Hay Chmaou à Salé
177554,7733612,casablanca,roches noires,198,SAFE_25,Roches Noires à Casablanca
177555,7733613,marrakech,gueliz,1250,SAFE_25,Guéliz à Marrakech
177559,7733732,marrakech,gueliz,1250,SAFE_25,Guéliz à Marrakech
177562,7733783,bouznika,al kawtar,71,SAFE_25,Al Kawtar à Bouznika
177563,7733787,rabat,agdal,313,SAFE_25,Agdal à Rabat
177566,7733828,agadir,hay salam,64,SAFE_25,Hay Salam à Agadir
177569,7733843,tanger,route nationale assilah n1,134,SAFE_25,Route Nationale Assilah (N1) à Tanger
177572,7733856,casablanca,hay albaraka,19,SAFE_10,Hay Albaraka à Casablanca
177574,7733868,sale,sala el jadida,84,SAFE_25,Sala el Jadida à Salé
177575,7733919,casablanca,bernoussi,99,SAFE_25,Bernoussi à Casablanca
177577,7733925,casablanca,anfa,374,SAFE_25,Anfa à Casablanca
177578,7733953,temara,wifak,121,SAFE_25,Wifak à Temara
177579,7733958,rabat,l ocean,61,SAFE_25,L'Ocean à Rabat
177581,7733971,fes,zouagha,21,SAFE_10,Zouagha à Fès
177582,7733988,agadir,extension dakhla,15,SAFE_10,Extension Dakhla à Agadir
177583,7733992,casablanca,tacharouk hay al walaa,29,SAFE_25,Tacharouk (Hay Al Walaa) à Casablanca
177584,7733994,agadir,hay mohammadi,183,SAFE_25,Hay Mohammadi à Agadir
177586,7734020,casablanca,bournazil,16,SAFE_10,Bournazil à Casablanca
177588,7734053,marrakech,gueliz,1250,SAFE_25,Guéliz à Marrakech
177590,7734075,casablanca,al qods,132,SAFE_25,Al Qods à Casablanca
177592,7734151,marrakech,amerchich,50,SAFE_25,Amerchich à Marrakech
177593,7734177,marrakech,gueliz,1250,SAFE_25,Guéliz à Marrakech
177594,7734220,casablanca,racine,596,SAFE_25,Racine à Casablanca
177595,7734227,casablanca,ain borja,88,SAFE_25,Ain Borja à Casablanca
177601,7734383,bouznika,hay toummert,9,SAFE_5,Hay Toummert à Bouznika
177603,7734430,mohammedia,la colline,22,SAFE_10,La Colline à Mohammedia
177605,7734440,casablanca,belvedere,301,SAFE_25,Belvédère à Casablanca
177607,7734486,bouznika,al kawtar,71,SAFE_25,Al Kawtar à Bouznika
177609,7734499,agadir,zone industrielle agadir,23,SAFE_10,Zone Industrielle Agadir à Agadir
177610,7734502,nador,hay el matar,15,SAFE_10,Hay el matar à Nador
177613,7734524,agadir,zone industrielle agadir,23,SAFE_10,Zone Industrielle Agadir à Agadir
177615,7734556,sale,hay oued dahab,10,SAFE_10,Hay Oued Dahab à Salé
177616,7734616,agadir,hay houda,65,SAFE_25,Hay Houda à Agadir
177617,7734621,agadir,hay houda,65,SAFE_25,Hay Houda à Agadir
177618,7734634,agadir,tikiouine,18,SAFE_10,Tikiouine à Agadir
177619,7734645,tanger,marjane,165,SAFE_25,Marjane à Tanger
177620,7734660,nador,hay el matar,15,SAFE_10,Hay el matar à Nador
177623,7734717,tanger,malabata,421,SAFE_25,Malabata à Tanger
177624,7734721,sale,sakani,12,SAFE_10,Sakani à Salé
177625,7734728,casablanca,les princesses,332,SAFE_25,Les princesses à Casablanca
177628,7734745,casablanca,oasis,332,SAFE_25,Oasis à Casablanca
177632,7734773,fes,tghat,4,LOW,Tghat à Fès
177633,7734783,tanger,hay hassani,92,SAFE_25,Hay Hassani à Tanger
177635,7734792,el jadida,hay essalam,49,SAFE_25,Hay Essalam à El Jadida
177637,7734836,mohammedia,hay al amal,3,LOW,Hay Al Amal à Mohammedia
177638,7734847,oujda,el qods,10,SAFE_10,El Qods à Oujda
177639,7734873,tanger,ahlane,96,SAFE_25,Ahlane à Tanger
177640,7734874,casablanca,racine,596,SAFE_25,Racine à Casablanca
177641,7734891,marrakech,gueliz,1250,SAFE_25,Guéliz à Marrakech
177642,7734913,marrakech,daoudiat,64,SAFE_25,Daoudiat à Marrakech
177646,7734942,nador,hay el matar,15,SAFE_10,Hay el matar à Nador
177648,7735004,rabat,agdal,313,SAFE_25,Agdal à Rabat
177649,7735011,casablanca,bourgogne est,157,SAFE_25,Bourgogne Est à Casablanca
177650,7735014,casablanca,oulfa,409,SAFE_25,Oulfa à Casablanca
177652,7735027,tetouan,wilaya,41,SAFE_25,Wilaya à Tétouan
177654,7735113,temara,wifak,121,SAFE_25,Wifak à Temara
177655,7735155,agadir,hay salam,64,SAFE_25,Hay Salam à Agadir
177656,7735172,mohammedia,la siesta,62,SAFE_25,La Siesta à Mohammedia
177657,7735184,fes,route se sefrou,16,SAFE_10,Route se Sefrou à Fès
177658,7735188,casablanca,beausejour,150,SAFE_25,Beauséjour à Casablanca
177659,7735191,benslimane,golf de benslimane,48,SAFE_25,Golf de Benslimane à Benslimane
177662,7735226,casablanca,oulfa,409,SAFE_25,Oulfa à Casablanca
177663,7735238,casablanca,bourgogne ouest,380,SAFE_25,Bourgogne Ouest à Casablanca
177664,7735244,casablanca,derb omar,26,SAFE_25,Derb Omar à Casablanca
177665,7735249,casablanca,bourgogne ouest,380,SAFE_25,Bourgogne Ouest à Casablanca
177666,7735256,casablanca,californie,735,SAFE_25,Californie à Casablanca
177667,7735266,mohammedia,al aalia,51,SAFE_25,Al Aalia à Mohammedia
177670,7735296,casablanca,racine extension,51,SAFE_25,Racine Extension à Casablanca
177671,7735301,fes,sidi brahim,1,LOW,Sidi Brahim à Fès
177674,7735357,mohammedia,al aalia,51,SAFE_25,Al Aalia à Mohammedia
177676,7735361,casablanca,al qods,132,SAFE_25,Al Qods à Casablanca
177678,7735401,casablanca,oulfa,409,SAFE_25,Oulfa à Casablanca
177681,7735441,casablanca,ain borja,88,SAFE_25,Ain Borja à Casablanca
177685,7735493,sale,hay chmaou,56,SAFE_25,Hay Chmaou à Salé
177686,7735499,meknes,hay salam,30,SAFE_25,Hay salam à Meknes
177687,7735518,sale,pepiniere,3,LOW,Pépinière à Salé
177689,7735546,casablanca,sidi moumen,119,SAFE_25,Sidi Moumen à Casablanca
177691,7735560,casablanca,al qods,132,SAFE_25,Al Qods à Casablanca
177692,7735572,mohammedia,quartier du parc,79,SAFE_25,Quartier du Parc à Mohammedia
177693,7735576,rabat,souissi,566,SAFE_25,Souissi à Rabat
177694,7735644,casablanca,racine,596,SAFE_25,Racine à Casablanca
177696,7735689,benslimane,golf de benslimane,48,SAFE_25,Golf de Benslimane à Benslimane
177699,7735716,marrakech,route casablanca,269,SAFE_25,Route Casablanca à Marrakech
177700,7735722,sale,bab sebta,4,LOW,Bab Sebta à Salé
177701,7735742,casablanca,ain sebaa,344,SAFE_25,Aïn Sebaâ à Casablanca
177702,7735761,mohammedia,quartier du parc,79,SAFE_25,Quartier du Parc à Mohammedia
177703,7735763,casablanca,la gironde,122,SAFE_25,La Gironde à Casablanca
177704,7735771,tanger,boukhalef,98,SAFE_25,Boukhalef à Tanger
177705,7735777,casablanca,palmier,340,SAFE_25,Palmier à Casablanca
177707,7735792,casablanca,les princesses,332,SAFE_25,Les princesses à Casablanca
177710,7735822,fes,mont fleuri,13,SAFE_10,Mont Fleuri à Fès
177711,7735823,bouznika,al kawtar,71,SAFE_25,Al Kawtar à Bouznika
177713,7735825,fes,hay bensouda,12,SAFE_10,Hay Bensouda à Fès
177714,7735841,casablanca,gauthier,422,SAFE_25,Gauthier à Casablanca
177716,7735882,casablanca,hay hakam,3,LOW,Hay Hakam à Casablanca
177719,7735907,casablanca,oulfa,409,SAFE_25,Oulfa à Casablanca
177721,7735925,meknes,marjane,146,SAFE_25,Marjane à Meknes
177722,7735974,casablanca,ain sebaa,344,SAFE_25,Aïn Sebaâ à Casablanca
177723,7736021,casablanca,oulfa,409,SAFE_25,Oulfa à Casablanca
177724,7736041,agadir,hay mohammadi,183,SAFE_25,Hay Mohammadi à Agadir
177725,7736074,marrakech,route d agadir essaouira,143,SAFE_25,Route d'Agadir - Essaouira à Marrakech
177726,7736076,temara,wifak,121,SAFE_25,Wifak à Temara
177728,7736103,agadir,hay mohammadi,183,SAFE_25,Hay Mohammadi à Agadir
177729,7736117,casablanca,les princesses,332,SAFE_25,Les princesses à Casablanca
177730,7736124,tetouan,wilaya,41,SAFE_25,Wilaya à Tétouan
177731,7736134,casablanca,ain sebaa,344,SAFE_25,Aïn Sebaâ à Casablanca
177732,7736137,casablanca,hay lalla meriem,1,LOW,Hay Lalla Meriem à Casablanca
177736,7736179,essaouira,borj,16,SAFE_10,Borj à Essaouira
177737,7736197,marrakech,route casablanca,269,SAFE_25,Route Casablanca à Marrakech
177738,7736205,fes,champ de course,17,SAFE_10,Champ de course à Fès
177741,7736230,sale,bab sebta,4,LOW,Bab Sebta à Salé
177742,7736240,casablanca,la gironde,122,SAFE_25,La Gironde à Casablanca
177744,7736285,agadir,hay houda,65,SAFE_25,Hay Houda à Agadir
177745,7736288,agadir,hay dakhla,57,SAFE_25,Hay Dakhla à Agadir
177747,7736297,agadir,hay salam,64,SAFE_25,Hay Salam à Agadir
177748,7736301,agadir,al wifaq,38,SAFE_25,Al Wifaq à Agadir
177751,7736323,fes,zouagha,21,SAFE_10,Zouagha à Fès
177752,7736328,safi,hay anas,3,LOW,Hay Anas à Safi
177753,7736337,casablanca,hay zobir,38,SAFE_25,Hay Zobir à Casablanca
177754,7736350,marrakech,route casablanca,269,SAFE_25,Route Casablanca à Marrakech
177756,7736378,casablanca,maarif extension,351,SAFE_25,Maârif Extension à Casablanca
177757,7736402,tanger,boukhalef,98,SAFE_25,Boukhalef à Tanger
177758,7736409,mohammedia,nassim,37,SAFE_25,Nassim à Mohammedia
177759,7736413,casablanca,racine,596,SAFE_25,Racine à Casablanca
177760,7736417,casablanca,les hopitaux,385,SAFE_25,Les Hôpitaux à Casablanca
177762,7736424,casablanca,maarif extension,351,SAFE_25,Maârif Extension à Casablanca
177763,7736464,casablanca,hay arsalan,7,SAFE_5,Hay Arsalan à Casablanca
177765,7736481,bouznika,al kawtar,71,SAFE_25,Al Kawtar à Bouznika
177767,7736484,agadir,hay massira,14,SAFE_10,Hay Massira à Agadir
177768,7736499,casablanca,la gironde,122,SAFE_25,La Gironde à Casablanca
177769,7736511,rabat,l ocean,61,SAFE_25,L'Ocean à Rabat
177771,7736558,tanger,route nationale assilah n1,134,SAFE_25,Route Nationale Assilah (N1) à Tanger
177772,7736566,fes,dokkarat,1,LOW,Dokkarat à Fès
177776,7736601,tetouan,el mdrassi,5,SAFE_5,El Mdrassi à Tétouan
177777,7736604,casablanca,la vilette,15,SAFE_10,La Vilette à Casablanca
177778,7736610,mohammedia,quartier du parc,79,SAFE_25,Quartier du Parc à Mohammedia
177779,7736618,rabat,hassan centre ville,119,SAFE_25,Hassan - Centre Ville à Rabat
177780,7736628,bouznika,al kawtar,71,SAFE_25,Al Kawtar à Bouznika
177781,7736651,bouznika,al kawtar,71,SAFE_25,Al Kawtar à Bouznika
177782,7736663,marrakech,gueliz,1250,SAFE_25,Guéliz à Marrakech
177783,7736678,casablanca,racine,596,SAFE_25,Racine à Casablanca
177784,7736696,agadir,hay mohammadi,183,SAFE_25,Hay Mohammadi à Agadir
177786,7736732,meknes,wislane,53,SAFE_25,Wislane à Meknes
177787,7736745,marrakech,boulevard med 6,124,SAFE_25,Boulevard Med 6 à Marrakech
177789,7736775,casablanca,oulfa,409,SAFE_25,Oulfa à Casablanca
177790,7736805,marrakech,gueliz,1250,SAFE_25,Guéliz à Marrakech
177791,7736831,casablanca,ain sebaa,344,SAFE_25,Aïn Sebaâ à Casablanca
177793,7736883,casablanca,sidi moumen,119,SAFE_25,Sidi Moumen à Casablanca
177794,7736885,marrakech,mhamid,253,SAFE_25,Mhamid à Marrakech
177798,7736934,casablanca,bournazil,16,SAFE_10,Bournazil à Casablanca
177802,7736985,casablanca,triangle d or,142,SAFE_25,Triangle d'Or à Casablanca
177803,7736995,casablanca,gauthier,422,SAFE_25,Gauthier à Casablanca
177804,7736997,marrakech,route amizmiz,500,SAFE_25,Route Amizmiz à Marrakech
177805,7737005,agadir,anza,33,SAFE_25,Anza à Agadir
177806,7737009,marrakech,gueliz,1250,SAFE_25,Guéliz à Marrakech
177810,7737063,casablanca,belvedere,301,SAFE_25,Belvédère à Casablanca
177811,7737098,marrakech,route de safi,237,SAFE_25,Route de Safi à Marrakech
177812,7737101,casablanca,racine,596,SAFE_25,Racine à Casablanca
177814,7737126,marrakech,hay alfadl,13,SAFE_10,Hay Alfadl à Marrakech
177815,7737146,casablanca,maarif extension,351,SAFE_25,Maârif Extension à Casablanca
177818,7737157,marrakech,hivernage,273,SAFE_25,Hivernage à Marrakech
177819,7737159,casablanca,la vilette,15,SAFE_10,La Vilette à Casablanca
177820,7737198,temara,oued eddahab,11,SAFE_10,Oued Eddahab à Temara
177821,7737203,tanger,el mrabet,7,SAFE_5,El Mrabet à Tanger
177823,7737225,agadir,hay houda,65,SAFE_25,Hay Houda à Agadir
177826,7737254,mohammedia,al aalia,51,SAFE_25,Al Aalia à Mohammedia
177827,7737261,casablanca,racine,596,SAFE_25,Racine à Casablanca
177828,7737271,tanger,jbel kbir,80,SAFE_25,Jbel Kbir à Tanger
177829,7737278,meknes,la cienda,8,SAFE_5,La cienda à Meknes
177830,7737282,casablanca,hay hassani,116,SAFE_25,Hay Hassani à Casablanca
177831,7737299,mohammedia,riad 1,7,SAFE_5,Riad 1 à Mohammedia
177833,7737303,casablanca,sidi belyout,39,SAFE_25,Sidi Belyout à Casablanca
177834,7737305,tanger,branes 1,16,SAFE_10,Branes 1 à Tanger
177835,7737311,el jadida,ennajd,27,SAFE_25,Ennajd à El Jadida
177836,7737336,casablanca,triangle d or,142,SAFE_25,Triangle d'Or à Casablanca
177840,7737364,casablanca,nassim 2,43,SAFE_25,Nassim 2 à Casablanca
177843,7737433,tanger,mghogha,80,SAFE_25,Mghogha à Tanger
177844,7737434,fes,route ain chkaf,51,SAFE_25,Route ain Chkaf à Fès
177846,7737458,rabat,hassan centre ville,119,SAFE_25,Hassan - Centre Ville à Rabat
177847,7737484,marrakech,route casablanca,269,SAFE_25,Route Casablanca à Marrakech
177848,7737493,casablanca,racine,596,SAFE_25,Racine à Casablanca
177849,7737508,tanger,mesnana,96,SAFE_25,Mesnana à Tanger
177850,7737551,rabat,souissi,566,SAFE_25,Souissi à Rabat
177853,7737651,kenitra,maghrib arabi,29,SAFE_25,Maghrib Arabi à Kénitra
177856,7737789,tetouan,touabel,1,LOW,Touabel à Tétouan
177857,7737797,casablanca,bernoussi,99,SAFE_25,Bernoussi à Casablanca
177859,7737825,casablanca,californie,735,SAFE_25,Californie à Casablanca
177866,7737969,fes,mont fleuri,13,SAFE_10,Mont Fleuri à Fès
177870,7738037,casablanca,casablanca finance city,208,SAFE_25,Casablanca Finance City à Casablanca
177871,7738082,marrakech,gueliz,1250,SAFE_25,Guéliz à Marrakech
177872,7738084,bouznika,quartier industriel,31,SAFE_25,Quartier Industriel à Bouznika
177874,7738105,marrakech,route de fez,469,SAFE_25,Route de Fez à Marrakech
177876,7738124,casablanca,les hopitaux,385,SAFE_25,Les Hôpitaux à Casablanca
177878,7738145,casablanca,beausejour,150,SAFE_25,Beauséjour à Casablanca
177879,7738157,casablanca,tacharouk hay al walaa,29,SAFE_25,Tacharouk (Hay Al Walaa) à Casablanca
177881,7738172,tetouan,mounia,9,SAFE_5,Mounia à Tétouan
177882,7738174,casablanca,racine,596,SAFE_25,Racine à Casablanca
177883,7738207,marrakech,majorelle,157,SAFE_25,Majorelle à Marrakech
177885,7738224,fes,fes city center,8,SAFE_5,Fes City Center à Fès
177887,7738247,kenitra,la ville haute,69,SAFE_25,La Ville Haute à Kénitra
177888,7738252,casablanca,bourgogne ouest,380,SAFE_25,Bourgogne Ouest à Casablanca
177889,7738255,casablanca,bourgogne ouest,380,SAFE_25,Bourgogne Ouest à Casablanca
177890,7738299,agadir,hay houda,65,SAFE_25,Hay Houda à Agadir
177891,7738316,agadir,hay al farah,26,SAFE_25,Hay Al Farah à Agadir
177893,7738323,fes,agdal,12,SAFE_10,Agdal à Fès
177895,7738343,agadir,hay mohammadi,183,SAFE_25,Hay Mohammadi à Agadir
177896,7738347,casablanca,lahraouiyine,7,SAFE_5,Lahraouiyine à Casablanca
177898,7738402,tanger,achakar,164,SAFE_25,Achakar à Tanger
177903,7738580,casablanca,racine extension,51,SAFE_25,Racine Extension à Casablanca
177906,7738639,marrakech,ennakhil palmeraie,469,SAFE_25,Ennakhil (Palmeraie) à Marrakech
177907,7738640,fes,narjis,23,SAFE_10,Narjis à Fès
177909,7738666,rabat,souissi,566,SAFE_25,Souissi à Rabat
177910,7738677,marrakech,izdihar,97,SAFE_25,Izdihar à Marrakech
177912,7738719,marrakech,hivernage,273,SAFE_25,Hivernage à Marrakech
177913,7738737,casablanca,hay hassani,116,SAFE_25,Hay Hassani à Casablanca
177914,7738739,casablanca,hay albaraka,19,SAFE_10,Hay Albaraka à Casablanca
177915,7738741,tanger,mesnana,96,SAFE_25,Mesnana à Tanger
177916,7738747,casablanca,maarif,326,SAFE_25,Maârif à Casablanca
177918,7738769,casablanca,ain sebaa,344,SAFE_25,Aïn Sebaâ à Casablanca
177921,7738861,fes,nouvelle ville,31,SAFE_25,Nouvelle Ville à Fès
177922,7738876,meknes,hamria,152,SAFE_25,Hamria à Meknes
177923,7738896,marrakech,route casablanca,269,SAFE_25,Route Casablanca à Marrakech
177925,7738920,casablanca,les hopitaux,385,SAFE_25,Les Hôpitaux à Casablanca
177926,7738924,agadir,riad salam,33,SAFE_25,Riad Salam à Agadir
177927,7738944,rabat,aviation mabella,79,SAFE_25,Aviation - Mabella à Rabat
177930,7738975,mohammedia,al aalia,51,SAFE_25,Al Aalia à Mohammedia
177932,7738986,marrakech,rmila,97,SAFE_25,Rmila à Marrakech
177934,7739003,tanger,aouama gharbia,64,SAFE_25,Aouama Gharbia à Tanger
177935,7739016,casablanca,racine,596,SAFE_25,Racine à Casablanca
177936,7739025,casablanca,anfa,374,SAFE_25,Anfa à Casablanca
177937,7739031,casablanca,maarif,326,SAFE_25,Maârif à Casablanca
177938,7739042,fes,nouvelle ville,31,SAFE_25,Nouvelle Ville à Fès
177939,7739043,casablanca,palmier,340,SAFE_25,Palmier à Casablanca
177940,7739134,casablanca,maarif,326,SAFE_25,Maârif à Casablanca
177941,7739156,tanger,marchan,45,SAFE_25,Marchan à Tanger
177944,7739205,kenitra,val fleuri,31,SAFE_25,Val Fleuri à Kénitra
177948,7739305,rabat,agdal,313,SAFE_25,Agdal à Rabat
177950,7739326,rabat,agdal,313,SAFE_25,Agdal à Rabat
177951,7739329,casablanca,oulfa,409,SAFE_25,Oulfa à Casablanca
177953,7739375,casablanca,dar lamane,2,LOW,Dar Lamane à Casablanca
177954,7739389,tetouan,mounia,9,SAFE_5,Mounia à Tétouan
177955,7739394,benslimane,administratif,10,SAFE_10,Administratif à Benslimane
177956,7739425,tanger,mghogha,80,SAFE_25,Mghogha à Tanger
177959,7739433,casablanca,alsace lorraine,43,SAFE_25,Alsace Lorraine à Casablanca
177961,7739471,rabat,aviation mabella,79,SAFE_25,Aviation - Mabella à Rabat
177963,7739503,casablanca,bournazil,16,SAFE_10,Bournazil à Casablanca
177964,7739504,sale,sakani,12,SAFE_10,Sakani à Salé
177967,7739523,casablanca,sidi maarouf,518,SAFE_25,Sidi Maarouf à Casablanca
177968,7739530,marrakech,gueliz,1250,SAFE_25,Guéliz à Marrakech
177969,7739544,casablanca,hay chrifa,49,SAFE_25,Hay Chrifa à Casablanca
177970,7739556,casablanca,oulfa,409,SAFE_25,Oulfa à Casablanca
177971,7739558,casablanca,oulfa,409,SAFE_25,Oulfa à Casablanca
177973,7739582,marrakech,route casablanca,269,SAFE_25,Route Casablanca à Marrakech
177975,7739592,casablanca,ain borja,88,SAFE_25,Ain Borja à Casablanca
177976,7739625,marrakech,route casablanca,269,SAFE_25,Route Casablanca à Marrakech
177978,7739664,marrakech,agdal,514,SAFE_25,Agdal à Marrakech
177980,7739680,agadir,hay mohammadi,183,SAFE_25,Hay Mohammadi à Agadir
177981,7739689,fes,oued fes,3,LOW,Oued Fes à Fès
177982,7739699,meknes,el manar,2,LOW,El manar à Meknes
177984,7739705,tetouan,saniat errmel,11,SAFE_10,Saniat Errmel à Tétouan
177985,7739707,fes,route ain chkaf,51,SAFE_25,Route ain Chkaf à Fès
177986,7739712,casablanca,oasis,332,SAFE_25,Oasis à Casablanca
177987,7739719,casablanca,casablanca finance city,208,SAFE_25,Casablanca Finance City à Casablanca
177989,7739783,casablanca,la gironde,122,SAFE_25,La Gironde à Casablanca
177991,7739831,casablanca,ain sebaa,344,SAFE_25,Aïn Sebaâ à Casablanca
177992,7739851,casablanca,al qods,132,SAFE_25,Al Qods à Casablanca
177993,7739871,kenitra,mimosas,57,SAFE_25,Mimosas à Kénitra
177994,7739877,marrakech,camp al ghoul,112,SAFE_25,Camp Al Ghoul à Marrakech
177995,7739885,oujda,el qods,10,SAFE_10,El Qods à Oujda
177996,7739886,casablanca,maarif,326,SAFE_25,Maârif à Casablanca
177997,7739891,casablanca,la gironde,122,SAFE_25,La Gironde à Casablanca
177998,7739924,kenitra,maamora,58,SAFE_25,Maamora à Kénitra
177999,7739925,oujda,lazaret,21,SAFE_10,Lazaret à Oujda
178000,7739975,marrakech,daoudiat,64,SAFE_25,Daoudiat à Marrakech
178001,7740019,marrakech,route de fez,469,SAFE_25,Route de Fez à Marrakech
178003,7740041,casablanca,californie,735,SAFE_25,Californie à Casablanca
178004,7740067,meknes,hay salam,30,SAFE_25,Hay salam à Meknes
178005,7740081,casablanca,maarif extension,351,SAFE_25,Maârif Extension à Casablanca
178007,7740129,casablanca,les hopitaux,385,SAFE_25,Les Hôpitaux à Casablanca
178009,7740136,casablanca,les hopitaux,385,SAFE_25,Les Hôpitaux à Casablanca
178010,7740145,el jadida,najmat al janoub,18,SAFE_10,Najmat Al Janoub à El Jadida
178012,7740158,kenitra,mimosas,57,SAFE_25,Mimosas à Kénitra
178016,7740202,casablanca,sidi maarouf,518,SAFE_25,Sidi Maarouf à Casablanca
178017,7740204,casablanca,belvedere,301,SAFE_25,Belvédère à Casablanca
178018,7740209,sale,lharya,1,LOW,Lharya à Salé
178019,7740218,casablanca,tacharouk hay al walaa,29,SAFE_25,Tacharouk (Hay Al Walaa) à Casablanca
178020,7740231,casablanca,lissasfa,104,SAFE_25,Lissasfa à Casablanca
178025,7740338,marrakech,mhamid,253,SAFE_25,Mhamid à Marrakech
178026,7740348,casablanca,sidi maarouf,518,SAFE_25,Sidi Maarouf à Casablanca
178027,7740351,meknes,marjane,146,SAFE_25,Marjane à Meknes
178028,7740352,meknes,marjane,146,SAFE_25,Marjane à Meknes
178029,7740353,meknes,marjane,146,SAFE_25,Marjane à Meknes
178030,7740355,meknes,hamria,152,SAFE_25,Hamria à Meknes
178031,7740356,meknes,hamria,152,SAFE_25,Hamria à Meknes
178032,7740357,meknes,hamria,152,SAFE_25,Hamria à Meknes
178033,7740361,tanger,iberie,173,SAFE_25,Iberie à Tanger
178034,7740366,tanger,ziaten,49,SAFE_25,Ziaten à Tanger
178036,7740376,casablanca,ain sebaa,344,SAFE_25,Aïn Sebaâ à Casablanca
178037,7740377,marrakech,route de ouarzazate,289,SAFE_25,Route de Ouarzazate à Marrakech
178038,7740381,sale,tabriquet,37,SAFE_25,Tabriquet à Salé
178039,7740382,fes,quartier oued fes,34,SAFE_25,Quartier Oued Fes à Fès
178040,7740385,agadir,hay mohammadi,183,SAFE_25,Hay Mohammadi à Agadir
178041,7740386,fes,zouagha bas,5,SAFE_5,Zouagha Bas à Fès
178044,7740443,casablanca,gauthier,422,SAFE_25,Gauthier à Casablanca
178048,7740505,meknes,wislane,53,SAFE_25,Wislane à Meknes
178049,7740506,rabat,agdal,313,SAFE_25,Agdal à Rabat
178050,7740509,casablanca,sidi moumen,119,SAFE_25,Sidi Moumen à Casablanca
178051,7740510,rabat,riyad,566,SAFE_25,Riyad à Rabat
178052,7740522,el jadida,ennajd,27,SAFE_25,Ennajd à El Jadida
178053,7740528,casablanca,cil hay salam,225,SAFE_25,CIL (Hay Salam) à Casablanca
178054,7740532,fes,quartier oued fes,34,SAFE_25,Quartier Oued Fes à Fès
178055,7740535,casablanca,bernoussi,99,SAFE_25,Bernoussi à Casablanca
178056,7740555,casablanca,les hopitaux,385,SAFE_25,Les Hôpitaux à Casablanca
178057,7740570,marrakech,route casablanca,269,SAFE_25,Route Casablanca à Marrakech
178058,7740594,tanger,marjane,165,SAFE_25,Marjane à Tanger
178063,7740669,casablanca,val fleury,190,SAFE_25,Val Fleury à Casablanca
178064,7740681,marrakech,route casablanca,269,SAFE_25,Route Casablanca à Marrakech
178065,7740685,mohammedia,quartier du parc,79,SAFE_25,Quartier du Parc à Mohammedia
178066,7740695,rabat,abi ragrag,3,LOW,Abi Ragrag à Rabat
178067,7740704,casablanca,derb ben houmane,9,SAFE_5,Derb Ben Houmane à Casablanca
178068,7740717,casablanca,les hopitaux,385,SAFE_25,Les Hôpitaux à Casablanca
178069,7740736,tanger,de la plage,188,SAFE_25,De La Plage à Tanger
178071,7740756,tetouan,saniat errmel,11,SAFE_10,Saniat Errmel à Tétouan
178072,7740759,bouznika,quartier industriel,31,SAFE_25,Quartier Industriel à Bouznika
178073,7740780,marrakech,gueliz,1250,SAFE_25,Guéliz à Marrakech
178074,7740782,casablanca,hay moulay abdellah,30,SAFE_25,Hay Moulay Abdellah à Casablanca
178077,7740814,casablanca,californie,735,SAFE_25,Californie à Casablanca
178078,7740833,casablanca,bourgogne ouest,380,SAFE_25,Bourgogne Ouest à Casablanca
178080,7740850,tanger,mesnana,96,SAFE_25,Mesnana à Tanger
178081,7740858,tanger,mesnana,96,SAFE_25,Mesnana à Tanger
178083,7740866,casablanca,maarif extension,351,SAFE_25,Maârif Extension à Casablanca
178084,7740880,oujda,hay fath,16,SAFE_10,Hay fath à Oujda
178087,7740896,sale,sidi hajji,27,SAFE_25,Sidi Hajji à Salé
178088,7740899,casablanca,bernoussi,99,SAFE_25,Bernoussi à Casablanca
178089,7740901,casablanca,triangle d or,142,SAFE_25,Triangle d'Or à Casablanca
178090,7740917,sale,el qods,7,SAFE_5,El Qods à Salé
178092,7740955,marrakech,route casablanca,269,SAFE_25,Route Casablanca à Marrakech
178095,7741005,casablanca,maarif,326,SAFE_25,Maârif à Casablanca
178096,7741009,casablanca,hay mohammadi,65,SAFE_25,Hay Mohammadi à Casablanca
178098,7741036,agadir,hay al farah,26,SAFE_25,Hay Al Farah à Agadir
178104,7741099,casablanca,bourgogne est,157,SAFE_25,Bourgogne Est à Casablanca
178105,7741109,tanger,azib haj kaddour,10,SAFE_10,Azib Haj Kaddour à Tanger
178109,7741181,marrakech,route de safi,237,SAFE_25,Route de Safi à Marrakech
178110,7741223,marrakech,hivernage,273,SAFE_25,Hivernage à Marrakech
178111,7741250,tanger,mozart,64,SAFE_25,Mozart à Tanger
178112,7741271,casablanca,al qods,132,SAFE_25,Al Qods à Casablanca
178113,7741303,settat,hay al kamal,9,SAFE_5,Hay Al Kamal à Settat
178115,7741307,settat,hay salam,6,SAFE_5,Hay salam à Settat
178116,7741312,rabat,souissi,566,SAFE_25,Souissi à Rabat
178118,7741317,settat,hay salam,6,SAFE_5,Hay salam à Settat
178120,7741347,marrakech,route casablanca,269,SAFE_25,Route Casablanca à Marrakech
178121,7741352,casablanca,racine extension,51,SAFE_25,Racine Extension à Casablanca
178122,7741354,casablanca,beausejour,150,SAFE_25,Beauséjour à Casablanca
178126,7741363,tanger,achakar,164,SAFE_25,Achakar à Tanger
178132,7741385,tanger,hay hassani,92,SAFE_25,Hay Hassani à Tanger
178133,7741390,kenitra,mimosas,57,SAFE_25,Mimosas à Kénitra
178134,7741401,casablanca,les princesses,332,SAFE_25,Les princesses à Casablanca
178135,7741402,tanger,mesnana,96,SAFE_25,Mesnana à Tanger
178136,7741404,marrakech,route casablanca,269,SAFE_25,Route Casablanca à Marrakech
178138,7741412,marrakech,mhamid,253,SAFE_25,Mhamid à Marrakech
178142,7741441,meknes,marjane,146,SAFE_25,Marjane à Meknes
178143,7741446,rabat,riyad,566,SAFE_25,Riyad à Rabat
178144,7741448,casablanca,burger,53,SAFE_25,Burger à Casablanca
178145,7741457,agadir,al wifaq,38,SAFE_25,Al Wifaq à Agadir
178148,7741492,tanger,boukhalef,98,SAFE_25,Boukhalef à Tanger
178149,7741523,casablanca,palmier,340,SAFE_25,Palmier à Casablanca
178150,7741527,casablanca,bourgogne ouest,380,SAFE_25,Bourgogne Ouest à Casablanca
178151,7741531,casablanca,mers sultan,170,SAFE_25,Mers Sultan à Casablanca
178152,7741535,casablanca,bourgogne ouest,380,SAFE_25,Bourgogne Ouest à Casablanca
178153,7741549,casablanca,racine,596,SAFE_25,Racine à Casablanca
178154,7741559,meknes,hamria,152,SAFE_25,Hamria à Meknes
178155,7741562,casablanca,hay moulay abdellah,30,SAFE_25,Hay Moulay Abdellah à Casablanca
178157,7741571,tanger,malabata,421,SAFE_25,Malabata à Tanger
178158,7741575,casablanca,bernoussi,99,SAFE_25,Bernoussi à Casablanca
178159,7741579,tanger,mghogha,80,SAFE_25,Mghogha à Tanger
178160,7741597,casablanca,mers sultan,170,SAFE_25,Mers Sultan à Casablanca
178162,7741673,casablanca,oulfa,409,SAFE_25,Oulfa à Casablanca
178163,7741707,casablanca,mers sultan,170,SAFE_25,Mers Sultan à Casablanca
178166,7741732,agadir,hay mohammadi,183,SAFE_25,Hay Mohammadi à Agadir
178167,7741745,casablanca,ain sebaa,344,SAFE_25,Aïn Sebaâ à Casablanca
178168,7741755,casablanca,hay zobir,38,SAFE_25,Hay Zobir à Casablanca
178169,7741757,essaouira,nouvelle ville,28,SAFE_25,Nouvelle Ville à Essaouira
178170,7741762,tanger,el majd,13,SAFE_10,El Majd à Tanger
178171,7741779,casablanca,roches noires,198,SAFE_25,Roches Noires à Casablanca
178173,7741800,agadir,cite adrar,16,SAFE_10,Cité Adrar à Agadir
178174,7741836,rabat,agdal,313,SAFE_25,Agdal à Rabat
178175,7741848,tetouan,wilaya,41,SAFE_25,Wilaya à Tétouan
178176,7741867,tanger,tanja balia,220,SAFE_25,Tanja Balia à Tanger
178177,7741879,casablanca,oulfa,409,SAFE_25,Oulfa à Casablanca
178178,7741884,tanger,tanja balia,220,SAFE_25,Tanja Balia à Tanger
178179,7741889,bouznika,plage oued cherrat,118,SAFE_25,Plage Oued Cherrat à Bouznika
178180,7741898,tanger,marjane,165,SAFE_25,Marjane à Tanger
178184,7741910,bouznika,plage oued cherrat,118,SAFE_25,Plage Oued Cherrat à Bouznika
178185,7741912,casablanca,californie,735,SAFE_25,Californie à Casablanca
178186,7741913,temara,wifak,121,SAFE_25,Wifak à Temara
178188,7741930,casablanca,bourgogne ouest,380,SAFE_25,Bourgogne Ouest à Casablanca
178190,7741937,marrakech,hay mabrouka,95,SAFE_25,Hay Mabrouka à Marrakech
178191,7741938,casablanca,laymoune,100,SAFE_25,Laymoune à Casablanca
178192,7741948,bouznika,plage oued cherrat,118,SAFE_25,Plage Oued Cherrat à Bouznika
178194,7741996,casablanca,hay hassani,116,SAFE_25,Hay Hassani à Casablanca
178195,7741999,casablanca,belvedere,301,SAFE_25,Belvédère à Casablanca
178196,7742043,kenitra,maamora,58,SAFE_25,Maamora à Kénitra
178199,7742069,tanger,administratif,164,SAFE_25,Administratif à Tanger
178200,7742076,fes,al karaouiyine,4,LOW,Al Karaouiyine à Fès
178201,7742077,marrakech,mhamid,253,SAFE_25,Mhamid à Marrakech
178202,7742088,kenitra,la ville haute,69,SAFE_25,La Ville Haute à Kénitra
178204,7742114,kenitra,mimosas,57,SAFE_25,Mimosas à Kénitra
178207,7742140,oujda,el qods,10,SAFE_10,El Qods à Oujda
178210,7742215,casablanca,ain sebaa,344,SAFE_25,Aïn Sebaâ à Casablanca
178212,7742241,casablanca,sidi el khadir,14,SAFE_10,Sidi El Khadir à Casablanca
178213,7742242,sale,hay chmaou,56,SAFE_25,Hay Chmaou à Salé
178214,7742256,temara,riad oulad mtaa,35,SAFE_25,Riad Oulad Mtaa à Temara
178215,7742260,casablanca,maarif,326,SAFE_25,Maârif à Casablanca
178217,7742287,el jadida,essaada,55,SAFE_25,Essaada à El Jadida
178218,7742302,marrakech,gueliz,1250,SAFE_25,Guéliz à Marrakech
178219,7742313,casablanca,al azhar,21,SAFE_10,Al Azhar à Casablanca
178220,7742322,tanger,achakar,164,SAFE_25,Achakar à Tanger
178221,7742324,casablanca,racine extension,51,SAFE_25,Racine Extension à Casablanca
178223,7742356,marrakech,gueliz,1250,SAFE_25,Guéliz à Marrakech
178224,7742365,casablanca,oulfa,409,SAFE_25,Oulfa à Casablanca
178226,7742392,fes,hay al azhar,11,SAFE_10,Hay Al Azhar à Fès
178227,7742396,marrakech,route casablanca,269,SAFE_25,Route Casablanca à Marrakech
178230,7742450,casablanca,anfa,374,SAFE_25,Anfa à Casablanca
178231,7742451,casablanca,maarif,326,SAFE_25,Maârif à Casablanca
178233,7742468,casablanca,bourgogne ouest,380,SAFE_25,Bourgogne Ouest à Casablanca
178237,7742486,rabat,quartier administratif,9,SAFE_5,Quartier Administratif à Rabat
178238,7742490,casablanca,bernoussi,99,SAFE_25,Bernoussi à Casablanca
178239,7742502,tanger,mister khouch,15,SAFE_10,Mister Khouch à Tanger
178240,7742510,casablanca,gauthier,422,SAFE_25,Gauthier à Casablanca
178243,7742561,rabat,agdal,313,SAFE_25,Agdal à Rabat
178246,7742602,casablanca,anassi,40,SAFE_25,Anassi à Casablanca
178247,7742607,casablanca,ain borja,88,SAFE_25,Ain Borja à Casablanca
178248,7742610,sale,sidi hajji,27,SAFE_25,Sidi Hajji à Salé
178249,7742624,rabat,riyad,566,SAFE_25,Riyad à Rabat
178251,7742691,rabat,agdal,313,SAFE_25,Agdal à Rabat
178253,7742707,essaouira,nouvelle ville,28,SAFE_25,Nouvelle Ville à Essaouira
178254,7742710,marrakech,ennakhil palmeraie,469,SAFE_25,Ennakhil (Palmeraie) à Marrakech
178255,7742722,agadir,haut founty,47,SAFE_25,Haut Founty à Agadir
178256,7742737,agadir,haut founty,47,SAFE_25,Haut Founty à Agadir
178257,7742741,casablanca,bourgogne est,157,SAFE_25,Bourgogne Est à Casablanca
178258,7742745,casablanca,hay palestine,10,SAFE_10,Hay Palestine à Casablanca
178259,7742753,casablanca,bourgogne ouest,380,SAFE_25,Bourgogne Ouest à Casablanca
178260,7742754,casablanca,beausejour,150,SAFE_25,Beauséjour à Casablanca
178261,7742760,casablanca,palmier,340,SAFE_25,Palmier à Casablanca
178262,7742764,casablanca,belvedere,301,SAFE_25,Belvédère à Casablanca
178264,7742768,tanger,iberie,173,SAFE_25,Iberie à Tanger
178267,7742813,rabat,les oudayas,7,SAFE_5,Les Oudayas à Rabat
178268,7742824,rabat,l ocean,61,SAFE_25,L'Ocean à Rabat
178269,7742826,casablanca,la gironde,122,SAFE_25,La Gironde à Casablanca
178271,7742839,casablanca,sidi maarouf,518,SAFE_25,Sidi Maarouf à Casablanca
178272,7742869,fes,zouagha,21,SAFE_10,Zouagha à Fès
178273,7742870,sale,hay oued dahab,10,SAFE_10,Hay Oued Dahab à Salé
178275,7742893,rabat,agdal,313,SAFE_25,Agdal à Rabat
178276,7742898,casablanca,beausite,41,SAFE_25,Beausite à Casablanca
178277,7742899,casablanca,quartier bachkou,69,SAFE_25,Quartier Bachkou à Casablanca
178278,7742918,fes,hay badr,4,LOW,Hay Badr à Fès
178280,7742930,casablanca,oulfa,409,SAFE_25,Oulfa à Casablanca
178281,7742931,temara,riad oulad mtaa,35,SAFE_25,Riad Oulad Mtaa à Temara
178283,7742948,casablanca,sidi moumen,119,SAFE_25,Sidi Moumen à Casablanca
178284,7742956,tanger,mesnana,96,SAFE_25,Mesnana à Tanger
178286,7742987,sale,hay karima,6,SAFE_5,Hay Karima à Salé
178287,7743012,casablanca,anfa,374,SAFE_25,Anfa à Casablanca
178289,7743041,marrakech,gueliz,1250,SAFE_25,Guéliz à Marrakech
178290,7743044,casablanca,oulfa,409,SAFE_25,Oulfa à Casablanca
178295,7743150,casablanca,les hopitaux,385,SAFE_25,Les Hôpitaux à Casablanca
178296,7743159,casablanca,maarif,326,SAFE_25,Maârif à Casablanca
178297,7743166,casablanca,maarif extension,351,SAFE_25,Maârif Extension à Casablanca
178303,7743314,rabat,l ocean,61,SAFE_25,L'Ocean à Rabat
178304,7743331,fes,ain amiyer,11,SAFE_10,Ain Amiyer à Fès
178305,7743342,fes,ain amiyer,11,SAFE_10,Ain Amiyer à Fès
178310,7743415,casablanca,sidi maarouf,518,SAFE_25,Sidi Maarouf à Casablanca
178311,7743417,temara,harhoura,92,SAFE_25,Harhoura à Temara
178314,7743462,casablanca,belvedere,301,SAFE_25,Belvédère à Casablanca
178315,7743468,casablanca,gauthier,422,SAFE_25,Gauthier à Casablanca
178318,7743474,casablanca,racine,596,SAFE_25,Racine à Casablanca
178319,7743481,casablanca,maarif,326,SAFE_25,Maârif à Casablanca
178321,7743497,mohammedia,port,3,LOW,Port à Mohammedia
178322,7743498,mohammedia,port,3,LOW,Port à Mohammedia
178323,7743499,mohammedia,port,3,LOW,Port à Mohammedia
178325,7743513,benslimane,lallamaryem,3,LOW,Lallamaryem à Benslimane
178327,7743543,rabat,quartier des ambassades,66,SAFE_25,Quartier Des Ambassades à Rabat
178328,7743551,casablanca,val fleury,190,SAFE_25,Val Fleury à Casablanca
178329,7743558,tanger,administratif,164,SAFE_25,Administratif à Tanger
178330,7743587,rabat,agdal,313,SAFE_25,Agdal à Rabat
178331,7743594,casablanca,racine,596,SAFE_25,Racine à Casablanca
178332,7743606,fes,route de meknes,13,SAFE_10,Route de Meknes à Fès
178333,7743613,casablanca,ain diab extension,188,SAFE_25,Ain Diab Extension à Casablanca
178334,7743616,sale,bab al bahr,12,SAFE_10,Bab Al Bahr à Salé
178336,7743641,bouznika,hamza,21,SAFE_10,Hamza à Bouznika
178339,7743692,meknes,hamria,152,SAFE_25,Hamria à Meknes
178340,7743694,casablanca,tantonville,33,SAFE_25,Tantonville à Casablanca
178341,7743697,casablanca,palmier,340,SAFE_25,Palmier à Casablanca
178342,7743704,casablanca,gauthier,422,SAFE_25,Gauthier à Casablanca
178343,7743706,casablanca,oulfa,409,SAFE_25,Oulfa à Casablanca
178344,7743722,casablanca,sidi moumen,119,SAFE_25,Sidi Moumen à Casablanca
178345,7743727,marrakech,route casablanca,269,SAFE_25,Route Casablanca à Marrakech
178346,7743737,marrakech,route casablanca,269,SAFE_25,Route Casablanca à Marrakech
178349,7743776,casablanca,triangle d or,142,SAFE_25,Triangle d'Or à Casablanca
178350,7743871,rabat,aviation mabella,79,SAFE_25,Aviation - Mabella à Rabat
178351,7743903,casablanca,les hopitaux,385,SAFE_25,Les Hôpitaux à Casablanca
178352,7743923,casablanca,triangle d or,142,SAFE_25,Triangle d'Or à Casablanca
178353,7743974,fes,hay al azhar,11,SAFE_10,Hay Al Azhar à Fès
178354,7743976,marrakech,zone industrielle sidi ghanem,6,SAFE_5,Zone Industrielle Sidi Ghanem à Marrakech
178356,7744063,fes,route ain chkaf,51,SAFE_25,Route ain Chkaf à Fès
178358,7744116,rabat,aviation mabella,79,SAFE_25,Aviation - Mabella à Rabat
178359,7744127,marrakech,gueliz,1250,SAFE_25,Guéliz à Marrakech
178363,7744240,tanger,marjane,165,SAFE_25,Marjane à Tanger
178364,7744251,casablanca,hay mohammadi,65,SAFE_25,Hay Mohammadi à Casablanca
178365,7744263,fes,mont fleuri,13,SAFE_10,Mont Fleuri à Fès
178367,7744346,casablanca,al madina aljadida,18,SAFE_10,Al Madina Aljadida à Casablanca
178369,7744405,marrakech,hivernage,273,SAFE_25,Hivernage à Marrakech
178370,7744425,marrakech,gueliz,1250,SAFE_25,Guéliz à Marrakech
178374,7744519,casablanca,oulfa,409,SAFE_25,Oulfa à Casablanca
178375,7744542,tetouan,wilaya,41,SAFE_25,Wilaya à Tétouan
178376,7744568,kenitra,mimosas,57,SAFE_25,Mimosas à Kénitra
178377,7744576,bouznika,al kawtar,71,SAFE_25,Al Kawtar à Bouznika
178378,7744583,rabat,aviation mabella,79,SAFE_25,Aviation - Mabella à Rabat
178379,7744601,casablanca,ain diab extension,188,SAFE_25,Ain Diab Extension à Casablanca
178381,7744675,benslimane,golf de benslimane,48,SAFE_25,Golf de Benslimane à Benslimane
178383,7744687,tanger,hay hassani,92,SAFE_25,Hay Hassani à Tanger
178384,7744690,casablanca,ain borja,88,SAFE_25,Ain Borja à Casablanca
178387,7744716,tanger,hay hassani,92,SAFE_25,Hay Hassani à Tanger
178389,7744772,settat,tanmiya,3,LOW,Tanmiya à Settat
178390,7744787,meknes,hamria,152,SAFE_25,Hamria à Meknes
178392,7744795,meknes,hamria,152,SAFE_25,Hamria à Meknes
178394,7744860,bouznika,plage oued cherrat,118,SAFE_25,Plage Oued Cherrat à Bouznika
178395,7744921,settat,hay al kamal,9,SAFE_5,Hay Al Kamal à Settat
178396,7745115,fes,nouvelle ville,31,SAFE_25,Nouvelle Ville à Fès
178397,7745157,casablanca,oulfa,409,SAFE_25,Oulfa à Casablanca
178398,7745385,meknes,cente,31,SAFE_25,Cente à Meknes
178399,7745433,casablanca,hay zobir,38,SAFE_25,Hay Zobir à Casablanca
178403,7745761,marrakech,hay mabrouka,95,SAFE_25,Hay Mabrouka à Marrakech
178405,7745813,fes,al karaouiyine,4,LOW,Al Karaouiyine à Fès
178412,7745974,essaouira,bab doukkala,7,SAFE_5,Bab Doukkala à Essaouira
178413,7745982,meknes,sidi bouzekri,12,SAFE_10,Sidi bouzekri à Meknes
178414,7746003,tanger,zemmouri,11,SAFE_10,Zemmouri à Tanger
178415,7746009,casablanca,hay hassani,116,SAFE_25,Hay Hassani à Casablanca
178417,7746055,mohammedia,hay salam,7,SAFE_5,Hay Salam à Mohammedia
178419,7746092,casablanca,californie,735,SAFE_25,Californie à Casablanca
178420,7746104,meknes,hamria,152,SAFE_25,Hamria à Meknes
178421,7746110,meknes,hamria,152,SAFE_25,Hamria à Meknes
178424,7746153,rabat,riyad extension,12,SAFE_10,Riyad Extension à Rabat
178425,7746244,nador,selouane,21,SAFE_10,Selouane à Nador
178426,7746251,casablanca,triangle d or,142,SAFE_25,Triangle d'Or à Casablanca
178428,7746289,marrakech,mhamid,253,SAFE_25,Mhamid à Marrakech
178429,7746367,tanger,tanja balia,220,SAFE_25,Tanja Balia à Tanger
178431,7746621,casablanca,les hopitaux,385,SAFE_25,Les Hôpitaux à Casablanca
178432,7746687,casablanca,californie,735,SAFE_25,Californie à Casablanca
178433,7746786,fes,route ain chkaf,51,SAFE_25,Route ain Chkaf à Fès
178435,7746884,agadir,hay salam,64,SAFE_25,Hay Salam à Agadir
178438,7746901,agadir,hay mohammadi,183,SAFE_25,Hay Mohammadi à Agadir
178439,7746914,agadir,hay mohammadi,183,SAFE_25,Hay Mohammadi à Agadir
178440,7746920,temara,wifak,121,SAFE_25,Wifak à Temara
178441,7746927,agadir,hay mohammadi,183,SAFE_25,Hay Mohammadi à Agadir
178442,7746939,meknes,marjane,146,SAFE_25,Marjane à Meknes
178444,7746986,temara,wifak,121,SAFE_25,Wifak à Temara
178447,7747040,sale,hay chmaou,56,SAFE_25,Hay Chmaou à Salé
178448,7747113,sale,tabriquet,37,SAFE_25,Tabriquet à Salé
178449,7747157,tanger,hay hassani,92,SAFE_25,Hay Hassani à Tanger
178450,7747172,casablanca,oulfa,409,SAFE_25,Oulfa à Casablanca
178451,7747182,tetouan,el mdrassi,5,SAFE_5,El Mdrassi à Tétouan
178453,7747188,casablanca,oulfa,409,SAFE_25,Oulfa à Casablanca
178456,7747256,sale,mkinssia,13,SAFE_10,Mkinssia à Salé
178457,7747294,casablanca,oulfa,409,SAFE_25,Oulfa à Casablanca
178458,7747306,meknes,hamria,152,SAFE_25,Hamria à Meknes
178459,7747310,meknes,hamria,152,SAFE_25,Hamria à Meknes
178461,7747345,casablanca,maarif,326,SAFE_25,Maârif à Casablanca
178462,7747389,tetouan,msalla,5,SAFE_5,Msalla à Tétouan
178466,7747467,casablanca,bourgogne ouest,380,SAFE_25,Bourgogne Ouest à Casablanca
178467,7747488,marrakech,majorelle,157,SAFE_25,Majorelle à Marrakech
178468,7747648,meknes,ancien combatant,7,SAFE_5,Ancien combatant à Meknes
178469,7747693,casablanca,maarif extension,351,SAFE_25,Maârif Extension à Casablanca
178473,7747934,casablanca,les hopitaux,385,SAFE_25,Les Hôpitaux à Casablanca
178475,7747955,casablanca,nassim 2,43,SAFE_25,Nassim 2 à Casablanca
178476,7747980,ifrane,la belle vue,3,LOW,La belle vue à Ifrane
178477,7748024,casablanca,la gironde,122,SAFE_25,La Gironde à Casablanca
178479,7748038,casablanca,oulfa,409,SAFE_25,Oulfa à Casablanca
178481,7748059,rabat,riyad,566,SAFE_25,Riyad à Rabat
178487,7748100,marrakech,route de tahanaout,394,SAFE_25,Route de Tahanaout à Marrakech
178488,7748105,tanger,bel air val fleuri,128,SAFE_25,Bel Air - Val fleuri à Tanger
178490,7748119,marrakech,gueliz,1250,SAFE_25,Guéliz à Marrakech
178491,7748130,rabat,agdal,313,SAFE_25,Agdal à Rabat
178492,7748132,tanger,mozart,64,SAFE_25,Mozart à Tanger
178494,7748146,meknes,marjane,146,SAFE_25,Marjane à Meknes
178496,7748205,casablanca,mers sultan,170,SAFE_25,Mers Sultan à Casablanca
178497,7748232,ifrane,les jardins d ifrane,8,SAFE_5,Les jardins d'ifrane à Ifrane
178498,7748239,casablanca,gauthier,422,SAFE_25,Gauthier à Casablanca
178501,7748254,casablanca,salmia 2,26,SAFE_25,Salmia 2 à Casablanca
178502,7748270,temara,wifak,121,SAFE_25,Wifak à Temara
178505,7748311,casablanca,cil hay salam,225,SAFE_25,CIL (Hay Salam) à Casablanca
178506,7748321,agadir,tilila,54,SAFE_25,Tilila à Agadir
178510,7748375,dakhla,al ghoufrane,1,LOW,Al Ghoufrane à Dakhla
178511,7748376,dakhla,al ghoufrane,1,LOW,Al Ghoufrane à Dakhla
178512,7748377,dakhla,al ghoufrane,1,LOW,Al Ghoufrane à Dakhla
178513,7748378,dakhla,al ghoufrane,1,LOW,Al Ghoufrane à Dakhla
178514,7748448,fes,champ de course,17,SAFE_10,Champ de course à Fès
178515,7748459,casablanca,la gironde,122,SAFE_25,La Gironde à Casablanca
178517,7748536,casablanca,dar lamane,2,LOW,Dar Lamane à Casablanca
178519,7748558,casablanca,val fleury,190,SAFE_25,Val Fleury à Casablanca
178521,7748577,fes,route ain chkaf,51,SAFE_25,Route ain Chkaf à Fès
178525,7748614,kenitra,la ville haute,69,SAFE_25,La Ville Haute à Kénitra
178528,7748709,casablanca,hay albaraka,19,SAFE_10,Hay Albaraka à Casablanca
178530,7748723,meknes,cente,31,SAFE_25,Cente à Meknes
178532,7748756,casablanca,les hopitaux,385,SAFE_25,Les Hôpitaux à Casablanca
178533,7748770,kenitra,la ville haute,69,SAFE_25,La Ville Haute à Kénitra
178534,7748772,kenitra,oulad wjih,62,SAFE_25,Oulad Wjih à Kénitra
178535,7748812,tanger,castilla,76,SAFE_25,Castilla à Tanger
178536,7748814,tanger,boukhalef,98,SAFE_25,Boukhalef à Tanger
178537,7748888,marrakech,gueliz,1250,SAFE_25,Guéliz à Marrakech
178539,7748924,casablanca,belvedere,301,SAFE_25,Belvédère à Casablanca
178541,7749059,casablanca,maarif,326,SAFE_25,Maârif à Casablanca
178542,7749152,casablanca,racine,596,SAFE_25,Racine à Casablanca
178543,7749192,rabat,hay ach chbanat,25,SAFE_25,Hay Ach-chbanat à Rabat
178544,7749196,kenitra,maamora,58,SAFE_25,Maamora à Kénitra
178545,7749233,casablanca,belvedere,301,SAFE_25,Belvédère à Casablanca
178546,7749305,marrakech,route casablanca,269,SAFE_25,Route Casablanca à Marrakech
178550,7749341,temara,riad oulad mtaa,35,SAFE_25,Riad Oulad Mtaa à Temara
178551,7749358,casablanca,gauthier,422,SAFE_25,Gauthier à Casablanca
178553,7749467,casablanca,sidi moumen,119,SAFE_25,Sidi Moumen à Casablanca
178554,7749482,marrakech,camp al ghoul,112,SAFE_25,Camp Al Ghoul à Marrakech
178555,7749491,tetouan,bled,9,SAFE_5,Bled à Tétouan
178556,7749518,agadir,al wifaq,38,SAFE_25,Al Wifaq à Agadir
178559,7749560,meknes,hay zitoune,10,SAFE_10,Hay zitoune à Meknes
178564,7749687,tanger,tanger city center,86,SAFE_25,Tanger City Center à Tanger
178566,7749729,oujda,hay fath,16,SAFE_10,Hay fath à Oujda
178568,7749750,casablanca,al qods,132,SAFE_25,Al Qods à Casablanca
178569,7749808,casablanca,moulay youssef,31,SAFE_25,Moulay Youssef à Casablanca
178570,7749812,oujda,lazaret,21,SAFE_10,Lazaret à Oujda
178573,7749839,casablanca,sidi moumen,119,SAFE_25,Sidi Moumen à Casablanca
178574,7749844,tanger,marjane,165,SAFE_25,Marjane à Tanger
178575,7749846,sale,tabriquet,37,SAFE_25,Tabriquet à Salé
178576,7749868,rabat,haut agdal,84,SAFE_25,Haut Agdal à Rabat
178579,7749927,marrakech,massira 2,22,SAFE_10,Massira 2 à Marrakech
178580,7749931,casablanca,maarif extension,351,SAFE_25,Maârif Extension à Casablanca
178582,7749934,fes,hay bensouda,12,SAFE_10,Hay Bensouda à Fès
178583,7749938,rabat,quartier des ambassades,66,SAFE_25,Quartier Des Ambassades à Rabat
178585,7749961,marrakech,ennakhil palmeraie,469,SAFE_25,Ennakhil (Palmeraie) à Marrakech
178588,7749989,casablanca,sidi maarouf,518,SAFE_25,Sidi Maarouf à Casablanca
178589,7749997,marrakech,gueliz,1250,SAFE_25,Guéliz à Marrakech
178591,7750025,casablanca,ain sebaa,344,SAFE_25,Aïn Sebaâ à Casablanca
178592,7750032,casablanca,sidi maarouf,518,SAFE_25,Sidi Maarouf à Casablanca
178593,7750049,tanger,route nationale assilah n1,134,SAFE_25,Route Nationale Assilah (N1) à Tanger
178594,7750052,casablanca,casablanca finance city,208,SAFE_25,Casablanca Finance City à Casablanca
178598,7750110,kenitra,la ville haute,69,SAFE_25,La Ville Haute à Kénitra
178599,7750113,casablanca,al osra,17,SAFE_10,Al Osra à Casablanca
178601,7750124,mohammedia,mannesmann,37,SAFE_25,Mannesmann à Mohammedia
178602,7750139,marrakech,mhamid,253,SAFE_25,Mhamid à Marrakech
178603,7750179,tanger,marjane,165,SAFE_25,Marjane à Tanger
178604,7750182,tanger,castilla,76,SAFE_25,Castilla à Tanger
178605,7750186,casablanca,roches noires,198,SAFE_25,Roches Noires à Casablanca
178606,7750220,casablanca,nassim 2,43,SAFE_25,Nassim 2 à Casablanca
178607,7750227,sale,ouled moussa,10,SAFE_10,Ouled Moussa à Salé
178608,7750268,rabat,l ocean,61,SAFE_25,L'Ocean à Rabat
178610,7750290,el jadida,lalla zahra,4,LOW,Lalla Zahra à El Jadida
178613,7750371,tanger,malabata,421,SAFE_25,Malabata à Tanger
178615,7750416,rabat,agdal,313,SAFE_25,Agdal à Rabat
178618,7750497,skhirat,plage rose maree,34,SAFE_25,Plage rose marée à Skhirat
178620,7750549,fes,zouagha,21,SAFE_10,Zouagha à Fès
178622,7750579,tanger,de la plage,188,SAFE_25,De La Plage à Tanger
178623,7750598,tanger,mghogha,80,SAFE_25,Mghogha à Tanger
178624,7750606,casablanca,mers sultan,170,SAFE_25,Mers Sultan à Casablanca
178625,7750608,dakhla,al ghoufrane,1,LOW,Al Ghoufrane à Dakhla
178626,7750609,dakhla,al ghoufrane,1,LOW,Al Ghoufrane à Dakhla
178627,7750610,dakhla,al ghoufrane,1,LOW,Al Ghoufrane à Dakhla
178628,7750611,dakhla,al ghoufrane,1,LOW,Al Ghoufrane à Dakhla
178630,7750654,casablanca,gauthier,422,SAFE_25,Gauthier à Casablanca
178631,7750658,casablanca,nassim 2,43,SAFE_25,Nassim 2 à Casablanca
178632,7750659,casablanca,les hopitaux,385,SAFE_25,Les Hôpitaux à Casablanca
178633,7750663,casablanca,casablanca finance city,208,SAFE_25,Casablanca Finance City à Casablanca
178635,7750675,marrakech,route casablanca,269,SAFE_25,Route Casablanca à Marrakech
178637,7750691,fes,hay tarik 1,5,SAFE_5,Hay Tarik 1 à Fès
178638,7750696,meknes,hamria,152,SAFE_25,Hamria à Meknes
178640,7750741,kenitra,la ville haute,69,SAFE_25,La Ville Haute à Kénitra
178641,7750742,casablanca,sidi maarouf,518,SAFE_25,Sidi Maarouf à Casablanca
178642,7750750,meknes,hamria,152,SAFE_25,Hamria à Meknes
178645,7750765,tanger,zemmouri,11,SAFE_10,Zemmouri à Tanger
178646,7750774,marrakech,gueliz,1250,SAFE_25,Guéliz à Marrakech
178647,7750777,casablanca,sidi moumen,119,SAFE_25,Sidi Moumen à Casablanca
178650,7750791,casablanca,al hassania,2,LOW,Al Hassania à Casablanca
178651,7750796,marrakech,gueliz,1250,SAFE_25,Guéliz à Marrakech
178652,7750805,temara,wifak,121,SAFE_25,Wifak à Temara
178654,7750847,rabat,agdal,313,SAFE_25,Agdal à Rabat
178655,7750871,agadir,agadir oufella,4,LOW,Agadir Oufella à Agadir
178656,7750894,casablanca,yasmina,4,LOW,Yasmina à Casablanca
178657,7750903,el jadida,quartier aerodrome,20,SAFE_10,Quartier Aérodrome à El Jadida
178660,7750926,rabat,hay ach chbanat,25,SAFE_25,Hay Ach-chbanat à Rabat
178661,7750927,casablanca,californie,735,SAFE_25,Californie à Casablanca
178662,7750929,meknes,cente,31,SAFE_25,Cente à Meknes
178664,7751005,casablanca,les hopitaux,385,SAFE_25,Les Hôpitaux à Casablanca
178665,7751018,el jadida,sidi moussa,18,SAFE_10,Sidi Moussa à El Jadida
178666,7751059,rabat,agdal,313,SAFE_25,Agdal à Rabat
178667,7751066,mohammedia,les cretes,2,LOW,Les Cretes à Mohammedia
178668,7751074,casablanca,laymoune,100,SAFE_25,Laymoune à Casablanca
178669,7751079,casablanca,casablanca finance city,208,SAFE_25,Casablanca Finance City à Casablanca
178671,7751097,rabat,diour jamaa,38,SAFE_25,Diour Jamaa à Rabat
178672,7751101,sale,sidi hajji,27,SAFE_25,Sidi Hajji à Salé
178673,7751107,meknes,cente,31,SAFE_25,Cente à Meknes
178675,7751115,bouznika,al kawtar,71,SAFE_25,Al Kawtar à Bouznika
178676,7751124,bouznika,plage oued cherrat,118,SAFE_25,Plage Oued Cherrat à Bouznika
178677,7751146,rabat,hay al kora,8,SAFE_5,Hay Al Kora à Rabat
178678,7751151,temara,sable d or,1,LOW,Sable d'or à Temara
178679,7751164,marrakech,daoudiat,64,SAFE_25,Daoudiat à Marrakech
178680,7751173,casablanca,ain sebaa,344,SAFE_25,Aïn Sebaâ à Casablanca
178681,7751177,casablanca,bernoussi,99,SAFE_25,Bernoussi à Casablanca
178682,7751181,el jadida,sidi moussa,18,SAFE_10,Sidi Moussa à El Jadida
178684,7751195,marrakech,route casablanca,269,SAFE_25,Route Casablanca à Marrakech
178686,7751222,kenitra,mimosas,57,SAFE_25,Mimosas à Kénitra
178687,7751229,casablanca,hay hassani,116,SAFE_25,Hay Hassani à Casablanca
178689,7751296,casablanca,oulfa,409,SAFE_25,Oulfa à Casablanca
178690,7751297,casablanca,hay salama,19,SAFE_10,Hay Salama à Casablanca
178692,7751319,casablanca,mandarona,87,SAFE_25,Mandarona à Casablanca
178693,7751324,marrakech,sidi ghanem,14,SAFE_10,Sidi Ghanem à Marrakech
178696,7751335,marrakech,izdihar,97,SAFE_25,Izdihar à Marrakech
178697,7751339,bouznika,plage oued cherrat,118,SAFE_25,Plage Oued Cherrat à Bouznika
178698,7751347,marrakech,gueliz,1250,SAFE_25,Guéliz à Marrakech
178699,7751348,bouznika,plage oued cherrat,118,SAFE_25,Plage Oued Cherrat à Bouznika
178700,7751349,casablanca,ain sebaa,344,SAFE_25,Aïn Sebaâ à Casablanca
178701,7751362,casablanca,hay hassani,116,SAFE_25,Hay Hassani à Casablanca
178705,7751384,tanger,malabata,421,SAFE_25,Malabata à Tanger
178706,7751385,oujda,boustane,15,SAFE_10,Boustane à Oujda
178707,7751394,bouznika,plage oued cherrat,118,SAFE_25,Plage Oued Cherrat à Bouznika
178708,7751428,settat,hay mabrouka,5,SAFE_5,Hay Mabrouka à Settat
178709,7751429,rabat,riyad,566,SAFE_25,Riyad à Rabat
178710,7751439,rabat,hassan centre ville,119,SAFE_25,Hassan - Centre Ville à Rabat
178712,7751449,casablanca,bourgogne ouest,380,SAFE_25,Bourgogne Ouest à Casablanca
178713,7751454,rabat,riyad,566,SAFE_25,Riyad à Rabat
178715,7751469,marrakech,hay targa,491,SAFE_25,Hay Targa à Marrakech
178716,7751471,ifrane,les jardins d ifrane,8,SAFE_5,Les jardins d'ifrane à Ifrane
178717,7751477,tanger,bel air val fleuri,128,SAFE_25,Bel Air - Val fleuri à Tanger
178718,7751484,casablanca,la gironde,122,SAFE_25,La Gironde à Casablanca
178719,7751490,agadir,hay mohammadi,183,SAFE_25,Hay Mohammadi à Agadir
178722,7751520,casablanca,laymoune,100,SAFE_25,Laymoune à Casablanca
178723,7751521,casablanca,val fleury,190,SAFE_25,Val Fleury à Casablanca
178724,7751533,casablanca,bourgogne ouest,380,SAFE_25,Bourgogne Ouest à Casablanca
178725,7751535,mohammedia,mannesmann,37,SAFE_25,Mannesmann à Mohammedia
178728,7751546,tetouan,saniat errmel,11,SAFE_10,Saniat Errmel à Tétouan
178729,7751555,rabat,agdal,313,SAFE_25,Agdal à Rabat
178730,7751558,marrakech,ennakhil palmeraie,469,SAFE_25,Ennakhil (Palmeraie) à Marrakech
178731,7751578,casablanca,fonciere,22,SAFE_10,Foncière à Casablanca
178736,7751633,fes,hay bensouda,12,SAFE_10,Hay Bensouda à Fès
178737,7751649,casablanca,bourgogne est,157,SAFE_25,Bourgogne Est à Casablanca
178738,7751684,sale,sakani,12,SAFE_10,Sakani à Salé
178739,7751687,casablanca,al farah dar essalam,11,SAFE_10,Al Farah Dar Essalam à Casablanca
178740,7751701,rabat,riyad,566,SAFE_25,Riyad à Rabat
178741,7751716,casablanca,oulfa,409,SAFE_25,Oulfa à Casablanca
178743,7751739,casablanca,ain sebaa,344,SAFE_25,Aïn Sebaâ à Casablanca
178744,7751748,casablanca,cil hay salam,225,SAFE_25,CIL (Hay Salam) à Casablanca
178746,7751760,sale,bab al bahr,12,SAFE_10,Bab Al Bahr à Salé
178747,7751763,fes,zone industrielle ain chkef,2,LOW,Zone Industrielle Ain Chkef à Fès
178749,7751766,tanger,de la plage,188,SAFE_25,De La Plage à Tanger
178751,7751772,rabat,agdal,313,SAFE_25,Agdal à Rabat
178753,7751785,casablanca,beausejour,150,SAFE_25,Beauséjour à Casablanca
178754,7751786,tanger,aharrarine,37,SAFE_25,Aharrarine à Tanger
178759,7751815,marrakech,hivernage,273,SAFE_25,Hivernage à Marrakech
178760,7751826,rabat,souissi,566,SAFE_25,Souissi à Rabat
178761,7751834,rabat,agdal,313,SAFE_25,Agdal à Rabat
178762,7751835,sale,sakani,12,SAFE_10,Sakani à Salé
178765,7751860,rabat,riyad,566,SAFE_25,Riyad à Rabat
178766,7751864,marrakech,route de safi,237,SAFE_25,Route de Safi à Marrakech
178767,7751879,rabat,agdal,313,SAFE_25,Agdal à Rabat
178772,7751952,casablanca,racine,596,SAFE_25,Racine à Casablanca
178776,7751990,agadir,hay mohammadi,183,SAFE_25,Hay Mohammadi à Agadir
178777,7752005,oujda,lazaret,21,SAFE_10,Lazaret à Oujda
178780,7752063,casablanca,oulfa,409,SAFE_25,Oulfa à Casablanca
178781,7752064,casablanca,la gironde,122,SAFE_25,La Gironde à Casablanca
178782,7752155,marrakech,amerchich,50,SAFE_25,Amerchich à Marrakech
178783,7752161,kenitra,la ville haute,69,SAFE_25,La Ville Haute à Kénitra
178787,7752230,casablanca,les princesses,332,SAFE_25,Les princesses à Casablanca
178788,7752231,marrakech,ouasis,16,SAFE_10,Ouasis à Marrakech
178789,7752242,safi,hay anas,3,LOW,Hay Anas à Safi
178792,7752261,casablanca,maarif,326,SAFE_25,Maârif à Casablanca
178797,7752322,sale,hay alqods,2,LOW,Hay Alqods à Salé
178798,7752350,casablanca,salmia 2,26,SAFE_25,Salmia 2 à Casablanca
178800,7752373,rabat,hassan centre ville,119,SAFE_25,Hassan - Centre Ville à Rabat
178801,7752403,fes,route immouzer,38,SAFE_25,Route Immouzer à Fès
178803,7752409,marrakech,boulevard med 6,124,SAFE_25,Boulevard Med 6 à Marrakech
178804,7752427,agadir,hay salam,64,SAFE_25,Hay Salam à Agadir
178805,7752432,casablanca,oulfa,409,SAFE_25,Oulfa à Casablanca
178806,7752447,rabat,agdal,313,SAFE_25,Agdal à Rabat
178807,7752463,tanger,tanja balia,220,SAFE_25,Tanja Balia à Tanger
178808,7752487,marrakech,majorelle,157,SAFE_25,Majorelle à Marrakech
178809,7752508,meknes,hamria,152,SAFE_25,Hamria à Meknes
178811,7752515,agadir,hay mohammadi,183,SAFE_25,Hay Mohammadi à Agadir
178812,7752534,marrakech,kaa el machraa,8,SAFE_5,Kaa El Machraa à Marrakech
178813,7752535,rabat,kebibat,33,SAFE_25,Kébibat à Rabat
178815,7752600,marrakech,gueliz,1250,SAFE_25,Guéliz à Marrakech
178817,7752610,rabat,aviation mabella,79,SAFE_25,Aviation - Mabella à Rabat
178821,7752685,marrakech,ennakhil palmeraie,469,SAFE_25,Ennakhil (Palmeraie) à Marrakech
178822,7752686,agadir,al wifaq,38,SAFE_25,Al Wifaq à Agadir
178823,7752695,casablanca,franceville,76,SAFE_25,Franceville à Casablanca
178824,7752716,casablanca,oasis,332,SAFE_25,Oasis à Casablanca
178825,7752722,casablanca,maarif extension,351,SAFE_25,Maârif Extension à Casablanca
178827,7752734,kenitra,maamora,58,SAFE_25,Maamora à Kénitra
178828,7752739,casablanca,bernoussi,99,SAFE_25,Bernoussi à Casablanca
178829,7752783,marrakech,gueliz,1250,SAFE_25,Guéliz à Marrakech
178830,7752789,casablanca,mers sultan,170,SAFE_25,Mers Sultan à Casablanca
178831,7752793,rabat,agdal,313,SAFE_25,Agdal à Rabat
178834,7752802,bouznika,al kawtar,71,SAFE_25,Al Kawtar à Bouznika
178836,7752812,temara,wifak,121,SAFE_25,Wifak à Temara
178837,7752828,meknes,marjane,146,SAFE_25,Marjane à Meknes
178838,7752849,meknes,cente,31,SAFE_25,Cente à Meknes
178839,7752864,sale,mkinssia,13,SAFE_10,Mkinssia à Salé
178840,7752865,marrakech,gueliz,1250,SAFE_25,Guéliz à Marrakech
178842,7752942,oujda,bd derfoufi,5,SAFE_5,Bd Derfoufi à Oujda
178843,7752945,el jadida,ennajd,27,SAFE_25,Ennajd à El Jadida
178844,7752994,el jadida,essaada,55,SAFE_25,Essaada à El Jadida
178847,7753030,agadir,amicales,13,SAFE_10,Amicales à Agadir
178849,7753048,casablanca,racine extension,51,SAFE_25,Racine Extension à Casablanca
178851,7753053,sale,sakani,12,SAFE_10,Sakani à Salé
178854,7753107,bouznika,hamza,21,SAFE_10,Hamza à Bouznika
178855,7753110,casablanca,hay hassani,116,SAFE_25,Hay Hassani à Casablanca
178856,7753118,bouznika,assanaouber,16,SAFE_10,Assanaouber à Bouznika
178859,7753150,casablanca,les hopitaux,385,SAFE_25,Les Hôpitaux à Casablanca
178860,7753156,fes,quartier oued fes,34,SAFE_25,Quartier Oued Fes à Fès
178862,7753159,casablanca,maarif,326,SAFE_25,Maârif à Casablanca
178865,7753173,temara,massira 2,27,SAFE_25,Massira 2 à Temara
178866,7753181,tetouan,wilaya,41,SAFE_25,Wilaya à Tétouan
178867,7753191,casablanca,sidi moumen,119,SAFE_25,Sidi Moumen à Casablanca
178870,7753217,sale,tabriquet,37,SAFE_25,Tabriquet à Salé
178871,7753220,casablanca,maarif extension,351,SAFE_25,Maârif Extension à Casablanca
178872,7753241,temara,oued eddahab,11,SAFE_10,Oued Eddahab à Temara
178873,7753242,agadir,abattoirs,30,SAFE_25,Abattoirs à Agadir
178874,7753244,marrakech,gueliz,1250,SAFE_25,Guéliz à Marrakech
178875,7753247,meknes,marjane,146,SAFE_25,Marjane à Meknes
178876,7753255,rabat,haut agdal,84,SAFE_25,Haut Agdal à Rabat
178878,7753279,casablanca,hay hassani,116,SAFE_25,Hay Hassani à Casablanca
178880,7753281,casablanca,beausejour,150,SAFE_25,Beauséjour à Casablanca
178884,7753307,casablanca,hay chrifa,49,SAFE_25,Hay Chrifa à Casablanca
178886,7753318,tetouan,route de ceuta,19,SAFE_10,Route de Ceuta à Tétouan
178887,7753321,tetouan,route de ceuta,19,SAFE_10,Route de Ceuta à Tétouan
178889,7753338,casablanca,racine,596,SAFE_25,Racine à Casablanca
178890,7753345,casablanca,bourgogne ouest,380,SAFE_25,Bourgogne Ouest à Casablanca
178893,7753389,casablanca,casablanca finance city,208,SAFE_25,Casablanca Finance City à Casablanca
178894,7753420,casablanca,ain sebaa,344,SAFE_25,Aïn Sebaâ à Casablanca
178895,7753425,sale,hay chmaou,56,SAFE_25,Hay Chmaou à Salé
178897,7753496,marrakech,ennakhil palmeraie,469,SAFE_25,Ennakhil (Palmeraie) à Marrakech
178899,7753527,marrakech,gueliz,1250,SAFE_25,Guéliz à Marrakech
178900,7753543,kenitra,la ville haute,69,SAFE_25,La Ville Haute à Kénitra
178901,7753554,temara,massira 2,27,SAFE_25,Massira 2 à Temara
178902,7753556,tanger,lalla chafia,4,LOW,Lalla Chafia à Tanger
178905,7753577,tanger,route nationale assilah n1,134,SAFE_25,Route Nationale Assilah (N1) à Tanger
178908,7753585,skhirat,plage rose maree,34,SAFE_25,Plage rose marée à Skhirat
178909,7753597,agadir,hay salam,64,SAFE_25,Hay Salam à Agadir
178911,7753625,mohammedia,la siesta,62,SAFE_25,La Siesta à Mohammedia
178912,7753641,kenitra,maamora,58,SAFE_25,Maamora à Kénitra
178915,7753688,tanger,malabata,421,SAFE_25,Malabata à Tanger
178917,7753695,tetouan,touilaa foqia,2,LOW,Touilaa Foqia à Tétouan
178918,7753708,sale,tabriquet,37,SAFE_25,Tabriquet à Salé
178919,7753714,casablanca,belvedere,301,SAFE_25,Belvédère à Casablanca
178920,7753722,marrakech,samlalia,132,SAFE_25,Samlalia à Marrakech
178921,7753736,marrakech,hay targa,491,SAFE_25,Hay Targa à Marrakech
178923,7753766,sale,sidi hajji,27,SAFE_25,Sidi Hajji à Salé
178924,7753771,marrakech,gueliz,1250,SAFE_25,Guéliz à Marrakech
178926,7753787,meknes,marjane,146,SAFE_25,Marjane à Meknes
178927,7753789,casablanca,les princesses,332,SAFE_25,Les princesses à Casablanca
178929,7753800,fes,dokkarat,1,LOW,Dokkarat à Fès
178931,7753809,marrakech,route de fez,469,SAFE_25,Route de Fez à Marrakech
178932,7753816,casablanca,gauthier,422,SAFE_25,Gauthier à Casablanca
178935,7753834,casablanca,mandarona,87,SAFE_25,Mandarona à Casablanca
178936,7753848,safi,azib derai,8,SAFE_5,Azib Derai à Safi
178938,7753853,safi,azib derai,8,SAFE_5,Azib Derai à Safi
178939,7753859,el jadida,essaada,55,SAFE_25,Essaada à El Jadida
178941,7753870,sale,sidi hajji,27,SAFE_25,Sidi Hajji à Salé
178942,7753899,marrakech,boulevard med 6,124,SAFE_25,Boulevard Med 6 à Marrakech
178944,7753906,casablanca,racine,596,SAFE_25,Racine à Casablanca
178945,7753915,casablanca,triangle d or,142,SAFE_25,Triangle d'Or à Casablanca
178946,7753916,marrakech,route de fez,469,SAFE_25,Route de Fez à Marrakech
178947,7753932,casablanca,maarif,326,SAFE_25,Maârif à Casablanca
178948,7753941,tanger,de la plage,188,SAFE_25,De La Plage à Tanger
178949,7753943,marrakech,hay annahda,12,SAFE_10,Hay Annahda à Marrakech
178952,7753957,el jadida,essaada,55,SAFE_25,Essaada à El Jadida
178953,7753999,rabat,l ocean,61,SAFE_25,L'Ocean à Rabat
178956,7754114,sale,sidi hajji,27,SAFE_25,Sidi Hajji à Salé
178958,7754146,fes,quartier oued fes,34,SAFE_25,Quartier Oued Fes à Fès
178960,7754185,marrakech,ennakhil palmeraie,469,SAFE_25,Ennakhil (Palmeraie) à Marrakech
178963,7754211,marrakech,route casablanca,269,SAFE_25,Route Casablanca à Marrakech
178965,7754231,casablanca,al madina aljadida,18,SAFE_10,Al Madina Aljadida à Casablanca
178966,7754247,casablanca,maarif,326,SAFE_25,Maârif à Casablanca
178967,7754260,mohammedia,hassania 3,5,SAFE_5,Hassania 3 à Mohammedia
178968,7754263,bouznika,assanaouber,16,SAFE_10,Assanaouber à Bouznika
178969,7754297,fes,ain amiyer,11,SAFE_10,Ain Amiyer à Fès
178970,7754311,casablanca,maarif extension,351,SAFE_25,Maârif Extension à Casablanca
178971,7754312,tanger,iberie,173,SAFE_25,Iberie à Tanger
178972,7754319,tanger,iberie,173,SAFE_25,Iberie à Tanger
178977,7754363,marrakech,gueliz,1250,SAFE_25,Guéliz à Marrakech
178979,7754381,marrakech,izdihar,97,SAFE_25,Izdihar à Marrakech
178980,7754387,marrakech,hay mabrouka,95,SAFE_25,Hay Mabrouka à Marrakech
178983,7754415,sale,cherkaoui marzouka,11,SAFE_10,Cherkaoui - Marzouka à Salé
178987,7754445,marrakech,gueliz,1250,SAFE_25,Guéliz à Marrakech
178989,7754475,fes,champ de course,17,SAFE_10,Champ de course à Fès
178990,7754483,casablanca,val fleury,190,SAFE_25,Val Fleury à Casablanca
178991,7754497,casablanca,tantonville,33,SAFE_25,Tantonville à Casablanca
178992,7754525,benslimane,oasis,5,SAFE_5,Oasis à Benslimane
178993,7754527,tanger,moujahidine,132,SAFE_25,Moujahidine à Tanger
178996,7754553,rabat,riyad,566,SAFE_25,Riyad à Rabat
178997,7754558,agadir,hay qods,10,SAFE_10,Hay Qods à Agadir
178998,7754570,marrakech,izdihar,97,SAFE_25,Izdihar à Marrakech
179000,7754584,casablanca,oulfa,409,SAFE_25,Oulfa à Casablanca
179002,7754598,tanger,administratif,164,SAFE_25,Administratif à Tanger
179003,7754608,benslimane,quods,4,LOW,Quods à Benslimane
179004,7754618,casablanca,racine,596,SAFE_25,Racine à Casablanca
179005,7754644,rabat,hay al massira,9,SAFE_5,Hay Al Massira à Rabat
179007,7754666,bouznika,al kawtar,71,SAFE_25,Al Kawtar à Bouznika
179008,7754667,tanger,hay hassani,92,SAFE_25,Hay Hassani à Tanger
179009,7754671,casablanca,hay albaraka,19,SAFE_10,Hay Albaraka à Casablanca
179011,7754799,casablanca,mers sultan,170,SAFE_25,Mers Sultan à Casablanca
179012,7754821,casablanca,ain sebaa,344,SAFE_25,Aïn Sebaâ à Casablanca
179013,7754822,marrakech,gueliz,1250,SAFE_25,Guéliz à Marrakech
179015,7754863,casablanca,ain sebaa,344,SAFE_25,Aïn Sebaâ à Casablanca
179017,7754891,casablanca,oulfa,409,SAFE_25,Oulfa à Casablanca
179018,7754905,bouznika,plage oued cherrat,118,SAFE_25,Plage Oued Cherrat à Bouznika
179019,7754929,casablanca,al azhar,21,SAFE_10,Al Azhar à Casablanca
179023,7754979,el jadida,essaada,55,SAFE_25,Essaada à El Jadida
179024,7755003,rabat,guich oudaya,48,SAFE_25,Guich Oudaya à Rabat
179025,7755011,marrakech,hay mabrouka,95,SAFE_25,Hay Mabrouka à Marrakech
179026,7755016,rabat,guich oudaya,48,SAFE_25,Guich Oudaya à Rabat
179027,7755022,marrakech,gueliz,1250,SAFE_25,Guéliz à Marrakech
179028,7755023,casablanca,les hopitaux,385,SAFE_25,Les Hôpitaux à Casablanca
179029,7755044,casablanca,oulfa,409,SAFE_25,Oulfa à Casablanca
179030,7755094,sale,sakani,12,SAFE_10,Sakani à Salé
179031,7755118,meknes,wislane,53,SAFE_25,Wislane à Meknes
179034,7755151,casablanca,anassi,40,SAFE_25,Anassi à Casablanca
179035,7755156,casablanca,sidi maarouf,518,SAFE_25,Sidi Maarouf à Casablanca
179036,7755166,casablanca,les hopitaux,385,SAFE_25,Les Hôpitaux à Casablanca
179038,7755185,oujda,riad isli,11,SAFE_10,Riad isli à Oujda
179039,7755189,casablanca,sidi maarouf,518,SAFE_25,Sidi Maarouf à Casablanca
179040,7755204,fes,hay riad,4,LOW,Hay Riad à Fès
179046,7755285,casablanca,racine,596,SAFE_25,Racine à Casablanca
179047,7755292,casablanca,gauthier,422,SAFE_25,Gauthier à Casablanca
179048,7755308,tanger,mesnana,96,SAFE_25,Mesnana à Tanger
179050,7755367,kenitra,maamora,58,SAFE_25,Maamora à Kénitra
179052,7755404,casablanca,mandarona,87,SAFE_25,Mandarona à Casablanca
179053,7755414,casablanca,bourgogne ouest,380,SAFE_25,Bourgogne Ouest à Casablanca
179054,7755446,agadir,hay mohammadi,183,SAFE_25,Hay Mohammadi à Agadir
179055,7755486,casablanca,lissasfa,104,SAFE_25,Lissasfa à Casablanca
179056,7755495,meknes,la cienda,8,SAFE_5,La cienda à Meknes
179057,7755496,kenitra,val fleuri,31,SAFE_25,Val Fleuri à Kénitra
179059,7755524,casablanca,salmia 2,26,SAFE_25,Salmia 2 à Casablanca
179060,7755554,fes,ain amiyer,11,SAFE_10,Ain Amiyer à Fès
179062,7755571,kenitra,assam,17,SAFE_10,Assam à Kénitra
179065,7755660,agadir,secteur touristique,92,SAFE_25,Secteur Touristique à Agadir
179067,7755672,marrakech,route casablanca,269,SAFE_25,Route Casablanca à Marrakech
179068,7755686,tanger,iberie,173,SAFE_25,Iberie à Tanger
179069,7755706,casablanca,racine,596,SAFE_25,Racine à Casablanca
179073,7755726,marrakech,agdal,514,SAFE_25,Agdal à Marrakech
179074,7755734,casablanca,val fleury,190,SAFE_25,Val Fleury à Casablanca
179075,7755746,casablanca,racine extension,51,SAFE_25,Racine Extension à Casablanca
179076,7755752,tetouan,msalla,5,SAFE_5,Msalla à Tétouan
179077,7755772,casablanca,quartier bachkou,69,SAFE_25,Quartier Bachkou à Casablanca
179078,7755776,kenitra,maghrib arabi,29,SAFE_25,Maghrib Arabi à Kénitra
179080,7755790,rabat,quartier des ambassades,66,SAFE_25,Quartier Des Ambassades à Rabat
179081,7755846,meknes,al bassatine,56,SAFE_25,Al bassatine à Meknes
179084,7755866,casablanca,al qods,132,SAFE_25,Al Qods à Casablanca
179086,7755888,temara,skikina,28,SAFE_25,Skikina à Temara
179087,7755908,bouznika,plage oued cherrat,118,SAFE_25,Plage Oued Cherrat à Bouznika
179088,7755922,marrakech,hay targa,491,SAFE_25,Hay Targa à Marrakech
179089,7755936,casablanca,al qods,132,SAFE_25,Al Qods à Casablanca
179090,7755959,bouznika,hay toummert,9,SAFE_5,Hay Toummert à Bouznika
179092,7755965,marrakech,route casablanca,269,SAFE_25,Route Casablanca à Marrakech
179093,7755970,casablanca,racine,596,SAFE_25,Racine à Casablanca
179095,7756019,marrakech,gueliz,1250,SAFE_25,Guéliz à Marrakech
179098,7756182,casablanca,oulfa,409,SAFE_25,Oulfa à Casablanca
179099,7756280,kenitra,oulad wjih,62,SAFE_25,Oulad Wjih à Kénitra
179100,7756286,essaouira,borj,16,SAFE_10,Borj à Essaouira
179101,7756292,sale,hay chmaou,56,SAFE_25,Hay Chmaou à Salé
179102,7756318,casablanca,maarif,326,SAFE_25,Maârif à Casablanca
179104,7756332,casablanca,ain diab extension,188,SAFE_25,Ain Diab Extension à Casablanca
179105,7756359,bouznika,assanaouber,16,SAFE_10,Assanaouber à Bouznika
179107,7756368,casablanca,oulfa,409,SAFE_25,Oulfa à Casablanca
179108,7756386,tanger,tanger city center,86,SAFE_25,Tanger City Center à Tanger
179109,7756389,rabat,hassan centre ville,119,SAFE_25,Hassan - Centre Ville à Rabat
179110,7756409,tanger,marjane,165,SAFE_25,Marjane à Tanger
179112,7756429,marrakech,gueliz,1250,SAFE_25,Guéliz à Marrakech
179116,7756454,casablanca,belvedere,301,SAFE_25,Belvédère à Casablanca
179118,7756489,rabat,haut agdal,84,SAFE_25,Haut Agdal à Rabat
179120,7756493,mohammedia,la siesta,62,SAFE_25,La Siesta à Mohammedia
179122,7756525,casablanca,ain diab,457,SAFE_25,Ain Diab à Casablanca
179126,7756544,agadir,extension dakhla,15,SAFE_10,Extension Dakhla à Agadir
179127,7756579,casablanca,ain borja,88,SAFE_25,Ain Borja à Casablanca
179128,7756593,casablanca,bourgogne ouest,380,SAFE_25,Bourgogne Ouest à Casablanca
179130,7756652,casablanca,anassi,40,SAFE_25,Anassi à Casablanca
179131,7756659,casablanca,burger,53,SAFE_25,Burger à Casablanca
179137,7756719,tanger,ziaten,49,SAFE_25,Ziaten à Tanger
179139,7756740,temara,wifak,121,SAFE_25,Wifak à Temara
179140,7756746,safi,hay essalam,3,LOW,Hay essalam à Safi
179141,7756758,kenitra,mellah,8,SAFE_5,Mellah à Kénitra
179143,7756821,casablanca,anfa,374,SAFE_25,Anfa à Casablanca
179144,7756831,essaouira,bab doukkala,7,SAFE_5,Bab Doukkala à Essaouira
179145,7756858,oujda,lazaret,21,SAFE_10,Lazaret à Oujda
179147,7756889,marrakech,route de safi,237,SAFE_25,Route de Safi à Marrakech
179152,7756929,marrakech,hivernage,273,SAFE_25,Hivernage à Marrakech
179153,7756931,mohammedia,nassim,37,SAFE_25,Nassim à Mohammedia
179155,7756935,agadir,hay salam,64,SAFE_25,Hay Salam à Agadir
179156,7756941,casablanca,derb ghalef,98,SAFE_25,Derb Ghalef à Casablanca
179160,7756979,marrakech,route de safi,237,SAFE_25,Route de Safi à Marrakech
179162,7757003,casablanca,hay al amal,7,SAFE_5,Hay Al Amal à Casablanca
179164,7757021,tanger,hay hassani,92,SAFE_25,Hay Hassani à Tanger
179165,7757028,marrakech,gueliz,1250,SAFE_25,Guéliz à Marrakech
179167,7757067,sale,sidi hajji,27,SAFE_25,Sidi Hajji à Salé
179168,7757074,kenitra,oulad wjih,62,SAFE_25,Oulad Wjih à Kénitra
179169,7757084,fes,narjis,23,SAFE_10,Narjis à Fès
179170,7757102,kenitra,maamora,58,SAFE_25,Maamora à Kénitra
179171,7757103,marrakech,massira 1,51,SAFE_25,Massira 1 à Marrakech
179172,7757115,marrakech,hay targa,491,SAFE_25,Hay Targa à Marrakech
179173,7757116,agadir,hay dakhla,57,SAFE_25,Hay Dakhla à Agadir
179174,7757150,tanger,mesnana,96,SAFE_25,Mesnana à Tanger
179177,7757174,agadir,hay mohammadi,183,SAFE_25,Hay Mohammadi à Agadir
179179,7757188,casablanca,belvedere,301,SAFE_25,Belvédère à Casablanca
179181,7757200,meknes,hamria,152,SAFE_25,Hamria à Meknes
179183,7757208,el jadida,hay essalam,49,SAFE_25,Hay Essalam à El Jadida
179185,7757225,bouznika,plage oued cherrat,118,SAFE_25,Plage Oued Cherrat à Bouznika
179188,7757251,fes,route se sefrou,16,SAFE_10,Route se Sefrou à Fès
179190,7757256,temara,oued eddahab,11,SAFE_10,Oued Eddahab à Temara
179194,7757303,tanger,mozart,64,SAFE_25,Mozart à Tanger
179195,7757305,marrakech,gueliz,1250,SAFE_25,Guéliz à Marrakech
179196,7757309,casablanca,ain diab,457,SAFE_25,Ain Diab à Casablanca
179197,7757314,marrakech,route amizmiz,500,SAFE_25,Route Amizmiz à Marrakech
179199,7757348,tanger,beni touzine,22,SAFE_10,Beni Touzine à Tanger
179200,7757351,mohammedia,quartier du parc,79,SAFE_25,Quartier du Parc à Mohammedia
179201,7757354,meknes,al bassatine,56,SAFE_25,Al bassatine à Meknes
179203,7757359,casablanca,sidi maarouf,518,SAFE_25,Sidi Maarouf à Casablanca
179205,7757365,casablanca,belvedere,301,SAFE_25,Belvédère à Casablanca
179206,7757369,casablanca,lissasfa,104,SAFE_25,Lissasfa à Casablanca
179208,7757381,agadir,hay dakhla,57,SAFE_25,Hay Dakhla à Agadir
179211,7757391,tanger,mghogha,80,SAFE_25,Mghogha à Tanger
179212,7757404,agadir,hay mohammadi,183,SAFE_25,Hay Mohammadi à Agadir
179213,7757431,sale,bab sebta,4,LOW,Bab Sebta à Salé
179214,7757447,mohammedia,nassim,37,SAFE_25,Nassim à Mohammedia
179215,7757457,mohammedia,nassim,37,SAFE_25,Nassim à Mohammedia
179219,7757493,casablanca,gauthier,422,SAFE_25,Gauthier à Casablanca
179221,7757510,casablanca,sidi maarouf,518,SAFE_25,Sidi Maarouf à Casablanca
179222,7757516,mohammedia,wafa,25,SAFE_25,Wafa à Mohammedia
179223,7757522,casablanca,bourgogne ouest,380,SAFE_25,Bourgogne Ouest à Casablanca
179226,7757544,mohammedia,route de rabat,18,SAFE_10,Route de rabat à Mohammedia
179227,7757564,casablanca,oulfa,409,SAFE_25,Oulfa à Casablanca
179230,7757614,tanger,branes kdima,29,SAFE_25,Branes Kdima à Tanger
179232,7757631,casablanca,oulfa,409,SAFE_25,Oulfa à Casablanca
179233,7757637,meknes,marjane,146,SAFE_25,Marjane à Meknes
179235,7757681,kenitra,bir rami ouest,38,SAFE_25,Bir Rami Ouest à Kénitra
179237,7757687,rabat,l ocean,61,SAFE_25,L'Ocean à Rabat
179238,7757716,rabat,agdal,313,SAFE_25,Agdal à Rabat
179240,7757723,el jadida,hay al amal,5,SAFE_5,Hay Al Amal à El Jadida
179241,7757728,marrakech,agdal,514,SAFE_25,Agdal à Marrakech
179245,7757736,tanger,al amal,14,SAFE_10,Al Amal à Tanger
179247,7757752,casablanca,ain chock,119,SAFE_25,Ain Chock à Casablanca
179254,7757813,casablanca,la floride,14,SAFE_10,La Floride à Casablanca
179255,7757818,temara,oued eddahab,11,SAFE_10,Oued Eddahab à Temara
179257,7757833,marrakech,hay chouhada,4,LOW,Hay Chouhada à Marrakech
179258,7757844,tanger,administratif,164,SAFE_25,Administratif à Tanger
179259,7757856,casablanca,roches noires,198,SAFE_25,Roches Noires à Casablanca
179260,7757859,bouznika,hamza,21,SAFE_10,Hamza à Bouznika
179262,7757864,fes,hay atlas,8,SAFE_5,Hay Atlas à Fès
179263,7757868,marrakech,route d agadir essaouira,143,SAFE_25,Route d'Agadir - Essaouira à Marrakech
179268,7757911,marrakech,gueliz,1250,SAFE_25,Guéliz à Marrakech
179270,7757940,tanger,de la plage,188,SAFE_25,De La Plage à Tanger
179271,7757943,sale,hay chmaou,56,SAFE_25,Hay Chmaou à Salé
179272,7757946,tanger,de la plage,188,SAFE_25,De La Plage à Tanger
179273,7757963,casablanca,al qods,132,SAFE_25,Al Qods à Casablanca
179274,7758000,casablanca,ain diab,457,SAFE_25,Ain Diab à Casablanca
179275,7758007,casablanca,la gironde,122,SAFE_25,La Gironde à Casablanca
179276,7758012,casablanca,la gironde,122,SAFE_25,La Gironde à Casablanca
179277,7758020,kenitra,ismalia,19,SAFE_10,Ismalia à Kénitra
179278,7758043,sale,bab al bahr,12,SAFE_10,Bab Al Bahr à Salé
179280,7758078,rabat,agdal,313,SAFE_25,Agdal à Rabat
179282,7758094,marrakech,amelkis,224,SAFE_25,Amelkis à Marrakech
179283,7758095,casablanca,maarif,326,SAFE_25,Maârif à Casablanca
179287,7758136,casablanca,maarif extension,351,SAFE_25,Maârif Extension à Casablanca
179288,7758142,marrakech,amerchich,50,SAFE_25,Amerchich à Marrakech
179290,7758160,casablanca,al hadika,25,SAFE_25,Al Hadika à Casablanca
179295,7758210,casablanca,oulfa,409,SAFE_25,Oulfa à Casablanca
179296,7758222,agadir,tilila,54,SAFE_25,Tilila à Agadir
179298,7758225,fes,narjis,23,SAFE_10,Narjis à Fès
179299,7758241,fes,hay riad,4,LOW,Hay Riad à Fès
179300,7758245,rabat,agdal,313,SAFE_25,Agdal à Rabat
179301,7758250,tanger,administratif,164,SAFE_25,Administratif à Tanger
179303,7758260,meknes,plaisance,9,SAFE_5,Plaisance à Meknes
179305,7758270,tanger,mesnana,96,SAFE_25,Mesnana à Tanger
179306,7758277,marrakech,arset el maach,21,SAFE_10,Arset El Maach à Marrakech
179308,7758303,rabat,agdal,313,SAFE_25,Agdal à Rabat
179309,7758307,sale,hay alqods,2,LOW,Hay Alqods à Salé
179311,7758341,kenitra,la ville haute,69,SAFE_25,La Ville Haute à Kénitra
179314,7758368,casablanca,sidi maarouf,518,SAFE_25,Sidi Maârouf à Casablanca
179315,7758382,casablanca,bournazil,16,SAFE_10,Bournazil à Casablanca
179317,7758401,casablanca,palmier,340,SAFE_25,Palmier à Casablanca
179318,7758441,casablanca,anfa,374,SAFE_25,Anfa à Casablanca
179320,7758461,casablanca,oulfa,409,SAFE_25,Oulfa à Casablanca
179321,7758466,casablanca,triangle d or,142,SAFE_25,Triangle d'Or à Casablanca
179322,7758482,casablanca,racine,596,SAFE_25,Racine à Casablanca
179323,7758486,agadir,founti,96,SAFE_25,Founti à Agadir
179324,7758497,sale,hay chmaou,56,SAFE_25,Hay Chmaou à Salé
179325,7758503,casablanca,al hadika,25,SAFE_25,Al Hadika à Casablanca
179326,7758509,marrakech,ennakhil palmeraie,469,SAFE_25,Ennakhil (Palmeraie) à Marrakech
179327,7758520,casablanca,hay palestine,10,SAFE_10,Hay Palestine à Casablanca
179328,7758523,casablanca,la floride,14,SAFE_10,La Floride à Casablanca
179330,7758546,sale,sala el jadida,84,SAFE_25,Sala el Jadida à Salé
179331,7758550,casablanca,beausite,41,SAFE_25,Beausite à Casablanca
179333,7758593,casablanca,ain sebaa,344,SAFE_25,Aïn Sebaâ à Casablanca
179335,7758595,el jadida,quartier aerodrome,20,SAFE_10,Quartier Aérodrome à El Jadida
179338,7758599,mohammedia,rachidia,5,SAFE_5,Rachidia à Mohammedia
179339,7758600,marrakech,route casablanca,269,SAFE_25,Route Casablanca à Marrakech
179340,7758623,casablanca,sidi moumen,119,SAFE_25,Sidi Moumen à Casablanca
179341,7758627,tetouan,wilaya,41,SAFE_25,Wilaya à Tétouan
179343,7758640,tanger,ain el hayani,20,SAFE_10,Ain El Hayani à Tanger
179344,7758642,agadir,hay mohammadi,183,SAFE_25,Hay Mohammadi à Agadir
179345,7758643,tanger,achakar,164,SAFE_25,Achakar à Tanger
179347,7758685,casablanca,maarif extension,351,SAFE_25,Maârif Extension à Casablanca
179349,7758720,tanger,aouama gharbia,64,SAFE_25,Aouama Gharbia à Tanger
179351,7758734,bouznika,al kawtar,71,SAFE_25,Al Kawtar à Bouznika
179354,7758779,casablanca,belvedere,301,SAFE_25,Belvédère à Casablanca
179355,7758796,casablanca,hay albaraka,19,SAFE_10,Hay Albaraka à Casablanca
179357,7758840,rabat,agdal,313,SAFE_25,Agdal à Rabat
179359,7758928,casablanca,riviera,76,SAFE_25,Riviera à Casablanca
179362,7759004,meknes,marjane,146,SAFE_25,Marjane à Meknes
179363,7759005,casablanca,beausejour,150,SAFE_25,Beauséjour à Casablanca
179367,7759082,casablanca,mers sultan,170,SAFE_25,Mers Sultan à Casablanca
179369,7759092,kenitra,mimosas,57,SAFE_25,Mimosas à Kénitra
179371,7759097,essaouira,argana,4,LOW,Argana à Essaouira
179372,7759109,essaouira,raounak,6,SAFE_5,Raounak à Essaouira
179375,7759151,sale,hay chmaou,56,SAFE_25,Hay Chmaou à Salé
179377,7759160,casablanca,mers sultan,170,SAFE_25,Mers Sultan à Casablanca
179378,7759162,sale,kharouba,1,LOW,Kharouba à Salé
179384,7759258,temara,nemsia,3,LOW,Nemsia à Temara
179385,7759259,casablanca,nassim 1,64,SAFE_25,Nassim 1 à Casablanca
179387,7759288,rabat,souissi,566,SAFE_25,Souissi à Rabat
179388,7759295,agadir,hay salam,64,SAFE_25,Hay Salam à Agadir
179389,7759306,casablanca,les hopitaux,385,SAFE_25,Les Hôpitaux à Casablanca
179391,7759329,marrakech,route amizmiz,500,SAFE_25,Route Amizmiz à Marrakech
179393,7759334,casablanca,sidi maarouf,518,SAFE_25,Sidi Maarouf à Casablanca
179394,7759347,casablanca,racine extension,51,SAFE_25,Racine Extension à Casablanca
179395,7759349,fes,nouvelle ville,31,SAFE_25,Nouvelle Ville à Fès
179398,7759382,marrakech,majorelle,157,SAFE_25,Majorelle à Marrakech
179399,7759448,casablanca,ain sebaa,344,SAFE_25,Aïn Sebaâ à Casablanca
179406,7759713,casablanca,oulfa,409,SAFE_25,Oulfa à Casablanca
179407,7759738,casablanca,les hopitaux,385,SAFE_25,Les Hôpitaux à Casablanca
179409,7759757,safi,azib derai,8,SAFE_5,Azib Derai à Safi
179410,7759758,fes,mont fleuri,13,SAFE_10,Mont Fleuri à Fès
179411,7759767,temara,ain atig,11,SAFE_10,Ain Atig à Temara
179412,7759786,rabat,karrakchou,1,LOW,Karrakchou à Rabat
179413,7759808,casablanca,racine,596,SAFE_25,Racine à Casablanca
179414,7759830,casablanca,les hopitaux,385,SAFE_25,Les Hôpitaux à Casablanca
179418,7759845,casablanca,gauthier,422,SAFE_25,Gauthier à Casablanca
179420,7759862,casablanca,maarif,326,SAFE_25,Maârif à Casablanca
179421,7759867,casablanca,roches noires,198,SAFE_25,Roches Noires à Casablanca
179422,7759872,casablanca,val fleury,190,SAFE_25,Val Fleury à Casablanca
179424,7759884,tanger,bel air val fleuri,128,SAFE_25,Bel Air - Val fleuri à Tanger
179425,7759891,casablanca,sidi moumen,119,SAFE_25,Sidi Moumen à Casablanca
179428,7759917,fes,champ de course,17,SAFE_10,Champ de course à Fès
179429,7759926,casablanca,anassi,40,SAFE_25,Anassi à Casablanca
179430,7759928,agadir,hay mohammadi,183,SAFE_25,Hay Mohammadi à Agadir
179431,7759934,casablanca,les hopitaux,385,SAFE_25,Les Hôpitaux à Casablanca
179432,7759942,kenitra,mimosas,57,SAFE_25,Mimosas à Kénitra
179433,7759950,meknes,la cienda,8,SAFE_5,La cienda à Meknes
179437,7760102,fes,ain amiyer,11,SAFE_10,Ain Amiyer à Fès
179438,7760121,casablanca,hay tarik,4,LOW,Hay Tarik à Casablanca
179439,7760144,marrakech,agdal,514,SAFE_25,Agdal à Marrakech
179441,7760213,sale,tabriquet,37,SAFE_25,Tabriquet à Salé
179442,7760243,casablanca,oulfa,409,SAFE_25,Oulfa à Casablanca
179443,7760260,casablanca,oulfa,409,SAFE_25,Oulfa à Casablanca
179444,7760261,marrakech,gueliz,1250,SAFE_25,Guéliz à Marrakech
179446,7760296,casablanca,bourgogne ouest,380,SAFE_25,Bourgogne Ouest à Casablanca
179447,7760303,tanger,iberie,173,SAFE_25,Iberie à Tanger
179448,7760317,casablanca,gauthier,422,SAFE_25,Gauthier à Casablanca
179449,7760319,casablanca,maarif,326,SAFE_25,Maârif à Casablanca
179450,7760320,marrakech,boulevard med 6,124,SAFE_25,Boulevard Med 6 à Marrakech
179451,7760324,sale,sala el jadida,84,SAFE_25,Sala el Jadida à Salé
179452,7760328,sale,hay salam,24,SAFE_10,Hay Salam à Salé
179454,7760367,rabat,agdal,313,SAFE_25,Agdal à Rabat
179455,7760388,tetouan,mounia,9,SAFE_5,Mounia à Tétouan
179456,7760392,el jadida,essaada,55,SAFE_25,Essaada à El Jadida
179457,7760399,mohammedia,hay al amal,3,LOW,Hay Al Amal à Mohammedia
179463,7760446,sale,tabriquet,37,SAFE_25,Tabriquet à Salé
179467,7760484,sale,pepiniere,3,LOW,Pépinière à Salé
179468,7760508,el jadida,ennajd,27,SAFE_25,Ennajd à El Jadida
179469,7760514,casablanca,ain sebaa,344,SAFE_25,Aïn Sebaâ à Casablanca
179471,7760523,casablanca,maarif,326,SAFE_25,Maârif à Casablanca
179472,7760527,casablanca,ain sebaa,344,SAFE_25,Aïn Sebaâ à Casablanca
179473,7760536,tanger,marjane,165,SAFE_25,Marjane à Tanger
179474,7760574,marrakech,ennakhil palmeraie,469,SAFE_25,Ennakhil (Palmeraie) à Marrakech
179476,7760577,safi,azib derai,8,SAFE_5,Azib Derai à Safi
179477,7760583,casablanca,roches noires,198,SAFE_25,Roches Noires à Casablanca
179478,7760603,kenitra,mimosas,57,SAFE_25,Mimosas à Kénitra
179480,7760606,casablanca,maarif extension,351,SAFE_25,Maârif Extension à Casablanca
179481,7760629,temara,wifak,121,SAFE_25,Wifak à Temara
179484,7760658,mohammedia,hay al amal,3,LOW,Hay Al Amal à Mohammedia
179485,7760664,casablanca,maarif,326,SAFE_25,Maârif à Casablanca
179486,7760669,casablanca,roches noires,198,SAFE_25,Roches Noires à Casablanca
179489,7760754,casablanca,sidi moumen,119,SAFE_25,Sidi Moumen à Casablanca
179493,7760786,kenitra,maghrib arabi,29,SAFE_25,Maghrib Arabi à Kénitra
179494,7760802,casablanca,hay antaria,6,SAFE_5,Hay Antaria à Casablanca
179498,7760845,temara,ain atig,11,SAFE_10,Ain Atig à Temara
179499,7760855,khemisset,lot al wafa,1,LOW,Lot Al Wafa à Khémisset
179501,7760868,marrakech,route de safi,237,SAFE_25,Route de Safi à Marrakech
179502,7760870,temara,wifak,121,SAFE_25,Wifak à Temara
179503,7760871,tanger,du golf,123,SAFE_25,Du Golf à Tanger
179504,7760898,casablanca,bourgogne ouest,380,SAFE_25,Bourgogne Ouest à Casablanca
179505,7760903,agadir,al wifaq,38,SAFE_25,Al Wifaq à Agadir
179506,7760952,casablanca,ain diab,457,SAFE_25,Ain Diab à Casablanca
179508,7760959,fes,ain amiyer,11,SAFE_10,Ain Amiyer à Fès
179509,7760968,casablanca,derb ghalef,98,SAFE_25,Derb Ghalef à Casablanca
179510,7760984,sale,sakani,12,SAFE_10,Sakani à Salé
179511,7760986,tanger,hay hassani,92,SAFE_25,Hay Hassani à Tanger
179515,7761032,casablanca,la vilette,15,SAFE_10,La Vilette à Casablanca
179516,7761041,rabat,hay el menzah,56,SAFE_25,Hay El Menzah à Rabat
179517,7761047,agadir,hay mohammadi,183,SAFE_25,Hay Mohammadi à Agadir
179518,7761048,casablanca,beausejour,150,SAFE_25,Beauséjour à Casablanca
179519,7761058,tanger,marjane,165,SAFE_25,Marjane à Tanger
179520,7761063,marrakech,koudia,4,LOW,Koudia à Marrakech
179521,7761071,kenitra,la ville haute,69,SAFE_25,La Ville Haute à Kénitra
179522,7761072,casablanca,al qods,132,SAFE_25,Al Qods à Casablanca
179525,7761111,casablanca,les princesses,332,SAFE_25,Les princesses à Casablanca
179529,7761142,casablanca,sidi maarouf,518,SAFE_25,Sidi Maarouf à Casablanca
179530,7761148,marrakech,route de safi,237,SAFE_25,Route de Safi à Marrakech
179531,7761173,casablanca,hay hassani,116,SAFE_25,Hay Hassani à Casablanca
179532,7761193,marrakech,route casablanca,269,SAFE_25,Route Casablanca à Marrakech
179537,7761245,sale,hay chmaou,56,SAFE_25,Hay Chmaou à Salé
179538,7761258,meknes,hamria,152,SAFE_25,Hamria à Meknes
179541,7761302,marrakech,agdal,514,SAFE_25,Agdal à Marrakech
179543,7761311,casablanca,roches noires,198,SAFE_25,Roches Noires à Casablanca
179546,7761349,agadir,tilila,54,SAFE_25,Tilila à Agadir
179548,7761397,tanger,azib haj kaddour,10,SAFE_10,Azib Haj Kaddour à Tanger
179552,7761472,casablanca,racine extension,51,SAFE_25,Racine Extension à Casablanca
179553,7761508,rabat,agdal,313,SAFE_25,Agdal à Rabat
179555,7761543,rabat,hay nahda,43,SAFE_25,Hay Nahda à Rabat
179557,7761586,casablanca,sidi moumen,119,SAFE_25,Sidi Moumen à Casablanca
179558,7761592,fes,narjis,23,SAFE_10,Narjis à Fès
179560,7761622,temara,wifak,121,SAFE_25,Wifak à Temara
179561,7761638,casablanca,ferme bretonne hay arraha,189,SAFE_25,Ferme Bretonne (Hay Arraha) à Casablanca
179564,7761694,tanger,drissia,27,SAFE_25,Drissia à Tanger
179565,7761753,temara,riad oulad mtaa,35,SAFE_25,Riad Oulad Mtaa à Temara
179567,7761767,casablanca,belvedere,301,SAFE_25,Belvédère à Casablanca
179568,7761780,tanger,branes 2,42,SAFE_25,Branes 2 à Tanger
179569,7761781,kenitra,mimosas,57,SAFE_25,Mimosas à Kénitra
179570,7761787,marrakech,route de safi,237,SAFE_25,Route de Safi à Marrakech
179571,7761792,bouznika,plage oued cherrat,118,SAFE_25,Plage Oued Cherrat à Bouznika
179573,7761801,casablanca,belvedere,301,SAFE_25,Belvédère à Casablanca
179574,7761819,marrakech,route de fez,469,SAFE_25,Route de Fez à Marrakech
179576,7761843,meknes,marjane,146,SAFE_25,Marjane à Meknes
179577,7761844,meknes,cente,31,SAFE_25,Cente à Meknes
179578,7761846,tanger,administratif,164,SAFE_25,Administratif à Tanger
179581,7761875,casablanca,maarif,326,SAFE_25,Maârif à Casablanca
179582,7761877,marrakech,azzouzia,40,SAFE_25,Azzouzia à Marrakech
179583,7761883,bouznika,quartier industriel,31,SAFE_25,Quartier Industriel à Bouznika
179584,7761884,casablanca,lissasfa,104,SAFE_25,Lissasfa à Casablanca
179585,7761885,tanger,ziaten,49,SAFE_25,Ziaten à Tanger
179586,7761891,casablanca,ain diab extension,188,SAFE_25,Ain Diab Extension à Casablanca
179587,7761899,tanger,marjane,165,SAFE_25,Marjane à Tanger
179588,7761902,casablanca,maarif,326,SAFE_25,Maârif à Casablanca
179590,7761938,marrakech,ennakhil palmeraie,469,SAFE_25,Ennakhil (Palmeraie) à Marrakech
179594,7761960,casablanca,oasis,332,SAFE_25,Oasis à Casablanca
179596,7761970,casablanca,casablanca finance city,208,SAFE_25,Casablanca Finance City à Casablanca
179598,7761977,marrakech,agdal,514,SAFE_25,Agdal à Marrakech
179599,7762033,kenitra,val fleuri,31,SAFE_25,Val Fleuri à Kénitra
179601,7762113,casablanca,bourgogne ouest,380,SAFE_25,Bourgogne Ouest à Casablanca
179602,7762123,casablanca,les hopitaux,385,SAFE_25,Les Hôpitaux à Casablanca
179603,7762130,casablanca,oulfa,409,SAFE_25,Oulfa à Casablanca
179604,7762131,bouznika,plage oued cherrat,118,SAFE_25,Plage Oued Cherrat à Bouznika
179605,7762153,sale,tabriquet,37,SAFE_25,Tabriquet à Salé
179607,7762169,sale,bab al bahr,12,SAFE_10,Bab Al Bahr à Salé
179611,7762200,marrakech,camp al ghoul,112,SAFE_25,Camp Al Ghoul à Marrakech
179612,7762219,casablanca,ain sebaa,344,SAFE_25,Aïn Sebaâ à Casablanca
179613,7762220,safi,azib derai,8,SAFE_5,Azib Derai à Safi
179614,7762256,marrakech,route de ouarzazate,289,SAFE_25,Route de Ouarzazate à Marrakech
179616,7762329,casablanca,maarif,326,SAFE_25,Maârif à Casablanca
179618,7762337,casablanca,maarif,326,SAFE_25,Maârif à Casablanca
179619,7762339,casablanca,gauthier,422,SAFE_25,Gauthier à Casablanca
179621,7762370,sale,sala el jadida,84,SAFE_25,Sala el Jadida à Salé
179622,7762392,agadir,hay houda,65,SAFE_25,Hay Houda à Agadir
179623,7762393,casablanca,ain sebaa,344,SAFE_25,Aïn Sebaâ à Casablanca
179624,7762394,casablanca,ferme bretonne hay arraha,189,SAFE_25,Ferme Bretonne (Hay Arraha) à Casablanca
179625,7762426,skhirat,plage rose maree,34,SAFE_25,Plage rose marée à Skhirat
179626,7762431,tanger,achakar,164,SAFE_25,Achakar à Tanger
179627,7762454,tanger,branes 2,42,SAFE_25,Branes 2 à Tanger
179631,7762483,rabat,hay bouhlal,1,LOW,Hay Bouhlal à Rabat
179632,7762489,tanger,beni touzine,22,SAFE_10,Beni Touzine à Tanger
179634,7762497,casablanca,gauthier,422,SAFE_25,Gauthier à Casablanca
179635,7762499,casablanca,oulfa,409,SAFE_25,Oulfa à Casablanca
179636,7762501,casablanca,oulfa,409,SAFE_25,Oulfa à Casablanca
179638,7762530,casablanca,mers sultan,170,SAFE_25,Mers Sultan à Casablanca
179640,7762555,tanger,mister khouch,15,SAFE_10,Mister Khouch à Tanger
179641,7762565,casablanca,les hopitaux,385,SAFE_25,Les Hôpitaux à Casablanca
179642,7762579,sale,sala el jadida,84,SAFE_25,Sala el Jadida à Salé
179644,7762599,casablanca,sidi othmane,42,SAFE_25,Sidi Othmane à Casablanca
179645,7762604,bouznika,hay toummert,9,SAFE_5,Hay Toummert à Bouznika
179646,7762608,marrakech,mhamid,253,SAFE_25,Mhamid à Marrakech
179649,7762668,agadir,ihchach,3,LOW,Ihchach à Agadir
179651,7762720,casablanca,sidi moumen,119,SAFE_25,Sidi Moumen à Casablanca
179654,7762734,marrakech,azzouzia,40,SAFE_25,Azzouzia à Marrakech
179655,7762784,temara,oued eddahab,11,SAFE_10,Oued Eddahab à Temara
179657,7762812,temara,wifak,121,SAFE_25,Wifak à Temara
179658,7762831,bouznika,quartier industriel,31,SAFE_25,Quartier Industriel à Bouznika
179659,7762843,casablanca,mers sultan,170,SAFE_25,Mers Sultan à Casablanca
179660,7762864,casablanca,oulfa,409,SAFE_25,Oulfa à Casablanca
179661,7762865,safi,el massira,7,SAFE_5,El Massira à Safi
179663,7762884,casablanca,oasis sud,25,SAFE_25,Oasis sud à Casablanca
179664,7762885,casablanca,maarif extension,351,SAFE_25,Maârif Extension à Casablanca
179665,7762910,casablanca,mers sultan,170,SAFE_25,Mers Sultan à Casablanca
179666,7762918,meknes,hay salam,30,SAFE_25,Hay salam à Meknes
179667,7762920,kenitra,maghrib arabi,29,SAFE_25,Maghrib Arabi à Kénitra
179668,7762921,meknes,hay zitoune,10,SAFE_10,Hay zitoune à Meknes
179669,7762927,temara,harhoura,92,SAFE_25,Harhoura à Temara
179670,7762928,marrakech,iziki,8,SAFE_5,Iziki à Marrakech
179675,7762975,marrakech,gueliz,1250,SAFE_25,Guéliz à Marrakech
179676,7762988,sale,sakani,12,SAFE_10,Sakani à Salé
179678,7763025,mohammedia,hay al wahda,1,LOW,Hay Al Wahda à Mohammedia
179680,7763065,casablanca,dar lamane,2,LOW,Dar Lamane à Casablanca
179683,7763082,casablanca,les hopitaux,385,SAFE_25,Les Hôpitaux à Casablanca
179685,7763093,casablanca,maarif extension,351,SAFE_25,Maârif Extension à Casablanca
179686,7763101,casablanca,les hopitaux,385,SAFE_25,Les Hôpitaux à Casablanca
179687,7763106,bouznika,assanaouber,16,SAFE_10,Assanaouber à Bouznika
179688,7763110,rabat,riyad,566,SAFE_25,Riyad à Rabat
179690,7763116,sale,mkinssia,13,SAFE_10,Mkinssia à Salé
179692,7763135,bouznika,plage oued cherrat,118,SAFE_25,Plage Oued Cherrat à Bouznika
179695,7763157,casablanca,la gironde,122,SAFE_25,La Gironde à Casablanca
179696,7763159,tanger,iberie,173,SAFE_25,Iberie à Tanger
179697,7763163,fes,mont fleuri,13,SAFE_10,Mont Fleuri à Fès
179698,7763166,marrakech,bouaakkaz,53,SAFE_25,Bouaakkaz à Marrakech
179700,7763177,agadir,hay salam,64,SAFE_25,Hay Salam à Agadir
179701,7763186,kenitra,el hadadda,51,SAFE_25,El Hadadda à Kénitra
179703,7763229,casablanca,hay mohammadi,65,SAFE_25,Hay Mohammadi à Casablanca
179705,7763258,casablanca,racine,596,SAFE_25,Racine à Casablanca
179707,7763300,rabat,abi ragrag,3,LOW,Abi Ragrag à Rabat
179710,7763360,casablanca,sidi moumen,119,SAFE_25,Sidi Moumen à Casablanca
179711,7763375,casablanca,ahl loghlam hay assalam,21,SAFE_10,Ahl Loghlam (Hay Assalam) à Casablanca
179713,7763390,sale,abouab sala,17,SAFE_10,Abouab Sala à Salé
179715,7763426,casablanca,maarif extension,351,SAFE_25,Maârif Extension à Casablanca
179716,7763438,casablanca,maarif extension,351,SAFE_25,Maârif Extension à Casablanca
179718,7763462,bouznika,al kawtar,71,SAFE_25,Al Kawtar à Bouznika
179719,7763472,rabat,agdal,313,SAFE_25,Agdal à Rabat
179720,7763487,bouznika,plage oued cherrat,118,SAFE_25,Plage Oued Cherrat à Bouznika
179722,7763522,marrakech,route de safi,237,SAFE_25,Route de Safi à Marrakech
179723,7763529,casablanca,hay hassani,116,SAFE_25,Hay Hassani à Casablanca
179724,7763538,bouznika,hay toummert,9,SAFE_5,Hay Toummert à Bouznika
179725,7763547,agadir,bouargane,6,SAFE_5,Bouargane à Agadir
179726,7763567,el jadida,hay essalam,49,SAFE_25,Hay Essalam à El Jadida
179728,7763593,fes,saada,8,SAFE_5,Saada à Fès
179730,7763607,el jadida,plateau,12,SAFE_10,Plateau à El Jadida
179731,7763623,casablanca,sidi moumen,119,SAFE_25,Sidi Moumen à Casablanca
179732,7763633,marrakech,hay mabrouka,95,SAFE_25,Hay Mabrouka à Marrakech
179734,7763651,tanger,iberie,173,SAFE_25,Iberie à Tanger
179739,7763789,casablanca,al osra,17,SAFE_10,Al Osra à Casablanca
179740,7763790,rabat,al kamra,6,SAFE_5,Al Kamra à Rabat
179741,7763792,agadir,hay salam,64,SAFE_25,Hay Salam à Agadir
179742,7763802,casablanca,oulfa,409,SAFE_25,Oulfa à Casablanca
179744,7763832,casablanca,casablanca finance city,208,SAFE_25,Casablanca Finance City à Casablanca
179746,7763845,casablanca,hay zobir,38,SAFE_25,Hay Zobir à Casablanca
179748,7763861,bouznika,quartier industriel,31,SAFE_25,Quartier Industriel à Bouznika
179755,7763957,el jadida,ennajd,27,SAFE_25,Ennajd à El Jadida
179756,7763978,oujda,cgi,13,SAFE_10,CGI à Oujda
179757,7763994,casablanca,belvedere,301,SAFE_25,Belvédère à Casablanca
179758,7764040,temara,wifak,121,SAFE_25,Wifak à Temara
179759,7764071,casablanca,val fleury,190,SAFE_25,Val Fleury à Casablanca
179765,7764109,casablanca,mabroka,4,LOW,Mabroka à Casablanca
179766,7764114,sale,mkinssia,13,SAFE_10,Mkinssia à Salé
179767,7764138,tanger,hay hassani,92,SAFE_25,Hay Hassani à Tanger
179770,7764242,rabat,haut agdal,84,SAFE_25,Haut Agdal à Rabat
179772,7764261,tanger,aouama gharbia,64,SAFE_25,Aouama Gharbia à Tanger
179774,7764280,casablanca,beausejour,150,SAFE_25,Beauséjour à Casablanca
179775,7764317,marrakech,ennakhil palmeraie,469,SAFE_25,Ennakhil (Palmeraie) à Marrakech
179776,7764323,marrakech,agdal,514,SAFE_25,Agdal à Marrakech
179777,7764326,marrakech,ennakhil palmeraie,469,SAFE_25,Ennakhil (Palmeraie) à Marrakech
179778,7764330,marrakech,agdal,514,SAFE_25,Agdal à Marrakech
179779,7764336,marrakech,gueliz,1250,SAFE_25,Guéliz à Marrakech
179780,7764355,tetouan,touilaa,10,SAFE_10,Touilaa à Tétouan
179782,7764361,casablanca,al farah dar essalam,11,SAFE_10,Al Farah Dar Essalam à Casablanca
179784,7764381,casablanca,bourgogne ouest,380,SAFE_25,Bourgogne Ouest à Casablanca
179785,7764400,marrakech,route amizmiz,500,SAFE_25,Route Amizmiz à Marrakech
179786,7764421,casablanca,oasis,332,SAFE_25,Oasis à Casablanca
179791,7764485,casablanca,oulfa,409,SAFE_25,Oulfa à Casablanca
179792,7764487,casablanca,les hopitaux,385,SAFE_25,Les Hôpitaux à Casablanca
179793,7764540,casablanca,palmier,340,SAFE_25,Palmier à Casablanca
179795,7764551,tanger,drissia,27,SAFE_25,Drissia à Tanger
179796,7764553,casablanca,les hopitaux,385,SAFE_25,Les Hôpitaux à Casablanca
179798,7764627,casablanca,californie,735,SAFE_25,Californie à Casablanca
179801,7764664,casablanca,tacharouk hay al walaa,29,SAFE_25,Tacharouk (Hay Al Walaa) à Casablanca
179802,7764672,fes,quartier oued fes,34,SAFE_25,Quartier Oued Fes à Fès
179803,7764677,agadir,zone industrielle agadir,23,SAFE_10,Zone Industrielle Agadir à Agadir
179804,7764694,sale,tabriquet,37,SAFE_25,Tabriquet à Salé
179805,7764715,tanger,moujahidine,132,SAFE_25,Moujahidine à Tanger
179806,7764720,casablanca,anassi,40,SAFE_25,Anassi à Casablanca
179808,7764726,casablanca,les princesses,332,SAFE_25,Les princesses à Casablanca
179809,7764728,casablanca,maarif,326,SAFE_25,Maârif à Casablanca
179810,7764768,kenitra,maamora,58,SAFE_25,Maamora à Kénitra
179812,7764779,sale,cite militaire,5,SAFE_5,Cité Militaire à Salé
179813,7764785,bouznika,hamza,21,SAFE_10,Hamza à Bouznika
179814,7764786,sale,cite militaire,5,SAFE_5,Cité Militaire à Salé
179815,7764793,meknes,hamria,152,SAFE_25,Hamria à Meknes
179816,7764794,casablanca,hay alamal,11,SAFE_10,Hay Alamal à Casablanca
179818,7764822,agadir,founti,96,SAFE_25,Founti à Agadir
179819,7764853,benslimane,oasis,5,SAFE_5,Oasis à Benslimane
179821,7764858,casablanca,laymoune,100,SAFE_25,Laymoune à Casablanca
179823,7764890,tanger,marjane,165,SAFE_25,Marjane à Tanger
179826,7764916,tetouan,ziana,8,SAFE_5,Ziana à Tétouan
179827,7764922,marrakech,gueliz,1250,SAFE_25,Guéliz à Marrakech
179828,7764925,meknes,hamria,152,SAFE_25,Hamria à Meknes
179829,7764927,meknes,ancien combatant,7,SAFE_5,Ancien combatant à Meknes
179830,7764938,casablanca,oulfa,409,SAFE_25,Oulfa à Casablanca
179831,7764939,sale,sala el jadida,84,SAFE_25,Sala el Jadida à Salé
179832,7764952,tanger,mesnana,96,SAFE_25,Mesnana à Tanger
179838,7765028,casablanca,zone industrielle oukacha,27,SAFE_25,Zone Industrielle Oukacha à Casablanca
179839,7765044,marrakech,route casablanca,269,SAFE_25,Route Casablanca à Marrakech
179841,7765088,casablanca,maarif extension,351,SAFE_25,Maârif Extension à Casablanca
179843,7765102,marrakech,hay alfadl,13,SAFE_10,Hay Alfadl à Marrakech
179844,7765107,casablanca,plateau al batha,38,SAFE_25,Plateau (Al Batha) à Casablanca
179847,7765115,casablanca,al hadika,25,SAFE_25,Al Hadika à Casablanca
179848,7765134,casablanca,les hopitaux,385,SAFE_25,Les Hôpitaux à Casablanca
179849,7765170,casablanca,mers sultan,170,SAFE_25,Mers Sultan à Casablanca
179850,7765177,casablanca,maarif,326,SAFE_25,Maârif à Casablanca
179851,7765178,safi,lamiaa,6,SAFE_5,Lamiaa à Safi
179852,7765183,meknes,hamria,152,SAFE_25,Hamria à Meknes
179854,7765199,casablanca,city dar es salaam,12,SAFE_10,City Dar Es Salaam à Casablanca
179855,7765204,marrakech,route casablanca,269,SAFE_25,Route Casablanca à Marrakech
179857,7765208,casablanca,sidi moumen,119,SAFE_25,Sidi Moumen à Casablanca
179860,7765228,tanger,achennad,5,SAFE_5,Achennad à Tanger
179861,7765231,mohammedia,quartier du parc,79,SAFE_25,Quartier du Parc à Mohammedia
179862,7765233,marrakech,hivernage,273,SAFE_25,Hivernage à Marrakech
179863,7765251,agadir,tilila,54,SAFE_25,Tilila à Agadir
179865,7765267,el jadida,hay essalam,49,SAFE_25,Hay Essalam à El Jadida
179867,7765280,casablanca,bourgogne ouest,380,SAFE_25,Bourgogne Ouest à Casablanca
179868,7765285,agadir,port,5,SAFE_5,Port à Agadir
179869,7765290,casablanca,beausite,41,SAFE_25,Beausite à Casablanca
179872,7765306,casablanca,lissasfa,104,SAFE_25,Lissasfa à Casablanca
179873,7765315,temara,firdaouss,6,SAFE_5,Firdaouss à Temara
179874,7765329,rabat,kebibat,33,SAFE_25,Kébibat à Rabat
179876,7765333,casablanca,bourgogne ouest,380,SAFE_25,Bourgogne Ouest à Casablanca
179878,7765390,tanger,marchan,45,SAFE_25,Marchan à Tanger
179879,7765418,meknes,wislane,53,SAFE_25,Wislane à Meknes
179882,7765440,casablanca,casablanca finance city,208,SAFE_25,Casablanca Finance City à Casablanca
179883,7765452,tanger,iberie,173,SAFE_25,Iberie à Tanger
179884,7765455,marrakech,hivernage,273,SAFE_25,Hivernage à Marrakech
179885,7765459,casablanca,bernoussi,99,SAFE_25,Bernoussi à Casablanca
179887,7765470,mohammedia,quartier du parc,79,SAFE_25,Quartier du Parc à Mohammedia
179888,7765478,casablanca,triangle d or,142,SAFE_25,Triangle d'Or à Casablanca
179889,7765481,casablanca,maarif extension,351,SAFE_25,Maârif Extension à Casablanca
179890,7765494,marrakech,agdal,514,SAFE_25,Agdal à Marrakech
179894,7765564,casablanca,californie,735,SAFE_25,Californie à Casablanca
179895,7765569,marrakech,mhamid,253,SAFE_25,Mhamid à Marrakech
179897,7765602,temara,fath el kheir,8,SAFE_5,Fath el Kheir à Temara
179898,7765605,tetouan,wilaya,41,SAFE_25,Wilaya à Tétouan
179901,7765623,casablanca,sidi moumen,119,SAFE_25,Sidi Moumen à Casablanca
179903,7765639,casablanca,ain diab,457,SAFE_25,Ain Diab à Casablanca
179905,7765644,casablanca,triangle d or,142,SAFE_25,Triangle d'Or à Casablanca
179908,7765654,casablanca,derb omar,26,SAFE_25,Derb Omar à Casablanca
179909,7765655,casablanca,port,20,SAFE_10,Port à Casablanca
179910,7765656,casablanca,derb omar,26,SAFE_25,Derb Omar à Casablanca
179911,7765657,casablanca,derb omar,26,SAFE_25,Derb Omar à Casablanca
179912,7765658,casablanca,derb omar,26,SAFE_25,Derb Omar à Casablanca
179913,7765659,casablanca,derb omar,26,SAFE_25,Derb Omar à Casablanca
179914,7765662,casablanca,derb omar,26,SAFE_25,Derb Omar à Casablanca
179915,7765665,casablanca,sidi maarouf,518,SAFE_25,Sidi Maarouf à Casablanca
179916,7765666,casablanca,derb omar,26,SAFE_25,Derb Omar à Casablanca
179917,7765667,casablanca,derb omar,26,SAFE_25,Derb Omar à Casablanca
179918,7765668,casablanca,les hopitaux,385,SAFE_25,Les Hôpitaux à Casablanca
179919,7765669,casablanca,les hopitaux,385,SAFE_25,Les Hôpitaux à Casablanca
179920,7765670,casablanca,ferme bretonne hay arraha,189,SAFE_25,Ferme Bretonne (Hay Arraha) à Casablanca
179921,7765674,casablanca,maarif extension,351,SAFE_25,Maârif Extension à Casablanca
179922,7765682,casablanca,val fleury,190,SAFE_25,Val Fleury à Casablanca
179923,7765715,tanger,mozart,64,SAFE_25,Mozart à Tanger
179926,7765734,casablanca,bourgogne ouest,380,SAFE_25,Bourgogne Ouest à Casablanca
179927,7765789,mohammedia,quartier du parc,79,SAFE_25,Quartier du Parc à Mohammedia
179928,7765803,rabat,agdal,313,SAFE_25,Agdal à Rabat
179932,7765887,casablanca,zone industrielle moulay rachid,14,SAFE_10,Zone Industrielle Moulay Rachid à Casablanca
179933,7765907,casablanca,anfa,374,SAFE_25,Anfa à Casablanca
179935,7765938,sale,mkinssia,13,SAFE_10,Mkinssia à Salé
179936,7765979,fes,agdal,12,SAFE_10,Agdal à Fès
179937,7765991,oujda,cgi,13,SAFE_10,CGI à Oujda
179938,7765993,casablanca,sidi moumen,119,SAFE_25,Sidi Moumen à Casablanca
179940,7766017,marrakech,route de safi,237,SAFE_25,Route de Safi à Marrakech
179941,7766024,marrakech,gueliz,1250,SAFE_25,Guéliz à Marrakech
179943,7766043,kenitra,oulad wjih,62,SAFE_25,Oulad Wjih à Kénitra
179944,7766050,agadir,hay mohammadi,183,SAFE_25,Hay Mohammadi à Agadir
179945,7766058,casablanca,oulfa,409,SAFE_25,Oulfa à Casablanca
179946,7766083,casablanca,maarif extension,351,SAFE_25,Maârif Extension à Casablanca
179947,7766091,sale,cherkaoui marzouka,11,SAFE_10,Cherkaoui - Marzouka à Salé
179949,7766126,casablanca,bourgogne ouest,380,SAFE_25,Bourgogne Ouest à Casablanca
179950,7766132,marrakech,daoudiat,64,SAFE_25,Daoudiat à Marrakech
179952,7766165,casablanca,hay sadri,7,SAFE_5,Hay Sadri à Casablanca
179955,7766226,casablanca,gauthier,422,SAFE_25,Gauthier à Casablanca
179956,7766240,casablanca,hay almasjid,5,SAFE_5,Hay Almasjid à Casablanca
179957,7766269,marrakech,gueliz,1250,SAFE_25,Guéliz à Marrakech
179958,7766274,tanger,marchan,45,SAFE_25,Marchan à Tanger
179959,7766341,marrakech,route de safi,237,SAFE_25,Route de Safi à Marrakech
179960,7766361,rabat,l ocean,61,SAFE_25,L'Ocean à Rabat
179962,7766427,tanger,administratif,164,SAFE_25,Administratif à Tanger
179964,7766458,kenitra,la ville haute,69,SAFE_25,La Ville Haute à Kénitra
179966,7766505,casablanca,nassim 1,64,SAFE_25,Nassim 1 à Casablanca
179967,7766522,casablanca,beausejour,150,SAFE_25,Beauséjour à Casablanca
179969,7766525,casablanca,casablanca finance city,208,SAFE_25,Casablanca Finance City à Casablanca
179972,7766560,marrakech,gueliz,1250,SAFE_25,Guéliz à Marrakech
179973,7766575,casablanca,maarif extension,351,SAFE_25,Maârif Extension à Casablanca
179975,7766603,bouznika,plage oued cherrat,118,SAFE_25,Plage Oued Cherrat à Bouznika
179976,7766611,rabat,riyad,566,SAFE_25,Riyad à Rabat
179980,7766702,rabat,hassan centre ville,119,SAFE_25,Hassan - Centre Ville à Rabat
179981,7766709,fes,agdal,12,SAFE_10,Agdal à Fès
179982,7766716,tanger,iberie,173,SAFE_25,Iberie à Tanger
179983,7766723,el jadida,najmat al janoub,18,SAFE_10,Najmat Al Janoub à El Jadida
179984,7766736,casablanca,casablanca finance city,208,SAFE_25,Casablanca Finance City à Casablanca
179985,7766748,rabat,agdal,313,SAFE_25,Agdal à Rabat
179986,7766749,casablanca,maarif,326,SAFE_25,Maârif à Casablanca
179987,7766770,casablanca,triangle d or,142,SAFE_25,Triangle d'Or à Casablanca
179988,7766780,tanger,ahlane,96,SAFE_25,Ahlane à Tanger
179990,7766829,agadir,secteur touristique,92,SAFE_25,Secteur Touristique à Agadir
179991,7766853,settat,smaala,9,SAFE_5,Smaâla à Settat
179992,7766865,casablanca,al madina aljadida,18,SAFE_10,Al Madina Aljadida à Casablanca
179993,7766877,tanger,lalla chafia,4,LOW,Lalla Chafia à Tanger
179994,7766881,casablanca,belvedere,301,SAFE_25,Belvédère à Casablanca
179996,7766907,casablanca,mers sultan,170,SAFE_25,Mers Sultan à Casablanca
179997,7766922,sale,bab al bahr,12,SAFE_10,Bab Al Bahr à Salé
180003,7767041,casablanca,bourgogne ouest,380,SAFE_25,Bourgogne Ouest à Casablanca
180005,7767096,bouznika,al kawtar,71,SAFE_25,Al Kawtar à Bouznika
180006,7767109,casablanca,la gironde,122,SAFE_25,La Gironde à Casablanca
180007,7767110,sale,sala el jadida,84,SAFE_25,Sala el Jadida à Salé
180009,7767144,casablanca,hay albaraka,19,SAFE_10,Hay Albaraka à Casablanca
180010,7767155,marrakech,ain mezouar,54,SAFE_25,Ain Mezouar à Marrakech
180014,7767167,nador,ouled tayeb,1,LOW,Ouled tayeb à Nador
180016,7767229,marrakech,gueliz,1250,SAFE_25,Guéliz à Marrakech
180018,7767339,casablanca,ain sebaa,344,SAFE_25,Aïn Sebaâ à Casablanca
180021,7767356,agadir,hay salam,64,SAFE_25,Hay Salam à Agadir
180024,7767417,tanger,mister khouch,15,SAFE_10,Mister Khouch à Tanger
180026,7767439,temara,wifak,121,SAFE_25,Wifak à Temara
180028,7767447,casablanca,sidi othmane,42,SAFE_25,Sidi Othmane à Casablanca
180029,7767458,agadir,riad salam,33,SAFE_25,Riad Salam à Agadir
180031,7767487,tanger,zone industrielle mghogha,41,SAFE_25,Zone Industrielle Mghogha à Tanger
180032,7767489,casablanca,dar lamane,2,LOW,Dar Lamane à Casablanca
180033,7767509,casablanca,les hopitaux,385,SAFE_25,Les Hôpitaux à Casablanca
180034,7767510,casablanca,palmier,340,SAFE_25,Palmier à Casablanca
180037,7767534,casablanca,californie,735,SAFE_25,Californie à Casablanca
180040,7767544,el jadida,cite des cadres saniat al mourakib,4,LOW,Cité Des Cadres - Saniat Al Mourakib à El Jadida
180042,7767553,bouznika,plage oued cherrat,118,SAFE_25,Plage Oued Cherrat à Bouznika
180043,7767555,bouznika,assanaouber,16,SAFE_10,Assanaouber à Bouznika
180044,7767565,sale,sidi abdellah,18,SAFE_10,Sidi Abdellah à Salé
180045,7767580,casablanca,anassi,40,SAFE_25,Anassi à Casablanca
180049,7767653,casablanca,hay mohammadi,65,SAFE_25,Hay Mohammadi à Casablanca
180050,7767655,sale,bab al bahr,12,SAFE_10,Bab Al Bahr à Salé
180053,7767692,meknes,hamria,152,SAFE_25,Hamria à Meknes
180055,7767698,casablanca,ain borja,88,SAFE_25,Ain Borja à Casablanca
180057,7767815,rabat,haut agdal,84,SAFE_25,Haut Agdal à Rabat
180061,7767861,casablanca,hay alamal,11,SAFE_10,Hay Alamal à Casablanca
180063,7767883,casablanca,hay mohammadi,65,SAFE_25,Hay Mohammadi à Casablanca
180065,7767960,el jadida,sidi moussa,18,SAFE_10,Sidi Moussa à El Jadida
180068,7767976,casablanca,bourgogne ouest,380,SAFE_25,Bourgogne Ouest à Casablanca
180070,7767979,fes,narjis,23,SAFE_10,Narjis à Fès
180072,7768004,tanger,casabarata,18,SAFE_10,Casabarata à Tanger
180078,7768080,casablanca,city dar es salaam,12,SAFE_10,City Dar Es Salaam à Casablanca
180082,7768087,casablanca,les hopitaux,385,SAFE_25,Les Hôpitaux à Casablanca
180084,7768107,casablanca,maarif extension,351,SAFE_25,Maârif Extension à Casablanca
180085,7768111,casablanca,la gironde,122,SAFE_25,La Gironde à Casablanca
180086,7768114,temara,wifak,121,SAFE_25,Wifak à Temara
180087,7768137,tanger,moujahidine,132,SAFE_25,Moujahidine à Tanger
180089,7768162,casablanca,oulfa,409,SAFE_25,Oulfa à Casablanca
180090,7768177,oujda,hay salam,10,SAFE_10,Hay salam à Oujda
180091,7768192,el jadida,hay essalam,49,SAFE_25,Hay Essalam à El Jadida
180092,7768218,tanger,de la plage,188,SAFE_25,De La Plage à Tanger
180093,7768227,sale,tabriquet,37,SAFE_25,Tabriquet à Salé
180094,7768242,temara,wifak,121,SAFE_25,Wifak à Temara
180095,7768245,marrakech,route casablanca,269,SAFE_25,Route Casablanca à Marrakech
180100,7768313,marrakech,route de ouarzazate,289,SAFE_25,Route de Ouarzazate à Marrakech
180101,7768315,casablanca,cil hay salam,225,SAFE_25,CIL (Hay Salam) à Casablanca
180103,7768365,marrakech,hivernage,273,SAFE_25,Hivernage à Marrakech
180104,7768377,rabat,agdal,313,SAFE_25,Agdal à Rabat
180105,7768393,bouznika,al kawtar,71,SAFE_25,Al Kawtar à Bouznika
180109,7768400,casablanca,burger,53,SAFE_25,Burger à Casablanca
180110,7768416,rabat,agdal,313,SAFE_25,Agdal à Rabat
180112,7768443,casablanca,gauthier,422,SAFE_25,Gauthier à Casablanca
180113,7768446,tanger,zemmouri,11,SAFE_10,Zemmouri à Tanger
180114,7768460,sale,el qaria,11,SAFE_10,El Qaria à Salé
180115,7768464,rabat,riyad,566,SAFE_25,Riyad à Rabat
180116,7768470,casablanca,al qods,132,SAFE_25,Al Qods à Casablanca
180120,7768492,tanger,marchan,45,SAFE_25,Marchan à Tanger
180121,7768504,settat,smaala,9,SAFE_5,Smaâla à Settat
180122,7768509,marrakech,hay mabrouka,95,SAFE_25,Hay Mabrouka à Marrakech
180124,7768520,casablanca,gauthier,422,SAFE_25,Gauthier à Casablanca
180125,7768538,casablanca,bourgogne est,157,SAFE_25,Bourgogne Est à Casablanca
180127,7768551,casablanca,hermitage,63,SAFE_25,Hermitage à Casablanca
180128,7768557,casablanca,franceville,76,SAFE_25,Franceville à Casablanca
180131,7768606,casablanca,roches noires,198,SAFE_25,Roches Noires à Casablanca
180133,7768648,casablanca,hay inara,27,SAFE_25,Hay Inara à Casablanca
180135,7768679,rabat,agdal,313,SAFE_25,Agdal à Rabat
180137,7768720,mohammedia,al aalia,51,SAFE_25,Al Aalia à Mohammedia
180138,7768733,marrakech,gueliz,1250,SAFE_25,Guéliz à Marrakech
180139,7768744,casablanca,maarif extension,351,SAFE_25,Maârif Extension à Casablanca
180140,7768754,tanger,mesnana,96,SAFE_25,Mesnana à Tanger
180141,7768779,marrakech,route de fez,469,SAFE_25,Route de Fez à Marrakech
180142,7768789,agadir,hay salam,64,SAFE_25,Hay Salam à Agadir
180143,7768817,agadir,hay mohammadi,183,SAFE_25,Hay Mohammadi à Agadir
180145,7768836,casablanca,ahl loghlam hay assalam,21,SAFE_10,Ahl Loghlam (Hay Assalam) à Casablanca
180146,7768838,settat,hay salam,6,SAFE_5,Hay salam à Settat
180148,7768846,temara,riad oulad mtaa,35,SAFE_25,Riad Oulad Mtaa à Temara
180149,7768852,casablanca,ahl loghlam hay assalam,21,SAFE_10,Ahl Loghlam (Hay Assalam) à Casablanca
180151,7768900,casablanca,ain sebaa,344,SAFE_25,Aïn Sebaâ à Casablanca
180154,7768998,tanger,manar,103,SAFE_25,Manar à Tanger
180155,7769013,oujda,hay el qods,8,SAFE_5,Hay el Qods à Oujda
180156,7769042,casablanca,hay mohammadi,65,SAFE_25,Hay Mohammadi à Casablanca
180158,7769053,sale,abouab sala,17,SAFE_10,Abouab Sala à Salé
180159,7769057,temara,hoda,4,LOW,Hoda à Temara
180161,7769072,kenitra,maamora,58,SAFE_25,Maamora à Kénitra
180163,7769092,kenitra,mimosas,57,SAFE_25,Mimosas à Kénitra
180166,7769128,tetouan,route de ceuta,19,SAFE_10,Route de Ceuta à Tétouan
180167,7769152,casablanca,les hopitaux,385,SAFE_25,Les Hôpitaux à Casablanca
180169,7769191,casablanca,hay mohammadi,65,SAFE_25,Hay Mohammadi à Casablanca
180172,7769214,casablanca,mabroka,4,LOW,Mabroka à Casablanca
180173,7769217,sale,tabriquet,37,SAFE_25,Tabriquet à Salé
180174,7769264,marrakech,gueliz,1250,SAFE_25,Guéliz à Marrakech
180178,7769279,casablanca,casablanca finance city,208,SAFE_25,Casablanca Finance City à Casablanca
180179,7769283,casablanca,al farah dar essalam,11,SAFE_10,Al Farah Dar Essalam à Casablanca
180180,7769297,casablanca,racine,596,SAFE_25,Racine à Casablanca
180183,7769337,casablanca,belvedere,301,SAFE_25,Belvédère à Casablanca
180184,7769374,tanger,ain el hayani,20,SAFE_10,Ain El Hayani à Tanger
180187,7769393,casablanca,la gironde,122,SAFE_25,La Gironde à Casablanca
180191,7769429,casablanca,oulfa,409,SAFE_25,Oulfa à Casablanca
180192,7769440,marrakech,ennakhil palmeraie,469,SAFE_25,Ennakhil (Palmeraie) à Marrakech
180193,7769443,marrakech,ennakhil palmeraie,469,SAFE_25,Ennakhil (Palmeraie) à Marrakech
180195,7769462,safi,lala hnia hamria,2,LOW,Lala Hnia Hamria à Safi
180197,7769472,fes,zouagha,21,SAFE_10,Zouagha à Fès
180198,7769478,tanger,iberie,173,SAFE_25,Iberie à Tanger
180200,7769511,casablanca,bourgogne ouest,380,SAFE_25,Bourgogne Ouest à Casablanca
180201,7769559,kenitra,la ville haute,69,SAFE_25,La Ville Haute à Kénitra
180202,7769565,casablanca,val fleury,190,SAFE_25,Val Fleury à Casablanca
180203,7769579,agadir,talborjt,18,SAFE_10,Talborjt à Agadir
180204,7769581,marrakech,route d agadir essaouira,143,SAFE_25,Route d'Agadir - Essaouira à Marrakech
180206,7769601,kenitra,maamora,58,SAFE_25,Maamora à Kénitra
180207,7769614,casablanca,ain diab,457,SAFE_25,Ain Diab à Casablanca
180208,7769659,casablanca,oasis,332,SAFE_25,Oasis à Casablanca
180209,7769677,sale,bab sebta,4,LOW,Bab Sebta à Salé
180211,7769701,marrakech,samlalia,132,SAFE_25,Samlalia à Marrakech
180212,7769723,tanger,marjane,165,SAFE_25,Marjane à Tanger
180213,7769725,casablanca,racine extension,51,SAFE_25,Racine Extension à Casablanca
180214,7769729,rabat,hay nahda,43,SAFE_25,Hay Nahda à Rabat
180215,7769733,casablanca,palmier,340,SAFE_25,Palmier à Casablanca
180217,7769745,rabat,hay al fath,34,SAFE_25,Hay Al Fath à Rabat
180218,7769758,casablanca,casablanca finance city,208,SAFE_25,Casablanca Finance City à Casablanca
180220,7769763,mohammedia,al aalia,51,SAFE_25,Al Aalia à Mohammedia
180222,7769808,casablanca,sidi moumen,119,SAFE_25,Sidi Moumen à Casablanca
180223,7769818,casablanca,roches noires,198,SAFE_25,Roches Noires à Casablanca
180224,7769826,marrakech,route casablanca,269,SAFE_25,Route Casablanca à Marrakech
180225,7769851,marrakech,hay mabrouka,95,SAFE_25,Hay Mabrouka à Marrakech
180227,7769894,casablanca,val fleury,190,SAFE_25,Val Fleury à Casablanca
180228,7769906,casablanca,ain chock,119,SAFE_25,Ain Chock à Casablanca
180230,7769971,casablanca,maarif extension,351,SAFE_25,Maârif Extension à Casablanca
180231,7769988,tanger,iberie,173,SAFE_25,Iberie à Tanger
180232,7770044,casablanca,les princesses,332,SAFE_25,Les princesses à Casablanca
180233,7770049,tanger,bel air val fleuri,128,SAFE_25,Bel Air - Val fleuri à Tanger
180234,7770054,casablanca,oulfa,409,SAFE_25,Oulfa à Casablanca
180235,7770055,casablanca,oulfa,409,SAFE_25,Oulfa à Casablanca
180236,7770056,casablanca,oulfa,409,SAFE_25,Oulfa à Casablanca
180237,7770057,casablanca,oulfa,409,SAFE_25,Oulfa à Casablanca
180238,7770058,casablanca,oulfa,409,SAFE_25,Oulfa à Casablanca
180239,7770060,casablanca,oulfa,409,SAFE_25,Oulfa à Casablanca
180240,7770061,casablanca,oulfa,409,SAFE_25,Oulfa à Casablanca
180241,7770062,casablanca,oulfa,409,SAFE_25,Oulfa à Casablanca
180242,7770063,casablanca,oulfa,409,SAFE_25,Oulfa à Casablanca
180243,7770064,casablanca,oulfa,409,SAFE_25,Oulfa à Casablanca
180244,7770065,casablanca,oulfa,409,SAFE_25,Oulfa à Casablanca
180245,7770066,casablanca,oulfa,409,SAFE_25,Oulfa à Casablanca
180246,7770067,casablanca,oulfa,409,SAFE_25,Oulfa à Casablanca
180247,7770068,casablanca,oulfa,409,SAFE_25,Oulfa à Casablanca
180248,7770069,casablanca,oulfa,409,SAFE_25,Oulfa à Casablanca
180249,7770071,casablanca,oulfa,409,SAFE_25,Oulfa à Casablanca
180250,7770072,casablanca,oulfa,409,SAFE_25,Oulfa à Casablanca
180252,7770100,tanger,marjane,165,SAFE_25,Marjane à Tanger
180254,7770120,casablanca,hay hassani,116,SAFE_25,Hay Hassani à Casablanca
180255,7770129,casablanca,beausejour,150,SAFE_25,Beauséjour à Casablanca
180258,7770152,tanger,malabata,421,SAFE_25,Malabata à Tanger
180259,7770153,casablanca,mandarona,87,SAFE_25,Mandarona à Casablanca
180261,7770208,sale,bab al bahr,12,SAFE_10,Bab Al Bahr à Salé
180262,7770244,casablanca,racine,596,SAFE_25,Racine à Casablanca
180267,7770325,skhirat,plage rose maree,34,SAFE_25,Plage rose marée à Skhirat
180268,7770329,casablanca,val fleury,190,SAFE_25,Val Fleury à Casablanca
180269,7770334,essaouira,raounak,6,SAFE_5,Raounak à Essaouira
180270,7770343,rabat,agdal,313,SAFE_25,Agdal à Rabat
180271,7770348,temara,oued eddahab,11,SAFE_10,Oued Eddahab à Temara
180273,7770358,casablanca,derb abdellah,1,LOW,Derb Abdellah à Casablanca
180274,7770364,casablanca,maarif extension,351,SAFE_25,Maârif Extension à Casablanca
180275,7770367,marrakech,gueliz,1250,SAFE_25,Guéliz à Marrakech
180276,7770370,kenitra,maamora,58,SAFE_25,Maamora à Kénitra
180277,7770381,skhirat,plage rose maree,34,SAFE_25,Plage rose marée à Skhirat
180278,7770396,tanger,iberie,173,SAFE_25,Iberie à Tanger
180279,7770399,casablanca,californie,735,SAFE_25,Californie à Casablanca
180280,7770402,casablanca,palmier,340,SAFE_25,Palmier à Casablanca
180281,7770403,casablanca,nassim 2,43,SAFE_25,Nassim 2 à Casablanca
180283,7770406,casablanca,californie,735,SAFE_25,Californie à Casablanca
180284,7770410,casablanca,racine,596,SAFE_25,Racine à Casablanca
180285,7770413,casablanca,la gironde,122,SAFE_25,La Gironde à Casablanca
180287,7770425,rabat,agdal,313,SAFE_25,Agdal à Rabat
180288,7770473,casablanca,al madina aljadida,18,SAFE_10,Al Madina Aljadida à Casablanca
180289,7770487,casablanca,les hopitaux,385,SAFE_25,Les Hôpitaux à Casablanca
180291,7770502,marrakech,gueliz,1250,SAFE_25,Guéliz à Marrakech
180292,7770516,casablanca,ain sebaa,344,SAFE_25,Aïn Sebaâ à Casablanca
180294,7770534,mohammedia,route de rabat,18,SAFE_10,Route de rabat à Mohammedia
180297,7770543,marrakech,hivernage,273,SAFE_25,Hivernage à Marrakech
180298,7770544,mohammedia,al aalia,51,SAFE_25,Al Aalia à Mohammedia
180299,7770547,casablanca,triangle d or,142,SAFE_25,Triangle d'Or à Casablanca
180301,7770550,casablanca,sidi moumen,119,SAFE_25,Sidi Moumen à Casablanca
180303,7770562,casablanca,quartier bachkou,69,SAFE_25,Quartier Bachkou à Casablanca
180304,7770563,marrakech,samlalia,132,SAFE_25,Samlalia à Marrakech
180306,7770582,tanger,boukhalef,98,SAFE_25,Boukhalef à Tanger
180307,7770588,casablanca,al madina aljadida,18,SAFE_10,Al Madina Aljadida à Casablanca
180310,7770615,rabat,hay al fath,34,SAFE_25,Hay Al Fath à Rabat
180311,7770616,kenitra,oulad wjih,62,SAFE_25,Oulad Wjih à Kénitra
180313,7770638,tanger,mghogha,80,SAFE_25,Mghogha à Tanger
180314,7770647,casablanca,jamila 5,10,SAFE_10,Jamila 5 à Casablanca
180318,7770672,casablanca,lusitania,4,LOW,Lusitania à Casablanca
180319,7770691,casablanca,maarif,326,SAFE_25,Maârif à Casablanca
180321,7770726,sale,sidi hajji,27,SAFE_25,Sidi Hajji à Salé
180322,7770730,marrakech,assif,32,SAFE_25,Assif à Marrakech
180323,7770742,essaouira,borj,16,SAFE_10,Borj à Essaouira
180324,7770745,marrakech,gueliz,1250,SAFE_25,Guéliz à Marrakech
180325,7770759,casablanca,anfa superieur,66,SAFE_25,Anfa Supérieur à Casablanca
180326,7770772,marrakech,hay mabrouka,95,SAFE_25,Hay Mabrouka à Marrakech
180328,7770807,sale,abouab sala,17,SAFE_10,Abouab Sala à Salé
180331,7770857,fes,mont fleuri,13,SAFE_10,Mont Fleuri à Fès
180335,7770963,tanger,mozart,64,SAFE_25,Mozart à Tanger
180336,7770981,marrakech,gueliz,1250,SAFE_25,Guéliz à Marrakech
180337,7771037,casablanca,maarif extension,351,SAFE_25,Maârif Extension à Casablanca
180340,7771074,casablanca,les princesses,332,SAFE_25,Les princesses à Casablanca
180341,7771076,marrakech,hivernage,273,SAFE_25,Hivernage à Marrakech
180342,7771078,casablanca,la floride,14,SAFE_10,La Floride à Casablanca
180344,7771093,rabat,hay nahda,43,SAFE_25,Hay Nahda à Rabat
180345,7771095,casablanca,beausejour,150,SAFE_25,Beauséjour à Casablanca
180346,7771096,rabat,souissi,566,SAFE_25,Souissi à Rabat
180347,7771115,casablanca,maarif,326,SAFE_25,Maârif à Casablanca
180348,7771117,rabat,hay nahda,43,SAFE_25,Hay Nahda à Rabat
180349,7771129,casablanca,benjdia,50,SAFE_25,Benjdia à Casablanca
180350,7771158,casablanca,oulfa,409,SAFE_25,Oulfa à Casablanca
180351,7771164,kenitra,maamora,58,SAFE_25,Maamora à Kénitra
180354,7771188,marrakech,gueliz,1250,SAFE_25,Guéliz à Marrakech
180356,7771222,marrakech,hay mabrouka,95,SAFE_25,Hay Mabrouka à Marrakech
180357,7771242,tanger,jirrari,19,SAFE_10,Jirrari à Tanger
180358,7771258,casablanca,racine extension,51,SAFE_25,Racine Extension à Casablanca
180359,7771259,casablanca,racine,596,SAFE_25,Racine à Casablanca
180360,7771272,casablanca,maarif extension,351,SAFE_25,Maârif Extension à Casablanca
180364,7771325,casablanca,casablanca finance city,208,SAFE_25,Casablanca Finance City à Casablanca
180365,7771337,casablanca,salmia 1,1,LOW,Salmia 1 à Casablanca
180366,7771338,casablanca,maarif extension,351,SAFE_25,Maârif Extension à Casablanca
180367,7771372,casablanca,ain sebaa,344,SAFE_25,Aïn Sebaâ à Casablanca
180368,7771389,mohammedia,al aalia,51,SAFE_25,Al Aalia à Mohammedia
180369,7771396,marrakech,amelkis,224,SAFE_25,Amelkis à Marrakech
180371,7771410,casablanca,palmier,340,SAFE_25,Palmier à Casablanca
180374,7771444,kenitra,oulad wjih,62,SAFE_25,Oulad Wjih à Kénitra
180375,7771514,tanger,mozart,64,SAFE_25,Mozart à Tanger
180376,7771517,casablanca,val fleury,190,SAFE_25,Val Fleury à Casablanca
180377,7771528,tanger,zone industrielle mghogha,41,SAFE_25,Zone Industrielle Mghogha à Tanger
180378,7771529,casablanca,belvedere,301,SAFE_25,Belvédère à Casablanca
180380,7771587,marrakech,hivernage,273,SAFE_25,Hivernage à Marrakech
180381,7771594,marrakech,hay mabrouka,95,SAFE_25,Hay Mabrouka à Marrakech
180383,7771617,marrakech,hay mabrouka,95,SAFE_25,Hay Mabrouka à Marrakech
180384,7771618,temara,wifak,121,SAFE_25,Wifak à Temara
180385,7771620,casablanca,hay zobir,38,SAFE_25,Hay Zobir à Casablanca
180389,7771729,casablanca,hay zobir,38,SAFE_25,Hay Zobir à Casablanca
180390,7771757,tanger,administratif,164,SAFE_25,Administratif à Tanger
180392,7771806,mohammedia,nassim,37,SAFE_25,Nassim à Mohammedia
180394,7771822,marrakech,gueliz,1250,SAFE_25,Guéliz à Marrakech
180397,7771829,marrakech,ain mezouar,54,SAFE_25,Ain Mezouar à Marrakech
180398,7771830,marrakech,majorelle,157,SAFE_25,Majorelle à Marrakech
180399,7771832,marrakech,ennakhil palmeraie,469,SAFE_25,Ennakhil (Palmeraie) à Marrakech
180400,7771848,kenitra,el hadadda,51,SAFE_25,El Hadadda à Kénitra
180402,7771874,casablanca,sidi maarouf,518,SAFE_25,Sidi Maarouf à Casablanca
180403,7771890,casablanca,oulfa,409,SAFE_25,Oulfa à Casablanca
180404,7771895,casablanca,hay hassani,116,SAFE_25,Hay Hassani à Casablanca
180407,7771940,meknes,cente,31,SAFE_25,Cente à Meknes
180408,7771947,casablanca,la gironde,122,SAFE_25,La Gironde à Casablanca
180410,7771971,casablanca,racine extension,51,SAFE_25,Racine Extension à Casablanca
180413,7771988,casablanca,californie,735,SAFE_25,Californie à Casablanca
180414,7771990,sale,sala el jadida,84,SAFE_25,Sala el Jadida à Salé
180416,7772014,mohammedia,hay mesk lil,4,LOW,Hay Mesk Lil à Mohammedia
180417,7772020,rabat,agdal,313,SAFE_25,Agdal à Rabat
180418,7772024,casablanca,les hopitaux,385,SAFE_25,Les Hôpitaux à Casablanca
180419,7772028,casablanca,ferme bretonne hay arraha,189,SAFE_25,Ferme Bretonne (Hay Arraha) à Casablanca
180420,7772029,marrakech,route d agadir essaouira,143,SAFE_25,Route d'Agadir - Essaouira à Marrakech
180421,7772044,rabat,souissi,566,SAFE_25,Souissi à Rabat
180422,7772074,casablanca,anassi,40,SAFE_25,Anassi à Casablanca
180424,7772088,casablanca,mers sultan,170,SAFE_25,Mers Sultan à Casablanca
180425,7772089,casablanca,sidi el khadir,14,SAFE_10,Sidi El Khadir à Casablanca
180426,7772097,kenitra,mimosas,57,SAFE_25,Mimosas à Kénitra
180427,7772122,casablanca,bourgogne ouest,380,SAFE_25,Bourgogne Ouest à Casablanca
180428,7772136,marrakech,hay mabrouka,95,SAFE_25,Hay Mabrouka à Marrakech
180429,7772138,bouznika,assanaouber,16,SAFE_10,Assanaouber à Bouznika
180430,7772142,casablanca,triangle d or,142,SAFE_25,Triangle d'Or à Casablanca
180432,7772197,rabat,diour jamaa,38,SAFE_25,Diour Jamaa à Rabat
180433,7772208,tetouan,saniat errmel,11,SAFE_10,Saniat Errmel à Tétouan
180436,7772225,casablanca,californie,735,SAFE_25,Californie à Casablanca
180437,7772254,nador,hay el matar,15,SAFE_10,Hay el matar à Nador
180438,7772257,casablanca,la gironde,122,SAFE_25,La Gironde à Casablanca
180440,7772299,casablanca,tacharouk hay al walaa,29,SAFE_25,Tacharouk (Hay Al Walaa) à Casablanca
180441,7772317,sale,sidi hajji,27,SAFE_25,Sidi Hajji à Salé
180443,7772331,fes,champ de course,17,SAFE_10,Champ de course à Fès
180445,7772340,bouznika,plage oued cherrat,118,SAFE_25,Plage Oued Cherrat à Bouznika
180446,7772357,rabat,souissi,566,SAFE_25,Souissi à Rabat
180449,7772383,casablanca,bourgogne ouest,380,SAFE_25,Bourgogne Ouest à Casablanca
180453,7772409,mohammedia,quartier du parc,79,SAFE_25,Quartier du Parc à Mohammedia
180454,7772445,agadir,hay mohammadi,183,SAFE_25,Hay Mohammadi à Agadir
180455,7772450,marrakech,ennakhil palmeraie,469,SAFE_25,Ennakhil (Palmeraie) à Marrakech
180457,7772468,sale,tabriquet,37,SAFE_25,Tabriquet à Salé
180458,7772488,rabat,agdal,313,SAFE_25,Agdal à Rabat
180460,7772505,casablanca,bouchentouf,3,LOW,Bouchentouf à Casablanca
180461,7772507,meknes,hay salam,30,SAFE_25,Hay salam à Meknes
180462,7772522,casablanca,oulfa,409,SAFE_25,Oulfa à Casablanca
180468,7772570,agadir,hay dakhla,57,SAFE_25,Hay Dakhla à Agadir
180470,7772588,marrakech,izdihar,97,SAFE_25,Izdihar à Marrakech
180472,7772626,rabat,agdal,313,SAFE_25,Agdal à Rabat
180473,7772627,rabat,haut agdal,84,SAFE_25,Haut Agdal à Rabat
180474,7772638,bouznika,quartier industriel,31,SAFE_25,Quartier Industriel à Bouznika
180475,7772648,marrakech,gueliz,1250,SAFE_25,Guéliz à Marrakech
180476,7772665,tanger,el oued,3,LOW,El Oued à Tanger
180477,7772687,casablanca,racine,596,SAFE_25,Racine à Casablanca
180478,7772700,tanger,boukhalef,98,SAFE_25,Boukhalef à Tanger
180479,7772701,marrakech,route de safi,237,SAFE_25,Route de Safi à Marrakech
180480,7772705,tanger,azib haj kaddour,10,SAFE_10,Azib Haj Kaddour à Tanger
180481,7772715,casablanca,les hopitaux,385,SAFE_25,Les Hôpitaux à Casablanca
180482,7772716,marrakech,agdal,514,SAFE_25,Agdal à Marrakech
180483,7772717,marrakech,agdal,514,SAFE_25,Agdal à Marrakech
180484,7772720,fes,route se sefrou,16,SAFE_10,Route se Sefrou à Fès
180485,7772726,bouznika,hamza,21,SAFE_10,Hamza à Bouznika
180486,7772738,casablanca,maarif extension,351,SAFE_25,Maârif Extension à Casablanca
180487,7772751,casablanca,palmier,340,SAFE_25,Palmier à Casablanca
180491,7772793,kenitra,oulad wjih,62,SAFE_25,Oulad Wjih à Kénitra
180492,7772801,kenitra,oulad wjih,62,SAFE_25,Oulad Wjih à Kénitra
180493,7772815,agadir,hay mohammadi,183,SAFE_25,Hay Mohammadi à Agadir
180494,7772837,agadir,founti,96,SAFE_25,Founti à Agadir
180495,7772875,tanger,souani,12,SAFE_10,Souani à Tanger
180496,7772904,temara,wifak,121,SAFE_25,Wifak à Temara
180497,7772906,rabat,souissi,566,SAFE_25,Souissi à Rabat
180499,7772975,casablanca,hermitage,63,SAFE_25,Hermitage à Casablanca
180501,7772980,casablanca,belvedere,301,SAFE_25,Belvédère à Casablanca
180502,7772984,casablanca,oulfa,409,SAFE_25,Oulfa à Casablanca
180503,7772990,tetouan,touabel,1,LOW,Touabel à Tétouan
180506,7773027,tanger,marchan,45,SAFE_25,Marchan à Tanger
180508,7773041,marrakech,massira 3,21,SAFE_10,Massira 3 à Marrakech
180510,7773119,sale,bled el gharbi,1,LOW,Bled El Gharbi à Salé
180512,7773142,tanger,mister khouch,15,SAFE_10,Mister Khouch à Tanger
180513,7773157,rabat,hay nahda,43,SAFE_25,Hay Nahda à Rabat
180514,7773175,tanger,administratif,164,SAFE_25,Administratif à Tanger
180515,7773197,casablanca,triangle d or,142,SAFE_25,Triangle d'Or à Casablanca
180520,7773272,rabat,agdal,313,SAFE_25,Agdal à Rabat
180521,7773285,kenitra,oulad wjih,62,SAFE_25,Oulad Wjih à Kénitra
180522,7773297,casablanca,la vilette,15,SAFE_10,La Vilette à Casablanca
180523,7773309,marrakech,route de l ourika,877,SAFE_25,Route de l'Ourika à Marrakech
180524,7773329,sale,sakani,12,SAFE_10,Sakani à Salé
180525,7773341,temara,abbadi,25,SAFE_25,Abbadi à Temara
180527,7773350,marrakech,hay alfadl,13,SAFE_10,Hay Alfadl à Marrakech
180528,7773356,casablanca,anfa,374,SAFE_25,Anfa à Casablanca
180529,7773358,marrakech,camp al ghoul,112,SAFE_25,Camp Al Ghoul à Marrakech
180530,7773359,rabat,agdal,313,SAFE_25,Agdal à Rabat
180533,7773373,casablanca,bernoussi,99,SAFE_25,Bernoussi à Casablanca
180535,7773396,rabat,agdal,313,SAFE_25,Agdal à Rabat
180537,7773416,casablanca,anfa,374,SAFE_25,Anfa à Casablanca
180538,7773426,casablanca,racine,596,SAFE_25,Racine à Casablanca
180544,7773542,casablanca,les hopitaux,385,SAFE_25,Les Hôpitaux à Casablanca
180546,7773615,meknes,hamria,152,SAFE_25,Hamria à Meknes
180547,7773619,meknes,hamria,152,SAFE_25,Hamria à Meknes
180548,7773621,meknes,marjane,146,SAFE_25,Marjane à Meknes
180549,7773627,meknes,wislane,53,SAFE_25,Wislane à Meknes
180550,7773633,kenitra,mimosas,57,SAFE_25,Mimosas à Kénitra
180551,7773649,oujda,hay salam,10,SAFE_10,Hay salam à Oujda
180552,7773675,casablanca,palmier,340,SAFE_25,Palmier à Casablanca
180555,7773685,casablanca,val fleury,190,SAFE_25,Val Fleury à Casablanca
180558,7773701,temara,wifak,121,SAFE_25,Wifak à Temara
180559,7773702,temara,wifak,121,SAFE_25,Wifak à Temara
180560,7773705,marrakech,gueliz,1250,SAFE_25,Guéliz à Marrakech
180561,7773716,el jadida,najmat al janoub,18,SAFE_10,Najmat Al Janoub à El Jadida
180563,7773744,casablanca,les hopitaux,385,SAFE_25,Les Hôpitaux à Casablanca
180564,7773795,tetouan,bled,9,SAFE_5,Bled à Tétouan
180565,7773833,ifrane,atlas,9,SAFE_5,Atlas à Ifrane
180566,7773857,fes,route immouzer,38,SAFE_25,Route Immouzer à Fès
180567,7773864,tanger,bel air val fleuri,128,SAFE_25,Bel Air - Val fleuri à Tanger
180568,7773870,marrakech,route de safi,237,SAFE_25,Route de Safi à Marrakech
180569,7773905,casablanca,al qods,132,SAFE_25,Al Qods à Casablanca
180570,7773907,marrakech,agdal,514,SAFE_25,Agdal à Marrakech
180571,7773936,rabat,mechouar,2,LOW,Mechouar à Rabat
180575,7773963,tanger,boukhalef,98,SAFE_25,Boukhalef à Tanger
180576,7773967,casablanca,beausejour,150,SAFE_25,Beauséjour à Casablanca
180578,7774010,tanger,ziaten,49,SAFE_25,Ziaten à Tanger
180579,7774045,meknes,cente,31,SAFE_25,Cente à Meknes
180580,7774051,rabat,akkari,8,SAFE_5,Akkari à Rabat
180581,7774100,rabat,hay nahda,43,SAFE_25,Hay Nahda à Rabat
180583,7774106,casablanca,mers sultan,170,SAFE_25,Mers Sultan à Casablanca
180584,7774134,tanger,mozart,64,SAFE_25,Mozart à Tanger
180585,7774135,casablanca,ain chock,119,SAFE_25,Ain Chock à Casablanca
180586,7774236,casablanca,val fleury,190,SAFE_25,Val Fleury à Casablanca
180587,7774245,casablanca,les hopitaux,385,SAFE_25,Les Hôpitaux à Casablanca
180589,7774291,el jadida,hay nassim,1,LOW,Hay Nassim à El Jadida
180591,7774305,marrakech,route d agadir essaouira,143,SAFE_25,Route d'Agadir - Essaouira à Marrakech
180594,7774369,mohammedia,route de rabat,18,SAFE_10,Route de rabat à Mohammedia
180595,7774374,temara,harhoura,92,SAFE_25,Harhoura à Temara
180597,7774394,tanger,moujahidine,132,SAFE_25,Moujahidine à Tanger
180598,7774404,casablanca,maarif extension,351,SAFE_25,Maârif Extension à Casablanca
180599,7774439,kenitra,la ville haute,69,SAFE_25,La Ville Haute à Kénitra
180600,7774462,casablanca,californie,735,SAFE_25,Californie à Casablanca
180602,7774526,casablanca,ain diab,457,SAFE_25,Ain Diab à Casablanca
180603,7774559,marrakech,route casablanca,269,SAFE_25,Route Casablanca à Marrakech
180604,7774560,casablanca,moulay youssef,31,SAFE_25,Moulay Youssef à Casablanca
180606,7774568,rabat,riyad,566,SAFE_25,Riyad à Rabat
180607,7774586,marrakech,route casablanca,269,SAFE_25,Route Casablanca à Marrakech
180608,7774631,casablanca,derb omar,26,SAFE_25,Derb Omar à Casablanca
180609,7774634,marrakech,agdal,514,SAFE_25,Agdal à Marrakech
180612,7774711,kenitra,maghrib arabi,29,SAFE_25,Maghrib Arabi à Kénitra
180613,7774763,kenitra,mimosas,57,SAFE_25,Mimosas à Kénitra
180616,7774807,tanger,sania,64,SAFE_25,Sania à Tanger
180617,7774811,casablanca,ain sebaa,344,SAFE_25,Aïn Sebaâ à Casablanca
180618,7774818,casablanca,anfa,374,SAFE_25,Anfa à Casablanca
180619,7774830,rabat,riyad,566,SAFE_25,Riyad à Rabat
180622,7774910,rabat,souissi,566,SAFE_25,Souissi à Rabat
180623,7774912,casablanca,racine,596,SAFE_25,Racine à Casablanca
180625,7774949,casablanca,val fleury,190,SAFE_25,Val Fleury à Casablanca
180627,7774956,casablanca,belvedere,301,SAFE_25,Belvédère à Casablanca
180628,7774970,casablanca,triangle d or,142,SAFE_25,Triangle d'Or à Casablanca
180629,7774976,fes,agdal,12,SAFE_10,Agdal à Fès
180630,7774990,marrakech,route de l ourika,877,SAFE_25,Route de l'Ourika à Marrakech
180631,7774994,marrakech,gueliz,1250,SAFE_25,Guéliz à Marrakech
180632,7775027,casablanca,palmier,340,SAFE_25,Palmier à Casablanca
180635,7775145,temara,wifak,121,SAFE_25,Wifak à Temara
180636,7775168,kenitra,maghrib arabi,29,SAFE_25,Maghrib Arabi à Kénitra
180637,7775174,mohammedia,quartier du parc,79,SAFE_25,Quartier du Parc à Mohammedia
180639,7775187,casablanca,ain diab,457,SAFE_25,Ain Diab à Casablanca
180641,7775199,el jadida,hay essalam,49,SAFE_25,Hay Essalam à El Jadida
180642,7775200,casablanca,dar lamane,2,LOW,Dar Lamane à Casablanca
180646,7775315,mohammedia,mannesmann,37,SAFE_25,Mannesmann à Mohammedia
180649,7775358,casablanca,racine,596,SAFE_25,Racine à Casablanca
180651,7775380,casablanca,franceville,76,SAFE_25,Franceville à Casablanca
180653,7775446,casablanca,mandarona,87,SAFE_25,Mandarona à Casablanca
180654,7775457,casablanca,ain chock,119,SAFE_25,Ain Chock à Casablanca
180655,7775467,bouznika,plage oued cherrat,118,SAFE_25,Plage Oued Cherrat à Bouznika
180656,7775475,fes,bad boujloud,1,LOW,Bad Boujloud à Fès
180657,7775477,tanger,mister khouch,15,SAFE_10,Mister Khouch à Tanger
180659,7775509,rabat,diour jamaa,38,SAFE_25,Diour Jamaa à Rabat
180661,7775570,tanger,boukhalef,98,SAFE_25,Boukhalef à Tanger
180663,7775609,casablanca,californie,735,SAFE_25,Californie à Casablanca
180664,7775610,bouznika,al kawtar,71,SAFE_25,Al Kawtar à Bouznika
180665,7775618,bouznika,quartier industriel,31,SAFE_25,Quartier Industriel à Bouznika
180666,7775623,agadir,al wifaq,38,SAFE_25,Al Wifaq à Agadir
180667,7775663,casablanca,bourgogne ouest,380,SAFE_25,Bourgogne Ouest à Casablanca
180669,7775690,marrakech,camp al ghoul,112,SAFE_25,Camp Al Ghoul à Marrakech
180672,7775796,el jadida,ennajd,27,SAFE_25,Ennajd à El Jadida
180673,7775810,nador,hay el matar,15,SAFE_10,Hay el matar à Nador
180674,7775832,marrakech,route de fez,469,SAFE_25,Route de Fez à Marrakech
180676,7775847,kenitra,oulad wjih,62,SAFE_25,Oulad Wjih à Kénitra
180679,7775874,casablanca,californie,735,SAFE_25,Californie à Casablanca
180680,7775880,casablanca,val fleury,190,SAFE_25,Val Fleury à Casablanca
180681,7775892,casablanca,oulfa,409,SAFE_25,Oulfa à Casablanca
180682,7775896,casablanca,derb omar,26,SAFE_25,Derb Omar à Casablanca
180689,7775982,rabat,riyad,566,SAFE_25,Riyad à Rabat
180691,7776050,kenitra,oulad wjih,62,SAFE_25,Oulad Wjih à Kénitra
180696,7776112,casablanca,gauthier,422,SAFE_25,Gauthier à Casablanca
180697,7776141,casablanca,gauthier,422,SAFE_25,Gauthier à Casablanca
180701,7776196,casablanca,maarif,326,SAFE_25,Maârif à Casablanca
180702,7776331,marrakech,gueliz,1250,SAFE_25,Guéliz à Marrakech
180703,7776366,casablanca,oulfa,409,SAFE_25,Oulfa à Casablanca
180706,7776398,kenitra,mimosas,57,SAFE_25,Mimosas à Kénitra
180707,7776431,fes,route ain chkaf,51,SAFE_25,Route ain Chkaf à Fès
180708,7776438,casablanca,maarif extension,351,SAFE_25,Maârif Extension à Casablanca
180710,7776460,casablanca,bourgogne ouest,380,SAFE_25,Bourgogne Ouest à Casablanca
180712,7776474,sale,tabriquet,37,SAFE_25,Tabriquet à Salé
180713,7776484,kenitra,la ville haute,69,SAFE_25,La Ville Haute à Kénitra
180714,7776485,marrakech,samlalia,132,SAFE_25,Samlalia à Marrakech
180716,7776495,meknes,bab lekhmiss,3,LOW,Bab lekhmiss à Meknes
180717,7776514,agadir,hay mohammadi,183,SAFE_25,Hay Mohammadi à Agadir
180718,7776519,casablanca,oasis,332,SAFE_25,Oasis à Casablanca
180719,7776521,marrakech,route d agadir essaouira,143,SAFE_25,Route d'Agadir - Essaouira à Marrakech
180720,7776535,marrakech,ennakhil palmeraie,469,SAFE_25,Ennakhil (Palmeraie) à Marrakech
180721,7776559,casablanca,la gironde,122,SAFE_25,La Gironde à Casablanca
180722,7776562,sale,sakani,12,SAFE_10,Sakani à Salé
180727,7776612,casablanca,belvedere,301,SAFE_25,Belvédère à Casablanca
180728,7776621,kenitra,oulad wjih,62,SAFE_25,Oulad Wjih à Kénitra
180729,7776625,kenitra,oulad wjih,62,SAFE_25,Oulad Wjih à Kénitra
180730,7776631,kenitra,oulad wjih,62,SAFE_25,Oulad Wjih à Kénitra
180732,7776651,marrakech,route de l ourika,877,SAFE_25,Route de l'Ourika à Marrakech
180733,7776653,temara,massira 2,27,SAFE_25,Massira 2 à Temara
180734,7776657,casablanca,oasis,332,SAFE_25,Oasis à Casablanca
180736,7776688,marrakech,hay targa,491,SAFE_25,Hay Targa à Marrakech
180737,7776722,fes,ain amiyer,11,SAFE_10,Ain Amiyer à Fès
180738,7776725,tanger,administratif,164,SAFE_25,Administratif à Tanger
180739,7776773,casablanca,val fleury,190,SAFE_25,Val Fleury à Casablanca
180740,7776784,kenitra,oulad wjih,62,SAFE_25,Oulad Wjih à Kénitra
180741,7776785,tanger,du golf,123,SAFE_25,Du Golf à Tanger
180742,7776788,kenitra,oulad wjih,62,SAFE_25,Oulad Wjih à Kénitra
180743,7776806,kenitra,oulad wjih,62,SAFE_25,Oulad Wjih à Kénitra
180745,7776822,kenitra,maamora,58,SAFE_25,Maamora à Kénitra
180746,7776839,marrakech,route de fez,469,SAFE_25,Route de Fez à Marrakech
180748,7776869,fes,quartier oued fes,34,SAFE_25,Quartier Oued Fes à Fès
180749,7776871,tanger,de la plage,188,SAFE_25,De La Plage à Tanger
180751,7776927,marrakech,hivernage,273,SAFE_25,Hivernage à Marrakech
180752,7776971,casablanca,casablanca finance city,208,SAFE_25,Casablanca Finance City à Casablanca
180754,7777019,casablanca,maarif,326,SAFE_25,Maârif à Casablanca
180755,7777023,casablanca,maarif,326,SAFE_25,Maârif à Casablanca
180756,7777073,casablanca,casablanca finance city,208,SAFE_25,Casablanca Finance City à Casablanca
180757,7777087,casablanca,anassi,40,SAFE_25,Anassi à Casablanca
180760,7777166,rabat,aviation mabella,79,SAFE_25,Aviation - Mabella à Rabat
180762,7777185,casablanca,bernoussi,99,SAFE_25,Bernoussi à Casablanca
180764,7777201,kenitra,mimosas,57,SAFE_25,Mimosas à Kénitra
180766,7777212,fes,al karaouiyine,4,LOW,Al Karaouiyine à Fès
180767,7777218,casablanca,californie,735,SAFE_25,Californie à Casablanca
180768,7777222,benslimane,alfilline,21,SAFE_10,Alfilline à Benslimane
180769,7777243,casablanca,tacharouk hay al walaa,29,SAFE_25,Tacharouk (Hay Al Walaa) à Casablanca
180770,7777252,tanger,aouama gharbia,64,SAFE_25,Aouama Gharbia à Tanger
180773,7777283,marrakech,route casablanca,269,SAFE_25,Route Casablanca à Marrakech
180775,7777327,agadir,hay massira,14,SAFE_10,Hay Massira à Agadir
180776,7777404,marrakech,route de safi,237,SAFE_25,Route de Safi à Marrakech
180777,7777480,rabat,agdal,313,SAFE_25,Agdal à Rabat
180778,7777491,casablanca,racine,596,SAFE_25,Racine à Casablanca
180785,7777572,casablanca,ain sebaa,344,SAFE_25,Aïn Sebaâ à Casablanca
180790,7777620,casablanca,gauthier,422,SAFE_25,Gauthier à Casablanca
180792,7777629,kenitra,maghrib arabi,29,SAFE_25,Maghrib Arabi à Kénitra
180794,7777655,casablanca,tantonville,33,SAFE_25,Tantonville à Casablanca
180799,7777680,sale,hay chmaou,56,SAFE_25,Hay Chmaou à Salé
180800,7777686,casablanca,ain sebaa,344,SAFE_25,Aïn Sebaâ à Casablanca
180801,7777688,tanger,de la plage,188,SAFE_25,De La Plage à Tanger
180803,7777708,casablanca,quartier cheminots,1,LOW,Quartier Cheminots à Casablanca
180805,7777722,rabat,diour jamaa,38,SAFE_25,Diour Jamaa à Rabat
180806,7777726,casablanca,sidi othmane,42,SAFE_25,Sidi Othmane à Casablanca
180808,7777735,casablanca,ain sebaa,344,SAFE_25,Aïn Sebaâ à Casablanca
180809,7777738,meknes,marjane,146,SAFE_25,Marjane à Meknes
180814,7777800,temara,wifak,121,SAFE_25,Wifak à Temara
180815,7777804,agadir,abattoirs,30,SAFE_25,Abattoirs à Agadir
180818,7777841,casablanca,bourgogne ouest,380,SAFE_25,Bourgogne Ouest à Casablanca
180819,7777846,fes,route ain chkaf,51,SAFE_25,Route ain Chkaf à Fès
180820,7777847,sale,pepiniere,3,LOW,Pépinière à Salé
180821,7777856,meknes,wislane,53,SAFE_25,Wislane à Meknes
180823,7777860,fes,route de meknes,13,SAFE_10,Route de Meknes à Fès
180825,7777894,rabat,riyad,566,SAFE_25,Riyad à Rabat
180826,7777904,casablanca,hay chrifa,49,SAFE_25,Hay Chrifa à Casablanca
180828,7777907,tetouan,el mdrassi,5,SAFE_5,El Mdrassi à Tétouan
180829,7777923,marrakech,ennakhil palmeraie,469,SAFE_25,Ennakhil (Palmeraie) à Marrakech
180830,7777943,fes,route se sefrou,16,SAFE_10,Route se Sefrou à Fès
180837,7777988,tanger,iberie,173,SAFE_25,Iberie à Tanger
180841,7778033,rabat,hay al kora,8,SAFE_5,Hay Al Kora à Rabat
180842,7778036,casablanca,beausite,41,SAFE_25,Beausite à Casablanca
180844,7778053,casablanca,al qods,132,SAFE_25,Al Qods à Casablanca
180845,7778060,el jadida,hay essalam,49,SAFE_25,Hay Essalam à El Jadida
180846,7778066,rabat,souissi,566,SAFE_25,Souissi à Rabat
180847,7778075,tetouan,el ensanche,4,LOW,El Ensanche à Tétouan
180848,7778087,marrakech,hivernage,273,SAFE_25,Hivernage à Marrakech
180851,7778096,casablanca,bourgogne ouest,380,SAFE_25,Bourgogne Ouest à Casablanca
180852,7778098,casablanca,hay palestine,10,SAFE_10,Hay Palestine à Casablanca
180853,7778111,casablanca,tacharouk hay al walaa,29,SAFE_25,Tacharouk (Hay Al Walaa) à Casablanca
180861,7778249,casablanca,racine,596,SAFE_25,Racine à Casablanca
180862,7778255,casablanca,plateau al batha,38,SAFE_25,Plateau (Al Batha) à Casablanca
180863,7778269,casablanca,racine,596,SAFE_25,Racine à Casablanca
180864,7778271,casablanca,oulfa,409,SAFE_25,Oulfa à Casablanca
180865,7778302,casablanca,racine,596,SAFE_25,Racine à Casablanca
180866,7778330,casablanca,maarif extension,351,SAFE_25,Maârif Extension à Casablanca
180867,7778351,casablanca,derb ghalef,98,SAFE_25,Derb Ghalef à Casablanca
180870,7778377,kenitra,bir rami ouest,38,SAFE_25,Bir Rami Ouest à Kénitra
180874,7778401,agadir,hay al farah,26,SAFE_25,Hay Al Farah à Agadir
180875,7778413,sale,mkinssia,13,SAFE_10,Mkinssia à Salé
180876,7778416,marrakech,route de safi,237,SAFE_25,Route de Safi à Marrakech
180877,7778419,marrakech,camp al ghoul,112,SAFE_25,Camp Al Ghoul à Marrakech
180880,7778466,tanger,moujahidine,132,SAFE_25,Moujahidine à Tanger
180881,7778482,mohammedia,quartier du parc,79,SAFE_25,Quartier du Parc à Mohammedia
180882,7778493,marrakech,gueliz,1250,SAFE_25,Guéliz à Marrakech
180883,7778498,sale,hay chmaou,56,SAFE_25,Hay Chmaou à Salé
180885,7778524,tanger,aharrarine,37,SAFE_25,Aharrarine à Tanger
180886,7778559,fes,bourmana,6,SAFE_5,Bourmana à Fès
180889,7778572,fes,route ain chkaf,51,SAFE_25,Route ain Chkaf à Fès
180890,7778575,temara,wifak,121,SAFE_25,Wifak à Temara
180891,7778579,casablanca,ain sebaa,344,SAFE_25,Aïn Sebaâ à Casablanca
180894,7778612,tanger,route nationale assilah n1,134,SAFE_25,Route Nationale Assilah (N1) à Tanger
180895,7778616,rabat,hay al fath,34,SAFE_25,Hay Al Fath à Rabat
180897,7778638,agadir,riad salam,33,SAFE_25,Riad Salam à Agadir
180899,7778646,fes,hay dalia,5,SAFE_5,Hay Dalia à Fès
180905,7778721,sale,hay chmaou,56,SAFE_25,Hay Chmaou à Salé
180906,7778723,casablanca,ahl loghlam hay assalam,21,SAFE_10,Ahl Loghlam (Hay Assalam) à Casablanca
180907,7778732,rabat,riyad,566,SAFE_25,Riyad à Rabat
180908,7778734,mohammedia,hay al horria,8,SAFE_5,Hay Al Horria à Mohammedia
180909,7778748,casablanca,derb abdellah,1,LOW,Derb Abdellah à Casablanca
180910,7778770,tanger,tanja balia,220,SAFE_25,Tanja Balia à Tanger
180911,7778776,mohammedia,route de rabat,18,SAFE_10,Route de rabat à Mohammedia
180912,7778787,tanger,ennasr,12,SAFE_10,Ennasr à Tanger
180914,7778817,casablanca,bourgogne est,157,SAFE_25,Bourgogne Est à Casablanca
180915,7778834,marrakech,ennakhil palmeraie,469,SAFE_25,Ennakhil (Palmeraie) à Marrakech
180917,7778842,marrakech,route de l ourika,877,SAFE_25,Route de l'Ourika à Marrakech
180919,7778865,casablanca,ain diab,457,SAFE_25,Ain Diab à Casablanca
180920,7778907,casablanca,bourgogne ouest,380,SAFE_25,Bourgogne Ouest à Casablanca
180921,7778931,casablanca,maarif,326,SAFE_25,Maârif à Casablanca
180924,7778972,el jadida,hay essalam,49,SAFE_25,Hay Essalam à El Jadida
180925,7778999,casablanca,racine,596,SAFE_25,Racine à Casablanca
180926,7779018,casablanca,californie,735,SAFE_25,Californie à Casablanca
180931,7779079,kenitra,maamora,58,SAFE_25,Maamora à Kénitra
180933,7779090,casablanca,derb ghalef,98,SAFE_25,Derb Ghalef à Casablanca
180934,7779107,casablanca,les princesses,332,SAFE_25,Les princesses à Casablanca
180935,7779109,casablanca,les hopitaux,385,SAFE_25,Les Hôpitaux à Casablanca
180938,7779136,mohammedia,al aalia,51,SAFE_25,Al Aalia à Mohammedia
180939,7779137,safi,plateau,3,LOW,Plateau à Safi
180941,7779171,temara,al moustakbal,9,SAFE_5,Al Moustakbal à Temara
180942,7779181,marrakech,ain mezouar,54,SAFE_25,Ain Mezouar à Marrakech
180943,7779182,tetouan,el mdrassi,5,SAFE_5,El Mdrassi à Tétouan
180944,7779187,marrakech,bab ighli,12,SAFE_10,Bab Ighli à Marrakech
180945,7779198,rabat,akkari,8,SAFE_5,Akkari à Rabat
180946,7779200,casablanca,nassim 1,64,SAFE_25,Nassim 1 à Casablanca
180947,7779201,marrakech,route d agadir essaouira,143,SAFE_25,Route d'Agadir - Essaouira à Marrakech
180949,7779235,marrakech,gueliz,1250,SAFE_25,Guéliz à Marrakech
180951,7779252,casablanca,palmier,340,SAFE_25,Palmier à Casablanca
180954,7779266,marrakech,agdal,514,SAFE_25,Agdal à Marrakech
180960,7779317,casablanca,al azhar,21,SAFE_10,Al Azhar à Casablanca
180961,7779320,casablanca,riviera,76,SAFE_25,Riviera à Casablanca
180962,7779329,casablanca,port,20,SAFE_10,Port à Casablanca
180963,7779333,casablanca,val fleury,190,SAFE_25,Val Fleury à Casablanca
180965,7779360,casablanca,sidi maarouf,518,SAFE_25,Sidi Maarouf à Casablanca
180967,7779382,casablanca,bernoussi,99,SAFE_25,Bernoussi à Casablanca
180969,7779416,marrakech,gueliz,1250,SAFE_25,Guéliz à Marrakech
180970,7779417,fes,agdal,12,SAFE_10,Agdal à Fès
180972,7779436,casablanca,maarif extension,351,SAFE_25,Maârif Extension à Casablanca
180974,7779442,casablanca,maarif,326,SAFE_25,Maârif à Casablanca
180977,7779471,casablanca,ain sebaa,344,SAFE_25,Aïn Sebaâ à Casablanca
180978,7779493,tanger,du golf,123,SAFE_25,Du Golf à Tanger
180980,7779524,kenitra,mimosas,57,SAFE_25,Mimosas à Kénitra
180981,7779530,casablanca,belvedere,301,SAFE_25,Belvédère à Casablanca
180982,7779533,casablanca,californie,735,SAFE_25,Californie à Casablanca
180983,7779539,tanger,mghogha,80,SAFE_25,Mghogha à Tanger
180984,7779547,casablanca,mers sultan,170,SAFE_25,Mers Sultan à Casablanca
180985,7779551,casablanca,sidi moumen,119,SAFE_25,Sidi Moumen à Casablanca
180986,7779553,tanger,route nationale assilah n1,134,SAFE_25,Route Nationale Assilah (N1) à Tanger
180987,7779556,marrakech,hay alfadl,13,SAFE_10,Hay Alfadl à Marrakech
180988,7779557,marrakech,gueliz,1250,SAFE_25,Guéliz à Marrakech
180989,7779559,el jadida,ennajd,27,SAFE_25,Ennajd à El Jadida
180991,7779578,kenitra,maamora,58,SAFE_25,Maamora à Kénitra
180992,7779584,casablanca,hay antaria,6,SAFE_5,Hay Antaria à Casablanca
180994,7779593,casablanca,hay antaria,6,SAFE_5,Hay Antaria à Casablanca
180998,7779624,marrakech,sanaoubar,15,SAFE_10,Sanaoubar à Marrakech
180999,7779642,tanger,manar,103,SAFE_25,Manar à Tanger
181000,7779647,rabat,agdal,313,SAFE_25,Agdal à Rabat
181001,7779649,marrakech,route casablanca,269,SAFE_25,Route Casablanca à Marrakech
181002,7779657,casablanca,roches noires,198,SAFE_25,Roches Noires à Casablanca
181003,7779686,tanger,tanja balia,220,SAFE_25,Tanja Balia à Tanger
181004,7779703,casablanca,les hopitaux,385,SAFE_25,Les Hôpitaux à Casablanca
181005,7779719,casablanca,val fleury,190,SAFE_25,Val Fleury à Casablanca
181006,7779720,casablanca,maarif extension,351,SAFE_25,Maârif Extension à Casablanca
181007,7779721,fes,al adarissa,3,LOW,Al Adarissa à Fès
181009,7779756,casablanca,al qods,132,SAFE_25,Al Qods à Casablanca
181011,7779837,tetouan,route de ceuta,19,SAFE_10,Route de Ceuta à Tétouan
181014,7779889,oujda,bd derfoufi,5,SAFE_5,Bd Derfoufi à Oujda
181018,7779976,marrakech,hay alfadl,13,SAFE_10,Hay Alfadl à Marrakech
181019,7779981,kenitra,la ville haute,69,SAFE_25,La Ville Haute à Kénitra
181020,7779992,casablanca,les hopitaux,385,SAFE_25,Les Hôpitaux à Casablanca
181021,7780042,kenitra,la ville haute,69,SAFE_25,La Ville Haute à Kénitra
181022,7780052,casablanca,maarif extension,351,SAFE_25,Maârif Extension à Casablanca
181024,7780106,marrakech,gueliz,1250,SAFE_25,Guéliz à Marrakech
181025,7780112,marrakech,massira 1,51,SAFE_25,Massira 1 à Marrakech
181028,7780155,marrakech,izdihar,97,SAFE_25,Izdihar à Marrakech
181029,7780157,oujda,bd derfoufi,5,SAFE_5,Bd Derfoufi à Oujda
181031,7780190,rabat,agdal,313,SAFE_25,Agdal à Rabat
181032,7780203,casablanca,derb ghalef,98,SAFE_25,Derb Ghalef à Casablanca
181033,7780214,fes,ain amiyer,11,SAFE_10,Ain Amiyer à Fès
181034,7780217,temara,wifak,121,SAFE_25,Wifak à Temara
181036,7780236,marrakech,samlalia,132,SAFE_25,Samlalia à Marrakech
181037,7780262,casablanca,oulfa,409,SAFE_25,Oulfa à Casablanca
181038,7780309,bouznika,al kawtar,71,SAFE_25,Al Kawtar à Bouznika
181040,7780412,essaouira,nouvelle ville,28,SAFE_25,Nouvelle Ville à Essaouira
181041,7780413,casablanca,bourgogne est,157,SAFE_25,Bourgogne Est à Casablanca
181043,7780437,casablanca,belvedere,301,SAFE_25,Belvédère à Casablanca
181044,7780442,marrakech,samlalia,132,SAFE_25,Samlalia à Marrakech
181045,7780466,casablanca,hay rajaa,3,LOW,Hay Rajaa à Casablanca
181046,7780521,marrakech,samlalia,132,SAFE_25,Samlalia à Marrakech
181049,7780563,marrakech,gueliz,1250,SAFE_25,Guéliz à Marrakech
181050,7780568,meknes,hamria,152,SAFE_25,Hamria à Meknes
181051,7780572,fes,annouzha,3,LOW,Annouzha à Fès
181052,7780579,marrakech,hivernage,273,SAFE_25,Hivernage à Marrakech
181054,7780630,kenitra,mimosas,57,SAFE_25,Mimosas à Kénitra
181058,7780660,casablanca,triangle d or,142,SAFE_25,Triangle d'Or à Casablanca
181059,7780676,casablanca,nassim 1,64,SAFE_25,Nassim 1 à Casablanca
181060,7780712,mohammedia,nassim,37,SAFE_25,Nassim à Mohammedia
181063,7780751,casablanca,beausejour,150,SAFE_25,Beauséjour à Casablanca
181065,7780794,marrakech,boulevard med 6,124,SAFE_25,Boulevard Med 6 à Marrakech
181066,7780795,casablanca,maarif,326,SAFE_25,Maârif à Casablanca
181067,7780831,kenitra,val fleuri,31,SAFE_25,Val Fleuri à Kénitra
181069,7780843,casablanca,maarif extension,351,SAFE_25,Maârif Extension à Casablanca
181071,7780874,marrakech,ennakhil palmeraie,469,SAFE_25,Ennakhil (Palmeraie) à Marrakech
181073,7780885,tanger,moujahidine,132,SAFE_25,Moujahidine à Tanger
181074,7780888,tanger,moujahidine,132,SAFE_25,Moujahidine à Tanger
181075,7780890,casablanca,bernoussi,99,SAFE_25,Bernoussi à Casablanca
181079,7780929,casablanca,belvedere,301,SAFE_25,Belvédère à Casablanca
181080,7780937,rabat,les orangers,27,SAFE_25,Les Orangers à Rabat
181081,7780959,casablanca,hay hassani,116,SAFE_25,Hay Hassani à Casablanca
181082,7780976,marrakech,ennakhil palmeraie,469,SAFE_25,Ennakhil (Palmeraie) à Marrakech
181083,7780981,casablanca,oulfa,409,SAFE_25,Oulfa à Casablanca
181084,7780983,fes,mont fleuri,13,SAFE_10,Mont Fleuri à Fès
181085,7780988,casablanca,racine,596,SAFE_25,Racine à Casablanca
181086,7781001,tanger,mesnana,96,SAFE_25,Mesnana à Tanger
181088,7781038,rabat,agdal,313,SAFE_25,Agdal à Rabat
181089,7781053,casablanca,roches noires,198,SAFE_25,Roches Noires à Casablanca
181090,7781061,rabat,riyad,566,SAFE_25,Riyad à Rabat
181091,7781075,agadir,secteur touristique,92,SAFE_25,Secteur Touristique à Agadir
181092,7781094,marrakech,ennakhil palmeraie,469,SAFE_25,Ennakhil (Palmeraie) à Marrakech
181093,7781113,rabat,riyad,566,SAFE_25,Riyad à Rabat
181095,7781139,rabat,agdal,313,SAFE_25,Agdal à Rabat
181096,7781144,casablanca,triangle d or,142,SAFE_25,Triangle d'Or à Casablanca
181097,7781147,marrakech,camp al ghoul,112,SAFE_25,Camp Al Ghoul à Marrakech
181098,7781149,casablanca,maarif extension,351,SAFE_25,Maârif Extension à Casablanca
181099,7781177,marrakech,camp al ghoul,112,SAFE_25,Camp Al Ghoul à Marrakech
181100,7781189,fes,narjis,23,SAFE_10,Narjis à Fès
181101,7781192,rabat,riyad,566,SAFE_25,Riyad à Rabat
181102,7781207,casablanca,maarif,326,SAFE_25,Maârif à Casablanca
181103,7781223,casablanca,burger,53,SAFE_25,Burger à Casablanca
181104,7781240,casablanca,californie,735,SAFE_25,Californie à Casablanca
181105,7781254,casablanca,palmier,340,SAFE_25,Palmier à Casablanca
181106,7781259,marrakech,route casablanca,269,SAFE_25,Route Casablanca à Marrakech
181107,7781265,casablanca,val fleury,190,SAFE_25,Val Fleury à Casablanca
181108,7781273,casablanca,les princesses,332,SAFE_25,Les princesses à Casablanca
181109,7781275,casablanca,maarif,326,SAFE_25,Maârif à Casablanca
181110,7781283,casablanca,maarif extension,351,SAFE_25,Maârif Extension à Casablanca
181115,7781375,fes,hay hassani,1,LOW,Hay Hassani à Fès
181117,7781456,sale,hay salam,24,SAFE_10,Hay Salam à Salé
181118,7781480,tanger,ahlane,96,SAFE_25,Ahlane à Tanger
181120,7781485,meknes,cente,31,SAFE_25,Cente à Meknes
181121,7781486,marrakech,route de fez,469,SAFE_25,Route de Fez à Marrakech
181123,7781492,casablanca,gauthier,422,SAFE_25,Gauthier à Casablanca
181125,7781497,marrakech,hivernage,273,SAFE_25,Hivernage à Marrakech
181126,7781501,rabat,el youssoufia,15,SAFE_10,El Youssoufia à Rabat
181128,7781571,casablanca,anfa,374,SAFE_25,Anfa à Casablanca
181129,7781583,casablanca,hay almassira 3,1,LOW,Hay Almassira 3 à Casablanca
181130,7781584,agadir,hay mohammadi,183,SAFE_25,Hay Mohammadi à Agadir
181132,7781626,meknes,hamria,152,SAFE_25,Hamria à Meknes
181133,7781636,marrakech,route de safi,237,SAFE_25,Route de Safi à Marrakech
181135,7781648,casablanca,les princesses,332,SAFE_25,Les princesses à Casablanca
181136,7781654,meknes,marjane,146,SAFE_25,Marjane à Meknes
181139,7781678,marrakech,agdal,514,SAFE_25,Agdal à Marrakech
181142,7781699,casablanca,ain sebaa,344,SAFE_25,Aïn Sebaâ à Casablanca
181144,7781723,essaouira,borj,16,SAFE_10,Borj à Essaouira
181145,7781725,fes,route de meknes,13,SAFE_10,Route de Meknes à Fès
181150,7781832,agadir,founti,96,SAFE_25,Founti à Agadir
181153,7781877,casablanca,casablanca marina,100,SAFE_25,Casablanca Marina à Casablanca
181154,7781881,casablanca,triangle d or,142,SAFE_25,Triangle d'Or à Casablanca
181155,7781886,casablanca,bourgogne ouest,380,SAFE_25,Bourgogne Ouest à Casablanca
181156,7781891,oujda,hay el qods,8,SAFE_5,Hay el Qods à Oujda
181157,7781893,casablanca,californie,735,SAFE_25,Californie à Casablanca
181160,7781915,marrakech,camp al ghoul,112,SAFE_25,Camp Al Ghoul à Marrakech
181161,7781923,marrakech,camp al ghoul,112,SAFE_25,Camp Al Ghoul à Marrakech
181162,7781944,fes,dhar mehraz,1,LOW,Dhar Mehraz à Fès
181163,7781948,marrakech,agdal,514,SAFE_25,Agdal à Marrakech
181164,7781949,rabat,hassan centre ville,119,SAFE_25,Hassan - Centre Ville à Rabat
181165,7781986,kenitra,el hadadda,51,SAFE_25,El Hadadda à Kénitra
181166,7782000,casablanca,al qods,132,SAFE_25,Al Qods à Casablanca
181167,7782017,tanger,castilla,76,SAFE_25,Castilla à Tanger
181168,7782020,temara,wifak,121,SAFE_25,Wifak à Temara
181170,7782038,kenitra,la ville haute,69,SAFE_25,La Ville Haute à Kénitra
181171,7782042,tanger,administratif,164,SAFE_25,Administratif à Tanger
181172,7782047,casablanca,gauthier,422,SAFE_25,Gauthier à Casablanca
181173,7782049,casablanca,gauthier,422,SAFE_25,Gauthier à Casablanca
181176,7782096,casablanca,burger,53,SAFE_25,Burger à Casablanca
181179,7782106,agadir,hay mohammadi,183,SAFE_25,Hay Mohammadi à Agadir
181181,7782113,agadir,hay mohammadi,183,SAFE_25,Hay Mohammadi à Agadir
181182,7782134,casablanca,derb salama,5,SAFE_5,Derb Salama à Casablanca
181184,7782156,fes,oued fes,3,LOW,Oued Fes à Fès
181186,7782164,casablanca,roches noires,198,SAFE_25,Roches Noires à Casablanca
181187,7782174,tanger,bel air val fleuri,128,SAFE_25,Bel Air - Val fleuri à Tanger
181188,7782177,tanger,bel air val fleuri,128,SAFE_25,Bel Air - Val fleuri à Tanger
181192,7782221,rabat,riyad,566,SAFE_25,Riyad à Rabat
181193,7782228,meknes,marjane,146,SAFE_25,Marjane à Meknes
181194,7782254,skhirat,ain errouz,8,SAFE_5,Ain Errouz à Skhirat
181196,7782259,sale,sidi hajji,27,SAFE_25,Sidi Hajji à Salé
181197,7782281,tanger,branes 2,42,SAFE_25,Branes 2 à Tanger
181199,7782305,casablanca,la vilette,15,SAFE_10,La Vilette à Casablanca
181200,7782307,tanger,de la plage,188,SAFE_25,De La Plage à Tanger
181201,7782322,tetouan,wilaya,41,SAFE_25,Wilaya à Tétouan
181202,7782329,agadir,hay mohammadi,183,SAFE_25,Hay Mohammadi à Agadir
181203,7782343,casablanca,maarif,326,SAFE_25,Maârif à Casablanca
181204,7782346,casablanca,les hopitaux,385,SAFE_25,Les Hôpitaux à Casablanca
181206,7782357,tetouan,wilaya,41,SAFE_25,Wilaya à Tétouan
181207,7782361,kenitra,maamora,58,SAFE_25,Maamora à Kénitra
181208,7782363,casablanca,oulfa,409,SAFE_25,Oulfa à Casablanca
181210,7782373,bouznika,al kawtar,71,SAFE_25,Al Kawtar à Bouznika
181215,7782434,casablanca,fonciere,22,SAFE_10,Foncière à Casablanca
181217,7782437,casablanca,maarif extension,351,SAFE_25,Maârif Extension à Casablanca
181220,7782456,rabat,riyad,566,SAFE_25,Riyad à Rabat
181222,7782474,agadir,hay mohammadi,183,SAFE_25,Hay Mohammadi à Agadir
181224,7782480,marrakech,majorelle,157,SAFE_25,Majorelle à Marrakech
181227,7782493,casablanca,sidi maarouf,518,SAFE_25,Sidi Maarouf à Casablanca
181229,7782510,casablanca,palmier,340,SAFE_25,Palmier à Casablanca
181230,7782514,kenitra,la ville haute,69,SAFE_25,La Ville Haute à Kénitra
181231,7782527,casablanca,oasis,332,SAFE_25,Oasis à Casablanca
181233,7782541,fes,hay riad,4,LOW,Hay Riad à Fès
181234,7782544,marrakech,hivernage,273,SAFE_25,Hivernage à Marrakech
181235,7782553,casablanca,hay zobir,38,SAFE_25,Hay Zobir à Casablanca
181236,7782555,marrakech,hivernage,273,SAFE_25,Hivernage à Marrakech
181237,7782558,casablanca,bernoussi,99,SAFE_25,Bernoussi à Casablanca
181238,7782624,marrakech,gueliz,1250,SAFE_25,Guéliz à Marrakech
181239,7782626,casablanca,casablanca marina,100,SAFE_25,Casablanca Marina à Casablanca
181240,7782652,marrakech,gueliz,1250,SAFE_25,Guéliz à Marrakech
181241,7782666,tanger,ahlane,96,SAFE_25,Ahlane à Tanger
181242,7782694,casablanca,maarif extension,351,SAFE_25,Maârif Extension à Casablanca
181244,7782708,casablanca,nassim 2,43,SAFE_25,Nassim 2 à Casablanca
181246,7782733,casablanca,gauthier,422,SAFE_25,Gauthier à Casablanca
181250,7782807,casablanca,les hopitaux,385,SAFE_25,Les Hôpitaux à Casablanca
181251,7782817,casablanca,ain sebaa,344,SAFE_25,Aïn Sebaâ à Casablanca
181252,7782818,casablanca,ain sebaa,344,SAFE_25,Aïn Sebaâ à Casablanca
181253,7782820,casablanca,ain sebaa,344,SAFE_25,Aïn Sebaâ à Casablanca
181254,7782821,casablanca,ain sebaa,344,SAFE_25,Aïn Sebaâ à Casablanca
181255,7782822,casablanca,ain sebaa,344,SAFE_25,Aïn Sebaâ à Casablanca
181256,7782825,casablanca,ain sebaa,344,SAFE_25,Aïn Sebaâ à Casablanca
181257,7782826,casablanca,ain sebaa,344,SAFE_25,Aïn Sebaâ à Casablanca
181259,7782846,casablanca,racine extension,51,SAFE_25,Racine Extension à Casablanca
181260,7782897,casablanca,maarif,326,SAFE_25,Maârif à Casablanca
181261,7782916,casablanca,moulay youssef,31,SAFE_25,Moulay Youssef à Casablanca
181262,7782917,agadir,hay salam,64,SAFE_25,Hay Salam à Agadir
181263,7783004,agadir,founti,96,SAFE_25,Founti à Agadir
181264,7783020,mohammedia,la siesta,62,SAFE_25,La Siesta à Mohammedia
181265,7783030,bouznika,plage oued cherrat,118,SAFE_25,Plage Oued Cherrat à Bouznika
181266,7783039,tanger,aharrarine,37,SAFE_25,Aharrarine à Tanger
181268,7783066,rabat,riyad,566,SAFE_25,Riyad à Rabat
181270,7783135,casablanca,californie,735,SAFE_25,Californie à Casablanca
181273,7783169,casablanca,al farah dar essalam,11,SAFE_10,Al Farah Dar Essalam à Casablanca
181275,7783202,casablanca,lissasfa,104,SAFE_25,Lissasfa à Casablanca
181276,7783226,casablanca,bourgogne ouest,380,SAFE_25,Bourgogne Ouest à Casablanca
181279,7783256,marrakech,ennakhil palmeraie,469,SAFE_25,Ennakhil (Palmeraie) à Marrakech
181280,7783268,casablanca,californie,735,SAFE_25,Californie à Casablanca
181281,7783275,marrakech,gueliz,1250,SAFE_25,Guéliz à Marrakech
181282,7783283,marrakech,hay mohammadi,5,SAFE_5,Hay Mohammadi à Marrakech
181284,7783311,marrakech,gueliz,1250,SAFE_25,Guéliz à Marrakech
181285,7783314,sale,sala el jadida,84,SAFE_25,Sala el Jadida à Salé
181286,7783323,casablanca,hay inara,27,SAFE_25,Hay Inara à Casablanca
181288,7783332,casablanca,bourgogne ouest,380,SAFE_25,Bourgogne Ouest à Casablanca
181289,7783352,tanger,marjane,165,SAFE_25,Marjane à Tanger
181290,7783368,marrakech,gueliz,1250,SAFE_25,Guéliz à Marrakech
181291,7783369,fes,al adarissa,3,LOW,Al Adarissa à Fès
181292,7783387,rabat,riyad,566,SAFE_25,Riyad à Rabat
181297,7783444,sale,hay chmaou,56,SAFE_25,Hay Chmaou à Salé
181299,7783461,casablanca,californie,735,SAFE_25,Californie à Casablanca
181300,7783464,casablanca,hay chrifa,49,SAFE_25,Hay Chrifa à Casablanca
181303,7783494,casablanca,hay idrissia,9,SAFE_5,Hay Idrissia à Casablanca
181304,7783506,marrakech,route de safi,237,SAFE_25,Route de Safi à Marrakech
181306,7783541,casablanca,belvedere,301,SAFE_25,Belvédère à Casablanca
181307,7783545,agadir,hay houda,65,SAFE_25,Hay Houda à Agadir
181308,7783547,agadir,hay houda,65,SAFE_25,Hay Houda à Agadir
181310,7783549,agadir,hay houda,65,SAFE_25,Hay Houda à Agadir
181312,7783551,agadir,hay houda,65,SAFE_25,Hay Houda à Agadir
181315,7783556,marrakech,gueliz,1250,SAFE_25,Guéliz à Marrakech
181316,7783560,marrakech,route de safi,237,SAFE_25,Route de Safi à Marrakech
181317,7783570,marrakech,route de safi,237,SAFE_25,Route de Safi à Marrakech
181318,7783581,kenitra,mimosas,57,SAFE_25,Mimosas à Kénitra
181319,7783585,mohammedia,wafa,25,SAFE_25,Wafa à Mohammedia
181320,7783587,mohammedia,wafa,25,SAFE_25,Wafa à Mohammedia
181327,7783645,casablanca,roches noires,198,SAFE_25,Roches Noires à Casablanca
181328,7783661,agadir,hay houda,65,SAFE_25,Hay Houda à Agadir
181329,7783664,agadir,hay houda,65,SAFE_25,Hay Houda à Agadir
181332,7783670,agadir,hay houda,65,SAFE_25,Hay Houda à Agadir
181334,7783672,agadir,hay houda,65,SAFE_25,Hay Houda à Agadir
181335,7783682,casablanca,californie,735,SAFE_25,Californie à Casablanca
181337,7783720,rabat,hassan centre ville,119,SAFE_25,Hassan - Centre Ville à Rabat
181339,7783734,el jadida,quartier aerodrome,20,SAFE_10,Quartier Aérodrome à El Jadida
181340,7783755,casablanca,bourgogne est,157,SAFE_25,Bourgogne Est à Casablanca
181341,7783759,sale,tabriquet,37,SAFE_25,Tabriquet à Salé
181347,7783799,mohammedia,wafa,25,SAFE_25,Wafa à Mohammedia
181348,7783839,kenitra,val fleuri,31,SAFE_25,Val Fleuri à Kénitra
181349,7783851,casablanca,nassim 1,64,SAFE_25,Nassim 1 à Casablanca
181350,7783856,casablanca,casablanca finance city,208,SAFE_25,Casablanca Finance City à Casablanca
181351,7783865,casablanca,belvedere,301,SAFE_25,Belvédère à Casablanca
181352,7783866,casablanca,belvedere,301,SAFE_25,Belvédère à Casablanca
181354,7783895,agadir,hay mohammadi,183,SAFE_25,Hay Mohammadi à Agadir
181356,7783937,casablanca,beausejour,150,SAFE_25,Beauséjour à Casablanca
181357,7783941,sale,sidi hajji,27,SAFE_25,Sidi Hajji à Salé
181358,7783955,rabat,aviation mabella,79,SAFE_25,Aviation - Mabella à Rabat
181360,7783968,marrakech,route amizmiz,500,SAFE_25,Route Amizmiz à Marrakech
181361,7783974,casablanca,oasis,332,SAFE_25,Oasis à Casablanca
181362,7783985,fes,zouagha bas,5,SAFE_5,Zouagha Bas à Fès
181363,7783991,tetouan,aeroport,13,SAFE_10,Aeroport à Tétouan
181366,7784025,sale,tabriquet,37,SAFE_25,Tabriquet à Salé
181367,7784029,marrakech,route de safi,237,SAFE_25,Route de Safi à Marrakech
181368,7784044,casablanca,ain chock,119,SAFE_25,Ain Chock à Casablanca
181369,7784055,casablanca,oulfa,409,SAFE_25,Oulfa à Casablanca
181370,7784061,fes,route de meknes,13,SAFE_10,Route de Meknes à Fès
181371,7784063,casablanca,les hopitaux,385,SAFE_25,Les Hôpitaux à Casablanca
181374,7784085,casablanca,cil hay salam,225,SAFE_25,CIL (Hay Salam) à Casablanca
181375,7784089,marrakech,gueliz,1250,SAFE_25,Guéliz à Marrakech
181376,7784149,casablanca,hay tarik,4,LOW,Hay Tarik à Casablanca
181377,7784166,fes,hay dalia,5,SAFE_5,Hay Dalia à Fès
181379,7784193,casablanca,les hopitaux,385,SAFE_25,Les Hôpitaux à Casablanca
181380,7784197,marrakech,gueliz,1250,SAFE_25,Guéliz à Marrakech
181382,7784247,agadir,haut founty,47,SAFE_25,Haut Founty à Agadir
181383,7784250,agadir,hay mohammadi,183,SAFE_25,Hay Mohammadi à Agadir
181384,7784253,tanger,de la plage,188,SAFE_25,De La Plage à Tanger
181385,7784256,tanger,castilla,76,SAFE_25,Castilla à Tanger
181387,7784261,casablanca,cil hay salam,225,SAFE_25,CIL (Hay Salam) à Casablanca
181389,7784266,agadir,hay mohammadi,183,SAFE_25,Hay Mohammadi à Agadir
181394,7784315,marrakech,ennakhil palmeraie,469,SAFE_25,Ennakhil (Palmeraie) à Marrakech
181407,7784395,casablanca,val fleury,190,SAFE_25,Val Fleury à Casablanca
181408,7784400,skhirat,ain el hayat,9,SAFE_5,Ain el Hayat à Skhirat
181409,7784413,tanger,de la plage,188,SAFE_25,De La Plage à Tanger
181410,7784415,fes,champ de course,17,SAFE_10,Champ de course à Fès
181411,7784432,fes,route ain chkaf,51,SAFE_25,Route ain Chkaf à Fès
181413,7784455,casablanca,ferme bretonne hay arraha,189,SAFE_25,Ferme Bretonne (Hay Arraha) à Casablanca
181414,7784471,casablanca,mers sultan,170,SAFE_25,Mers Sultan à Casablanca
181415,7784487,marrakech,route casablanca,269,SAFE_25,Route Casablanca à Marrakech
181416,7784491,oujda,agdal,20,SAFE_10,Agdal à Oujda
181417,7784498,marrakech,samlalia,132,SAFE_25,Samlalia à Marrakech
181418,7784500,nador,al boustane,4,LOW,Al Boustane à Nador
181419,7784502,casablanca,maarif,326,SAFE_25,Maârif à Casablanca
181421,7784516,casablanca,ain sebaa,344,SAFE_25,Aïn Sebaâ à Casablanca
181424,7784528,casablanca,maarif,326,SAFE_25,Maârif à Casablanca
181426,7784543,marrakech,route de safi,237,SAFE_25,Route de Safi à Marrakech
181427,7784547,agadir,hay houda,65,SAFE_25,Hay Houda à Agadir
181428,7784548,casablanca,hay antaria,6,SAFE_5,Hay Antaria à Casablanca
181429,7784554,casablanca,anfa superieur,66,SAFE_25,Anfa Supérieur à Casablanca
181430,7784562,fes,quartier oued fes,34,SAFE_25,Quartier Oued Fes à Fès
181431,7784565,fes,quartier oued fes,34,SAFE_25,Quartier Oued Fes à Fès
181432,7784569,tanger,aharrarine,37,SAFE_25,Aharrarine à Tanger
181433,7784596,casablanca,garage allal,11,SAFE_10,Garage Allal à Casablanca
181435,7784622,fes,mont fleuri,13,SAFE_10,Mont Fleuri à Fès
181437,7784665,marrakech,ennakhil palmeraie,469,SAFE_25,Ennakhil (Palmeraie) à Marrakech
181443,7784766,fes,bourmana,6,SAFE_5,Bourmana à Fès
181444,7784779,fes,champ de course,17,SAFE_10,Champ de course à Fès
181445,7784804,marrakech,agdal,514,SAFE_25,Agdal à Marrakech
181446,7784821,marrakech,izdihar,97,SAFE_25,Izdihar à Marrakech
181447,7784827,casablanca,beausejour,150,SAFE_25,Beauséjour à Casablanca
181448,7784839,casablanca,burger,53,SAFE_25,Burger à Casablanca
181451,7784899,casablanca,racine,596,SAFE_25,Racine à Casablanca
181453,7784920,casablanca,les hopitaux,385,SAFE_25,Les Hôpitaux à Casablanca
181454,7784942,settat,sidi abdelkarim,7,SAFE_5,Sidi Abdelkarim à Settat
181455,7784955,fes,route immouzer,38,SAFE_25,Route Immouzer à Fès
181456,7784957,marrakech,samlalia,132,SAFE_25,Samlalia à Marrakech
181457,7784993,marrakech,assif,32,SAFE_25,Assif à Marrakech
181458,7784994,casablanca,oulfa,409,SAFE_25,Oulfa à Casablanca
181459,7784996,marrakech,samlalia,132,SAFE_25,Samlalia à Marrakech
181460,7785007,meknes,hamria,152,SAFE_25,Hamria à Meknes
181461,7785008,temara,wifak,121,SAFE_25,Wifak à Temara
181464,7785057,casablanca,sidi moumen,119,SAFE_25,Sidi Moumen à Casablanca
181465,7785060,casablanca,belvedere,301,SAFE_25,Belvédère à Casablanca
181466,7785066,casablanca,bernoussi,99,SAFE_25,Bernoussi à Casablanca
181467,7785095,casablanca,val fleury,190,SAFE_25,Val Fleury à Casablanca
181468,7785098,casablanca,val fleury,190,SAFE_25,Val Fleury à Casablanca
181474,7785159,casablanca,al farah dar essalam,11,SAFE_10,Al Farah Dar Essalam à Casablanca
181476,7785165,casablanca,oulfa,409,SAFE_25,Oulfa à Casablanca
181478,7785186,casablanca,nassim 2,43,SAFE_25,Nassim 2 à Casablanca
181479,7785189,casablanca,oulfa,409,SAFE_25,Oulfa à Casablanca
181480,7785194,fes,nouvelle ville,31,SAFE_25,Nouvelle Ville à Fès
181481,7785206,rabat,riyad,566,SAFE_25,Riyad à Rabat
181482,7785208,sale,hay rahma,10,SAFE_10,Hay Rahma à Salé
181483,7785232,settat,hay al kamal,9,SAFE_5,Hay Al Kamal à Settat
181484,7785318,kenitra,maamora,58,SAFE_25,Maamora à Kénitra
181485,7785321,casablanca,lissasfa,104,SAFE_25,Lissasfa à Casablanca
181488,7785389,marrakech,agdal,514,SAFE_25,Agdal à Marrakech
181489,7785399,mohammedia,wafa,25,SAFE_25,Wafa à Mohammedia
181490,7785419,casablanca,gauthier,422,SAFE_25,Gauthier à Casablanca
181491,7785442,tetouan,wilaya,41,SAFE_25,Wilaya à Tétouan
181492,7785458,rabat,diour jamaa,38,SAFE_25,Diour Jamaa à Rabat
181495,7785478,rabat,guich oudaya,48,SAFE_25,Guich Oudaya à Rabat
181496,7785479,tanger,de la plage,188,SAFE_25,De La Plage à Tanger
181497,7785494,casablanca,lissasfa,104,SAFE_25,Lissasfa à Casablanca
181499,7785534,casablanca,bourgogne ouest,380,SAFE_25,Bourgogne Ouest à Casablanca
181508,7785572,mohammedia,nassim,37,SAFE_25,Nassim à Mohammedia
181510,7785578,casablanca,la gironde,122,SAFE_25,La Gironde à Casablanca
181514,7785613,casablanca,sidi maarouf,518,SAFE_25,Sidi Maarouf à Casablanca
181516,7785635,rabat,souissi,566,SAFE_25,Souissi à Rabat
181517,7785636,tanger,mozart,64,SAFE_25,Mozart à Tanger
181518,7785652,casablanca,ain borja,88,SAFE_25,Ain Borja à Casablanca
181519,7785682,kenitra,mimosas,57,SAFE_25,Mimosas à Kénitra
181521,7785703,tanger,tanja balia,220,SAFE_25,Tanja Balia à Tanger
181522,7785734,marrakech,ennakhil palmeraie,469,SAFE_25,Ennakhil (Palmeraie) à Marrakech
181523,7785737,casablanca,beausite,41,SAFE_25,Beausite à Casablanca
181524,7785738,tetouan,route de ceuta,19,SAFE_10,Route de Ceuta à Tétouan
181525,7785765,casablanca,fonciere,22,SAFE_10,Foncière à Casablanca
181526,7785775,agadir,hay houda,65,SAFE_25,Hay Houda à Agadir
181527,7785776,agadir,hay houda,65,SAFE_25,Hay Houda à Agadir
181528,7785777,agadir,hay dakhla,57,SAFE_25,Hay Dakhla à Agadir
181529,7785780,marrakech,ennakhil palmeraie,469,SAFE_25,Ennakhil (Palmeraie) à Marrakech
181530,7785783,marrakech,gueliz,1250,SAFE_25,Guéliz à Marrakech
181532,7785867,marrakech,camp al ghoul,112,SAFE_25,Camp Al Ghoul à Marrakech
181534,7785903,casablanca,oulfa,409,SAFE_25,Oulfa à Casablanca
181535,7785917,casablanca,les princesses,332,SAFE_25,Les princesses à Casablanca
181541,7786040,casablanca,californie,735,SAFE_25,Californie à Casablanca
181542,7786041,marrakech,gueliz,1250,SAFE_25,Guéliz à Marrakech
181544,7786076,casablanca,sidi moumen,119,SAFE_25,Sidi Moumen à Casablanca
181546,7786128,casablanca,bourgogne ouest,380,SAFE_25,Bourgogne Ouest à Casablanca
181547,7786139,casablanca,oasis,332,SAFE_25,Oasis à Casablanca
181548,7786142,casablanca,ferme bretonne hay arraha,189,SAFE_25,Ferme Bretonne (Hay Arraha) à Casablanca
181549,7786145,tetouan,martil,5,SAFE_5,Martil à Tétouan
181550,7786150,casablanca,ferme bretonne hay arraha,189,SAFE_25,Ferme Bretonne (Hay Arraha) à Casablanca
181551,7786152,casablanca,sidi moumen,119,SAFE_25,Sidi Moumen à Casablanca
181553,7786166,casablanca,gauthier,422,SAFE_25,Gauthier à Casablanca
181554,7786170,sale,sala el jadida,84,SAFE_25,Sala el Jadida à Salé
181555,7786171,casablanca,les hopitaux,385,SAFE_25,Les Hôpitaux à Casablanca
181556,7786181,casablanca,hermitage,63,SAFE_25,Hermitage à Casablanca
181557,7786182,mohammedia,rachidia,5,SAFE_5,Rachidia à Mohammedia
181558,7786195,casablanca,maarif,326,SAFE_25,Maârif à Casablanca
181559,7786207,casablanca,hermitage,63,SAFE_25,Hermitage à Casablanca
181560,7786211,fes,zouagha bas,5,SAFE_5,Zouagha Bas à Fès
181567,7786252,casablanca,ain sebaa,344,SAFE_25,Aïn Sebaâ à Casablanca
181568,7786253,casablanca,tacharouk hay al walaa,29,SAFE_25,Tacharouk (Hay Al Walaa) à Casablanca
181569,7786258,el jadida,hay essalam,49,SAFE_25,Hay Essalam à El Jadida
181570,7786295,casablanca,ain sebaa,344,SAFE_25,Aïn Sebaâ à Casablanca
181571,7786306,casablanca,bourgogne ouest,380,SAFE_25,Bourgogne Ouest à Casablanca
181572,7786309,marrakech,sanaoubar,15,SAFE_10,Sanaoubar à Marrakech
181575,7786326,rabat,agdal,313,SAFE_25,Agdal à Rabat
181577,7786363,casablanca,californie,735,SAFE_25,Californie à Casablanca
181578,7786370,marrakech,hivernage,273,SAFE_25,Hivernage à Marrakech
181579,7786396,casablanca,anfa,374,SAFE_25,Anfa à Casablanca
181584,7786452,fes,route immouzer,38,SAFE_25,Route Immouzer à Fès
181586,7786480,sale,frougui,1,LOW,Frougui à Salé
181590,7786526,casablanca,anfa,374,SAFE_25,Anfa à Casablanca
181592,7786544,bouznika,plage oued cherrat,118,SAFE_25,Plage Oued Cherrat à Bouznika
181593,7786549,casablanca,hay alamal,11,SAFE_10,Hay Alamal à Casablanca
181594,7786555,rabat,hassan centre ville,119,SAFE_25,Hassan - Centre Ville à Rabat
181595,7786556,rabat,hassan centre ville,119,SAFE_25,Hassan - Centre Ville à Rabat
181596,7786563,marrakech,camp al ghoul,112,SAFE_25,Camp Al Ghoul à Marrakech
181598,7786576,casablanca,les hopitaux,385,SAFE_25,Les Hôpitaux à Casablanca
181600,7786650,casablanca,maarif extension,351,SAFE_25,Maârif Extension à Casablanca
181601,7786672,casablanca,roches noires,198,SAFE_25,Roches Noires à Casablanca
181602,7786720,casablanca,bernoussi,99,SAFE_25,Bernoussi à Casablanca
181604,7786736,marrakech,boulevard med 6,124,SAFE_25,Boulevard Med 6 à Marrakech
181606,7786753,casablanca,roches noires,198,SAFE_25,Roches Noires à Casablanca
181609,7786765,casablanca,ain sebaa,344,SAFE_25,Aïn Sebaâ à Casablanca
181610,7786773,casablanca,roches noires,198,SAFE_25,Roches Noires à Casablanca
181614,7786868,agadir,bouargane,6,SAFE_5,Bouargane à Agadir
181616,7786923,tetouan,ziana,8,SAFE_5,Ziana à Tétouan
181617,7786932,sale,hay rahma,10,SAFE_10,Hay Rahma à Salé
181619,7786997,agadir,hay mohammadi,183,SAFE_25,Hay Mohammadi à Agadir
181621,7787009,rabat,agdal,313,SAFE_25,Agdal à Rabat
181622,7787016,casablanca,beausejour,150,SAFE_25,Beauséjour à Casablanca
181623,7787020,rabat,agdal,313,SAFE_25,Agdal à Rabat
181624,7787031,essaouira,nouvelle ville,28,SAFE_25,Nouvelle Ville à Essaouira
181625,7787033,casablanca,mers sultan,170,SAFE_25,Mers Sultan à Casablanca
181626,7787034,rabat,riyad,566,SAFE_25,Riyad à Rabat
181627,7787039,agadir,hay mohammadi,183,SAFE_25,Hay Mohammadi à Agadir
181636,7787079,marrakech,route de safi,237,SAFE_25,Route de Safi à Marrakech
181638,7787084,marrakech,route de l ourika,877,SAFE_25,Route de l'Ourika à Marrakech
181641,7787105,kenitra,oulad wjih,62,SAFE_25,Oulad Wjih à Kénitra
181642,7787109,kenitra,oulad wjih,62,SAFE_25,Oulad Wjih à Kénitra
181643,7787135,mohammedia,monica,17,SAFE_10,Monica à Mohammedia
181644,7787151,casablanca,hay hassani,116,SAFE_25,Hay Hassani à Casablanca
181645,7787164,meknes,al bassatine,56,SAFE_25,Al bassatine à Meknes
181647,7787193,casablanca,bourgogne ouest,380,SAFE_25,Bourgogne Ouest à Casablanca
181649,7787228,fes,hay raha,1,LOW,Hay Raha à Fès
181650,7787229,casablanca,al qods,132,SAFE_25,Al Qods à Casablanca
181653,7787253,casablanca,les princesses,332,SAFE_25,Les princesses à Casablanca
181655,7787266,bouznika,quartier industriel,31,SAFE_25,Quartier Industriel à Bouznika
181656,7787288,marrakech,boulevard med 6,124,SAFE_25,Boulevard Med 6 à Marrakech
181657,7787305,temara,massira 2,27,SAFE_25,Massira 2 à Temara
181659,7787343,casablanca,nassim 1,64,SAFE_25,Nassim 1 à Casablanca
181661,7787377,casablanca,gauthier,422,SAFE_25,Gauthier à Casablanca
181662,7787380,casablanca,les princesses,332,SAFE_25,Les princesses à Casablanca
181664,7787410,marrakech,route casablanca,269,SAFE_25,Route Casablanca à Marrakech
181666,7787431,marrakech,gueliz,1250,SAFE_25,Guéliz à Marrakech
181667,7787443,casablanca,franceville,76,SAFE_25,Franceville à Casablanca
181668,7787450,casablanca,la gironde,122,SAFE_25,La Gironde à Casablanca
181671,7787485,marrakech,gueliz,1250,SAFE_25,Guéliz à Marrakech
181672,7787527,marrakech,issil,29,SAFE_25,Issil à Marrakech
181673,7787531,tanger,marjane,165,SAFE_25,Marjane à Tanger
181674,7787552,temara,maghreb arabi,7,SAFE_5,Maghreb Arabi à Temara
181675,7787557,fes,l habitat,6,SAFE_5,L'habitat à Fès
181676,7787582,marrakech,route casablanca,269,SAFE_25,Route Casablanca à Marrakech
181677,7787604,rabat,l ocean,61,SAFE_25,L'Ocean à Rabat
181679,7787644,fes,route de meknes,13,SAFE_10,Route de Meknes à Fès
181680,7787646,casablanca,hay moulay rachid 1,12,SAFE_10,Hay Moulay Rachid 1 à Casablanca
181682,7787656,fes,route ain chkaf,51,SAFE_25,Route ain Chkaf à Fès
181683,7787663,rabat,hassan centre ville,119,SAFE_25,Hassan - Centre Ville à Rabat
181687,7787721,casablanca,racine,596,SAFE_25,Racine à Casablanca
181689,7787737,casablanca,californie,735,SAFE_25,Californie à Casablanca
181693,7787775,sale,hay chmaou,56,SAFE_25,Hay Chmaou à Salé
181694,7787811,casablanca,anfa,374,SAFE_25,Anfa à Casablanca
181696,7787825,casablanca,roches noires,198,SAFE_25,Roches Noires à Casablanca
181697,7787826,rabat,l ocean,61,SAFE_25,L'Ocean à Rabat
181699,7787836,casablanca,hay hassani,116,SAFE_25,Hay Hassani à Casablanca
181700,7787837,oujda,zitoune,1,LOW,Zitoune à Oujda
181702,7787844,casablanca,casablanca finance city,208,SAFE_25,Casablanca Finance City à Casablanca
181705,7787880,casablanca,californie,735,SAFE_25,Californie à Casablanca
181706,7787882,tanger,aharrarine,37,SAFE_25,Aharrarine à Tanger
181707,7787891,marrakech,daoudiat,64,SAFE_25,Daoudiat à Marrakech
181712,7787934,rabat,l ocean,61,SAFE_25,L'Ocean à Rabat
181714,7787945,casablanca,gauthier,422,SAFE_25,Gauthier à Casablanca
181719,7787971,rabat,riyad,566,SAFE_25,Riyad à Rabat
181722,7787976,marrakech,route casablanca,269,SAFE_25,Route Casablanca à Marrakech
181723,7787989,casablanca,racine extension,51,SAFE_25,Racine Extension à Casablanca
181724,7788005,casablanca,roches noires,198,SAFE_25,Roches Noires à Casablanca
181726,7788046,marrakech,gueliz,1250,SAFE_25,Guéliz à Marrakech
181727,7788066,casablanca,maarif,326,SAFE_25,Maârif à Casablanca
181728,7788102,casablanca,ferme bretonne hay arraha,189,SAFE_25,Ferme Bretonne (Hay Arraha) à Casablanca
181729,7788115,sale,sala el jadida,84,SAFE_25,Sala el Jadida à Salé
181732,7788181,casablanca,casablanca finance city,208,SAFE_25,Casablanca Finance City à Casablanca
181733,7788203,marrakech,gueliz,1250,SAFE_25,Guéliz à Marrakech
181734,7788213,el jadida,hay essalam,49,SAFE_25,Hay Essalam à El Jadida
181735,7788227,marrakech,route casablanca,269,SAFE_25,Route Casablanca à Marrakech
181736,7788229,marrakech,route de safi,237,SAFE_25,Route de Safi à Marrakech
181737,7788241,casablanca,californie,735,SAFE_25,Californie à Casablanca
181740,7788273,rabat,riyad,566,SAFE_25,Riyad à Rabat
181741,7788275,casablanca,al qods,132,SAFE_25,Al Qods à Casablanca
181742,7788337,tanger,branes 2,42,SAFE_25,Branes 2 à Tanger
181743,7788339,casablanca,californie,735,SAFE_25,Californie à Casablanca
181744,7788346,marrakech,gueliz,1250,SAFE_25,Guéliz à Marrakech
181745,7788355,casablanca,maarif extension,351,SAFE_25,Maârif Extension à Casablanca
181746,7788359,el jadida,narjiss,7,SAFE_5,Narjiss à El Jadida
181749,7788384,fes,champ de course,17,SAFE_10,Champ de course à Fès
181750,7788387,rabat,agdal,313,SAFE_25,Agdal à Rabat
181751,7788400,marrakech,ennakhil palmeraie,469,SAFE_25,Ennakhil (Palmeraie) à Marrakech
181752,7788426,casablanca,maarif,326,SAFE_25,Maârif à Casablanca
181758,7788492,casablanca,maarif extension,351,SAFE_25,Maârif Extension à Casablanca
181760,7788514,marrakech,hivernage,273,SAFE_25,Hivernage à Marrakech
181762,7788532,casablanca,beausejour,150,SAFE_25,Beauséjour à Casablanca
181764,7788555,marrakech,gueliz,1250,SAFE_25,Guéliz à Marrakech
181765,7788563,casablanca,californie,735,SAFE_25,Californie à Casablanca
181769,7788605,agadir,founti,96,SAFE_25,Founti à Agadir
181770,7788614,casablanca,belvedere,301,SAFE_25,Belvédère à Casablanca
181771,7788618,rabat,riyad,566,SAFE_25,Riyad à Rabat
181772,7788619,casablanca,hay hassani,116,SAFE_25,Hay Hassani à Casablanca
181773,7788626,marrakech,route de safi,237,SAFE_25,Route de Safi à Marrakech
181774,7788641,casablanca,bourgogne ouest,380,SAFE_25,Bourgogne Ouest à Casablanca
181775,7788655,meknes,hamria,152,SAFE_25,Hamria à Meknes
181778,7788685,marrakech,route casablanca,269,SAFE_25,Route Casablanca à Marrakech
181779,7788686,marrakech,majorelle,157,SAFE_25,Majorelle à Marrakech
181780,7788687,sale,abouab sala,17,SAFE_10,Abouab Sala à Salé
181781,7788691,sale,sala el jadida,84,SAFE_25,Sala el Jadida à Salé
181782,7788700,marrakech,route casablanca,269,SAFE_25,Route Casablanca à Marrakech
181785,7788716,casablanca,gauthier,422,SAFE_25,Gauthier à Casablanca
181786,7788725,tanger,mozart,64,SAFE_25,Mozart à Tanger
181787,7788750,casablanca,gauthier,422,SAFE_25,Gauthier à Casablanca
181788,7788751,casablanca,oulfa,409,SAFE_25,Oulfa à Casablanca
181789,7788754,rabat,agdal,313,SAFE_25,Agdal à Rabat
181792,7788803,marrakech,gueliz,1250,SAFE_25,Guéliz à Marrakech
181793,7788811,meknes,marjane,146,SAFE_25,Marjane à Meknes
181794,7788829,marrakech,gueliz,1250,SAFE_25,Guéliz à Marrakech
181795,7788886,casablanca,bourgogne ouest,380,SAFE_25,Bourgogne Ouest à Casablanca
181798,7788952,casablanca,bourgogne est,157,SAFE_25,Bourgogne Est à Casablanca
181799,7788961,casablanca,derb ghalef,98,SAFE_25,Derb Ghalef à Casablanca
181800,7788963,marrakech,route d agadir essaouira,143,SAFE_25,Route d'Agadir - Essaouira à Marrakech
181801,7788997,tetouan,aeroport,13,SAFE_10,Aeroport à Tétouan
181802,7789003,tetouan,bled,9,SAFE_5,Bled à Tétouan
181803,7789015,casablanca,californie,735,SAFE_25,Californie à Casablanca
181804,7789029,casablanca,les cretes,14,SAFE_10,Les Crêtes à Casablanca
181805,7789046,casablanca,les hopitaux,385,SAFE_25,Les Hôpitaux à Casablanca
181806,7789054,tanger,marjane,165,SAFE_25,Marjane à Tanger
181807,7789060,casablanca,sidi el khadir,14,SAFE_10,Sidi El Khadir à Casablanca
181808,7789071,casablanca,oulfa,409,SAFE_25,Oulfa à Casablanca
181809,7789072,casablanca,beausejour,150,SAFE_25,Beauséjour à Casablanca
181811,7789082,casablanca,les hopitaux,385,SAFE_25,Les Hôpitaux à Casablanca
181813,7789092,rabat,agdal,313,SAFE_25,Agdal à Rabat
181814,7789096,casablanca,californie,735,SAFE_25,Californie à Casablanca
181815,7789100,casablanca,les princesses,332,SAFE_25,Les princesses à Casablanca
181816,7789109,casablanca,burger,53,SAFE_25,Burger à Casablanca
181818,7789120,marrakech,mhamid,253,SAFE_25,Mhamid à Marrakech
181820,7789142,marrakech,camp al ghoul,112,SAFE_25,Camp Al Ghoul à Marrakech
181821,7789144,casablanca,moulay youssef,31,SAFE_25,Moulay Youssef à Casablanca
181822,7789145,casablanca,les hopitaux,385,SAFE_25,Les Hôpitaux à Casablanca
181823,7789146,marrakech,hivernage,273,SAFE_25,Hivernage à Marrakech
181824,7789155,casablanca,triangle d or,142,SAFE_25,Triangle d'Or à Casablanca
181825,7789158,casablanca,racine,596,SAFE_25,Racine à Casablanca
181826,7789169,casablanca,oulfa,409,SAFE_25,Oulfa à Casablanca
181827,7789177,casablanca,maarif extension,351,SAFE_25,Maârif Extension à Casablanca
181828,7789181,casablanca,palmier,340,SAFE_25,Palmier à Casablanca
181830,7789194,casablanca,burger,53,SAFE_25,Burger à Casablanca
181831,7789202,casablanca,bourgogne ouest,380,SAFE_25,Bourgogne Ouest à Casablanca
181832,7789206,essaouira,borj,16,SAFE_10,Borj à Essaouira
181833,7789224,essaouira,borj,16,SAFE_10,Borj à Essaouira
181834,7789230,casablanca,beausejour,150,SAFE_25,Beauséjour à Casablanca
181836,7789247,marrakech,samlalia,132,SAFE_25,Samlalia à Marrakech
181839,7789263,casablanca,racine,596,SAFE_25,Racine à Casablanca
181840,7789266,casablanca,les hopitaux,385,SAFE_25,Les Hôpitaux à Casablanca
181842,7789281,marrakech,gueliz,1250,SAFE_25,Guéliz à Marrakech
181843,7789290,marrakech,gueliz,1250,SAFE_25,Guéliz à Marrakech
181844,7789291,rabat,diour jamaa,38,SAFE_25,Diour Jamaa à Rabat
181846,7789303,casablanca,californie,735,SAFE_25,Californie à Casablanca
181847,7789310,agadir,secteur touristique,92,SAFE_25,Secteur Touristique à Agadir
181848,7789321,casablanca,maarif extension,351,SAFE_25,Maârif Extension à Casablanca
181849,7789331,casablanca,les princesses,332,SAFE_25,Les princesses à Casablanca
181852,7789372,casablanca,ain diab extension,188,SAFE_25,Ain Diab Extension à Casablanca
181853,7789377,casablanca,val fleury,190,SAFE_25,Val Fleury à Casablanca
181854,7789385,casablanca,bourgogne ouest,380,SAFE_25,Bourgogne Ouest à Casablanca
181855,7789388,marrakech,route de safi,237,SAFE_25,Route de Safi à Marrakech
181856,7789396,casablanca,mers sultan,170,SAFE_25,Mers Sultan à Casablanca
181857,7789399,casablanca,maarif extension,351,SAFE_25,Maârif Extension à Casablanca
181858,7789420,casablanca,palmier,340,SAFE_25,Palmier à Casablanca
181859,7789434,marrakech,amelkis,224,SAFE_25,Amelkis à Marrakech
181861,7789439,casablanca,sidi moumen,119,SAFE_25,Sidi Moumen à Casablanca
181862,7789440,casablanca,anfa,374,SAFE_25,Anfa à Casablanca
181864,7789477,tetouan,route de ceuta,19,SAFE_10,Route de Ceuta à Tétouan
181866,7789532,marrakech,gueliz,1250,SAFE_25,Guéliz à Marrakech
181868,7789540,casablanca,oulfa,409,SAFE_25,Oulfa à Casablanca
181869,7789555,casablanca,oulfa,409,SAFE_25,Oulfa à Casablanca
181870,7789560,temara,riad oulad mtaa,35,SAFE_25,Riad Oulad Mtaa à Temara
181871,7789604,casablanca,casablanca finance city,208,SAFE_25,Casablanca Finance City à Casablanca
181873,7789614,kenitra,oulad wjih,62,SAFE_25,Oulad Wjih à Kénitra
181874,7789622,casablanca,casablanca finance city,208,SAFE_25,Casablanca Finance City à Casablanca
181875,7789630,casablanca,les princesses,332,SAFE_25,Les princesses à Casablanca
181876,7789640,agadir,hay salam,64,SAFE_25,Hay Salam à Agadir
181877,7789642,casablanca,maarif,326,SAFE_25,Maârif à Casablanca
181879,7789648,casablanca,racine,596,SAFE_25,Racine à Casablanca
181880,7789700,rabat,agdal,313,SAFE_25,Agdal à Rabat
181881,7789734,temara,riad oulad mtaa,35,SAFE_25,Riad Oulad Mtaa à Temara
181884,7789756,rabat,riyad,566,SAFE_25,Riyad à Rabat
181885,7789764,marrakech,izdihar,97,SAFE_25,Izdihar à Marrakech
181888,7789783,fes,nouvelle ville,31,SAFE_25,Nouvelle Ville à Fès
181890,7789811,marrakech,gueliz,1250,SAFE_25,Guéliz à Marrakech
181891,7789818,casablanca,maarif,326,SAFE_25,Maârif à Casablanca
181892,7789823,kenitra,mimosas,57,SAFE_25,Mimosas à Kénitra
181893,7789828,casablanca,la gironde,122,SAFE_25,La Gironde à Casablanca
181895,7789845,temara,massira 3,13,SAFE_10,Massira 3 à Temara
181897,7789877,casablanca,zone industrielle moulay rachid,14,SAFE_10,Zone Industrielle Moulay Rachid à Casablanca
181898,7789886,agadir,haut founty,47,SAFE_25,Haut Founty à Agadir
181899,7789913,casablanca,polo,90,SAFE_25,Polo à Casablanca
181901,7789921,marrakech,route de safi,237,SAFE_25,Route de Safi à Marrakech
181902,7789935,marrakech,route de fez,469,SAFE_25,Route de Fez à Marrakech
181903,7789954,rabat,agdal,313,SAFE_25,Agdal à Rabat
181906,7789975,marrakech,gueliz,1250,SAFE_25,Guéliz à Marrakech
181907,7789986,rabat,riyad,566,SAFE_25,Riyad à Rabat
181908,7790005,rabat,diour jamaa,38,SAFE_25,Diour Jamaa à Rabat
181909,7790009,casablanca,mers sultan,170,SAFE_25,Mers Sultan à Casablanca
181910,7790010,rabat,riyad,566,SAFE_25,Riyad à Rabat
181912,7790014,casablanca,beausejour,150,SAFE_25,Beauséjour à Casablanca
181913,7790016,marrakech,gueliz,1250,SAFE_25,Guéliz à Marrakech
181914,7790021,tanger,aharrarine,37,SAFE_25,Aharrarine à Tanger
181920,7790115,casablanca,mandarona,87,SAFE_25,Mandarona à Casablanca
181921,7790116,casablanca,hay chrifa,49,SAFE_25,Hay Chrifa à Casablanca
181923,7790123,sale,hay chmaou,56,SAFE_25,Hay Chmaou à Salé
181924,7790169,tetouan,taboula,14,SAFE_10,Taboula à Tétouan
181926,7790233,rabat,diour jamaa,38,SAFE_25,Diour Jamaa à Rabat
181928,7790267,marrakech,ennakhil palmeraie,469,SAFE_25,Ennakhil (Palmeraie) à Marrakech
181930,7790295,tanger,de la plage,188,SAFE_25,De La Plage à Tanger
181931,7790335,casablanca,sidi moumen,119,SAFE_25,Sidi Moumen à Casablanca
181933,7790374,casablanca,beausejour,150,SAFE_25,Beauséjour à Casablanca
181934,7790386,marrakech,mhamid,253,SAFE_25,Mhamid à Marrakech
181936,7790421,rabat,riyad,566,SAFE_25,Riyad à Rabat
181938,7790437,casablanca,sidi moumen,119,SAFE_25,Sidi Moumen à Casablanca
181939,7790440,marrakech,les portes de marrakech,94,SAFE_25,Les Portes de Marrakech à Marrakech
181940,7790457,sale,el qods,7,SAFE_5,El Qods à Salé
181942,7790487,tanger,el majd,13,SAFE_10,El Majd à Tanger
181943,7790503,marrakech,route d agadir essaouira,143,SAFE_25,Route d'Agadir - Essaouira à Marrakech
181945,7790525,marrakech,samlalia,132,SAFE_25,Samlalia à Marrakech
181947,7790557,el jadida,quartier aerodrome,20,SAFE_10,Quartier Aérodrome à El Jadida
181951,7790573,casablanca,hay rajaa,3,LOW,Hay Rajaa à Casablanca
181952,7790584,benslimane,golf de benslimane,48,SAFE_25,Golf de Benslimane à Benslimane
181953,7790589,marrakech,gueliz,1250,SAFE_25,Guéliz à Marrakech
181954,7790591,marrakech,samlalia,132,SAFE_25,Samlalia à Marrakech
181955,7790598,marrakech,gueliz,1250,SAFE_25,Guéliz à Marrakech
181956,7790599,tanger,zone industrielle mghogha,41,SAFE_25,Zone Industrielle Mghogha à Tanger
181958,7790624,essaouira,le boulevard mohammed v,4,LOW,Le boulevard Mohammed V à Essaouira
181960,7790636,casablanca,ain chock,119,SAFE_25,Ain Chock à Casablanca
181961,7790637,casablanca,cil hay salam,225,SAFE_25,CIL (Hay Salam) à Casablanca
181962,7790644,fes,mont fleuri,13,SAFE_10,Mont Fleuri à Fès
181963,7790648,fes,hay gryou,1,LOW,Hay Gryou à Fès
181964,7790659,fes,hay gryou,1,LOW,Hay Gryou à Fès
181965,7790663,casablanca,mandarona,87,SAFE_25,Mandarona à Casablanca
181967,7790672,marrakech,route casablanca,269,SAFE_25,Route Casablanca à Marrakech
181970,7790685,casablanca,hay sadri,7,SAFE_5,Hay Sadri à Casablanca
181971,7790688,kenitra,oulad wjih,62,SAFE_25,Oulad Wjih à Kénitra
181972,7790690,kenitra,oulad wjih,62,SAFE_25,Oulad Wjih à Kénitra
181974,7790702,casablanca,belvedere,301,SAFE_25,Belvédère à Casablanca
181978,7790735,mohammedia,quartier du parc,79,SAFE_25,Quartier du Parc à Mohammedia
181979,7790743,marrakech,route de safi,237,SAFE_25,Route de Safi à Marrakech
181981,7790746,casablanca,maarif extension,351,SAFE_25,Maârif Extension à Casablanca
181983,7790754,casablanca,les hopitaux,385,SAFE_25,Les Hôpitaux à Casablanca
181986,7790761,casablanca,sidi moumen,119,SAFE_25,Sidi Moumen à Casablanca
181989,7790788,rabat,agdal,313,SAFE_25,Agdal à Rabat
181990,7790789,kenitra,oulad wjih,62,SAFE_25,Oulad Wjih à Kénitra
181991,7790791,meknes,marjane,146,SAFE_25,Marjane à Meknes
181992,7790793,kenitra,oulad wjih,62,SAFE_25,Oulad Wjih à Kénitra
181993,7790795,kenitra,oulad wjih,62,SAFE_25,Oulad Wjih à Kénitra
181994,7790809,fes,hay gryou,1,LOW,Hay Gryou à Fès
181995,7790810,benslimane,alfilline,21,SAFE_10,Alfilline à Benslimane
181997,7790833,casablanca,les hopitaux,385,SAFE_25,Les Hôpitaux à Casablanca
181999,7790850,casablanca,bernoussi,99,SAFE_25,Bernoussi à Casablanca
182000,7790861,marrakech,massira 2,22,SAFE_10,Massira 2 à Marrakech
182001,7790868,casablanca,la vilette,15,SAFE_10,La Vilette à Casablanca
182003,7790875,agadir,hay al farah,26,SAFE_25,Hay Al Farah à Agadir
182005,7790897,rabat,souissi,566,SAFE_25,Souissi à Rabat
182006,7790914,casablanca,ain diab,457,SAFE_25,Ain Diab à Casablanca
182007,7790917,casablanca,mers sultan,170,SAFE_25,Mers Sultan à Casablanca
182008,7790923,el jadida,najmat al janoub,18,SAFE_10,Najmat Al Janoub à El Jadida
182009,7790926,casablanca,bournazil,16,SAFE_10,Bournazil à Casablanca
182010,7790932,casablanca,tantonville,33,SAFE_25,Tantonville à Casablanca
182011,7790939,marrakech,gueliz,1250,SAFE_25,Guéliz à Marrakech
182013,7790947,kenitra,oulad wjih,62,SAFE_25,Oulad Wjih à Kénitra
182014,7790957,fes,route ain chkaf,51,SAFE_25,Route ain Chkaf à Fès
182015,7790960,tanger,mesnana,96,SAFE_25,Mesnana à Tanger
182016,7790978,casablanca,maarif,326,SAFE_25,Maârif à Casablanca
182018,7791019,el jadida,quartier aerodrome,20,SAFE_10,Quartier Aérodrome à El Jadida
182019,7791021,casablanca,al farah dar essalam,11,SAFE_10,Al Farah Dar Essalam à Casablanca
182020,7791056,marrakech,gueliz,1250,SAFE_25,Guéliz à Marrakech
182022,7791069,casablanca,les princesses,332,SAFE_25,Les princesses à Casablanca
182023,7791086,casablanca,racine extension,51,SAFE_25,Racine Extension à Casablanca
182024,7791089,kenitra,mimosas,57,SAFE_25,Mimosas à Kénitra
182025,7791091,casablanca,anfa,374,SAFE_25,Anfa à Casablanca
182026,7791092,casablanca,gauthier,422,SAFE_25,Gauthier à Casablanca
182027,7791117,fes,agdal,12,SAFE_10,Agdal à Fès
182031,7791178,marrakech,gueliz,1250,SAFE_25,Guéliz à Marrakech
182032,7791185,agadir,tikiouine,18,SAFE_10,Tikiouine à Agadir
182033,7791213,temara,wifak,121,SAFE_25,Wifak à Temara
182034,7791219,tanger,mozart,64,SAFE_25,Mozart à Tanger
182036,7791261,casablanca,beausite,41,SAFE_25,Beausite à Casablanca
182039,7791325,casablanca,gauthier,422,SAFE_25,Gauthier à Casablanca
182045,7791450,meknes,marjane,146,SAFE_25,Marjane à Meknes
182047,7791474,casablanca,bourgogne ouest,380,SAFE_25,Bourgogne Ouest à Casablanca
182048,7791486,casablanca,bourgogne ouest,380,SAFE_25,Bourgogne Ouest à Casablanca
182050,7791501,casablanca,belvedere,301,SAFE_25,Belvédère à Casablanca
182051,7791523,casablanca,oulfa,409,SAFE_25,Oulfa à Casablanca
182052,7791534,el jadida,biranzarane,8,SAFE_5,Biranzarane à El Jadida
182055,7791560,rabat,riyad,566,SAFE_25,Riyad à Rabat
182056,7791577,el jadida,hay essalam,49,SAFE_25,Hay Essalam à El Jadida
182057,7791600,casablanca,ain chock,119,SAFE_25,Ain Chock à Casablanca
182059,7791607,marrakech,mhamid,253,SAFE_25,Mhamid à Marrakech
182060,7791620,marrakech,hay saada,42,SAFE_25,Hay Saada à Marrakech
182061,7791622,tanger,branes kdima,29,SAFE_25,Branes Kdima à Tanger
182063,7791644,agadir,hay mohammadi,183,SAFE_25,Hay Mohammadi à Agadir
182064,7791655,casablanca,oulfa,409,SAFE_25,Oulfa à Casablanca
182065,7791660,casablanca,oulfa,409,SAFE_25,Oulfa à Casablanca
182066,7791684,oujda,hay salam,10,SAFE_10,Hay salam à Oujda
182068,7791699,casablanca,gauthier,422,SAFE_25,Gauthier à Casablanca
182070,7791704,agadir,extension dakhla,15,SAFE_10,Extension Dakhla à Agadir
182071,7791707,casablanca,maarif extension,351,SAFE_25,Maârif Extension à Casablanca
182072,7791710,bouznika,assanaouber,16,SAFE_10,Assanaouber à Bouznika
182074,7791731,rabat,l ocean,61,SAFE_25,L'Ocean à Rabat
182075,7791733,rabat,riyad,566,SAFE_25,Riyad à Rabat
182076,7791748,casablanca,val fleury,190,SAFE_25,Val Fleury à Casablanca
182077,7791763,casablanca,moulay youssef,31,SAFE_25,Moulay Youssef à Casablanca
182078,7791789,casablanca,moulay youssef,31,SAFE_25,Moulay Youssef à Casablanca
182079,7791797,casablanca,moulay youssef,31,SAFE_25,Moulay Youssef à Casablanca
182081,7791818,casablanca,moulay youssef,31,SAFE_25,Moulay Youssef à Casablanca
182082,7791824,casablanca,moulay youssef,31,SAFE_25,Moulay Youssef à Casablanca
182083,7791828,casablanca,moulay youssef,31,SAFE_25,Moulay Youssef à Casablanca
182086,7791852,casablanca,moulay youssef,31,SAFE_25,Moulay Youssef à Casablanca
182088,7791873,casablanca,moulay youssef,31,SAFE_25,Moulay Youssef à Casablanca
182089,7791883,casablanca,racine,596,SAFE_25,Racine à Casablanca
182090,7791892,casablanca,bernoussi,99,SAFE_25,Bernoussi à Casablanca
182092,7791917,temara,harhoura,92,SAFE_25,Harhoura à Temara
182095,7791966,casablanca,roches noires,198,SAFE_25,Roches Noires à Casablanca
182096,7791973,casablanca,lahraouiyine,7,SAFE_5,Lahraouiyine à Casablanca
182097,7791976,casablanca,maarif,326,SAFE_25,Maârif à Casablanca
182100,7791998,casablanca,la vilette,15,SAFE_10,La Vilette à Casablanca
182103,7792036,tanger,mozart,64,SAFE_25,Mozart à Tanger
182104,7792044,marrakech,agdal,514,SAFE_25,Agdal à Marrakech
182105,7792066,casablanca,la vilette,15,SAFE_10,La Vilette à Casablanca
182106,7792067,casablanca,la vilette,15,SAFE_10,La Vilette à Casablanca
182107,7792071,casablanca,al qods,132,SAFE_25,Al Qods à Casablanca
182108,7792072,casablanca,belvedere,301,SAFE_25,Belvédère à Casablanca
182111,7792121,mohammedia,quartier du parc,79,SAFE_25,Quartier du Parc à Mohammedia
182112,7792127,tanger,administratif,164,SAFE_25,Administratif à Tanger
182113,7792134,tanger,de la plage,188,SAFE_25,De La Plage à Tanger
182114,7792140,kenitra,la ville haute,69,SAFE_25,La Ville Haute à Kénitra
182115,7792163,casablanca,oulfa,409,SAFE_25,Oulfa à Casablanca
182116,7792164,casablanca,oulfa,409,SAFE_25,Oulfa à Casablanca
182118,7792186,casablanca,les princesses,332,SAFE_25,Les princesses à Casablanca
182119,7792195,el jadida,najmat al janoub,18,SAFE_10,Najmat Al Janoub à El Jadida
182122,7792231,marrakech,gueliz,1250,SAFE_25,Guéliz à Marrakech
182123,7792251,casablanca,ain borja,88,SAFE_25,Ain Borja à Casablanca
182124,7792260,casablanca,racine,596,SAFE_25,Racine à Casablanca
182125,7792271,casablanca,salmia 2,26,SAFE_25,Salmia 2 à Casablanca
182126,7792273,agadir,hay mohammadi,183,SAFE_25,Hay Mohammadi à Agadir
182127,7792281,tanger,bel air val fleuri,128,SAFE_25,Bel Air - Val fleuri à Tanger
182128,7792289,tanger,mesnana,96,SAFE_25,Mesnana à Tanger
182131,7792313,casablanca,val fleury,190,SAFE_25,Val Fleury à Casablanca
182132,7792333,casablanca,hay chrifa,49,SAFE_25,Hay Chrifa à Casablanca
182133,7792345,kenitra,oulad wjih,62,SAFE_25,Oulad Wjih à Kénitra
182134,7792347,mohammedia,hay annasr,4,LOW,Hay Annasr à Mohammedia
182136,7792361,casablanca,sidi moumen,119,SAFE_25,Sidi Moumen à Casablanca
182137,7792370,agadir,al wifaq,38,SAFE_25,Al Wifaq à Agadir
182139,7792382,marrakech,gueliz,1250,SAFE_25,Guéliz à Marrakech
182140,7792392,casablanca,casablanca finance city,208,SAFE_25,Casablanca Finance City à Casablanca
182143,7792403,marrakech,route casablanca,269,SAFE_25,Route Casablanca à Marrakech
182144,7792414,casablanca,gauthier,422,SAFE_25,Gauthier à Casablanca
182145,7792415,casablanca,gauthier,422,SAFE_25,Gauthier à Casablanca
182146,7792416,casablanca,gauthier,422,SAFE_25,Gauthier à Casablanca
182147,7792417,casablanca,gauthier,422,SAFE_25,Gauthier à Casablanca
182148,7792418,casablanca,gauthier,422,SAFE_25,Gauthier à Casablanca
182149,7792420,casablanca,gauthier,422,SAFE_25,Gauthier à Casablanca
182152,7792431,casablanca,la gironde,122,SAFE_25,La Gironde à Casablanca
182153,7792432,casablanca,belvedere,301,SAFE_25,Belvédère à Casablanca
182155,7792434,casablanca,les princesses,332,SAFE_25,Les princesses à Casablanca
182157,7792438,casablanca,racine,596,SAFE_25,Racine à Casablanca
182158,7792439,casablanca,mers sultan,170,SAFE_25,Mers Sultan à Casablanca
182159,7792442,casablanca,bourgogne ouest,380,SAFE_25,Bourgogne Ouest à Casablanca
182160,7792443,casablanca,mers sultan,170,SAFE_25,Mers Sultan à Casablanca
182163,7792451,casablanca,ain borja,88,SAFE_25,Ain Borja à Casablanca
182166,7792458,casablanca,maarif extension,351,SAFE_25,Maârif Extension à Casablanca
182167,7792459,casablanca,bourgogne ouest,380,SAFE_25,Bourgogne Ouest à Casablanca
182168,7792463,casablanca,oulfa,409,SAFE_25,Oulfa à Casablanca
182169,7792464,casablanca,oulfa,409,SAFE_25,Oulfa à Casablanca
182170,7792467,casablanca,bournazil,16,SAFE_10,Bournazil à Casablanca
182171,7792469,casablanca,maarif extension,351,SAFE_25,Maârif Extension à Casablanca
182172,7792471,casablanca,bourgogne ouest,380,SAFE_25,Bourgogne Ouest à Casablanca
182173,7792476,temara,wifak,121,SAFE_25,Wifak à Temara
182175,7792502,casablanca,belvedere,301,SAFE_25,Belvédère à Casablanca
182176,7792511,casablanca,belvedere,301,SAFE_25,Belvédère à Casablanca
182177,7792555,marrakech,route casablanca,269,SAFE_25,Route Casablanca à Marrakech
182184,7792706,casablanca,sidi maarouf,518,SAFE_25,Sidi Maarouf à Casablanca
182186,7792768,marrakech,hay zitoun,8,SAFE_5,Hay Zitoun à Marrakech
182188,7792826,casablanca,roches noires,198,SAFE_25,Roches Noires à Casablanca
182189,7792836,marrakech,hay saada,42,SAFE_25,Hay Saada à Marrakech
182190,7792840,casablanca,bourgogne ouest,380,SAFE_25,Bourgogne Ouest à Casablanca
182192,7792853,marrakech,gueliz,1250,SAFE_25,Guéliz à Marrakech
182194,7792862,temara,wifak,121,SAFE_25,Wifak à Temara
182198,7792931,sale,sidi hajji,27,SAFE_25,Sidi Hajji à Salé
182199,7792965,casablanca,sidi maarouf,518,SAFE_25,Sidi Maarouf à Casablanca
182200,7792966,marrakech,daoudiat,64,SAFE_25,Daoudiat à Marrakech
182206,7793025,casablanca,mers sultan,170,SAFE_25,Mers Sultan à Casablanca
182207,7793028,el jadida,quartier aerodrome,20,SAFE_10,Quartier Aérodrome à El Jadida
182212,7793093,rabat,agdal,313,SAFE_25,Agdal à Rabat
182213,7793121,casablanca,gauthier,422,SAFE_25,Gauthier à Casablanca
182214,7793129,casablanca,bourgogne est,157,SAFE_25,Bourgogne Est à Casablanca
182215,7793130,rabat,riyad,566,SAFE_25,Riyad à Rabat
182216,7793136,casablanca,zone industrielle oukacha,27,SAFE_25,Zone Industrielle Oukacha à Casablanca
182217,7793139,casablanca,roches noires,198,SAFE_25,Roches Noires à Casablanca
182218,7793141,casablanca,maarif extension,351,SAFE_25,Maârif Extension à Casablanca
182220,7793150,tanger,aharrarine,37,SAFE_25,Aharrarine à Tanger
182221,7793151,casablanca,bourgogne ouest,380,SAFE_25,Bourgogne Ouest à Casablanca
182222,7793156,casablanca,bourgogne ouest,380,SAFE_25,Bourgogne Ouest à Casablanca
182223,7793166,marrakech,route de l ourika,877,SAFE_25,Route de l'Ourika à Marrakech
182224,7793168,casablanca,maarif extension,351,SAFE_25,Maârif Extension à Casablanca
182225,7793169,casablanca,burger,53,SAFE_25,Burger à Casablanca
182226,7793176,casablanca,palmier,340,SAFE_25,Palmier à Casablanca
182228,7793184,casablanca,palmier,340,SAFE_25,Palmier à Casablanca
182229,7793186,rabat,bouitate,1,LOW,Bouitate à Rabat
182232,7793213,casablanca,bernoussi,99,SAFE_25,Bernoussi à Casablanca
182233,7793216,casablanca,casablanca finance city,208,SAFE_25,Casablanca Finance City à Casablanca
182235,7793234,casablanca,palmier,340,SAFE_25,Palmier à Casablanca
182236,7793239,casablanca,palmier,340,SAFE_25,Palmier à Casablanca
182237,7793247,casablanca,bourgogne ouest,380,SAFE_25,Bourgogne Ouest à Casablanca
182238,7793251,casablanca,racine,596,SAFE_25,Racine à Casablanca
182240,7793262,kenitra,bir rami ouest,38,SAFE_25,Bir Rami Ouest à Kénitra
182241,7793268,meknes,marjane,146,SAFE_25,Marjane à Meknes
182242,7793272,casablanca,hay hassani,116,SAFE_25,Hay Hassani à Casablanca
182243,7793275,casablanca,racine,596,SAFE_25,Racine à Casablanca
182244,7793288,tanger,de la plage,188,SAFE_25,De La Plage à Tanger
182245,7793289,casablanca,racine,596,SAFE_25,Racine à Casablanca
182248,7793304,marrakech,ennakhil palmeraie,469,SAFE_25,Ennakhil (Palmeraie) à Marrakech
182254,7793353,marrakech,gueliz,1250,SAFE_25,Guéliz à Marrakech
182256,7793415,fes,route immouzer,38,SAFE_25,Route Immouzer à Fès
182257,7793416,casablanca,maarif extension,351,SAFE_25,Maârif Extension à Casablanca
182258,7793418,fes,zouagha,21,SAFE_10,Zouagha à Fès
182259,7793458,marrakech,gueliz,1250,SAFE_25,Guéliz à Marrakech
182260,7793475,kenitra,mimosas,57,SAFE_25,Mimosas à Kénitra
182261,7793501,fes,hay al azhar,11,SAFE_10,Hay Al Azhar à Fès
182262,7793515,casablanca,ahl loghlam hay assalam,21,SAFE_10,Ahl Loghlam (Hay Assalam) à Casablanca
182263,7793548,rabat,agdal,313,SAFE_25,Agdal à Rabat
182264,7793557,marrakech,route casablanca,269,SAFE_25,Route Casablanca à Marrakech
182266,7793580,casablanca,racine,596,SAFE_25,Racine à Casablanca
182268,7793602,casablanca,ain diab extension,188,SAFE_25,Ain Diab Extension à Casablanca
182273,7793681,tanger,tanger city center,86,SAFE_25,Tanger City Center à Tanger
182274,7793691,rabat,les oudayas,7,SAFE_5,Les Oudayas à Rabat
182275,7793698,tanger,mozart,64,SAFE_25,Mozart à Tanger
182279,7793780,marrakech,gueliz,1250,SAFE_25,Guéliz à Marrakech
182281,7793799,temara,harhoura,92,SAFE_25,Harhoura à Temara
182282,7793824,casablanca,casablanca finance city,208,SAFE_25,Casablanca Finance City à Casablanca
182283,7793829,casablanca,casablanca finance city,208,SAFE_25,Casablanca Finance City à Casablanca
182284,7793858,casablanca,californie,735,SAFE_25,Californie à Casablanca
182285,7793868,fes,hay bensouda,12,SAFE_10,Hay Bensouda à Fès
182286,7793877,casablanca,racine,596,SAFE_25,Racine à Casablanca
182287,7793883,rabat,souissi,566,SAFE_25,Souissi à Rabat
182288,7793885,sale,hay chmaou,56,SAFE_25,Hay Chmaou à Salé
182289,7793896,casablanca,racine,596,SAFE_25,Racine à Casablanca
182290,7793902,casablanca,racine,596,SAFE_25,Racine à Casablanca
182291,7793909,casablanca,sidi maarouf,518,SAFE_25,Sidi Maarouf à Casablanca
182292,7793920,marrakech,hivernage,273,SAFE_25,Hivernage à Marrakech
182294,7793956,marrakech,route de safi,237,SAFE_25,Route de Safi à Marrakech
182299,7794013,marrakech,route casablanca,269,SAFE_25,Route Casablanca à Marrakech
182301,7794030,marrakech,route casablanca,269,SAFE_25,Route Casablanca à Marrakech
182303,7794034,marrakech,gueliz,1250,SAFE_25,Guéliz à Marrakech
182306,7794046,marrakech,gueliz,1250,SAFE_25,Guéliz à Marrakech
182309,7794055,casablanca,bourgogne est,157,SAFE_25,Bourgogne Est à Casablanca
182314,7794101,casablanca,ferme bretonne hay arraha,189,SAFE_25,Ferme Bretonne (Hay Arraha) à Casablanca
182316,7794120,kenitra,la ville haute,69,SAFE_25,La Ville Haute à Kénitra
182317,7794172,marrakech,route de ouarzazate,289,SAFE_25,Route de Ouarzazate à Marrakech
182318,7794204,casablanca,maarif,326,SAFE_25,Maârif à Casablanca
182320,7794283,tanger,moujahidine,132,SAFE_25,Moujahidine à Tanger
182321,7794288,casablanca,al azhar,21,SAFE_10,Al Azhar à Casablanca
182324,7794361,marrakech,hivernage,273,SAFE_25,Hivernage à Marrakech
182325,7794364,casablanca,maarif extension,351,SAFE_25,Maârif Extension à Casablanca
182327,7794402,casablanca,sidi moumen,119,SAFE_25,Sidi Moumen à Casablanca
182331,7794450,kenitra,maamora,58,SAFE_25,Maamora à Kénitra
182332,7794482,skhirat,plage rose maree,34,SAFE_25,Plage rose marée à Skhirat
182333,7794491,bouznika,plage oued cherrat,118,SAFE_25,Plage Oued Cherrat à Bouznika
182335,7794503,casablanca,ain sebaa,344,SAFE_25,Aïn Sebaâ à Casablanca
182336,7794511,casablanca,nassim 1,64,SAFE_25,Nassim 1 à Casablanca
182337,7794516,casablanca,les princesses,332,SAFE_25,Les princesses à Casablanca
182339,7794520,casablanca,roches noires,198,SAFE_25,Roches Noires à Casablanca
182343,7794550,casablanca,californie,735,SAFE_25,Californie à Casablanca
182345,7794555,casablanca,californie,735,SAFE_25,Californie à Casablanca
182346,7794556,casablanca,californie,735,SAFE_25,Californie à Casablanca
182349,7794561,tanger,marjane,165,SAFE_25,Marjane à Tanger
182350,7794562,casablanca,californie,735,SAFE_25,Californie à Casablanca
182351,7794563,casablanca,californie,735,SAFE_25,Californie à Casablanca
182353,7794568,casablanca,belvedere,301,SAFE_25,Belvédère à Casablanca
182354,7794569,casablanca,oulfa,409,SAFE_25,Oulfa à Casablanca
182356,7794574,casablanca,les hopitaux,385,SAFE_25,Les Hôpitaux à Casablanca
182357,7794579,casablanca,maarif,326,SAFE_25,Maârif à Casablanca
182359,7794621,tetouan,route de ceuta,19,SAFE_10,Route de Ceuta à Tétouan
182363,7794634,rabat,hassan centre ville,119,SAFE_25,Hassan - Centre Ville à Rabat
182364,7794637,casablanca,racine,596,SAFE_25,Racine à Casablanca
182366,7794655,rabat,hay nahda,43,SAFE_25,Hay Nahda à Rabat
182367,7794661,casablanca,maarif extension,351,SAFE_25,Maârif Extension à Casablanca
182368,7794668,casablanca,belvedere,301,SAFE_25,Belvédère à Casablanca
182369,7794684,casablanca,ferme bretonne hay arraha,189,SAFE_25,Ferme Bretonne (Hay Arraha) à Casablanca
182371,7794730,casablanca,triangle d or,142,SAFE_25,Triangle d'Or à Casablanca
182372,7794741,tanger,zone industrielle mghogha,41,SAFE_25,Zone Industrielle Mghogha à Tanger
182376,7794829,rabat,quartier administratif,9,SAFE_5,Quartier Administratif à Rabat
182377,7794830,temara,wifak,121,SAFE_25,Wifak à Temara
182378,7794839,tetouan,aeroport,13,SAFE_10,Aeroport à Tétouan
182380,7794845,tanger,bel air val fleuri,128,SAFE_25,Bel Air - Val fleuri à Tanger
182382,7794851,tanger,bel air val fleuri,128,SAFE_25,Bel Air - Val fleuri à Tanger
182383,7794868,marrakech,les portes de marrakech,94,SAFE_25,Les Portes de Marrakech à Marrakech
182386,7794911,casablanca,oulfa,409,SAFE_25,Oulfa à Casablanca
182388,7794920,casablanca,oasis,332,SAFE_25,Oasis à Casablanca
182390,7794925,casablanca,bourgogne ouest,380,SAFE_25,Bourgogne Ouest à Casablanca
182393,7794967,casablanca,maarif extension,351,SAFE_25,Maârif Extension à Casablanca
182396,7794989,casablanca,lekrimat,13,SAFE_10,Lekrimat à Casablanca
182398,7795019,kenitra,mimosas,57,SAFE_25,Mimosas à Kénitra
182399,7795049,tetouan,mounia,9,SAFE_5,Mounia à Tétouan
182401,7795052,tanger,administratif,164,SAFE_25,Administratif à Tanger
182402,7795056,temara,harhoura,92,SAFE_25,Harhoura à Temara
182403,7795060,casablanca,ferme bretonne hay arraha,189,SAFE_25,Ferme Bretonne (Hay Arraha) à Casablanca
182409,7795110,tanger,aharrarine,37,SAFE_25,Aharrarine à Tanger
182410,7795119,marrakech,gueliz,1250,SAFE_25,Guéliz à Marrakech
182411,7795127,bouznika,plage oued cherrat,118,SAFE_25,Plage Oued Cherrat à Bouznika
182413,7795142,tanger,hay hassani,92,SAFE_25,Hay Hassani à Tanger
182415,7795164,tanger,mesnana,96,SAFE_25,Mesnana à Tanger
182416,7795169,marrakech,hay saada,42,SAFE_25,Hay Saada à Marrakech
182418,7795185,marrakech,gueliz,1250,SAFE_25,Guéliz à Marrakech
182419,7795196,marrakech,route casablanca,269,SAFE_25,Route Casablanca à Marrakech
182423,7795217,rabat,hay nahda,43,SAFE_25,Hay Nahda à Rabat
182425,7795266,marrakech,route casablanca,269,SAFE_25,Route Casablanca à Marrakech
182426,7795275,casablanca,bourgogne ouest,380,SAFE_25,Bourgogne Ouest à Casablanca
182427,7795276,casablanca,sidi othmane,42,SAFE_25,Sidi Othmane à Casablanca
182431,7795298,casablanca,lissasfa,104,SAFE_25,Lissasfa à Casablanca
182433,7795305,casablanca,ain sebaa,344,SAFE_25,Aïn Sebaâ à Casablanca
182434,7795312,casablanca,racine,596,SAFE_25,Racine à Casablanca
182439,7795369,meknes,al bassatine,56,SAFE_25,Al bassatine à Meknes
182440,7795379,meknes,marjane,146,SAFE_25,Marjane à Meknes
182441,7795385,casablanca,racine,596,SAFE_25,Racine à Casablanca
182442,7795390,casablanca,bernoussi,99,SAFE_25,Bernoussi à Casablanca
182443,7795392,rabat,hassan centre ville,119,SAFE_25,Hassan - Centre Ville à Rabat
182446,7795409,casablanca,ain sebaa,344,SAFE_25,Aïn Sebaâ à Casablanca
182448,7795426,casablanca,belvedere,301,SAFE_25,Belvédère à Casablanca
182449,7795431,meknes,marjane,146,SAFE_25,Marjane à Meknes
182451,7795433,casablanca,bourgogne ouest,380,SAFE_25,Bourgogne Ouest à Casablanca
182453,7795443,rabat,agdal,313,SAFE_25,Agdal à Rabat
182455,7795451,casablanca,la gironde,122,SAFE_25,La Gironde à Casablanca
182456,7795457,casablanca,ain chock,119,SAFE_25,Ain Chock à Casablanca
182457,7795458,marrakech,ouasis,16,SAFE_10,Ouasis à Marrakech
182459,7795474,rabat,riyad,566,SAFE_25,Riyad à Rabat
182460,7795475,bouznika,plage oued cherrat,118,SAFE_25,Plage Oued Cherrat à Bouznika
182462,7795489,casablanca,alsace lorraine,43,SAFE_25,Alsace Lorraine à Casablanca
182464,7795507,rabat,riyad,566,SAFE_25,Riyad à Rabat
182465,7795514,tanger,rmilat,41,SAFE_25,Rmilat à Tanger
182466,7795516,marrakech,route casablanca,269,SAFE_25,Route Casablanca à Marrakech
182467,7795529,casablanca,maarif extension,351,SAFE_25,Maârif Extension à Casablanca
182468,7795536,rabat,hassan centre ville,119,SAFE_25,Hassan - Centre Ville à Rabat
182470,7795546,rabat,agdal,313,SAFE_25,Agdal à Rabat
182471,7795558,rabat,agdal,313,SAFE_25,Agdal à Rabat
182472,7795562,rabat,agdal,313,SAFE_25,Agdal à Rabat
182474,7795601,casablanca,oasis,332,SAFE_25,Oasis à Casablanca
182475,7795612,casablanca,maarif,326,SAFE_25,Maârif à Casablanca
182477,7795635,meknes,hamria,152,SAFE_25,Hamria à Meknes
182478,7795636,oujda,nour,2,LOW,Nour à Oujda
182479,7795639,marrakech,hay targa,491,SAFE_25,Hay Targa à Marrakech
182480,7795653,casablanca,bernoussi,99,SAFE_25,Bernoussi à Casablanca
182482,7795749,tanger,castilla,76,SAFE_25,Castilla à Tanger
182484,7795773,marrakech,gueliz,1250,SAFE_25,Guéliz à Marrakech
182486,7795813,casablanca,maarif,326,SAFE_25,Maârif à Casablanca
182487,7795849,temara,skikina,28,SAFE_25,Skikina à Temara
182488,7795850,agadir,hay mohammadi,183,SAFE_25,Hay Mohammadi à Agadir
182490,7795857,casablanca,oasis,332,SAFE_25,Oasis à Casablanca
182492,7795887,casablanca,mers sultan,170,SAFE_25,Mers Sultan à Casablanca
182495,7795919,casablanca,hay chrifa,49,SAFE_25,Hay Chrifa à Casablanca
182496,7795928,mohammedia,quartier du parc,79,SAFE_25,Quartier du Parc à Mohammedia
182498,7795960,casablanca,ain sebaa,344,SAFE_25,Aïn Sebaâ à Casablanca
182499,7795965,casablanca,les princesses,332,SAFE_25,Les princesses à Casablanca
182501,7795998,casablanca,sidi maarouf,518,SAFE_25,Sidi Maarouf à Casablanca
182503,7796020,rabat,l ocean,61,SAFE_25,L'Ocean à Rabat
182504,7796023,tanger,castilla,76,SAFE_25,Castilla à Tanger
182505,7796027,rabat,agdal,313,SAFE_25,Agdal à Rabat
182506,7796047,tanger,sania,64,SAFE_25,Sania à Tanger
182507,7796052,rabat,agdal,313,SAFE_25,Agdal à Rabat
182511,7796084,sale,tabriquet,37,SAFE_25,Tabriquet à Salé
182515,7796150,casablanca,bourgogne ouest,380,SAFE_25,Bourgogne Ouest à Casablanca
182520,7796196,casablanca,les hopitaux,385,SAFE_25,Les Hôpitaux à Casablanca
182523,7796228,kenitra,maamora,58,SAFE_25,Maamora à Kénitra
182524,7796244,casablanca,palmier,340,SAFE_25,Palmier à Casablanca
182526,7796251,casablanca,maarif extension,351,SAFE_25,Maârif Extension à Casablanca
182529,7796254,casablanca,gauthier,422,SAFE_25,Gauthier à Casablanca
182531,7796288,casablanca,mers sultan,170,SAFE_25,Mers Sultan à Casablanca
182532,7796299,casablanca,belvedere,301,SAFE_25,Belvédère à Casablanca
182533,7796330,tanger,moujahidine,132,SAFE_25,Moujahidine à Tanger
182535,7796337,tanger,du golf,123,SAFE_25,Du Golf à Tanger
182537,7796345,rabat,agdal,313,SAFE_25,Agdal à Rabat
182539,7796348,marrakech,boulevard med 6,124,SAFE_25,Boulevard Med 6 à Marrakech
182540,7796367,casablanca,maarif extension,351,SAFE_25,Maârif Extension à Casablanca
182541,7796373,fes,champ de course,17,SAFE_10,Champ de course à Fès
182543,7796383,casablanca,casablanca finance city,208,SAFE_25,Casablanca Finance City à Casablanca
182549,7796411,sale,bab al bahr,12,SAFE_10,Bab Al Bahr à Salé
182550,7796414,rabat,aviation mabella,79,SAFE_25,Aviation - Mabella à Rabat
182551,7796415,tanger,du golf,123,SAFE_25,Du Golf à Tanger
182552,7796428,rabat,les oudayas,7,SAFE_5,Les Oudayas à Rabat
182553,7796429,casablanca,maarif extension,351,SAFE_25,Maârif Extension à Casablanca
182555,7796445,sale,sala el jadida,84,SAFE_25,Sala el Jadida à Salé
182557,7796458,sale,sala el jadida,84,SAFE_25,Sala el Jadida à Salé
182558,7796464,marrakech,les portes de marrakech,94,SAFE_25,Les Portes de Marrakech à Marrakech
182559,7796470,casablanca,derb ghalef,98,SAFE_25,Derb Ghalef à Casablanca
182560,7796476,casablanca,racine,596,SAFE_25,Racine à Casablanca
182561,7796478,casablanca,racine,596,SAFE_25,Racine à Casablanca
182566,7796545,marrakech,gueliz,1250,SAFE_25,Guéliz à Marrakech
182568,7796554,kenitra,mimosas,57,SAFE_25,Mimosas à Kénitra
182569,7796555,kenitra,la ville haute,69,SAFE_25,La Ville Haute à Kénitra
182570,7796560,tanger,de la plage,188,SAFE_25,De La Plage à Tanger
182571,7796564,kenitra,maamora,58,SAFE_25,Maamora à Kénitra
182572,7796565,kenitra,mimosas,57,SAFE_25,Mimosas à Kénitra
182573,7796566,kenitra,maamora,58,SAFE_25,Maamora à Kénitra
182575,7796569,kenitra,mimosas,57,SAFE_25,Mimosas à Kénitra
182576,7796572,kenitra,mimosas,57,SAFE_25,Mimosas à Kénitra
182577,7796610,marrakech,les portes de marrakech,94,SAFE_25,Les Portes de Marrakech à Marrakech
182578,7796616,kenitra,mimosas,57,SAFE_25,Mimosas à Kénitra
182579,7796626,temara,riad oulad mtaa,35,SAFE_25,Riad Oulad Mtaa à Temara
182581,7796652,casablanca,maarif extension,351,SAFE_25,Maârif Extension à Casablanca
182583,7796658,agadir,hay mohammadi,183,SAFE_25,Hay Mohammadi à Agadir
182584,7796665,benslimane,golf de benslimane,48,SAFE_25,Golf de Benslimane à Benslimane
182585,7796670,casablanca,belvedere,301,SAFE_25,Belvédère à Casablanca
182586,7796678,tanger,hay zaoudia,1,LOW,Hay Zaoudia à Tanger
182587,7796689,casablanca,bourgogne ouest,380,SAFE_25,Bourgogne Ouest à Casablanca
182588,7796691,casablanca,beausejour,150,SAFE_25,Beauséjour à Casablanca
182590,7796711,casablanca,bourgogne ouest,380,SAFE_25,Bourgogne Ouest à Casablanca
182592,7796727,casablanca,racine,596,SAFE_25,Racine à Casablanca
182593,7796729,casablanca,ain borja,88,SAFE_25,Ain Borja à Casablanca
182594,7796732,rabat,agdal,313,SAFE_25,Agdal à Rabat
182596,7796747,kenitra,la ville haute,69,SAFE_25,La Ville Haute à Kénitra
182598,7796758,casablanca,lissasfa,104,SAFE_25,Lissasfa à Casablanca
182599,7796765,kenitra,maamora,58,SAFE_25,Maamora à Kénitra
182600,7796766,kenitra,maamora,58,SAFE_25,Maamora à Kénitra
182603,7796785,kenitra,maamora,58,SAFE_25,Maamora à Kénitra
182604,7796791,casablanca,riviera,76,SAFE_25,Riviera à Casablanca
182606,7796800,kenitra,la ville haute,69,SAFE_25,La Ville Haute à Kénitra
182608,7796810,casablanca,les hopitaux,385,SAFE_25,Les Hôpitaux à Casablanca
182609,7796816,casablanca,gauthier,422,SAFE_25,Gauthier à Casablanca
182610,7796842,marrakech,gueliz,1250,SAFE_25,Guéliz à Marrakech
182611,7796857,tanger,zemmouri,11,SAFE_10,Zemmouri à Tanger
182612,7796863,casablanca,val fleury,190,SAFE_25,Val Fleury à Casablanca
182614,7796881,marrakech,route casablanca,269,SAFE_25,Route Casablanca à Marrakech
182615,7796887,casablanca,ain borja,88,SAFE_25,Ain Borja à Casablanca
182617,7796889,tanger,hay hassani,92,SAFE_25,Hay Hassani à Tanger
182620,7796893,tanger,moujahidine,132,SAFE_25,Moujahidine à Tanger
182621,7796906,tanger,ziaten,49,SAFE_25,Ziaten à Tanger
182622,7796921,ifrane,la prairie,2,LOW,La prairie à Ifrane
182623,7796927,meknes,marjane,146,SAFE_25,Marjane à Meknes
182625,7796953,rabat,riyad,566,SAFE_25,Riyad à Rabat
182626,7796977,casablanca,al andalous,9,SAFE_5,Al Andalous à Casablanca
182627,7796984,casablanca,maarif,326,SAFE_25,Maârif à Casablanca
182629,7796996,casablanca,racine,596,SAFE_25,Racine à Casablanca
182630,7797002,casablanca,cil hay salam,225,SAFE_25,CIL (Hay Salam) à Casablanca
182631,7797006,casablanca,ain diab,457,SAFE_25,Ain Diab à Casablanca
182632,7797021,casablanca,ain diab,457,SAFE_25,Ain Diab à Casablanca
182633,7797027,casablanca,maarif,326,SAFE_25,Maârif à Casablanca
182634,7797029,casablanca,les princesses,332,SAFE_25,Les princesses à Casablanca
182636,7797046,casablanca,oulfa,409,SAFE_25,Oulfa à Casablanca
182640,7797066,meknes,hamria,152,SAFE_25,Hamria à Meknes
182641,7797073,bouznika,al kawtar,71,SAFE_25,Al Kawtar à Bouznika
182643,7797078,meknes,bab lekhmiss,3,LOW,Bab lekhmiss à Meknes
182644,7797091,temara,abbadi,25,SAFE_25,Abbadi à Temara
182646,7797100,casablanca,bourgogne ouest,380,SAFE_25,Bourgogne Ouest à Casablanca
182647,7797122,casablanca,franceville,76,SAFE_25,Franceville à Casablanca
182648,7797153,agadir,hay mohammadi,183,SAFE_25,Hay Mohammadi à Agadir
182649,7797162,oujda,riad isli,11,SAFE_10,Riad isli à Oujda
182653,7797200,rabat,riyad,566,SAFE_25,Riyad à Rabat
182655,7797255,marrakech,iziki,8,SAFE_5,Iziki à Marrakech
182656,7797271,casablanca,les hopitaux,385,SAFE_25,Les Hôpitaux à Casablanca
182659,7797341,agadir,secteur touristique,92,SAFE_25,Secteur Touristique à Agadir
182660,7797348,kenitra,maghrib arabi,29,SAFE_25,Maghrib Arabi à Kénitra
182661,7797356,casablanca,les princesses,332,SAFE_25,Les princesses à Casablanca
182663,7797367,marrakech,hay targa,491,SAFE_25,Hay Targa à Marrakech
182664,7797391,marrakech,gueliz,1250,SAFE_25,Guéliz à Marrakech
182666,7797405,tanger,sania,64,SAFE_25,Sania à Tanger
182668,7797425,fes,saada,8,SAFE_5,Saada à Fès
182669,7797451,casablanca,lissasfa,104,SAFE_25,Lissasfa à Casablanca
182671,7797466,marrakech,hivernage,273,SAFE_25,Hivernage à Marrakech
182672,7797474,tanger,bel air val fleuri,128,SAFE_25,Bel Air - Val fleuri à Tanger
182674,7797496,tanger,aharrarine,37,SAFE_25,Aharrarine à Tanger
182677,7797510,casablanca,roches noires,198,SAFE_25,Roches Noires à Casablanca
182678,7797514,marrakech,gueliz,1250,SAFE_25,Guéliz à Marrakech
182679,7797518,casablanca,bourgogne ouest,380,SAFE_25,Bourgogne Ouest à Casablanca
182680,7797548,fes,route ain chkaf,51,SAFE_25,Route ain Chkaf à Fès
182681,7797562,marrakech,ennakhil palmeraie,469,SAFE_25,Ennakhil (Palmeraie) à Marrakech
182683,7797590,casablanca,sidi maarouf,518,SAFE_25,Sidi Maarouf à Casablanca
182684,7797591,tanger,les rosiers,4,LOW,Les Rosiers à Tanger
182685,7797596,fes,route ain chkaf,51,SAFE_25,Route ain Chkaf à Fès
182686,7797599,casablanca,casablanca finance city,208,SAFE_25,Casablanca Finance City à Casablanca
182687,7797603,casablanca,anfa,374,SAFE_25,Anfa à Casablanca
182688,7797605,casablanca,nassim 2,43,SAFE_25,Nassim 2 à Casablanca
182691,7797621,marrakech,samlalia,132,SAFE_25,Samlalia à Marrakech
182693,7797643,casablanca,ferme bretonne hay arraha,189,SAFE_25,Ferme Bretonne (Hay Arraha) à Casablanca
182694,7797646,casablanca,sidi maarouf,518,SAFE_25,Sidi Maarouf à Casablanca
182695,7797647,casablanca,triangle d or,142,SAFE_25,Triangle d'Or à Casablanca
182699,7797663,marrakech,hay al massar,16,SAFE_10,Hay Al Massar à Marrakech
182702,7797688,casablanca,les hopitaux,385,SAFE_25,Les Hôpitaux à Casablanca
182703,7797691,casablanca,racine,596,SAFE_25,Racine à Casablanca
182704,7797695,casablanca,roches noires,198,SAFE_25,Roches Noires à Casablanca
182706,7797715,tanger,tanja balia,220,SAFE_25,Tanja Balia à Tanger
182708,7797722,casablanca,nassim 1,64,SAFE_25,Nassim 1 à Casablanca
182709,7797730,casablanca,val fleury,190,SAFE_25,Val Fleury à Casablanca
182712,7797757,el jadida,hay essalam,49,SAFE_25,Hay Essalam à El Jadida
182715,7797764,casablanca,casablanca finance city,208,SAFE_25,Casablanca Finance City à Casablanca
182716,7797765,agadir,haut founty,47,SAFE_25,Haut Founty à Agadir
182721,7797837,kenitra,la ville haute,69,SAFE_25,La Ville Haute à Kénitra
182724,7797848,rabat,agdal,313,SAFE_25,Agdal à Rabat
182725,7797852,temara,abbadi,25,SAFE_25,Abbadi à Temara
182728,7797866,marrakech,route de safi,237,SAFE_25,Route de Safi à Marrakech
182730,7797900,casablanca,mers sultan,170,SAFE_25,Mers Sultan à Casablanca
182732,7797991,tanger,bel air val fleuri,128,SAFE_25,Bel Air - Val fleuri à Tanger
182733,7797997,marrakech,route de l ourika,877,SAFE_25,Route de l'Ourika à Marrakech
182735,7798005,kenitra,maghrib arabi,29,SAFE_25,Maghrib Arabi à Kénitra
182738,7798028,marrakech,hay mabrouka,95,SAFE_25,Hay Mabrouka à Marrakech
182739,7798030,tanger,aouama gharbia,64,SAFE_25,Aouama Gharbia à Tanger
182740,7798036,marrakech,samlalia,132,SAFE_25,Samlalia à Marrakech
182741,7798039,casablanca,palmier,340,SAFE_25,Palmier à Casablanca
182743,7798078,casablanca,gauthier,422,SAFE_25,Gauthier à Casablanca
182744,7798105,casablanca,californie,735,SAFE_25,Californie à Casablanca
182745,7798110,agadir,hay al farah,26,SAFE_25,Hay Al Farah à Agadir
182746,7798117,casablanca,beausejour,150,SAFE_25,Beauséjour à Casablanca
182747,7798127,casablanca,alsace lorraine,43,SAFE_25,Alsace Lorraine à Casablanca
182748,7798158,tanger,branes 2,42,SAFE_25,Branes 2 à Tanger
182749,7798167,casablanca,sidi maarouf,518,SAFE_25,Sidi Maarouf à Casablanca
182750,7798171,casablanca,les hopitaux,385,SAFE_25,Les Hôpitaux à Casablanca
182751,7798186,kenitra,bir rami est,42,SAFE_25,Bir Rami Est à Kénitra
182753,7798221,casablanca,les princesses,332,SAFE_25,Les princesses à Casablanca
182755,7798238,tanger,tanja balia,220,SAFE_25,Tanja Balia à Tanger
182757,7798268,rabat,quartier administratif,9,SAFE_5,Quartier Administratif à Rabat
182760,7798290,marrakech,hay saada,42,SAFE_25,Hay Saada à Marrakech
182761,7798296,marrakech,hay mabrouka,95,SAFE_25,Hay Mabrouka à Marrakech
182762,7798318,casablanca,les hopitaux,385,SAFE_25,Les Hôpitaux à Casablanca
182763,7798320,casablanca,gauthier,422,SAFE_25,Gauthier à Casablanca
182764,7798323,casablanca,maarif extension,351,SAFE_25,Maârif Extension à Casablanca
182767,7798360,casablanca,ain diab,457,SAFE_25,Ain Diab à Casablanca
182768,7798368,marrakech,route casablanca,269,SAFE_25,Route Casablanca à Marrakech
182772,7798409,casablanca,racine,596,SAFE_25,Racine à Casablanca
182773,7798427,marrakech,gueliz,1250,SAFE_25,Guéliz à Marrakech
182774,7798433,marrakech,les portes de marrakech,94,SAFE_25,Les Portes de Marrakech à Marrakech
182775,7798463,kenitra,val fleuri,31,SAFE_25,Val Fleuri à Kénitra
182777,7798482,marrakech,azzouzia,40,SAFE_25,Azzouzia à Marrakech
182778,7798487,casablanca,ahl loghlam hay assalam,21,SAFE_10,Ahl Loghlam (Hay Assalam) à Casablanca
182779,7798493,marrakech,hay mabrouka,95,SAFE_25,Hay Mabrouka à Marrakech
182781,7798508,casablanca,californie,735,SAFE_25,Californie à Casablanca
182783,7798518,marrakech,route casablanca,269,SAFE_25,Route Casablanca à Marrakech
182784,7798519,marrakech,gueliz,1250,SAFE_25,Guéliz à Marrakech
182785,7798520,marrakech,gueliz,1250,SAFE_25,Guéliz à Marrakech
182787,7798530,tanger,ahlane,96,SAFE_25,Ahlane à Tanger
182791,7798632,marrakech,samlalia,132,SAFE_25,Samlalia à Marrakech
182794,7798635,marrakech,samlalia,132,SAFE_25,Samlalia à Marrakech
182796,7798638,marrakech,samlalia,132,SAFE_25,Samlalia à Marrakech
182797,7798639,marrakech,samlalia,132,SAFE_25,Samlalia à Marrakech
182798,7798643,casablanca,californie,735,SAFE_25,Californie à Casablanca
182799,7798652,agadir,hay mohammadi,183,SAFE_25,Hay Mohammadi à Agadir
182800,7798653,agadir,hay mohammadi,183,SAFE_25,Hay Mohammadi à Agadir
182801,7798655,agadir,hay mohammadi,183,SAFE_25,Hay Mohammadi à Agadir
182802,7798660,tanger,moujahidine,132,SAFE_25,Moujahidine à Tanger
182803,7798661,agadir,hay mohammadi,183,SAFE_25,Hay Mohammadi à Agadir
182804,7798662,agadir,hay mohammadi,183,SAFE_25,Hay Mohammadi à Agadir
182805,7798664,agadir,hay mohammadi,183,SAFE_25,Hay Mohammadi à Agadir
182807,7798666,casablanca,racine,596,SAFE_25,Racine à Casablanca
182809,7798671,marrakech,gueliz,1250,SAFE_25,Guéliz à Marrakech
182810,7798694,tanger,de la plage,188,SAFE_25,De La Plage à Tanger
182813,7798706,casablanca,oasis,332,SAFE_25,Oasis à Casablanca
182814,7798731,khemisset,hay essalam,11,SAFE_10,Hay Essalam à Khémisset
182815,7798737,marrakech,route d agadir essaouira,143,SAFE_25,Route d'Agadir - Essaouira à Marrakech
182816,7798745,fes,mont fleuri,13,SAFE_10,Mont Fleuri à Fès
182817,7798752,rabat,agdal,313,SAFE_25,Agdal à Rabat
182818,7798788,marrakech,hivernage,273,SAFE_25,Hivernage à Marrakech
182820,7798802,agadir,hay mohammadi,183,SAFE_25,Hay Mohammadi à Agadir
182822,7798847,casablanca,mandarona,87,SAFE_25,Mandarona à Casablanca
182823,7798858,bouznika,assanaouber,16,SAFE_10,Assanaouber à Bouznika
182824,7798862,casablanca,la gironde,122,SAFE_25,La Gironde à Casablanca
182827,7798877,casablanca,al qods,132,SAFE_25,Al Qods à Casablanca
182831,7798903,casablanca,hay antaria,6,SAFE_5,Hay Antaria à Casablanca
182833,7798914,casablanca,belvedere,301,SAFE_25,Belvédère à Casablanca
182835,7798929,marrakech,route d agadir essaouira,143,SAFE_25,Route d'Agadir - Essaouira à Marrakech
182836,7798931,casablanca,hay al amal,7,SAFE_5,Hay Al Amal à Casablanca
182837,7798947,casablanca,la vilette,15,SAFE_10,La Vilette à Casablanca
182839,7798977,tanger,tanja balia,220,SAFE_25,Tanja Balia à Tanger
182843,7799023,tanger,ahlane,96,SAFE_25,Ahlane à Tanger
182844,7799024,marrakech,gueliz,1250,SAFE_25,Guéliz à Marrakech
182847,7799063,sale,sala el jadida,84,SAFE_25,Sala el Jadida à Salé
182849,7799100,casablanca,oulfa,409,SAFE_25,Oulfa à Casablanca
182850,7799109,rabat,souissi,566,SAFE_25,Souissi à Rabat
182851,7799119,sale,hay karima,6,SAFE_5,Hay Karima à Salé
182853,7799133,tetouan,taboula,14,SAFE_10,Taboula à Tétouan
182856,7799245,tanger,administratif,164,SAFE_25,Administratif à Tanger
182860,7799263,marrakech,gueliz,1250,SAFE_25,Guéliz à Marrakech
182861,7799268,casablanca,ferme bretonne hay arraha,189,SAFE_25,Ferme Bretonne (Hay Arraha) à Casablanca
182864,7799281,tanger,tanja balia,220,SAFE_25,Tanja Balia à Tanger
182865,7799289,tanger,moujahidine,132,SAFE_25,Moujahidine à Tanger
182867,7799313,mohammedia,hay annasr,4,LOW,Hay Annasr à Mohammedia
182868,7799321,casablanca,fonciere,22,SAFE_10,Foncière à Casablanca
182869,7799326,marrakech,majorelle,157,SAFE_25,Majorelle à Marrakech
182871,7799337,agadir,hay mohammadi,183,SAFE_25,Hay Mohammadi à Agadir
182873,7799346,essaouira,lahrarta,13,SAFE_10,Lahrarta à Essaouira
182874,7799351,fes,route de meknes,13,SAFE_10,Route de Meknes à Fès
182876,7799427,casablanca,palmier,340,SAFE_25,Palmier à Casablanca
182877,7799431,marrakech,azzouzia,40,SAFE_25,Azzouzia à Marrakech
182878,7799455,agadir,amsernate,6,SAFE_5,Amsernate à Agadir
182879,7799460,tanger,boukhalef,98,SAFE_25,Boukhalef à Tanger
182883,7799514,marrakech,gueliz,1250,SAFE_25,Guéliz à Marrakech
182884,7799520,casablanca,les hopitaux,385,SAFE_25,Les Hôpitaux à Casablanca
182885,7799522,fes,ben debbab,1,LOW,Ben Debbab à Fès
182886,7799524,kenitra,maamora,58,SAFE_25,Maamora à Kénitra
182887,7799546,tanger,hay hassani,92,SAFE_25,Hay Hassani à Tanger
182888,7799550,casablanca,bernoussi,99,SAFE_25,Bernoussi à Casablanca
182889,7799551,tanger,administratif,164,SAFE_25,Administratif à Tanger
182891,7799558,casablanca,bourgogne ouest,380,SAFE_25,Bourgogne Ouest à Casablanca
182892,7799561,fes,hay bensouda,12,SAFE_10,Hay Bensouda à Fès
182893,7799563,tanger,du golf,123,SAFE_25,Du Golf à Tanger
182894,7799567,el jadida,hay essalam,49,SAFE_25,Hay Essalam à El Jadida
182896,7799575,casablanca,casablanca finance city,208,SAFE_25,Casablanca Finance City à Casablanca
182897,7799578,tanger,achakar,164,SAFE_25,Achakar à Tanger
182898,7799588,tanger,marjane,165,SAFE_25,Marjane à Tanger
182899,7799593,tanger,ahlane,96,SAFE_25,Ahlane à Tanger
182900,7799597,tanger,hay hassani,92,SAFE_25,Hay Hassani à Tanger
182901,7799599,casablanca,oulfa,409,SAFE_25,Oulfa à Casablanca
182902,7799605,rabat,souissi,566,SAFE_25,Souissi à Rabat
182904,7799623,casablanca,dar touzani,6,SAFE_5,Dar Touzani à Casablanca
182907,7799635,casablanca,les hopitaux,385,SAFE_25,Les Hôpitaux à Casablanca
182908,7799648,casablanca,belvedere,301,SAFE_25,Belvédère à Casablanca
182909,7799659,marrakech,sanaoubar,15,SAFE_10,Sanaoubar à Marrakech
182910,7799666,rabat,hay nahda,43,SAFE_25,Hay Nahda à Rabat
182911,7799680,el jadida,hay nassim,1,LOW,Hay Nassim à El Jadida
182918,7799708,marrakech,route casablanca,269,SAFE_25,Route Casablanca à Marrakech
182919,7799735,sale,sala el jadida,84,SAFE_25,Sala el Jadida à Salé
182921,7799795,kenitra,val fleuri,31,SAFE_25,Val Fleuri à Kénitra
182926,7799898,casablanca,derb el mitre,3,LOW,Derb El Mitre à Casablanca
182930,7799945,tetouan,martil,5,SAFE_5,Martil à Tétouan
182932,7799978,mohammedia,quartier du parc,79,SAFE_25,Quartier du Parc à Mohammedia
182934,7799991,essaouira,borj,16,SAFE_10,Borj à Essaouira
182935,7799994,benslimane,alfilline,21,SAFE_10,Alfilline à Benslimane
182937,7800004,tanger,beni touzine,22,SAFE_10,Beni Touzine à Tanger
182938,7800012,fes,route ain chkaf,51,SAFE_25,Route ain Chkaf à Fès
182939,7800026,marrakech,les portes de marrakech,94,SAFE_25,Les Portes de Marrakech à Marrakech
182940,7800033,marrakech,hay zitoun,8,SAFE_5,Hay Zitoun à Marrakech
182941,7800037,temara,harhoura,92,SAFE_25,Harhoura à Temara
182942,7800044,casablanca,casablanca finance city,208,SAFE_25,Casablanca Finance City à Casablanca
182943,7800050,casablanca,mers sultan,170,SAFE_25,Mers Sultan à Casablanca
182945,7800068,el jadida,quartier aerodrome,20,SAFE_10,Quartier Aérodrome à El Jadida
182946,7800069,tanger,tanja balia,220,SAFE_25,Tanja Balia à Tanger
182947,7800091,tanger,malabata,421,SAFE_25,Malabata à Tanger
182948,7800102,oujda,andalous,20,SAFE_10,Andalous à Oujda
182949,7800107,tanger,de la plage,188,SAFE_25,De La Plage à Tanger
182952,7800212,marrakech,hay annahda,12,SAFE_10,Hay Annahda à Marrakech
182955,7800231,agadir,hay houda,65,SAFE_25,Hay Houda à Agadir
182958,7800249,marrakech,route casablanca,269,SAFE_25,Route Casablanca à Marrakech
182959,7800279,bouznika,plage oued cherrat,118,SAFE_25,Plage Oued Cherrat à Bouznika
182960,7800281,rabat,hay bouhlal,1,LOW,Hay Bouhlal à Rabat
182962,7800297,fes,zouagha bas,5,SAFE_5,Zouagha Bas à Fès
182963,7800302,casablanca,lissasfa,104,SAFE_25,Lissasfa à Casablanca
182964,7800305,tanger,moujahidine,132,SAFE_25,Moujahidine à Tanger
182965,7800309,temara,harhoura,92,SAFE_25,Harhoura à Temara
182967,7800319,tanger,tanja balia,220,SAFE_25,Tanja Balia à Tanger
182968,7800322,marrakech,gueliz,1250,SAFE_25,Guéliz à Marrakech
182969,7800327,marrakech,ennakhil palmeraie,469,SAFE_25,Ennakhil (Palmeraie) à Marrakech
182970,7800329,casablanca,derb espagnol,3,LOW,Derb Espagnol à Casablanca
182973,7800357,casablanca,mabroka,4,LOW,Mabroka à Casablanca
182974,7800371,casablanca,gauthier,422,SAFE_25,Gauthier à Casablanca
182976,7800429,marrakech,samlalia,132,SAFE_25,Samlalia à Marrakech
182977,7800486,marrakech,agdal,514,SAFE_25,Agdal à Marrakech
182979,7800535,casablanca,la gironde,122,SAFE_25,La Gironde à Casablanca
182980,7800542,marrakech,route casablanca,269,SAFE_25,Route Casablanca à Marrakech
182982,7800569,casablanca,maarif extension,351,SAFE_25,Maârif Extension à Casablanca
182984,7800595,tetouan,touilaa,10,SAFE_10,Touilaa à Tétouan
182985,7800616,rabat,riyad,566,SAFE_25,Riyad à Rabat
182986,7800617,casablanca,franceville,76,SAFE_25,Franceville à Casablanca
182989,7800633,casablanca,franceville,76,SAFE_25,Franceville à Casablanca
182990,7800649,rabat,riyad,566,SAFE_25,Riyad à Rabat
182994,7800684,agadir,tilila,54,SAFE_25,Tilila à Agadir
182995,7800700,casablanca,maarif,326,SAFE_25,Maârif à Casablanca
182997,7800717,el jadida,najmat al janoub,18,SAFE_10,Najmat Al Janoub à El Jadida
182998,7800718,casablanca,val fleury,190,SAFE_25,Val Fleury à Casablanca
183000,7800737,marrakech,sanaoubar,15,SAFE_10,Sanaoubar à Marrakech
183003,7800793,marrakech,ennakhil palmeraie,469,SAFE_25,Ennakhil (Palmeraie) à Marrakech
183005,7800804,casablanca,racine,596,SAFE_25,Racine à Casablanca
183008,7800845,casablanca,anfa,374,SAFE_25,Anfa à Casablanca
183009,7800847,tanger,tanger city center,86,SAFE_25,Tanger City Center à Tanger
183010,7800854,fes,route de meknes,13,SAFE_10,Route de Meknes à Fès
183014,7800896,casablanca,maarif extension,351,SAFE_25,Maârif Extension à Casablanca
183016,7800918,casablanca,racine extension,51,SAFE_25,Racine Extension à Casablanca
183018,7800935,el jadida,quartier aerodrome,20,SAFE_10,Quartier Aérodrome à El Jadida
183019,7800941,casablanca,al hadika,25,SAFE_25,Al Hadika à Casablanca
183020,7800945,agadir,founti,96,SAFE_25,Founti à Agadir
183021,7800948,casablanca,les hopitaux,385,SAFE_25,Les Hôpitaux à Casablanca
183022,7800956,marrakech,gueliz,1250,SAFE_25,Guéliz à Marrakech
183023,7800958,marrakech,hay zitoun,8,SAFE_5,Hay Zitoun à Marrakech
183024,7800979,casablanca,la gironde,122,SAFE_25,La Gironde à Casablanca
183025,7800994,casablanca,racine,596,SAFE_25,Racine à Casablanca
183026,7801001,casablanca,val fleury,190,SAFE_25,Val Fleury à Casablanca
183029,7801024,rabat,souissi,566,SAFE_25,Souissi à Rabat
183030,7801028,sale,el qods,7,SAFE_5,El Qods à Salé
183031,7801037,bouznika,al kawtar,71,SAFE_25,Al Kawtar à Bouznika
183032,7801042,marrakech,gueliz,1250,SAFE_25,Guéliz à Marrakech
183034,7801045,mohammedia,hassania 1,4,LOW,Hassania 1 à Mohammedia
183035,7801062,agadir,hay houda,65,SAFE_25,Hay Houda à Agadir
183038,7801080,fes,route ain chkaf,51,SAFE_25,Route ain Chkaf à Fès
183040,7801101,casablanca,sidi moumen,119,SAFE_25,Sidi Moumen à Casablanca
183044,7801125,marrakech,gueliz,1250,SAFE_25,Guéliz à Marrakech
183047,7801132,tanger,sania,64,SAFE_25,Sania à Tanger
183048,7801135,mohammedia,quartier du parc,79,SAFE_25,Quartier du Parc à Mohammedia
183049,7801139,sale,el qods,7,SAFE_5,El Qods à Salé
183050,7801202,casablanca,ferme bretonne hay arraha,189,SAFE_25,Ferme Bretonne (Hay Arraha) à Casablanca
183054,7801260,casablanca,racine extension,51,SAFE_25,Racine Extension à Casablanca
183056,7801267,casablanca,californie,735,SAFE_25,Californie à Casablanca
183057,7801303,rabat,agdal,313,SAFE_25,Agdal à Rabat
183058,7801304,rabat,souissi,566,SAFE_25,Souissi à Rabat
183059,7801317,tanger,malabata,421,SAFE_25,Malabata à Tanger
183060,7801341,tanger,mozart,64,SAFE_25,Mozart à Tanger
183062,7801392,tanger,sania,64,SAFE_25,Sania à Tanger
183063,7801393,casablanca,oulfa,409,SAFE_25,Oulfa à Casablanca
183065,7801415,fes,hay bensouda,12,SAFE_10,Hay Bensouda à Fès
183066,7801429,rabat,agdal,313,SAFE_25,Agdal à Rabat
183067,7801449,bouznika,quartier industriel,31,SAFE_25,Quartier Industriel à Bouznika
183070,7801474,marrakech,gueliz,1250,SAFE_25,Guéliz à Marrakech
183073,7801502,marrakech,gueliz,1250,SAFE_25,Guéliz à Marrakech
183076,7801517,casablanca,ferme bretonne hay arraha,189,SAFE_25,Ferme Bretonne (Hay Arraha) à Casablanca
183078,7801524,sale,sala el jadida,84,SAFE_25,Sala el Jadida à Salé
183079,7801527,marrakech,agdal,514,SAFE_25,Agdal à Marrakech
183080,7801530,marrakech,route casablanca,269,SAFE_25,Route Casablanca à Marrakech
183081,7801537,casablanca,beausejour,150,SAFE_25,Beauséjour à Casablanca
183083,7801545,rabat,agdal,313,SAFE_25,Agdal à Rabat
183086,7801573,bouznika,al kawtar,71,SAFE_25,Al Kawtar à Bouznika
183088,7801577,casablanca,bourgogne ouest,380,SAFE_25,Bourgogne Ouest à Casablanca
183089,7801579,casablanca,sidi maarouf,518,SAFE_25,Sidi Maarouf à Casablanca
183092,7801612,casablanca,triangle d or,142,SAFE_25,Triangle d'Or à Casablanca
183094,7801632,marrakech,gueliz,1250,SAFE_25,Guéliz à Marrakech
183095,7801637,casablanca,casablanca marina,100,SAFE_25,Casablanca Marina à Casablanca
183096,7801640,tanger,mozart,64,SAFE_25,Mozart à Tanger
183097,7801652,temara,wifak,121,SAFE_25,Wifak à Temara
183098,7801653,temara,wifak,121,SAFE_25,Wifak à Temara
183100,7801667,tanger,mghogha,80,SAFE_25,Mghogha à Tanger
183101,7801673,casablanca,bourgogne ouest,380,SAFE_25,Bourgogne Ouest à Casablanca
183102,7801693,meknes,hamria,152,SAFE_25,Hamria à Meknes
183103,7801700,casablanca,laymoune,100,SAFE_25,Laymoune à Casablanca
183106,7801724,sale,sidi hajji,27,SAFE_25,Sidi Hajji à Salé
183107,7801735,rabat,agdal,313,SAFE_25,Agdal à Rabat
183108,7801737,tanger,marjane,165,SAFE_25,Marjane à Tanger
183109,7801743,casablanca,oulfa,409,SAFE_25,Oulfa à Casablanca
183111,7801751,meknes,wislane,53,SAFE_25,Wislane à Meknes
183113,7801771,casablanca,bourgogne est,157,SAFE_25,Bourgogne Est à Casablanca
183114,7801775,casablanca,ferme bretonne hay arraha,189,SAFE_25,Ferme Bretonne (Hay Arraha) à Casablanca
183115,7801779,marrakech,agdal,514,SAFE_25,Agdal à Marrakech
183116,7801859,rabat,agdal,313,SAFE_25,Agdal à Rabat
183117,7801869,marrakech,issil,29,SAFE_25,Issil à Marrakech
183118,7801873,casablanca,zone industrielle moulay rachid,14,SAFE_10,Zone Industrielle Moulay Rachid à Casablanca
183120,7801917,casablanca,oulfa,409,SAFE_25,Oulfa à Casablanca
183121,7801918,agadir,hay salam,64,SAFE_25,Hay Salam à Agadir
183124,7801939,marrakech,hivernage,273,SAFE_25,Hivernage à Marrakech
183125,7801947,tanger,hanaa 1,4,LOW,Hanaa 1 à Tanger
183126,7801955,casablanca,maarif,326,SAFE_25,Maârif à Casablanca
183128,7801983,casablanca,sidi maarouf,518,SAFE_25,Sidi Maarouf à Casablanca
183130,7801999,casablanca,maarif extension,351,SAFE_25,Maârif Extension à Casablanca
183131,7802033,tanger,marchan,45,SAFE_25,Marchan à Tanger
183134,7802069,tanger,de la plage,188,SAFE_25,De La Plage à Tanger
183136,7802079,temara,harhoura,92,SAFE_25,Harhoura à Temara
183138,7802089,kenitra,la ville haute,69,SAFE_25,La Ville Haute à Kénitra
183139,7802101,marrakech,gueliz,1250,SAFE_25,Guéliz à Marrakech
183141,7802137,el jadida,hay essalam,49,SAFE_25,Hay Essalam à El Jadida
183142,7802145,tanger,mesnana,96,SAFE_25,Mesnana à Tanger
183143,7802146,rabat,hassan centre ville,119,SAFE_25,Hassan - Centre Ville à Rabat
183144,7802150,marrakech,gueliz,1250,SAFE_25,Guéliz à Marrakech
183145,7802151,rabat,agdal,313,SAFE_25,Agdal à Rabat
183148,7802161,skhirat,kasbah,12,SAFE_10,Kasbah à Skhirat
183149,7802180,casablanca,casablanca finance city,208,SAFE_25,Casablanca Finance City à Casablanca
183150,7802190,casablanca,derb ghalef,98,SAFE_25,Derb Ghalef à Casablanca
183156,7802245,casablanca,bourgogne ouest,380,SAFE_25,Bourgogne Ouest à Casablanca
183158,7802257,casablanca,palmier,340,SAFE_25,Palmier à Casablanca
183160,7802269,tanger,boukhalef,98,SAFE_25,Boukhalef à Tanger
183161,7802274,casablanca,hay alamal,11,SAFE_10,Hay Alamal à Casablanca
183163,7802286,marrakech,camp al ghoul,112,SAFE_25,Camp Al Ghoul à Marrakech
183164,7802293,casablanca,derb ghalef,98,SAFE_25,Derb Ghalef à Casablanca
183166,7802299,casablanca,bourgogne ouest,380,SAFE_25,Bourgogne Ouest à Casablanca
183167,7802310,casablanca,maarif,326,SAFE_25,Maârif à Casablanca
183172,7802356,fes,route ain chkaf,51,SAFE_25,Route ain Chkaf à Fès
183174,7802372,casablanca,ain diab extension,188,SAFE_25,Ain Diab Extension à Casablanca
183176,7802397,fes,route ain chkaf,51,SAFE_25,Route ain Chkaf à Fès
183177,7802401,casablanca,les princesses,332,SAFE_25,Les princesses à Casablanca
183178,7802417,casablanca,lissasfa,104,SAFE_25,Lissasfa à Casablanca
183180,7802434,bouznika,quartier industriel,31,SAFE_25,Quartier Industriel à Bouznika
183181,7802474,rabat,souissi,566,SAFE_25,Souissi à Rabat
183182,7802479,fes,zouagha,21,SAFE_10,Zouagha à Fès
183184,7802526,fes,sidi brahim,1,LOW,Sidi Brahim à Fès
183185,7802563,agadir,secteur touristique,92,SAFE_25,Secteur Touristique à Agadir
183187,7802588,casablanca,casablanca finance city,208,SAFE_25,Casablanca Finance City à Casablanca
183188,7802614,casablanca,maarif,326,SAFE_25,Maârif à Casablanca
183189,7802625,tanger,hanaa 1,4,LOW,Hanaa 1 à Tanger
183190,7802631,rabat,hassan centre ville,119,SAFE_25,Hassan - Centre Ville à Rabat
183191,7802659,rabat,agdal,313,SAFE_25,Agdal à Rabat
183193,7802674,rabat,agdal,313,SAFE_25,Agdal à Rabat
183194,7802679,marrakech,hivernage,273,SAFE_25,Hivernage à Marrakech
183196,7802691,agadir,founti,96,SAFE_25,Founti à Agadir
183197,7802694,casablanca,lissasfa,104,SAFE_25,Lissasfa à Casablanca
183199,7802722,marrakech,agdal,514,SAFE_25,Agdal à Marrakech
183200,7802728,rabat,souissi,566,SAFE_25,Souissi à Rabat
183203,7802742,casablanca,bourgogne ouest,380,SAFE_25,Bourgogne Ouest à Casablanca
183204,7802749,casablanca,bourgogne ouest,380,SAFE_25,Bourgogne Ouest à Casablanca
183205,7802750,casablanca,la gironde,122,SAFE_25,La Gironde à Casablanca
183206,7802771,marrakech,gueliz,1250,SAFE_25,Guéliz à Marrakech
183207,7802778,marrakech,gueliz,1250,SAFE_25,Guéliz à Marrakech
183208,7802783,essaouira,bab doukkala,7,SAFE_5,Bab Doukkala à Essaouira
183209,7802794,casablanca,franceville,76,SAFE_25,Franceville à Casablanca
183210,7802804,casablanca,racine,596,SAFE_25,Racine à Casablanca
183211,7802808,casablanca,ferme bretonne hay arraha,189,SAFE_25,Ferme Bretonne (Hay Arraha) à Casablanca
183216,7802833,casablanca,ain sebaa,344,SAFE_25,Aïn Sebaâ à Casablanca
183217,7802834,casablanca,ain sebaa,344,SAFE_25,Aïn Sebaâ à Casablanca
183221,7802898,casablanca,les princesses,332,SAFE_25,Les princesses à Casablanca
183223,7802914,tanger,hay hassani,92,SAFE_25,Hay Hassani à Tanger
183225,7802925,agadir,secteur touristique,92,SAFE_25,Secteur Touristique à Agadir
183226,7802934,casablanca,mers sultan,170,SAFE_25,Mers Sultan à Casablanca
183227,7802945,casablanca,hay hassani,116,SAFE_25,Hay Hassani à Casablanca
183229,7802958,casablanca,nassim 1,64,SAFE_25,Nassim 1 à Casablanca
183231,7802983,fes,hay bensouda,12,SAFE_10,Hay Bensouda à Fès
183233,7802988,essaouira,raounak,6,SAFE_5,Raounak à Essaouira
183234,7802991,essaouira,raounak,6,SAFE_5,Raounak à Essaouira
183236,7803012,casablanca,gauthier,422,SAFE_25,Gauthier à Casablanca
183237,7803023,marrakech,camp al ghoul,112,SAFE_25,Camp Al Ghoul à Marrakech
183238,7803025,temara,harhoura,92,SAFE_25,Harhoura à Temara
183239,7803034,casablanca,gauthier,422,SAFE_25,Gauthier à Casablanca
183240,7803037,casablanca,maarif,326,SAFE_25,Maârif à Casablanca
183242,7803081,casablanca,ferme bretonne hay arraha,189,SAFE_25,Ferme Bretonne (Hay Arraha) à Casablanca
183243,7803142,casablanca,maarif extension,351,SAFE_25,Maârif Extension à Casablanca
183244,7803148,meknes,hamria,152,SAFE_25,Hamria à Meknes
183245,7803149,marrakech,route casablanca,269,SAFE_25,Route Casablanca à Marrakech
183246,7803174,temara,abbadi,25,SAFE_25,Abbadi à Temara
183247,7803179,el jadida,sidi moussa,18,SAFE_10,Sidi Moussa à El Jadida
183248,7803190,casablanca,casablanca finance city,208,SAFE_25,Casablanca Finance City à Casablanca
183249,7803194,agadir,secteur touristique,92,SAFE_25,Secteur Touristique à Agadir
183251,7803198,agadir,secteur touristique,92,SAFE_25,Secteur Touristique à Agadir
183252,7803200,marrakech,izdihar,97,SAFE_25,Izdihar à Marrakech
183255,7803209,casablanca,racine,596,SAFE_25,Racine à Casablanca
183256,7803214,marrakech,gueliz,1250,SAFE_25,Guéliz à Marrakech
183257,7803236,casablanca,al farah dar essalam,11,SAFE_10,Al Farah Dar Essalam à Casablanca
183258,7803246,casablanca,maarif,326,SAFE_25,Maârif à Casablanca
183259,7803297,casablanca,bourgogne ouest,380,SAFE_25,Bourgogne Ouest à Casablanca
183262,7803313,marrakech,gueliz,1250,SAFE_25,Guéliz à Marrakech
183263,7803316,agadir,hay houda,65,SAFE_25,Hay Houda à Agadir
183269,7803347,casablanca,casablanca finance city,208,SAFE_25,Casablanca Finance City à Casablanca
183270,7803353,casablanca,les princesses,332,SAFE_25,Les princesses à Casablanca
183271,7803361,marrakech,route de safi,237,SAFE_25,Route de Safi à Marrakech
183272,7803389,casablanca,les princesses,332,SAFE_25,Les princesses à Casablanca
183273,7803393,casablanca,cil hay salam,225,SAFE_25,CIL (Hay Salam) à Casablanca
183274,7803396,meknes,hamria,152,SAFE_25,Hamria à Meknes
183276,7803414,casablanca,la gironde,122,SAFE_25,La Gironde à Casablanca
183277,7803416,casablanca,la gironde,122,SAFE_25,La Gironde à Casablanca
183278,7803420,casablanca,ain sebaa,344,SAFE_25,Aïn Sebaâ à Casablanca
183279,7803425,casablanca,maarif extension,351,SAFE_25,Maârif Extension à Casablanca
183281,7803433,sale,hay chmaou,56,SAFE_25,Hay Chmaou à Salé
183283,7803441,temara,massira 3,13,SAFE_10,Massira 3 à Temara
183284,7803449,kenitra,el hadadda,51,SAFE_25,El Hadadda à Kénitra
183285,7803450,kenitra,el hadadda,51,SAFE_25,El Hadadda à Kénitra
183286,7803455,benslimane,administratif,10,SAFE_10,Administratif à Benslimane
183287,7803463,bouznika,plage oued cherrat,118,SAFE_25,Plage Oued Cherrat à Bouznika
183289,7803468,casablanca,hay annour,8,SAFE_5,Hay Annour à Casablanca
183291,7803471,tetouan,route de ceuta,19,SAFE_10,Route de Ceuta à Tétouan
183293,7803479,fes,annouzha,3,LOW,Annouzha à Fès
183294,7803483,mohammedia,mannesmann,37,SAFE_25,Mannesmann à Mohammedia
183295,7803501,casablanca,oulfa,409,SAFE_25,Oulfa à Casablanca
183296,7803506,casablanca,al farah dar essalam,11,SAFE_10,Al Farah Dar Essalam à Casablanca
183298,7803509,casablanca,hay inara,27,SAFE_25,Hay Inara à Casablanca
183300,7803523,casablanca,sidi moumen,119,SAFE_25,Sidi Moumen à Casablanca
183301,7803533,mohammedia,nassim,37,SAFE_25,Nassim à Mohammedia
183304,7803606,casablanca,oulfa,409,SAFE_25,Oulfa à Casablanca
183307,7803630,casablanca,ain borja,88,SAFE_25,Ain Borja à Casablanca
183308,7803638,fes,route ain chkaf,51,SAFE_25,Route ain Chkaf à Fès
183312,7803676,casablanca,hay alfalah,3,LOW,Hay Alfalah à Casablanca
183313,7803678,casablanca,palmier,340,SAFE_25,Palmier à Casablanca
183315,7803702,temara,wifak,121,SAFE_25,Wifak à Temara
183316,7803703,bouznika,al kawtar,71,SAFE_25,Al Kawtar à Bouznika
183317,7803721,rabat,riyad,566,SAFE_25,Riyad à Rabat
183318,7803724,marrakech,route de ouarzazate,289,SAFE_25,Route de Ouarzazate à Marrakech
183319,7803725,casablanca,gauthier,422,SAFE_25,Gauthier à Casablanca
183321,7803728,rabat,kebibat,33,SAFE_25,Kébibat à Rabat
183322,7803731,rabat,riyad,566,SAFE_25,Riyad à Rabat
183324,7803745,mohammedia,hay al falah,6,SAFE_5,Hay Al Falah à Mohammedia
183325,7803757,fes,narjis,23,SAFE_10,Narjis à Fès
183326,7803759,sale,sala el jadida,84,SAFE_25,Sala el Jadida à Salé
183327,7803760,agadir,secteur touristique,92,SAFE_25,Secteur Touristique à Agadir
183329,7803784,casablanca,palmier,340,SAFE_25,Palmier à Casablanca
183331,7803814,casablanca,les hopitaux,385,SAFE_25,Les Hôpitaux à Casablanca
183332,7803820,fes,route ain chkaf,51,SAFE_25,Route ain Chkaf à Fès
183333,7803823,casablanca,californie,735,SAFE_25,Californie à Casablanca
183334,7803828,fes,route ain chkaf,51,SAFE_25,Route ain Chkaf à Fès
183335,7803831,casablanca,les hopitaux,385,SAFE_25,Les Hôpitaux à Casablanca
183336,7803837,fes,route ain chkaf,51,SAFE_25,Route ain Chkaf à Fès
183337,7803847,marrakech,route de l ourika,877,SAFE_25,Route de l'Ourika à Marrakech
183343,7803894,casablanca,hay hassani,116,SAFE_25,Hay Hassani à Casablanca
183344,7803905,marrakech,gueliz,1250,SAFE_25,Guéliz à Marrakech
183346,7803960,casablanca,al qods,132,SAFE_25,Al Qods à Casablanca
183347,7803968,casablanca,franceville,76,SAFE_25,Franceville à Casablanca
183348,7803987,casablanca,nassim 1,64,SAFE_25,Nassim 1 à Casablanca
183349,7804014,rabat,al kamra,6,SAFE_5,Al Kamra à Rabat
183351,7804027,rabat,agdal,313,SAFE_25,Agdal à Rabat
183353,7804047,casablanca,les princesses,332,SAFE_25,Les princesses à Casablanca
183355,7804071,casablanca,nassim 2,43,SAFE_25,Nassim 2 à Casablanca
183357,7804094,casablanca,racine,596,SAFE_25,Racine à Casablanca
183359,7804108,casablanca,bourgogne ouest,380,SAFE_25,Bourgogne Ouest à Casablanca
183360,7804110,casablanca,maarif extension,351,SAFE_25,Maârif Extension à Casablanca
183361,7804128,marrakech,arset el houta,23,SAFE_10,Arset El Houta à Marrakech
183362,7804130,casablanca,racine,596,SAFE_25,Racine à Casablanca
183363,7804177,tetouan,rbat asfaa,1,LOW,Rbat AsfaÃ± à Tétouan
183367,7804203,tanger,el majd,13,SAFE_10,El Majd à Tanger
183368,7804215,casablanca,maarif,326,SAFE_25,Maârif à Casablanca
183370,7804241,casablanca,racine,596,SAFE_25,Racine à Casablanca
183371,7804257,casablanca,les hopitaux,385,SAFE_25,Les Hôpitaux à Casablanca
183372,7804258,casablanca,les hopitaux,385,SAFE_25,Les Hôpitaux à Casablanca
183373,7804259,casablanca,les hopitaux,385,SAFE_25,Les Hôpitaux à Casablanca
183374,7804260,casablanca,les hopitaux,385,SAFE_25,Les Hôpitaux à Casablanca
183375,7804261,casablanca,les hopitaux,385,SAFE_25,Les Hôpitaux à Casablanca
183376,7804262,casablanca,les hopitaux,385,SAFE_25,Les Hôpitaux à Casablanca
183377,7804273,marrakech,gueliz,1250,SAFE_25,Guéliz à Marrakech
183378,7804283,casablanca,maarif,326,SAFE_25,Maârif à Casablanca
183379,7804289,casablanca,ferme bretonne hay arraha,189,SAFE_25,Ferme Bretonne (Hay Arraha) à Casablanca
183380,7804296,casablanca,maarif extension,351,SAFE_25,Maârif Extension à Casablanca
183382,7804307,tanger,mesnana,96,SAFE_25,Mesnana à Tanger
183383,7804318,casablanca,beausejour,150,SAFE_25,Beauséjour à Casablanca
183384,7804342,casablanca,burger,53,SAFE_25,Burger à Casablanca
183386,7804375,bouznika,hay toummert,9,SAFE_5,Hay Toummert à Bouznika
183387,7804379,casablanca,beausejour,150,SAFE_25,Beauséjour à Casablanca
183388,7804383,fes,al adarissa,3,LOW,Al Adarissa à Fès
183389,7804384,casablanca,maarif extension,351,SAFE_25,Maârif Extension à Casablanca
183390,7804386,bouznika,plage oued cherrat,118,SAFE_25,Plage Oued Cherrat à Bouznika
183391,7804431,casablanca,anassi,40,SAFE_25,Anassi à Casablanca
183393,7804438,marrakech,les portes de marrakech,94,SAFE_25,Les Portes de Marrakech à Marrakech
183397,7804464,rabat,riyad,566,SAFE_25,Riyad à Rabat
183398,7804501,casablanca,les princesses,332,SAFE_25,Les princesses à Casablanca
183400,7804570,casablanca,sidi moumen,119,SAFE_25,Sidi Moumen à Casablanca
183402,7804585,casablanca,oasis,332,SAFE_25,Oasis à Casablanca
183403,7804586,casablanca,maarif extension,351,SAFE_25,Maârif Extension à Casablanca
183404,7804598,rabat,haut agdal,84,SAFE_25,Haut Agdal à Rabat
183405,7804599,rabat,haut agdal,84,SAFE_25,Haut Agdal à Rabat
183408,7804631,marrakech,gueliz,1250,SAFE_25,Guéliz à Marrakech
183409,7804648,casablanca,maarif extension,351,SAFE_25,Maârif Extension à Casablanca
183412,7804665,casablanca,franceville,76,SAFE_25,Franceville à Casablanca
183413,7804667,fes,quartier oued fes,34,SAFE_25,Quartier Oued Fes à Fès
183417,7804697,rabat,agdal,313,SAFE_25,Agdal à Rabat
183419,7804702,kenitra,mimosas,57,SAFE_25,Mimosas à Kénitra
183420,7804719,marrakech,hay targa,491,SAFE_25,Hay Targa à Marrakech
183423,7804767,casablanca,gauthier,422,SAFE_25,Gauthier à Casablanca
183424,7804778,tanger,castilla,76,SAFE_25,Castilla à Tanger
183426,7804788,casablanca,val fleury,190,SAFE_25,Val Fleury à Casablanca
183427,7804798,tanger,marjane,165,SAFE_25,Marjane à Tanger
183429,7804831,rabat,agdal,313,SAFE_25,Agdal à Rabat
183430,7804855,rabat,agdal,313,SAFE_25,Agdal à Rabat
183431,7804856,temara,wifak,121,SAFE_25,Wifak à Temara
183432,7804867,rabat,agdal,313,SAFE_25,Agdal à Rabat
183433,7804874,casablanca,les hopitaux,385,SAFE_25,Les Hôpitaux à Casablanca
183434,7804886,rabat,agdal,313,SAFE_25,Agdal à Rabat
183437,7804905,marrakech,route casablanca,269,SAFE_25,Route Casablanca à Marrakech
183439,7804915,rabat,haut agdal,84,SAFE_25,Haut Agdal à Rabat
183442,7804945,casablanca,gauthier,422,SAFE_25,Gauthier à Casablanca
183443,7804948,casablanca,ferme bretonne hay arraha,189,SAFE_25,Ferme Bretonne (Hay Arraha) à Casablanca
183444,7804974,casablanca,les hopitaux,385,SAFE_25,Les Hôpitaux à Casablanca
183447,7804977,casablanca,maarif,326,SAFE_25,Maârif à Casablanca
183448,7804981,marrakech,hivernage,273,SAFE_25,Hivernage à Marrakech
183451,7804993,rabat,agdal,313,SAFE_25,Agdal à Rabat
183452,7804994,kenitra,val fleuri,31,SAFE_25,Val Fleuri à Kénitra
183453,7805006,casablanca,bourgogne ouest,380,SAFE_25,Bourgogne Ouest à Casablanca
183454,7805008,casablanca,ain diab extension,188,SAFE_25,Ain Diab Extension à Casablanca
183455,7805011,rabat,agdal,313,SAFE_25,Agdal à Rabat
183458,7805048,casablanca,bourgogne ouest,380,SAFE_25,Bourgogne Ouest à Casablanca
183459,7805052,casablanca,al madina aljadida,18,SAFE_10,Al Madina Aljadida à Casablanca
183464,7805109,sale,sala el jadida,84,SAFE_25,Sala el Jadida à Salé
183466,7805112,casablanca,lissasfa,104,SAFE_25,Lissasfa à Casablanca
183467,7805114,marrakech,boulevard med 6,124,SAFE_25,Boulevard Med 6 à Marrakech
183473,7805155,casablanca,maarif,326,SAFE_25,Maârif à Casablanca
183475,7805215,temara,al moustakbal,9,SAFE_5,Al Moustakbal à Temara
183477,7805229,casablanca,anfa,374,SAFE_25,Anfa à Casablanca
183478,7805270,rabat,riyad,566,SAFE_25,Riyad à Rabat
183480,7805316,casablanca,californie,735,SAFE_25,Californie à Casablanca
183481,7805338,kenitra,la ville haute,69,SAFE_25,La Ville Haute à Kénitra
183482,7805342,casablanca,maarif extension,351,SAFE_25,Maârif Extension à Casablanca
183484,7805354,marrakech,agdal,514,SAFE_25,Agdal à Marrakech
183485,7805388,meknes,marjane,146,SAFE_25,Marjane à Meknes
183486,7805390,marrakech,route casablanca,269,SAFE_25,Route Casablanca à Marrakech
183488,7805396,casablanca,oasis sud,25,SAFE_25,Oasis sud à Casablanca
183490,7805401,casablanca,belvedere,301,SAFE_25,Belvédère à Casablanca
183491,7805402,rabat,hassan centre ville,119,SAFE_25,Hassan - Centre Ville à Rabat
183492,7805416,casablanca,val fleury,190,SAFE_25,Val Fleury à Casablanca
183493,7805423,rabat,haut agdal,84,SAFE_25,Haut Agdal à Rabat
183495,7805436,casablanca,maarif,326,SAFE_25,Maârif à Casablanca
183496,7805441,casablanca,anfa,374,SAFE_25,Anfa à Casablanca
183498,7805459,casablanca,ain sebaa,344,SAFE_25,Aïn Sebaâ à Casablanca
183499,7805461,marrakech,gueliz,1250,SAFE_25,Guéliz à Marrakech
183500,7805479,sale,sidi hajji,27,SAFE_25,Sidi Hajji à Salé
183501,7805514,casablanca,racine,596,SAFE_25,Racine à Casablanca
183502,7805520,tanger,aharrarine,37,SAFE_25,Aharrarine à Tanger
183503,7805529,casablanca,anassi,40,SAFE_25,Anassi à Casablanca
183504,7805535,casablanca,californie,735,SAFE_25,Californie à Casablanca
183505,7805540,casablanca,les hopitaux,385,SAFE_25,Les Hôpitaux à Casablanca
183506,7805547,marrakech,agdal,514,SAFE_25,Agdal à Marrakech
183507,7805565,casablanca,roches noires,198,SAFE_25,Roches Noires à Casablanca
183508,7805567,casablanca,maarif extension,351,SAFE_25,Maârif Extension à Casablanca
183509,7805568,marrakech,route de l ourika,877,SAFE_25,Route de l'Ourika à Marrakech
183510,7805575,casablanca,racine,596,SAFE_25,Racine à Casablanca
183511,7805582,rabat,agdal,313,SAFE_25,Agdal à Rabat
183513,7805591,casablanca,mandarona,87,SAFE_25,Mandarona à Casablanca
183514,7805594,casablanca,belvedere,301,SAFE_25,Belvédère à Casablanca
183515,7805596,casablanca,val fleury,190,SAFE_25,Val Fleury à Casablanca
183516,7805601,casablanca,maarif extension,351,SAFE_25,Maârif Extension à Casablanca
183517,7805611,casablanca,val fleury,190,SAFE_25,Val Fleury à Casablanca
183519,7805617,casablanca,hay al qods,1,LOW,Hay Al Qods à Casablanca
183520,7805618,casablanca,ain diab,457,SAFE_25,Ain Diab à Casablanca
183521,7805619,agadir,anza,33,SAFE_25,Anza à Agadir
183522,7805621,casablanca,ferme bretonne hay arraha,189,SAFE_25,Ferme Bretonne (Hay Arraha) à Casablanca
183523,7805636,casablanca,oasis,332,SAFE_25,Oasis à Casablanca
183524,7805643,casablanca,les hopitaux,385,SAFE_25,Les Hôpitaux à Casablanca
183526,7805650,marrakech,mhamid,253,SAFE_25,Mhamid à Marrakech
183527,7805655,casablanca,maarif,326,SAFE_25,Maârif à Casablanca
183528,7805656,marrakech,boulevard med 6,124,SAFE_25,Boulevard Med 6 à Marrakech
183529,7805659,casablanca,hay zobir,38,SAFE_25,Hay Zobir à Casablanca
183530,7805660,marrakech,les portes de marrakech,94,SAFE_25,Les Portes de Marrakech à Marrakech
183531,7805664,marrakech,gueliz,1250,SAFE_25,Guéliz à Marrakech
183532,7805665,casablanca,ain sebaa,344,SAFE_25,Aïn Sebaâ à Casablanca
183533,7805671,casablanca,ain sebaa,344,SAFE_25,Aïn Sebaâ à Casablanca
183534,7805676,kenitra,mimosas,57,SAFE_25,Mimosas à Kénitra
183536,7805708,casablanca,ain diab,457,SAFE_25,Ain Diab à Casablanca
183537,7805711,casablanca,bernoussi,99,SAFE_25,Bernoussi à Casablanca
183538,7805722,casablanca,oasis,332,SAFE_25,Oasis à Casablanca
183539,7805724,marrakech,gueliz,1250,SAFE_25,Guéliz à Marrakech
183540,7805727,sale,hay chmaou,56,SAFE_25,Hay Chmaou à Salé
183541,7805737,fes,talaa,15,SAFE_10,Talaa à Fès
183542,7805739,casablanca,racine,596,SAFE_25,Racine à Casablanca
183543,7805755,casablanca,belvedere,301,SAFE_25,Belvédère à Casablanca
183547,7805773,el jadida,quartier aerodrome,20,SAFE_10,Quartier Aérodrome à El Jadida
183548,7805775,fes,hay al qods,1,LOW,Hay Al Qods à Fès
183549,7805777,rabat,riyad,566,SAFE_25,Riyad à Rabat
183550,7805798,casablanca,anfa,374,SAFE_25,Anfa à Casablanca
183551,7805824,casablanca,californie,735,SAFE_25,Californie à Casablanca
183554,7805853,casablanca,mers sultan,170,SAFE_25,Mers Sultan à Casablanca
183556,7805874,tanger,route nationale assilah n1,134,SAFE_25,Route Nationale Assilah (N1) à Tanger
183557,7805885,el jadida,sidi moussa,18,SAFE_10,Sidi Moussa à El Jadida
183559,7805897,rabat,souissi,566,SAFE_25,Souissi à Rabat
183560,7805898,agadir,secteur touristique,92,SAFE_25,Secteur Touristique à Agadir
183564,7805931,casablanca,val fleury,190,SAFE_25,Val Fleury à Casablanca
183565,7805952,tanger,charf,17,SAFE_10,Charf à Tanger
183567,7805977,rabat,haut agdal,84,SAFE_25,Haut Agdal à Rabat
183568,7805982,marrakech,gueliz,1250,SAFE_25,Guéliz à Marrakech
183569,7805990,rabat,riyad,566,SAFE_25,Riyad à Rabat
183570,7805999,rabat,riyad,566,SAFE_25,Riyad à Rabat
183571,7806019,casablanca,cil hay salam,225,SAFE_25,CIL (Hay Salam) à Casablanca
183572,7806038,casablanca,oulfa,409,SAFE_25,Oulfa à Casablanca
183575,7806066,mohammedia,wafa,25,SAFE_25,Wafa à Mohammedia
183577,7806092,kenitra,el hadadda,51,SAFE_25,El Hadadda à Kénitra
183578,7806093,marrakech,hay mabrouka,95,SAFE_25,Hay Mabrouka à Marrakech
183579,7806107,tanger,souani,12,SAFE_10,Souani à Tanger
183580,7806142,marrakech,samlalia,132,SAFE_25,Samlalia à Marrakech
183581,7806147,tanger,administratif,164,SAFE_25,Administratif à Tanger
183583,7806172,casablanca,maarif,326,SAFE_25,Maârif à Casablanca
183586,7806186,sale,ouled moussa,10,SAFE_10,Ouled Moussa à Salé
183587,7806197,casablanca,ain diab extension,188,SAFE_25,Ain Diab Extension à Casablanca
183588,7806200,rabat,riyad,566,SAFE_25,Riyad à Rabat
183592,7806244,casablanca,ain sebaa,344,SAFE_25,Aïn Sebaâ à Casablanca
183594,7806253,casablanca,anassi,40,SAFE_25,Anassi à Casablanca
183595,7806256,casablanca,palmier,340,SAFE_25,Palmier à Casablanca
183596,7806275,agadir,hay mohammadi,183,SAFE_25,Hay Mohammadi à Agadir
183597,7806285,casablanca,racine extension,51,SAFE_25,Racine Extension à Casablanca
183598,7806314,marrakech,hay mabrouka,95,SAFE_25,Hay Mabrouka à Marrakech
183599,7806319,casablanca,gauthier,422,SAFE_25,Gauthier à Casablanca
183602,7806323,essaouira,nouvelle ville,28,SAFE_25,Nouvelle Ville à Essaouira
183603,7806326,casablanca,maarif,326,SAFE_25,Maârif à Casablanca
183605,7806338,casablanca,burger,53,SAFE_25,Burger à Casablanca
183607,7806348,casablanca,les hopitaux,385,SAFE_25,Les Hôpitaux à Casablanca
183608,7806350,casablanca,roches noires,198,SAFE_25,Roches Noires à Casablanca
183612,7806379,casablanca,sidi maarouf,518,SAFE_25,Sidi Maarouf à Casablanca
183615,7806399,casablanca,casablanca finance city,208,SAFE_25,Casablanca Finance City à Casablanca
183617,7806429,casablanca,al qods,132,SAFE_25,Al Qods à Casablanca
183618,7806457,rabat,agdal,313,SAFE_25,Agdal à Rabat
183620,7806474,fes,route de meknes,13,SAFE_10,Route de Meknes à Fès
183621,7806507,casablanca,racine,596,SAFE_25,Racine à Casablanca
183622,7806536,casablanca,sidi moumen,119,SAFE_25,Sidi Moumen à Casablanca
183623,7806541,casablanca,ferme bretonne hay arraha,189,SAFE_25,Ferme Bretonne (Hay Arraha) à Casablanca
183624,7806549,marrakech,gueliz,1250,SAFE_25,Guéliz à Marrakech
183627,7806591,casablanca,triangle d or,142,SAFE_25,Triangle d'Or à Casablanca
183629,7806602,casablanca,racine,596,SAFE_25,Racine à Casablanca
183630,7806605,casablanca,mers sultan,170,SAFE_25,Mers Sultan à Casablanca
183632,7806613,casablanca,bourgogne est,157,SAFE_25,Bourgogne Est à Casablanca
183634,7806628,tanger,ahlane,96,SAFE_25,Ahlane à Tanger
183637,7806655,casablanca,ain borja,88,SAFE_25,Ain Borja à Casablanca
183638,7806671,casablanca,ferme bretonne hay arraha,189,SAFE_25,Ferme Bretonne (Hay Arraha) à Casablanca
183639,7806677,rabat,agdal,313,SAFE_25,Agdal à Rabat
183641,7806719,marrakech,agdal,514,SAFE_25,Agdal à Marrakech
183642,7806770,bouznika,quartier industriel,31,SAFE_25,Quartier Industriel à Bouznika
183643,7806781,temara,wifak,121,SAFE_25,Wifak à Temara
183644,7806786,casablanca,ain sebaa,344,SAFE_25,Aïn Sebaâ à Casablanca
183645,7806822,bouznika,hamza,21,SAFE_10,Hamza à Bouznika
183646,7806830,settat,hay al kamal,9,SAFE_5,Hay Al Kamal à Settat
183647,7806844,tanger,boukhalef,98,SAFE_25,Boukhalef à Tanger
183649,7806858,agadir,cite adrar,16,SAFE_10,Cité Adrar à Agadir
183653,7806889,casablanca,jamila 3,6,SAFE_5,Jamila 3 à Casablanca
183655,7806906,tanger,boukhalef,98,SAFE_25,Boukhalef à Tanger
183656,7806908,fes,fes jdid,2,LOW,Fes Jdid à Fès
183657,7806935,fes,nouvelle ville,31,SAFE_25,Nouvelle Ville à Fès
183658,7806938,marrakech,hivernage,273,SAFE_25,Hivernage à Marrakech
183659,7806943,rabat,kebibat,33,SAFE_25,Kébibat à Rabat
183660,7806945,casablanca,triangle d or,142,SAFE_25,Triangle d'Or à Casablanca
183663,7806965,rabat,l ocean,61,SAFE_25,L'Ocean à Rabat
183664,7806969,casablanca,les princesses,332,SAFE_25,Les princesses à Casablanca
183666,7806979,tanger,de la plage,188,SAFE_25,De La Plage à Tanger
183668,7806981,casablanca,sidi maarouf,518,SAFE_25,Sidi Maarouf à Casablanca
183669,7806983,tanger,marjane,165,SAFE_25,Marjane à Tanger
183670,7806988,marrakech,gueliz,1250,SAFE_25,Guéliz à Marrakech
183672,7806993,marrakech,agdal,514,SAFE_25,Agdal à Marrakech
183674,7807018,marrakech,hivernage,273,SAFE_25,Hivernage à Marrakech
183677,7807049,marrakech,gueliz,1250,SAFE_25,Guéliz à Marrakech
183678,7807060,agadir,cite adrar,16,SAFE_10,Cité Adrar à Agadir
183680,7807072,casablanca,les hopitaux,385,SAFE_25,Les Hôpitaux à Casablanca
183681,7807096,casablanca,oulfa,409,SAFE_25,Oulfa à Casablanca
183682,7807102,casablanca,triangle d or,142,SAFE_25,Triangle d'Or à Casablanca
183683,7807106,casablanca,les hopitaux,385,SAFE_25,Les Hôpitaux à Casablanca
183684,7807115,marrakech,hay mabrouka,95,SAFE_25,Hay Mabrouka à Marrakech
183686,7807134,marrakech,samlalia,132,SAFE_25,Samlalia à Marrakech
183689,7807147,marrakech,gueliz,1250,SAFE_25,Guéliz à Marrakech
183690,7807157,settat,smaala,9,SAFE_5,Smaâla à Settat
183691,7807161,marrakech,route d agadir essaouira,143,SAFE_25,Route d'Agadir - Essaouira à Marrakech
183692,7807167,sale,inbiaat,1,LOW,Inbiaat à Salé
183694,7807182,agadir,amsernate,6,SAFE_5,Amsernate à Agadir
183695,7807184,casablanca,ain sebaa,344,SAFE_25,Aïn Sebaâ à Casablanca
183697,7807191,casablanca,sidi moumen,119,SAFE_25,Sidi Moumen à Casablanca
183698,7807196,marrakech,route d agadir essaouira,143,SAFE_25,Route d'Agadir - Essaouira à Marrakech
183699,7807202,casablanca,triangle d or,142,SAFE_25,Triangle d'Or à Casablanca
183700,7807246,tanger,administratif,164,SAFE_25,Administratif à Tanger
183701,7807260,agadir,tilila,54,SAFE_25,Tilila à Agadir
183703,7807272,marrakech,gueliz,1250,SAFE_25,Guéliz à Marrakech
183705,7807324,casablanca,belvedere,301,SAFE_25,Belvédère à Casablanca
183709,7807357,casablanca,racine,596,SAFE_25,Racine à Casablanca
183710,7807358,rabat,haut agdal,84,SAFE_25,Haut Agdal à Rabat
183711,7807360,tanger,tanger city center,86,SAFE_25,Tanger City Center à Tanger
183712,7807370,marrakech,ouasis,16,SAFE_10,Ouasis à Marrakech
183714,7807378,fes,route ain chkaf,51,SAFE_25,Route ain Chkaf à Fès
183715,7807380,marrakech,route amizmiz,500,SAFE_25,Route Amizmiz à Marrakech
183716,7807384,casablanca,oulfa,409,SAFE_25,Oulfa à Casablanca
183717,7807393,casablanca,racine,596,SAFE_25,Racine à Casablanca
183719,7807404,casablanca,les hopitaux,385,SAFE_25,Les Hôpitaux à Casablanca
183720,7807414,marrakech,route d agadir essaouira,143,SAFE_25,Route d'Agadir - Essaouira à Marrakech
183722,7807416,meknes,marjane,146,SAFE_25,Marjane à Meknes
183723,7807434,mohammedia,nassim,37,SAFE_25,Nassim à Mohammedia
183724,7807441,casablanca,bournazil,16,SAFE_10,Bournazil à Casablanca
183725,7807445,casablanca,oulfa,409,SAFE_25,Oulfa à Casablanca
183726,7807448,casablanca,salmia 1,1,LOW,Salmia 1 à Casablanca
183729,7807481,nador,hay el matar,15,SAFE_10,Hay el matar à Nador
183730,7807484,tanger,tanja balia,220,SAFE_25,Tanja Balia à Tanger
183731,7807487,tanger,sania,64,SAFE_25,Sania à Tanger
183732,7807488,rabat,hassan centre ville,119,SAFE_25,Hassan - Centre Ville à Rabat
183735,7807503,sale,hay oued dahab,10,SAFE_10,Hay Oued Dahab à Salé
183736,7807510,agadir,hay houda,65,SAFE_25,Hay Houda à Agadir
183738,7807518,casablanca,oulfa,409,SAFE_25,Oulfa à Casablanca
183740,7807526,casablanca,mers sultan,170,SAFE_25,Mers Sultan à Casablanca
183743,7807559,casablanca,ain sebaa,344,SAFE_25,Aïn Sebaâ à Casablanca
183744,7807560,casablanca,palmier,340,SAFE_25,Palmier à Casablanca
183745,7807562,casablanca,ain sebaa,344,SAFE_25,Aïn Sebaâ à Casablanca
183746,7807576,casablanca,ferme bretonne hay arraha,189,SAFE_25,Ferme Bretonne (Hay Arraha) à Casablanca
183747,7807587,rabat,riyad,566,SAFE_25,Riyad à Rabat
183749,7807604,tanger,tanja balia,220,SAFE_25,Tanja Balia à Tanger
183750,7807609,kenitra,maamora,58,SAFE_25,Maamora à Kénitra
183752,7807643,casablanca,racine,596,SAFE_25,Racine à Casablanca
183753,7807645,fes,route ain chkaf,51,SAFE_25,Route ain Chkaf à Fès
183754,7807647,kenitra,maamora,58,SAFE_25,Maamora à Kénitra
183757,7807665,casablanca,bourgogne est,157,SAFE_25,Bourgogne Est à Casablanca
183759,7807682,oujda,el qods,10,SAFE_10,El Qods à Oujda
183760,7807686,sale,tabriquet,37,SAFE_25,Tabriquet à Salé
183763,7807700,sale,sala el jadida,84,SAFE_25,Sala el Jadida à Salé
183764,7807703,sale,sala el jadida,84,SAFE_25,Sala el Jadida à Salé
183767,7807749,casablanca,oulfa,409,SAFE_25,Oulfa à Casablanca
183768,7807757,casablanca,la gironde,122,SAFE_25,La Gironde à Casablanca
183769,7807768,casablanca,quartier bachkou,69,SAFE_25,Quartier Bachkou à Casablanca
183771,7807804,casablanca,hay almassira 3,1,LOW,Hay Almassira 3 à Casablanca
183772,7807810,casablanca,racine,596,SAFE_25,Racine à Casablanca
183773,7807814,casablanca,hermitage,63,SAFE_25,Hermitage à Casablanca
183774,7807819,casablanca,racine,596,SAFE_25,Racine à Casablanca
183775,7807823,marrakech,izdihar,97,SAFE_25,Izdihar à Marrakech
183776,7807836,fes,tghat,4,LOW,Tghat à Fès
183777,7807843,temara,hoda,4,LOW,Hoda à Temara
183779,7807882,casablanca,ferme bretonne hay arraha,189,SAFE_25,Ferme Bretonne (Hay Arraha) à Casablanca
183780,7807886,casablanca,ferme bretonne hay arraha,189,SAFE_25,Ferme Bretonne (Hay Arraha) à Casablanca
183781,7807898,marrakech,hivernage,273,SAFE_25,Hivernage à Marrakech
183782,7807902,temara,riad oulad mtaa,35,SAFE_25,Riad Oulad Mtaa à Temara
183784,7807962,casablanca,burger,53,SAFE_25,Burger à Casablanca
183786,7807965,meknes,marjane,146,SAFE_25,Marjane à Meknes
183787,7807970,casablanca,sidi belyout,39,SAFE_25,Sidi Belyout à Casablanca
183788,7807979,casablanca,les hopitaux,385,SAFE_25,Les Hôpitaux à Casablanca
183789,7807988,marrakech,gueliz,1250,SAFE_25,Guéliz à Marrakech
183791,7808016,marrakech,hivernage,273,SAFE_25,Hivernage à Marrakech
183792,7808026,agadir,hay najah,11,SAFE_10,Hay Najah à Agadir
183793,7808036,casablanca,sidi maarouf,518,SAFE_25,Sidi Maarouf à Casablanca
183794,7808043,casablanca,racine,596,SAFE_25,Racine à Casablanca
183796,7808057,casablanca,nassim 1,64,SAFE_25,Nassim 1 à Casablanca
183797,7808059,marrakech,gueliz,1250,SAFE_25,Guéliz à Marrakech
183798,7808062,casablanca,nassim 1,64,SAFE_25,Nassim 1 à Casablanca
183799,7808070,oujda,bd allal el fassi,2,LOW,Bd Allal el fassi à Oujda
183800,7808071,tanger,bel air val fleuri,128,SAFE_25,Bel Air - Val fleuri à Tanger
183801,7808072,tetouan,el mdrassi,5,SAFE_5,El Mdrassi à Tétouan
183802,7808079,meknes,hamria,152,SAFE_25,Hamria à Meknes
183805,7808122,casablanca,beausejour,150,SAFE_25,Beauséjour à Casablanca
183806,7808125,casablanca,ain diab,457,SAFE_25,Ain Diab à Casablanca
183807,7808136,kenitra,el hadadda,51,SAFE_25,El Hadadda à Kénitra
183809,7808166,marrakech,el hara,8,SAFE_5,El Hara à Marrakech
183810,7808173,casablanca,oulfa,409,SAFE_25,Oulfa à Casablanca
183811,7808181,marrakech,gueliz,1250,SAFE_25,Guéliz à Marrakech
183812,7808192,temara,wifak,121,SAFE_25,Wifak à Temara
183813,7808193,marrakech,gueliz,1250,SAFE_25,Guéliz à Marrakech
183814,7808197,casablanca,sidi maarouf,518,SAFE_25,Sidi Maarouf à Casablanca
183816,7808200,casablanca,maarif,326,SAFE_25,Maârif à Casablanca
183817,7808217,rabat,haut agdal,84,SAFE_25,Haut Agdal à Rabat
183818,7808245,casablanca,sidi belyout,39,SAFE_25,Sidi Belyout à Casablanca
183819,7808246,marrakech,route casablanca,269,SAFE_25,Route Casablanca à Marrakech
183822,7808285,kenitra,la ville haute,69,SAFE_25,La Ville Haute à Kénitra
183824,7808305,agadir,anza,33,SAFE_25,Anza à Agadir
183828,7808331,marrakech,route de safi,237,SAFE_25,Route de Safi à Marrakech
183829,7808333,temara,firdaouss,6,SAFE_5,Firdaouss à Temara
183830,7808337,casablanca,racine,596,SAFE_25,Racine à Casablanca
183835,7808371,tetouan,martil,5,SAFE_5,Martil à Tétouan
183837,7808384,bouznika,al kawtar,71,SAFE_25,Al Kawtar à Bouznika
183840,7808411,casablanca,palmier,340,SAFE_25,Palmier à Casablanca
183842,7808429,marrakech,agdal,514,SAFE_25,Agdal à Marrakech
183843,7808430,rabat,souissi,566,SAFE_25,Souissi à Rabat
183844,7808435,marrakech,gueliz,1250,SAFE_25,Guéliz à Marrakech
183848,7808483,marrakech,mhamid,253,SAFE_25,Mhamid à Marrakech
183849,7808485,casablanca,les hopitaux,385,SAFE_25,Les Hôpitaux à Casablanca
183850,7808486,casablanca,bourgogne ouest,380,SAFE_25,Bourgogne Ouest à Casablanca
183851,7808501,casablanca,belvedere,301,SAFE_25,Belvédère à Casablanca
183852,7808505,tanger,mesnana,96,SAFE_25,Mesnana à Tanger
183853,7808510,marrakech,hivernage,273,SAFE_25,Hivernage à Marrakech
183854,7808513,tanger,ziaten,49,SAFE_25,Ziaten à Tanger
183855,7808517,mohammedia,la siesta,62,SAFE_25,La Siesta à Mohammedia
183856,7808519,casablanca,ain borja,88,SAFE_25,Ain Borja à Casablanca
183857,7808524,casablanca,sidi moumen,119,SAFE_25,Sidi Moumen à Casablanca
183858,7808533,rabat,diour jamaa,38,SAFE_25,Diour Jamaa à Rabat
183859,7808541,casablanca,oulfa,409,SAFE_25,Oulfa à Casablanca
183860,7808548,casablanca,racine,596,SAFE_25,Racine à Casablanca
183861,7808557,casablanca,franceville,76,SAFE_25,Franceville à Casablanca
183862,7808581,casablanca,gauthier,422,SAFE_25,Gauthier à Casablanca
183864,7808624,casablanca,palmier,340,SAFE_25,Palmier à Casablanca
183865,7808632,casablanca,al qods,132,SAFE_25,Al Qods à Casablanca
183868,7808672,marrakech,les portes de marrakech,94,SAFE_25,Les Portes de Marrakech à Marrakech
183870,7808684,casablanca,racine,596,SAFE_25,Racine à Casablanca
183873,7808725,rabat,riyad,566,SAFE_25,Riyad à Rabat
183874,7808742,marrakech,ain mezouar,54,SAFE_25,Ain Mezouar à Marrakech
183877,7808772,rabat,l ocean,61,SAFE_25,L'Ocean à Rabat
183879,7808777,mohammedia,quartier du parc,79,SAFE_25,Quartier du Parc à Mohammedia
183881,7808783,meknes,place lahdim,6,SAFE_5,Place lahdim à Meknes
183882,7808789,casablanca,ain sebaa,344,SAFE_25,Aïn Sebaâ à Casablanca
183884,7808795,casablanca,racine,596,SAFE_25,Racine à Casablanca
183885,7808803,agadir,haut founty,47,SAFE_25,Haut Founty à Agadir
183886,7808805,casablanca,hay salama,19,SAFE_10,Hay Salama à Casablanca
183888,7808823,casablanca,beausejour,150,SAFE_25,Beauséjour à Casablanca
183889,7808824,fes,quartier oued fes,34,SAFE_25,Quartier Oued Fes à Fès
183893,7808851,casablanca,ain sebaa,344,SAFE_25,Aïn Sebaâ à Casablanca
183896,7808870,marrakech,daoudiat,64,SAFE_25,Daoudiat à Marrakech
183897,7808877,meknes,hamria,152,SAFE_25,Hamria à Meknes
183898,7808882,meknes,hamria,152,SAFE_25,Hamria à Meknes
183899,7808898,casablanca,hay albaraka,19,SAFE_10,Hay Albaraka à Casablanca
183900,7808902,khemisset,lot tadart,1,LOW,Lot Tadart à Khémisset
183901,7808910,casablanca,maarif extension,351,SAFE_25,Maârif Extension à Casablanca
183902,7808915,casablanca,ain diab,457,SAFE_25,Ain Diab à Casablanca
183903,7808916,agadir,hay mohammadi,183,SAFE_25,Hay Mohammadi à Agadir
183906,7808934,casablanca,triangle d or,142,SAFE_25,Triangle d'Or à Casablanca
183907,7808956,tanger,malabata,421,SAFE_25,Malabata à Tanger
183908,7808961,rabat,hay al amal,9,SAFE_5,Hay Al Amal à Rabat
183909,7808966,casablanca,belvedere,301,SAFE_25,Belvédère à Casablanca
183910,7808976,casablanca,bourgogne ouest,380,SAFE_25,Bourgogne Ouest à Casablanca
183911,7808988,marrakech,agdal,514,SAFE_25,Agdal à Marrakech
183912,7808998,casablanca,ferme bretonne hay arraha,189,SAFE_25,Ferme Bretonne (Hay Arraha) à Casablanca
183913,7808999,marrakech,agdal,514,SAFE_25,Agdal à Marrakech
183915,7809013,casablanca,gauthier,422,SAFE_25,Gauthier à Casablanca
183916,7809024,casablanca,franceville,76,SAFE_25,Franceville à Casablanca
183921,7809061,casablanca,maarif extension,351,SAFE_25,Maârif Extension à Casablanca
183924,7809104,casablanca,maarif,326,SAFE_25,Maârif à Casablanca
183926,7809118,casablanca,racine,596,SAFE_25,Racine à Casablanca
183928,7809128,marrakech,mhamid,253,SAFE_25,Mhamid à Marrakech
183929,7809143,casablanca,mers sultan,170,SAFE_25,Mers Sultan à Casablanca
183930,7809147,marrakech,hivernage,273,SAFE_25,Hivernage à Marrakech
183931,7809150,casablanca,racine,596,SAFE_25,Racine à Casablanca
183936,7809231,casablanca,triangle d or,142,SAFE_25,Triangle d'Or à Casablanca
183937,7809235,kenitra,mimosas,57,SAFE_25,Mimosas à Kénitra
183938,7809236,casablanca,racine,596,SAFE_25,Racine à Casablanca
183940,7809262,temara,al moustakbal,9,SAFE_5,Al Moustakbal à Temara
183943,7809330,marrakech,ain mezouar,54,SAFE_25,Ain Mezouar à Marrakech
183944,7809332,tanger,malabata,421,SAFE_25,Malabata à Tanger
183946,7809342,casablanca,franceville,76,SAFE_25,Franceville à Casablanca
183947,7809345,fes,saada,8,SAFE_5,Saada à Fès
183948,7809346,casablanca,maarif extension,351,SAFE_25,Maârif Extension à Casablanca
183949,7809364,fes,champ de course,17,SAFE_10,Champ de course à Fès
183951,7809371,rabat,kebibat,33,SAFE_25,Kébibat à Rabat
183952,7809394,casablanca,maarif extension,351,SAFE_25,Maârif Extension à Casablanca
183953,7809407,agadir,hay zaytoun,5,SAFE_5,Hay Zaytoun à Agadir
183955,7809418,casablanca,californie,735,SAFE_25,Californie à Casablanca
183956,7809434,agadir,hay salam,64,SAFE_25,Hay Salam à Agadir
183957,7809435,casablanca,franceville,76,SAFE_25,Franceville à Casablanca
183959,7809438,tanger,administratif,164,SAFE_25,Administratif à Tanger
183966,7809477,meknes,hay salam,30,SAFE_25,Hay salam à Meknes
183967,7809478,casablanca,racine,596,SAFE_25,Racine à Casablanca
183969,7809498,agadir,hay mohammadi,183,SAFE_25,Hay Mohammadi à Agadir
183970,7809502,casablanca,racine,596,SAFE_25,Racine à Casablanca
183971,7809504,tanger,tanja balia,220,SAFE_25,Tanja Balia à Tanger
183972,7809510,tanger,tanja balia,220,SAFE_25,Tanja Balia à Tanger
183973,7809514,rabat,agdal,313,SAFE_25,Agdal à Rabat
183974,7809515,casablanca,ain sebaa,344,SAFE_25,Aïn Sebaâ à Casablanca
183976,7809518,temara,abbadi,25,SAFE_25,Abbadi à Temara
183977,7809519,marrakech,gueliz,1250,SAFE_25,Guéliz à Marrakech
183978,7809544,casablanca,oulfa,409,SAFE_25,Oulfa à Casablanca
183979,7809562,casablanca,palmier,340,SAFE_25,Palmier à Casablanca
183982,7809573,casablanca,sidi maarouf,518,SAFE_25,Sidi Maarouf à Casablanca
183984,7809583,el jadida,al kodia,9,SAFE_5,Al Kodia à El Jadida
183986,7809631,casablanca,les hopitaux,385,SAFE_25,Les Hôpitaux à Casablanca
183987,7809636,temara,oued eddahab,11,SAFE_10,Oued Eddahab à Temara
183989,7809650,temara,wifak,121,SAFE_25,Wifak à Temara
183990,7809652,tanger,mghogha,80,SAFE_25,Mghogha à Tanger
183991,7809666,casablanca,palmier,340,SAFE_25,Palmier à Casablanca
183995,7809676,kenitra,maamora,58,SAFE_25,Maamora à Kénitra
183996,7809683,casablanca,sidi maarouf,518,SAFE_25,Sidi Maarouf à Casablanca
183997,7809740,casablanca,les princesses,332,SAFE_25,Les princesses à Casablanca
183998,7809743,casablanca,racine,596,SAFE_25,Racine à Casablanca
183999,7809748,tanger,branes 2,42,SAFE_25,Branes 2 à Tanger
184003,7809775,casablanca,ferme bretonne hay arraha,189,SAFE_25,Ferme Bretonne (Hay Arraha) à Casablanca
184004,7809780,casablanca,ferme bretonne hay arraha,189,SAFE_25,Ferme Bretonne (Hay Arraha) à Casablanca
184005,7809789,mohammedia,riad 1,7,SAFE_5,Riad 1 à Mohammedia
184006,7809793,fes,hay jdid,1,LOW,Hay Jdid à Fès
184007,7809892,rabat,hay al kora,8,SAFE_5,Hay Al Kora à Rabat
184008,7809912,mohammedia,al aalia,51,SAFE_25,Al Aalia à Mohammedia
184009,7809915,tanger,malabata,421,SAFE_25,Malabata à Tanger
184010,7809919,tanger,mozart,64,SAFE_25,Mozart à Tanger
184011,7809920,kenitra,la ville haute,69,SAFE_25,La Ville Haute à Kénitra
184012,7809928,tanger,tanja balia,220,SAFE_25,Tanja Balia à Tanger
184013,7809936,casablanca,roches noires,198,SAFE_25,Roches Noires à Casablanca
184014,7809938,casablanca,belvedere,301,SAFE_25,Belvédère à Casablanca
184015,7809940,casablanca,maarif,326,SAFE_25,Maârif à Casablanca
184016,7809951,casablanca,les princesses,332,SAFE_25,Les princesses à Casablanca
184017,7809981,tanger,iberie,173,SAFE_25,Iberie à Tanger
184018,7809983,sale,sala el jadida,84,SAFE_25,Sala el Jadida à Salé
184019,7810011,casablanca,la gironde,122,SAFE_25,La Gironde à Casablanca
184020,7810033,casablanca,palmier,340,SAFE_25,Palmier à Casablanca
184021,7810042,marrakech,mhamid,253,SAFE_25,Mhamid à Marrakech
184022,7810056,kenitra,val fleuri,31,SAFE_25,Val Fleuri à Kénitra
184023,7810063,kenitra,bir rami ouest,38,SAFE_25,Bir Rami Ouest à Kénitra
184025,7810070,marrakech,route casablanca,269,SAFE_25,Route Casablanca à Marrakech
184026,7810094,casablanca,casablanca finance city,208,SAFE_25,Casablanca Finance City à Casablanca
184027,7810098,rabat,agdal,313,SAFE_25,Agdal à Rabat
184028,7810103,sale,hay rahma,10,SAFE_10,Hay Rahma à Salé
184029,7810106,casablanca,oulfa,409,SAFE_25,Oulfa à Casablanca
184030,7810128,el jadida,narjiss,7,SAFE_5,Narjiss à El Jadida
184032,7810161,kenitra,mimosas,57,SAFE_25,Mimosas à Kénitra
184034,7810170,casablanca,racine,596,SAFE_25,Racine à Casablanca
184035,7810184,fes,route ain chkaf,51,SAFE_25,Route ain Chkaf à Fès
184038,7810204,casablanca,maarif extension,351,SAFE_25,Maârif Extension à Casablanca
184041,7810215,casablanca,oulfa,409,SAFE_25,Oulfa à Casablanca
184043,7810219,marrakech,gueliz,1250,SAFE_25,Guéliz à Marrakech
184044,7810220,casablanca,racine,596,SAFE_25,Racine à Casablanca
184046,7810222,agadir,abattoirs,30,SAFE_25,Abattoirs à Agadir
184047,7810223,marrakech,gueliz,1250,SAFE_25,Guéliz à Marrakech
184048,7810245,casablanca,racine,596,SAFE_25,Racine à Casablanca
184049,7810254,marrakech,gueliz,1250,SAFE_25,Guéliz à Marrakech
184050,7810258,tanger,nzaha,5,SAFE_5,Nzaha à Tanger
184051,7810273,marrakech,mhamid,253,SAFE_25,Mhamid à Marrakech
184053,7810288,casablanca,ain sebaa,344,SAFE_25,Aïn Sebaâ à Casablanca
184055,7810293,casablanca,beausite,41,SAFE_25,Beausite à Casablanca
184056,7810299,bouznika,quartier industriel,31,SAFE_25,Quartier Industriel à Bouznika
184058,7810310,el jadida,biranzarane,8,SAFE_5,Biranzarane à El Jadida
184059,7810346,casablanca,maarif extension,351,SAFE_25,Maârif Extension à Casablanca
184062,7810439,rabat,hay nahda,43,SAFE_25,Hay Nahda à Rabat
184065,7810471,casablanca,nassim 2,43,SAFE_25,Nassim 2 à Casablanca
184066,7810507,kenitra,val fleuri,31,SAFE_25,Val Fleuri à Kénitra
184067,7810511,casablanca,ferme bretonne hay arraha,189,SAFE_25,Ferme Bretonne (Hay Arraha) à Casablanca
184070,7810552,casablanca,les hopitaux,385,SAFE_25,Les Hôpitaux à Casablanca
184071,7810562,casablanca,les princesses,332,SAFE_25,Les princesses à Casablanca
184073,7810601,casablanca,belvedere,301,SAFE_25,Belvédère à Casablanca
184074,7810603,marrakech,route casablanca,269,SAFE_25,Route Casablanca à Marrakech
184075,7810607,sale,sala el jadida,84,SAFE_25,Sala el Jadida à Salé
184077,7810623,casablanca,beausejour,150,SAFE_25,Beauséjour à Casablanca
184078,7810624,rabat,l ocean,61,SAFE_25,L'Ocean à Rabat
184080,7810643,casablanca,les hopitaux,385,SAFE_25,Les Hôpitaux à Casablanca
184083,7810669,meknes,marjane,146,SAFE_25,Marjane à Meknes
184084,7810680,fes,nouvelle ville,31,SAFE_25,Nouvelle Ville à Fès
184085,7810706,casablanca,la gironde,122,SAFE_25,La Gironde à Casablanca
184086,7810719,tanger,de la plage,188,SAFE_25,De La Plage à Tanger
184087,7810723,marrakech,agdal,514,SAFE_25,Agdal à Marrakech
184088,7810730,tanger,marjane,165,SAFE_25,Marjane à Tanger
184089,7810736,marrakech,route casablanca,269,SAFE_25,Route Casablanca à Marrakech
184090,7810758,casablanca,maarif extension,351,SAFE_25,Maârif Extension à Casablanca
184093,7810770,meknes,marjane,146,SAFE_25,Marjane à Meknes
184095,7810795,agadir,abattoirs,30,SAFE_25,Abattoirs à Agadir
184098,7810809,marrakech,hay targa,491,SAFE_25,Hay Targa à Marrakech
184101,7810855,casablanca,michouar,8,SAFE_5,Michouar à Casablanca
184102,7810858,casablanca,ain sebaa,344,SAFE_25,Aïn Sebaâ à Casablanca
184103,7810871,casablanca,les hopitaux,385,SAFE_25,Les Hôpitaux à Casablanca
184104,7810880,fes,champ de course,17,SAFE_10,Champ de course à Fès
184105,7810890,tanger,marjane,165,SAFE_25,Marjane à Tanger
184108,7810914,tanger,ahlane,96,SAFE_25,Ahlane à Tanger
184109,7810924,casablanca,maarif,326,SAFE_25,Maârif à Casablanca
184113,7810989,marrakech,mhamid,253,SAFE_25,Mhamid à Marrakech
184114,7810993,marrakech,route casablanca,269,SAFE_25,Route Casablanca à Marrakech
184117,7811029,rabat,kebibat,33,SAFE_25,Kébibat à Rabat
184118,7811041,casablanca,al qods,132,SAFE_25,Al Qods à Casablanca
184119,7811044,casablanca,bourgogne ouest,380,SAFE_25,Bourgogne Ouest à Casablanca
184122,7811048,marrakech,route casablanca,269,SAFE_25,Route Casablanca à Marrakech
184123,7811073,temara,abbadi,25,SAFE_25,Abbadi à Temara
184124,7811102,casablanca,oulfa,409,SAFE_25,Oulfa à Casablanca
184125,7811104,casablanca,maarif,326,SAFE_25,Maârif à Casablanca
184126,7811111,marrakech,majorelle,157,SAFE_25,Majorelle à Marrakech
184128,7811124,tanger,iberie,173,SAFE_25,Iberie à Tanger
184132,7811163,rabat,riyad,566,SAFE_25,Riyad à Rabat
184133,7811172,agadir,hay salam,64,SAFE_25,Hay Salam à Agadir
184134,7811192,khemisset,hay najah,1,LOW,Hay Najah à Khémisset
184135,7811217,rabat,souissi,566,SAFE_25,Souissi à Rabat
184138,7811253,casablanca,hay annour,8,SAFE_5,Hay Annour à Casablanca
184139,7811257,casablanca,bourgogne ouest,380,SAFE_25,Bourgogne Ouest à Casablanca
184140,7811263,marrakech,gueliz,1250,SAFE_25,Guéliz à Marrakech
184143,7811284,casablanca,les princesses,332,SAFE_25,Les princesses à Casablanca
184144,7811296,tanger,castilla,76,SAFE_25,Castilla à Tanger
184145,7811317,casablanca,roches noires,198,SAFE_25,Roches Noires à Casablanca
184146,7811323,rabat,souissi,566,SAFE_25,Souissi à Rabat
184147,7811325,marrakech,gueliz,1250,SAFE_25,Guéliz à Marrakech
184148,7811341,casablanca,bourgogne ouest,380,SAFE_25,Bourgogne Ouest à Casablanca
184149,7811350,kenitra,maamora,58,SAFE_25,Maamora à Kénitra
184152,7811392,marrakech,hay mabrouka,95,SAFE_25,Hay Mabrouka à Marrakech
184154,7811397,casablanca,les hopitaux,385,SAFE_25,Les Hôpitaux à Casablanca
184155,7811412,temara,skikina,28,SAFE_25,Skikina à Temara
184156,7811415,el jadida,hay al amal,5,SAFE_5,Hay Al Amal à El Jadida
184158,7811447,casablanca,racine,596,SAFE_25,Racine à Casablanca
184160,7811467,casablanca,gauthier,422,SAFE_25,Gauthier à Casablanca
184162,7811482,benslimane,golf de benslimane,48,SAFE_25,Golf de Benslimane à Benslimane
184167,7811531,benslimane,golf de benslimane,48,SAFE_25,Golf de Benslimane à Benslimane
184169,7811556,marrakech,route de safi,237,SAFE_25,Route de Safi à Marrakech
184170,7811562,casablanca,cil hay salam,225,SAFE_25,CIL (Hay Salam) à Casablanca
184171,7811568,casablanca,racine,596,SAFE_25,Racine à Casablanca
184173,7811578,sale,sala el jadida,84,SAFE_25,Sala el Jadida à Salé
184174,7811581,bouznika,assanaouber,16,SAFE_10,Assanaouber à Bouznika
184175,7811585,agadir,hay mohammadi,183,SAFE_25,Hay Mohammadi à Agadir
184177,7811603,agadir,hay mohammadi,183,SAFE_25,Hay Mohammadi à Agadir
184181,7811622,agadir,hay al farah,26,SAFE_25,Hay Al Farah à Agadir
184182,7811637,marrakech,samlalia,132,SAFE_25,Samlalia à Marrakech
184183,7811653,casablanca,ain borja,88,SAFE_25,Ain Borja à Casablanca
184186,7811664,agadir,extension dakhla,15,SAFE_10,Extension Dakhla à Agadir
184192,7811739,marrakech,agdal,514,SAFE_25,Agdal à Marrakech
184194,7811749,fes,champ de course,17,SAFE_10,Champ de course à Fès
184196,7811753,marrakech,route de fez,469,SAFE_25,Route de Fez à Marrakech
184197,7811772,casablanca,gauthier,422,SAFE_25,Gauthier à Casablanca
184198,7811774,casablanca,hay inara,27,SAFE_25,Hay Inara à Casablanca
184199,7811781,settat,sidi abdelkarim,7,SAFE_5,Sidi Abdelkarim à Settat
184201,7811795,bouznika,hamza,21,SAFE_10,Hamza à Bouznika
184204,7811803,ifrane,les jardins d ifrane,8,SAFE_5,Les jardins d'ifrane à Ifrane
184205,7811808,tanger,marchan,45,SAFE_25,Marchan à Tanger
184206,7811812,casablanca,les hopitaux,385,SAFE_25,Les Hôpitaux à Casablanca
184207,7811817,marrakech,boulevard med 6,124,SAFE_25,Boulevard Med 6 à Marrakech
184208,7811822,fes,route ain chkaf,51,SAFE_25,Route ain Chkaf à Fès
184210,7811837,marrakech,route casablanca,269,SAFE_25,Route Casablanca à Marrakech
184211,7811841,casablanca,ain sebaa,344,SAFE_25,Aïn Sebaâ à Casablanca
184212,7811842,agadir,abattoirs,30,SAFE_25,Abattoirs à Agadir
184213,7811855,marrakech,issil,29,SAFE_25,Issil à Marrakech
184214,7811871,casablanca,hay sadri,7,SAFE_5,Hay Sadri à Casablanca
184215,7811873,rabat,riyad,566,SAFE_25,Riyad à Rabat
184219,7811908,casablanca,anfa,374,SAFE_25,Anfa à Casablanca
184220,7811910,casablanca,la gironde,122,SAFE_25,La Gironde à Casablanca
184222,7811940,casablanca,bourgogne ouest,380,SAFE_25,Bourgogne Ouest à Casablanca
184223,7811941,casablanca,bourgogne ouest,380,SAFE_25,Bourgogne Ouest à Casablanca
184225,7811955,casablanca,casablanca finance city,208,SAFE_25,Casablanca Finance City à Casablanca
184226,7811958,marrakech,route casablanca,269,SAFE_25,Route Casablanca à Marrakech
184227,7811970,casablanca,les princesses,332,SAFE_25,Les princesses à Casablanca
184228,7811982,marrakech,gueliz,1250,SAFE_25,Guéliz à Marrakech
184229,7811984,marrakech,gueliz,1250,SAFE_25,Guéliz à Marrakech
184230,7812005,casablanca,racine,596,SAFE_25,Racine à Casablanca
184231,7812013,casablanca,la gironde,122,SAFE_25,La Gironde à Casablanca
184232,7812016,casablanca,ain sebaa,344,SAFE_25,Aïn Sebaâ à Casablanca
184233,7812032,tetouan,touabel,1,LOW,Touabel à Tétouan
184234,7812034,tanger,de la plage,188,SAFE_25,De La Plage à Tanger
184235,7812042,tanger,aharrarine,37,SAFE_25,Aharrarine à Tanger
184237,7812053,tanger,hay hassani,92,SAFE_25,Hay Hassani à Tanger
184238,7812060,tanger,aharrarine,37,SAFE_25,Aharrarine à Tanger
184242,7812086,casablanca,el manar el hank,32,SAFE_25,El Manar - El Hank à Casablanca
184243,7812092,casablanca,al qods,132,SAFE_25,Al Qods à Casablanca
184245,7812104,casablanca,oulfa,409,SAFE_25,Oulfa à Casablanca
184247,7812115,casablanca,casablanca finance city,208,SAFE_25,Casablanca Finance City à Casablanca
184249,7812142,rabat,agdal,313,SAFE_25,Agdal à Rabat
184250,7812176,rabat,agdal,313,SAFE_25,Agdal à Rabat
184252,7812189,casablanca,hay rajaa,3,LOW,Hay Rajaa à Casablanca
184253,7812191,casablanca,bourgogne ouest,380,SAFE_25,Bourgogne Ouest à Casablanca
184254,7812192,mohammedia,al aalia,51,SAFE_25,Al Aalia à Mohammedia
184255,7812193,tanger,ziaten,49,SAFE_25,Ziaten à Tanger
184257,7812212,casablanca,sidi maarouf,518,SAFE_25,Sidi Maarouf à Casablanca
184258,7812218,casablanca,maarif extension,351,SAFE_25,Maârif Extension à Casablanca
184260,7812223,casablanca,oulfa,409,SAFE_25,Oulfa à Casablanca
184266,7812265,rabat,l ocean,61,SAFE_25,L'Ocean à Rabat
184268,7812272,marrakech,agdal,514,SAFE_25,Agdal à Marrakech
184269,7812280,casablanca,maarif,326,SAFE_25,Maârif à Casablanca
184272,7812283,casablanca,burger,53,SAFE_25,Burger à Casablanca
184273,7812285,rabat,haut agdal,84,SAFE_25,Haut Agdal à Rabat
184274,7812287,rabat,guich oudaya,48,SAFE_25,Guich Oudaya à Rabat
184275,7812290,marrakech,hay mabrouka,95,SAFE_25,Hay Mabrouka à Marrakech
184276,7812350,casablanca,palmier,340,SAFE_25,Palmier à Casablanca
184277,7812361,casablanca,sidi belyout,39,SAFE_25,Sidi Belyout à Casablanca
184278,7812368,casablanca,quartier bachkou,69,SAFE_25,Quartier Bachkou à Casablanca
184279,7812377,casablanca,beausejour,150,SAFE_25,Beauséjour à Casablanca
184281,7812392,casablanca,les princesses,332,SAFE_25,Les princesses à Casablanca
184282,7812397,casablanca,maarif,326,SAFE_25,Maârif à Casablanca
184283,7812404,casablanca,racine,596,SAFE_25,Racine à Casablanca
184284,7812408,marrakech,gueliz,1250,SAFE_25,Guéliz à Marrakech
184287,7812420,casablanca,bourgogne ouest,380,SAFE_25,Bourgogne Ouest à Casablanca
184288,7812421,casablanca,cil hay salam,225,SAFE_25,CIL (Hay Salam) à Casablanca
184291,7812429,casablanca,ain borja,88,SAFE_25,Ain Borja à Casablanca
184292,7812430,casablanca,casablanca finance city,208,SAFE_25,Casablanca Finance City à Casablanca
184294,7812443,casablanca,sidi maarouf,518,SAFE_25,Sidi Maarouf à Casablanca
184295,7812452,casablanca,racine,596,SAFE_25,Racine à Casablanca
184296,7812454,casablanca,anfa,374,SAFE_25,Anfa à Casablanca
184302,7812489,rabat,souissi,566,SAFE_25,Souissi à Rabat
184303,7812492,casablanca,roches noires,198,SAFE_25,Roches Noires à Casablanca
184304,7812498,casablanca,sidi maarouf,518,SAFE_25,Sidi Maarouf à Casablanca
184305,7812500,casablanca,racine,596,SAFE_25,Racine à Casablanca
184306,7812517,kenitra,el hadadda,51,SAFE_25,El Hadadda à Kénitra
184308,7812531,marrakech,route d agadir essaouira,143,SAFE_25,Route d'Agadir - Essaouira à Marrakech
184309,7812543,agadir,secteur touristique,92,SAFE_25,Secteur Touristique à Agadir
184310,7812555,rabat,souissi,566,SAFE_25,Souissi à Rabat
184311,7812557,skhirat,al fath,13,SAFE_10,Al fath à Skhirat
184312,7812563,casablanca,ain diab,457,SAFE_25,Ain Diab à Casablanca
184313,7812580,casablanca,hay moulay abdellah,30,SAFE_25,Hay Moulay Abdellah à Casablanca
184316,7812608,casablanca,les princesses,332,SAFE_25,Les princesses à Casablanca
184317,7812611,marrakech,gueliz,1250,SAFE_25,Guéliz à Marrakech
184318,7812615,rabat,agdal,313,SAFE_25,Agdal à Rabat
184320,7812625,casablanca,val fleury,190,SAFE_25,Val Fleury à Casablanca
184321,7812627,marrakech,route casablanca,269,SAFE_25,Route Casablanca à Marrakech
184323,7812647,marrakech,hay mabrouka,95,SAFE_25,Hay Mabrouka à Marrakech
184324,7812666,rabat,agdal,313,SAFE_25,Agdal à Rabat
184325,7812672,tetouan,inara,5,SAFE_5,Inara à Tétouan
184326,7812681,sale,hay chmaou,56,SAFE_25,Hay Chmaou à Salé
184327,7812685,marrakech,gueliz,1250,SAFE_25,Guéliz à Marrakech
184328,7812704,rabat,riyad,566,SAFE_25,Riyad à Rabat
184332,7812716,marrakech,gueliz,1250,SAFE_25,Guéliz à Marrakech
184333,7812718,tanger,mesnana,96,SAFE_25,Mesnana à Tanger
184336,7812734,agadir,siusse,9,SAFE_5,Siusse à Agadir
184337,7812751,agadir,hay dakhla,57,SAFE_25,Hay Dakhla à Agadir
184338,7812763,marrakech,agdal,514,SAFE_25,Agdal à Marrakech
184339,7812796,casablanca,maarif extension,351,SAFE_25,Maârif Extension à Casablanca
184340,7812799,casablanca,oasis sud,25,SAFE_25,Oasis sud à Casablanca
184341,7812810,casablanca,mers sultan,170,SAFE_25,Mers Sultan à Casablanca
184343,7812833,casablanca,californie,735,SAFE_25,Californie à Casablanca
184344,7812837,mohammedia,monica,17,SAFE_10,Monica à Mohammedia
184347,7812848,marrakech,gueliz,1250,SAFE_25,Guéliz à Marrakech
184348,7812852,casablanca,maarif,326,SAFE_25,Maârif à Casablanca
184349,7812862,casablanca,casablanca finance city,208,SAFE_25,Casablanca Finance City à Casablanca
184351,7812878,casablanca,casablanca finance city,208,SAFE_25,Casablanca Finance City à Casablanca
184353,7812892,marrakech,samlalia,132,SAFE_25,Samlalia à Marrakech
184354,7812899,casablanca,laymoune,100,SAFE_25,Laymoune à Casablanca
184355,7812900,casablanca,sidi moumen,119,SAFE_25,Sidi Moumen à Casablanca
184356,7812904,casablanca,racine,596,SAFE_25,Racine à Casablanca
184357,7812924,casablanca,palmier,340,SAFE_25,Palmier à Casablanca
184359,7812938,casablanca,les princesses,332,SAFE_25,Les princesses à Casablanca
184361,7812947,fes,nouvelle ville,31,SAFE_25,Nouvelle Ville à Fès
184362,7812948,tanger,marjane,165,SAFE_25,Marjane à Tanger
184363,7812951,casablanca,oulfa,409,SAFE_25,Oulfa à Casablanca
184365,7812968,casablanca,casablanca finance city,208,SAFE_25,Casablanca Finance City à Casablanca
184367,7812991,casablanca,ain borja,88,SAFE_25,Ain Borja à Casablanca
184368,7813005,casablanca,les hopitaux,385,SAFE_25,Les Hôpitaux à Casablanca
184369,7813010,casablanca,bourgogne est,157,SAFE_25,Bourgogne Est à Casablanca
184370,7813011,casablanca,ferme bretonne hay arraha,189,SAFE_25,Ferme Bretonne (Hay Arraha) à Casablanca
184371,7813026,casablanca,racine,596,SAFE_25,Racine à Casablanca
184373,7813092,casablanca,mandarona,87,SAFE_25,Mandarona à Casablanca
184375,7813109,casablanca,racine,596,SAFE_25,Racine à Casablanca
184376,7813128,mohammedia,nassim,37,SAFE_25,Nassim à Mohammedia
184378,7813134,casablanca,mers sultan,170,SAFE_25,Mers Sultan à Casablanca
184379,7813143,marrakech,gueliz,1250,SAFE_25,Guéliz à Marrakech
184380,7813146,kenitra,mimosas,57,SAFE_25,Mimosas à Kénitra
184381,7813147,casablanca,bourgogne ouest,380,SAFE_25,Bourgogne Ouest à Casablanca
184382,7813160,tanger,malabata,421,SAFE_25,Malabata à Tanger
184383,7813166,agadir,hay mohammadi,183,SAFE_25,Hay Mohammadi à Agadir
184384,7813170,marrakech,route de l ourika,877,SAFE_25,Route de l'Ourika à Marrakech
184385,7813183,sale,al bassatine,1,LOW,Al Bassatine à Salé
184386,7813186,marrakech,ennakhil palmeraie,469,SAFE_25,Ennakhil (Palmeraie) à Marrakech
184387,7813187,casablanca,triangle d or,142,SAFE_25,Triangle d'Or à Casablanca
184390,7813199,casablanca,les hopitaux,385,SAFE_25,Les Hôpitaux à Casablanca
184391,7813205,casablanca,maarif extension,351,SAFE_25,Maârif Extension à Casablanca
184392,7813213,casablanca,bourgogne est,157,SAFE_25,Bourgogne Est à Casablanca
184393,7813219,agadir,tilila,54,SAFE_25,Tilila à Agadir
184394,7813220,casablanca,jamila 6,2,LOW,Jamila 6 à Casablanca
184395,7813278,marrakech,route de fez,469,SAFE_25,Route de Fez à Marrakech
184397,7813288,oujda,nour,2,LOW,Nour à Oujda
184399,7813297,kenitra,val fleuri,31,SAFE_25,Val Fleuri à Kénitra
184400,7813304,tanger,zemmouri,11,SAFE_10,Zemmouri à Tanger
184401,7813331,casablanca,racine,596,SAFE_25,Racine à Casablanca
184403,7813336,casablanca,ain diab,457,SAFE_25,Ain Diab à Casablanca
184407,7813364,casablanca,bourgogne est,157,SAFE_25,Bourgogne Est à Casablanca
184409,7813389,marrakech,boulevard med 6,124,SAFE_25,Boulevard Med 6 à Marrakech
184410,7813397,kenitra,la ville haute,69,SAFE_25,La Ville Haute à Kénitra
184411,7813416,tanger,mozart,64,SAFE_25,Mozart à Tanger
184412,7813431,temara,al moustakbal,9,SAFE_5,Al Moustakbal à Temara
184413,7813456,marrakech,hivernage,273,SAFE_25,Hivernage à Marrakech
184415,7813471,mohammedia,hay al falah,6,SAFE_5,Hay Al Falah à Mohammedia
184416,7813472,fes,route immouzer,38,SAFE_25,Route Immouzer à Fès
184417,7813473,fes,route ain chkaf,51,SAFE_25,Route ain Chkaf à Fès
184419,7813477,casablanca,benjdia,50,SAFE_25,Benjdia à Casablanca
184420,7813485,marrakech,route casablanca,269,SAFE_25,Route Casablanca à Marrakech
184421,7813487,mohammedia,hay al falah,6,SAFE_5,Hay Al Falah à Mohammedia
184424,7813511,casablanca,californie,735,SAFE_25,Californie à Casablanca
184425,7813517,oujda,agdal,20,SAFE_10,Agdal à Oujda
184426,7813531,marrakech,mhamid,253,SAFE_25,Mhamid à Marrakech
184427,7813543,casablanca,californie,735,SAFE_25,Californie à Casablanca
184429,7813550,casablanca,bourgogne ouest,380,SAFE_25,Bourgogne Ouest à Casablanca
184430,7813552,tanger,aharrarine,37,SAFE_25,Aharrarine à Tanger
184432,7813561,casablanca,les hopitaux,385,SAFE_25,Les Hôpitaux à Casablanca
184433,7813562,fes,ain amiyer,11,SAFE_10,Ain Amiyer à Fès
184434,7813569,kenitra,maghrib arabi,29,SAFE_25,Maghrib Arabi à Kénitra
184435,7813576,casablanca,les hopitaux,385,SAFE_25,Les Hôpitaux à Casablanca
184436,7813579,marrakech,massira 2,22,SAFE_10,Massira 2 à Marrakech
184439,7813594,casablanca,ain sebaa,344,SAFE_25,Aïn Sebaâ à Casablanca
184440,7813602,casablanca,roches noires,198,SAFE_25,Roches Noires à Casablanca
184442,7813609,mohammedia,hay al horria,8,SAFE_5,Hay Al Horria à Mohammedia
184443,7813611,casablanca,la vilette,15,SAFE_10,La Vilette à Casablanca
184444,7813616,casablanca,oulfa,409,SAFE_25,Oulfa à Casablanca
184445,7813643,casablanca,sidi moumen,119,SAFE_25,Sidi Moumen à Casablanca
184446,7813645,rabat,hassan centre ville,119,SAFE_25,Hassan - Centre Ville à Rabat
184448,7813651,marrakech,gueliz,1250,SAFE_25,Guéliz à Marrakech
184449,7813653,marrakech,samlalia,132,SAFE_25,Samlalia à Marrakech
184450,7813656,marrakech,route casablanca,269,SAFE_25,Route Casablanca à Marrakech
184451,7813657,marrakech,hivernage,273,SAFE_25,Hivernage à Marrakech
184454,7813687,mohammedia,wafa,25,SAFE_25,Wafa à Mohammedia
184455,7813704,casablanca,gauthier,422,SAFE_25,Gauthier à Casablanca
184456,7813709,marrakech,izdihar,97,SAFE_25,Izdihar à Marrakech
184457,7813722,marrakech,gueliz,1250,SAFE_25,Guéliz à Marrakech
184459,7813736,marrakech,route casablanca,269,SAFE_25,Route Casablanca à Marrakech
184461,7813746,marrakech,gueliz,1250,SAFE_25,Guéliz à Marrakech
184463,7813766,marrakech,gueliz,1250,SAFE_25,Guéliz à Marrakech
184464,7813790,marrakech,gueliz,1250,SAFE_25,Guéliz à Marrakech
184467,7813834,sale,hay chmaou,56,SAFE_25,Hay Chmaou à Salé
184469,7813856,marrakech,gueliz,1250,SAFE_25,Guéliz à Marrakech
184473,7813890,marrakech,gueliz,1250,SAFE_25,Guéliz à Marrakech
184474,7813899,sale,tabriquet,37,SAFE_25,Tabriquet à Salé
184475,7813901,tanger,malabata,421,SAFE_25,Malabata à Tanger
184476,7813920,casablanca,les princesses,332,SAFE_25,Les princesses à Casablanca
184477,7813924,marrakech,ain mezouar,54,SAFE_25,Ain Mezouar à Marrakech
184478,7813933,casablanca,bourgogne est,157,SAFE_25,Bourgogne Est à Casablanca
184482,7813983,casablanca,racine,596,SAFE_25,Racine à Casablanca
184484,7814015,marrakech,gueliz,1250,SAFE_25,Guéliz à Marrakech
184485,7814017,casablanca,belvedere,301,SAFE_25,Belvédère à Casablanca
184486,7814024,marrakech,hivernage,273,SAFE_25,Hivernage à Marrakech
184487,7814031,rabat,hay al fath,34,SAFE_25,Hay Al Fath à Rabat
184488,7814037,marrakech,agdal,514,SAFE_25,Agdal à Marrakech
184490,7814057,sale,bab al bahr,12,SAFE_10,Bab Al Bahr à Salé
184491,7814083,bouznika,quartier industriel,31,SAFE_25,Quartier Industriel à Bouznika
184493,7814102,tanger,aida,23,SAFE_10,Aida à Tanger
184494,7814119,marrakech,gueliz,1250,SAFE_25,Guéliz à Marrakech
184495,7814122,casablanca,hay mohammadi,65,SAFE_25,Hay Mohammadi à Casablanca
184497,7814125,casablanca,belvedere,301,SAFE_25,Belvédère à Casablanca
184499,7814132,rabat,riyad,566,SAFE_25,Riyad à Rabat
184500,7814152,casablanca,casablanca finance city,208,SAFE_25,Casablanca Finance City à Casablanca
184503,7814166,marrakech,gueliz,1250,SAFE_25,Guéliz à Marrakech
184504,7814176,casablanca,maarif,326,SAFE_25,Maârif à Casablanca
184505,7814200,marrakech,route casablanca,269,SAFE_25,Route Casablanca à Marrakech
184506,7814210,agadir,hay houda,65,SAFE_25,Hay Houda à Agadir
184507,7814221,ifrane,la belle vue,3,LOW,La belle vue à Ifrane
184513,7814331,tanger,de la plage,188,SAFE_25,De La Plage à Tanger
184514,7814336,casablanca,oulfa,409,SAFE_25,Oulfa à Casablanca
184515,7814341,tetouan,saniat errmel,11,SAFE_10,Saniat Errmel à Tétouan
184516,7814350,casablanca,oulfa,409,SAFE_25,Oulfa à Casablanca
184518,7814377,casablanca,roches noires,198,SAFE_25,Roches Noires à Casablanca
184521,7814417,casablanca,maarif extension,351,SAFE_25,Maârif Extension à Casablanca
184522,7814440,casablanca,hay zobir,38,SAFE_25,Hay Zobir à Casablanca
184525,7814454,sale,cherkaoui marzouka,11,SAFE_10,Cherkaoui - Marzouka à Salé
184527,7814466,kenitra,bir rami est,42,SAFE_25,Bir Rami Est à Kénitra
184528,7814475,casablanca,moulay youssef,31,SAFE_25,Moulay Youssef à Casablanca
184529,7814485,tanger,zemmouri,11,SAFE_10,Zemmouri à Tanger
184530,7814495,casablanca,racine,596,SAFE_25,Racine à Casablanca
184531,7814506,tanger,iberie,173,SAFE_25,Iberie à Tanger
184533,7814512,casablanca,les princesses,332,SAFE_25,Les princesses à Casablanca
184535,7814532,tanger,tanja balia,220,SAFE_25,Tanja Balia à Tanger
184537,7814584,tanger,tanja balia,220,SAFE_25,Tanja Balia à Tanger
184538,7814590,tanger,tanja balia,220,SAFE_25,Tanja Balia à Tanger
184540,7814609,casablanca,beausite,41,SAFE_25,Beausite à Casablanca
184541,7814610,casablanca,gauthier,422,SAFE_25,Gauthier à Casablanca
184542,7814616,tanger,tanja balia,220,SAFE_25,Tanja Balia à Tanger
184543,7814625,rabat,haut agdal,84,SAFE_25,Haut Agdal à Rabat
184544,7814626,tanger,tanja balia,220,SAFE_25,Tanja Balia à Tanger
184545,7814634,meknes,marjane,146,SAFE_25,Marjane à Meknes
184546,7814656,bouznika,al kawtar,71,SAFE_25,Al Kawtar à Bouznika
184547,7814680,casablanca,maarif,326,SAFE_25,Maârif à Casablanca
184552,7814704,casablanca,burger,53,SAFE_25,Burger à Casablanca
184553,7814705,casablanca,hay hassani,116,SAFE_25,Hay Hassani à Casablanca
184554,7814708,nador,hay el matar,15,SAFE_10,Hay el matar à Nador
184556,7814716,casablanca,maarif,326,SAFE_25,Maârif à Casablanca
184557,7814718,tetouan,route de ceuta,19,SAFE_10,Route de Ceuta à Tétouan
184558,7814738,agadir,founti,96,SAFE_25,Founti à Agadir
184559,7814745,sale,hay chmaou,56,SAFE_25,Hay Chmaou à Salé
184560,7814755,casablanca,la gironde,122,SAFE_25,La Gironde à Casablanca
184561,7814759,marrakech,route de safi,237,SAFE_25,Route de Safi à Marrakech
184562,7814762,fes,hay anas,1,LOW,Hay Anas à Fès
184563,7814788,casablanca,racine extension,51,SAFE_25,Racine Extension à Casablanca
184564,7814818,tanger,marjane,165,SAFE_25,Marjane à Tanger
184566,7814826,marrakech,boulevard med 6,124,SAFE_25,Boulevard Med 6 à Marrakech
184567,7814840,tanger,ziaten,49,SAFE_25,Ziaten à Tanger
184568,7814850,tanger,marjane,165,SAFE_25,Marjane à Tanger
184569,7814852,tanger,laaouina,6,SAFE_5,Laaouina à Tanger
184571,7814860,tanger,marjane,165,SAFE_25,Marjane à Tanger
184572,7814886,tanger,tanja balia,220,SAFE_25,Tanja Balia à Tanger
184573,7814893,tanger,benkirane,6,SAFE_5,Benkirane à Tanger
184575,7814901,casablanca,zone industrielle oukacha,27,SAFE_25,Zone Industrielle Oukacha à Casablanca
184578,7814920,tanger,tanja balia,220,SAFE_25,Tanja Balia à Tanger
184579,7814921,casablanca,al hadika,25,SAFE_25,Al Hadika à Casablanca
184581,7814931,bouznika,quartier industriel,31,SAFE_25,Quartier Industriel à Bouznika
184582,7814944,marrakech,camp al ghoul,112,SAFE_25,Camp Al Ghoul à Marrakech
184583,7814946,sale,sala el jadida,84,SAFE_25,Sala el Jadida à Salé
184586,7814956,casablanca,racine,596,SAFE_25,Racine à Casablanca
184588,7814982,fes,route ain chkaf,51,SAFE_25,Route ain Chkaf à Fès
184590,7814992,casablanca,la vilette,15,SAFE_10,La Vilette à Casablanca
184591,7815002,casablanca,sidi moumen,119,SAFE_25,Sidi Moumen à Casablanca
184593,7815016,casablanca,racine,596,SAFE_25,Racine à Casablanca
184594,7815022,casablanca,casablanca finance city,208,SAFE_25,Casablanca Finance City à Casablanca
184595,7815031,fes,hay al azhar,11,SAFE_10,Hay Al Azhar à Fès
184596,7815038,tetouan,wilaya,41,SAFE_25,Wilaya à Tétouan
184597,7815056,kenitra,mimosas,57,SAFE_25,Mimosas à Kénitra
184598,7815061,kenitra,mimosas,57,SAFE_25,Mimosas à Kénitra
184600,7815071,el jadida,hay essalam,49,SAFE_25,Hay Essalam à El Jadida
184601,7815077,marrakech,ouasis,16,SAFE_10,Ouasis à Marrakech
184603,7815087,el jadida,plateau,12,SAFE_10,Plateau à El Jadida
184605,7815095,casablanca,ain borja,88,SAFE_25,Ain Borja à Casablanca
184606,7815109,tanger,tanger city center,86,SAFE_25,Tanger City Center à Tanger
184607,7815113,fes,ain amiyer,11,SAFE_10,Ain Amiyer à Fès
184608,7815115,tanger,branes 2,42,SAFE_25,Branes 2 à Tanger
184609,7815116,temara,massira 2,27,SAFE_25,Massira 2 à Temara
184611,7815121,casablanca,ain diab,457,SAFE_25,Ain Diab à Casablanca
184612,7815124,temara,harhoura,92,SAFE_25,Harhoura à Temara
184614,7815127,casablanca,franceville,76,SAFE_25,Franceville à Casablanca
184616,7815151,casablanca,californie,735,SAFE_25,Californie à Casablanca
184617,7815153,bouznika,hay toummert,9,SAFE_5,Hay Toummert à Bouznika
184622,7815178,casablanca,ain diab extension,188,SAFE_25,Ain Diab Extension à Casablanca
184628,7815248,oujda,hay fath,16,SAFE_10,Hay fath à Oujda
184630,7815281,tanger,administratif,164,SAFE_25,Administratif à Tanger
184632,7815288,casablanca,californie,735,SAFE_25,Californie à Casablanca
184633,7815289,kenitra,bir rami ouest,38,SAFE_25,Bir Rami Ouest à Kénitra
184634,7815296,meknes,marjane,146,SAFE_25,Marjane à Meknes
184637,7815333,casablanca,gauthier,422,SAFE_25,Gauthier à Casablanca
184638,7815334,casablanca,sidi moumen,119,SAFE_25,Sidi Moumen à Casablanca
184641,7815350,tetouan,sidi talha,2,LOW,Sidi Talha à Tétouan
184642,7815357,casablanca,al azhar,21,SAFE_10,Al Azhar à Casablanca
184643,7815363,tanger,moujahidine,132,SAFE_25,Moujahidine à Tanger
184645,7815369,casablanca,ferme bretonne hay arraha,189,SAFE_25,Ferme Bretonne (Hay Arraha) à Casablanca
184648,7815378,casablanca,lissasfa,104,SAFE_25,Lissasfa à Casablanca
184649,7815380,agadir,hay mohammadi,183,SAFE_25,Hay Mohammadi à Agadir
184651,7815396,casablanca,la gironde,122,SAFE_25,La Gironde à Casablanca
184652,7815402,casablanca,al qods,132,SAFE_25,Al Qods à Casablanca
184655,7815432,casablanca,hay albaraka,19,SAFE_10,Hay Albaraka à Casablanca
184656,7815433,el jadida,ennajd,27,SAFE_25,Ennajd à El Jadida
184657,7815439,tanger,bel air val fleuri,128,SAFE_25,Bel Air - Val fleuri à Tanger
184658,7815440,casablanca,bourgogne ouest,380,SAFE_25,Bourgogne Ouest à Casablanca
184659,7815446,oujda,andalous,20,SAFE_10,Andalous à Oujda
184660,7815448,tanger,administratif,164,SAFE_25,Administratif à Tanger
184662,7815506,casablanca,mers sultan,170,SAFE_25,Mers Sultan à Casablanca
184665,7815520,kenitra,la ville haute,69,SAFE_25,La Ville Haute à Kénitra
184667,7815524,tanger,achakar,164,SAFE_25,Achakar à Tanger
184668,7815551,casablanca,ain sebaa,344,SAFE_25,Aïn Sebaâ à Casablanca
184672,7815598,kenitra,ismalia,19,SAFE_10,Ismalia à Kénitra
184673,7815604,casablanca,franceville,76,SAFE_25,Franceville à Casablanca
184676,7815620,temara,riad oulad mtaa,35,SAFE_25,Riad Oulad Mtaa à Temara
184678,7815635,marrakech,gueliz,1250,SAFE_25,Guéliz à Marrakech
184679,7815636,casablanca,port,20,SAFE_10,Port à Casablanca
184681,7815641,mohammedia,wafa,25,SAFE_25,Wafa à Mohammedia
184686,7815681,marrakech,amerchich,50,SAFE_25,Amerchich à Marrakech
184687,7815684,marrakech,gueliz,1250,SAFE_25,Guéliz à Marrakech
184688,7815688,casablanca,ain borja,88,SAFE_25,Ain Borja à Casablanca
184689,7815691,casablanca,franceville,76,SAFE_25,Franceville à Casablanca
184690,7815694,marrakech,gueliz,1250,SAFE_25,Guéliz à Marrakech
184691,7815714,el jadida,sidi moussa,18,SAFE_10,Sidi Moussa à El Jadida
184692,7815727,casablanca,racine,596,SAFE_25,Racine à Casablanca
184693,7815747,casablanca,la vilette,15,SAFE_10,La Vilette à Casablanca
184694,7815752,rabat,haut agdal,84,SAFE_25,Haut Agdal à Rabat
184695,7815757,casablanca,oasis,332,SAFE_25,Oasis à Casablanca
184696,7815772,casablanca,les hopitaux,385,SAFE_25,Les Hôpitaux à Casablanca
184697,7815773,casablanca,les hopitaux,385,SAFE_25,Les Hôpitaux à Casablanca
184698,7815797,rabat,agdal,313,SAFE_25,Agdal à Rabat
184700,7815800,casablanca,racine,596,SAFE_25,Racine à Casablanca
184702,7815812,casablanca,la gironde,122,SAFE_25,La Gironde à Casablanca
184705,7815841,casablanca,les hopitaux,385,SAFE_25,Les Hôpitaux à Casablanca
184709,7816023,casablanca,nassim 1,64,SAFE_25,Nassim 1 à Casablanca
184710,7816027,tetouan,wilaya,41,SAFE_25,Wilaya à Tétouan
184712,7816051,tanger,malabata,421,SAFE_25,Malabata à Tanger
184713,7816054,marrakech,hay mabrouka,95,SAFE_25,Hay Mabrouka à Marrakech
184714,7816060,agadir,abattoirs,30,SAFE_25,Abattoirs à Agadir
184715,7816070,casablanca,val fleury,190,SAFE_25,Val Fleury à Casablanca
184717,7816085,kenitra,el hadadda,51,SAFE_25,El Hadadda à Kénitra
184718,7816091,casablanca,ain sebaa,344,SAFE_25,Aïn Sebaâ à Casablanca
184719,7816102,casablanca,mers sultan,170,SAFE_25,Mers Sultan à Casablanca
184720,7816113,casablanca,dar lamane,2,LOW,Dar Lamane à Casablanca
184721,7816133,agadir,zone industrielle agadir,23,SAFE_10,Zone Industrielle Agadir à Agadir
184724,7816154,casablanca,ain diab,457,SAFE_25,Ain Diab à Casablanca
184726,7816156,casablanca,maarif extension,351,SAFE_25,Maârif Extension à Casablanca
184727,7816157,casablanca,racine,596,SAFE_25,Racine à Casablanca
184728,7816160,casablanca,benjdia,50,SAFE_25,Benjdia à Casablanca
184730,7816164,mohammedia,quartier du parc,79,SAFE_25,Quartier du Parc à Mohammedia
184731,7816165,casablanca,lissasfa,104,SAFE_25,Lissasfa à Casablanca
184732,7816192,casablanca,sidi moumen,119,SAFE_25,Sidi Moumen à Casablanca
184733,7816193,kenitra,mimosas,57,SAFE_25,Mimosas à Kénitra
184735,7816211,casablanca,beausejour,150,SAFE_25,Beauséjour à Casablanca
184736,7816224,casablanca,racine,596,SAFE_25,Racine à Casablanca
184737,7816225,sale,el qods,7,SAFE_5,El Qods à Salé
184738,7816229,agadir,hay mohammadi,183,SAFE_25,Hay Mohammadi à Agadir
184739,7816230,agadir,abattoirs,30,SAFE_25,Abattoirs à Agadir
184741,7816236,rabat,riyad,566,SAFE_25,Riyad à Rabat
184742,7816239,rabat,hay nahda,43,SAFE_25,Hay Nahda à Rabat
184745,7816261,casablanca,maarif extension,351,SAFE_25,Maârif Extension à Casablanca
184746,7816268,casablanca,oasis,332,SAFE_25,Oasis à Casablanca
184748,7816276,marrakech,gueliz,1250,SAFE_25,Guéliz à Marrakech
184749,7816280,marrakech,camp al ghoul,112,SAFE_25,Camp Al Ghoul à Marrakech
184750,7816287,marrakech,gueliz,1250,SAFE_25,Guéliz à Marrakech
184751,7816299,fes,zouagha,21,SAFE_10,Zouagha à Fès
184753,7816306,casablanca,anassi,40,SAFE_25,Anassi à Casablanca
184754,7816317,casablanca,belvedere,301,SAFE_25,Belvédère à Casablanca
184755,7816326,casablanca,maarif extension,351,SAFE_25,Maârif Extension à Casablanca
184756,7816328,marrakech,route casablanca,269,SAFE_25,Route Casablanca à Marrakech
184757,7816330,marrakech,route casablanca,269,SAFE_25,Route Casablanca à Marrakech
184758,7816331,casablanca,racine extension,51,SAFE_25,Racine Extension à Casablanca
184759,7816339,casablanca,racine,596,SAFE_25,Racine à Casablanca
184760,7816348,casablanca,sidi maarouf,518,SAFE_25,Sidi Maarouf à Casablanca
184761,7816349,casablanca,bourgogne ouest,380,SAFE_25,Bourgogne Ouest à Casablanca
184762,7816351,tanger,moujahidine,132,SAFE_25,Moujahidine à Tanger
184763,7816352,marrakech,hay saada 1,8,SAFE_5,Hay Saada 1 à Marrakech
184764,7816354,mohammedia,nassim,37,SAFE_25,Nassim à Mohammedia
184765,7816359,casablanca,casablanca finance city,208,SAFE_25,Casablanca Finance City à Casablanca
184766,7816383,casablanca,ferme bretonne hay arraha,189,SAFE_25,Ferme Bretonne (Hay Arraha) à Casablanca
184767,7816385,casablanca,bourgogne ouest,380,SAFE_25,Bourgogne Ouest à Casablanca
184769,7816389,casablanca,bourgogne est,157,SAFE_25,Bourgogne Est à Casablanca
184773,7816407,casablanca,ain diab,457,SAFE_25,Ain Diab à Casablanca
184774,7816408,casablanca,racine,596,SAFE_25,Racine à Casablanca
184775,7816413,temara,riad oulad mtaa,35,SAFE_25,Riad Oulad Mtaa à Temara
184776,7816426,casablanca,hay hassani,116,SAFE_25,Hay Hassani à Casablanca
184777,7816428,rabat,hay al fath,34,SAFE_25,Hay Al Fath à Rabat
184778,7816438,casablanca,les hopitaux,385,SAFE_25,Les Hôpitaux à Casablanca
184779,7816439,casablanca,les hopitaux,385,SAFE_25,Les Hôpitaux à Casablanca
184780,7816441,casablanca,casablanca marina,100,SAFE_25,Casablanca Marina à Casablanca
184783,7816523,marrakech,gueliz,1250,SAFE_25,Guéliz à Marrakech
184784,7816528,casablanca,les princesses,332,SAFE_25,Les princesses à Casablanca
184785,7816536,marrakech,gueliz,1250,SAFE_25,Guéliz à Marrakech
184786,7816541,marrakech,hay mabrouka,95,SAFE_25,Hay Mabrouka à Marrakech
184788,7816551,casablanca,palmier,340,SAFE_25,Palmier à Casablanca
184789,7816552,casablanca,racine,596,SAFE_25,Racine à Casablanca
184791,7816559,rabat,hay al massira,9,SAFE_5,Hay Al Massira à Rabat
184792,7816573,marrakech,majorelle,157,SAFE_25,Majorelle à Marrakech
184793,7816576,rabat,agdal,313,SAFE_25,Agdal à Rabat
184795,7816588,marrakech,majorelle,157,SAFE_25,Majorelle à Marrakech
184796,7816599,casablanca,ahl loghlam hay assalam,21,SAFE_10,Ahl Loghlam (Hay Assalam) à Casablanca
184797,7816600,marrakech,hivernage,273,SAFE_25,Hivernage à Marrakech
184798,7816604,casablanca,belvedere,301,SAFE_25,Belvédère à Casablanca
184799,7816606,marrakech,sidi abbad,22,SAFE_10,Sidi Abbad à Marrakech
184800,7816617,marrakech,majorelle,157,SAFE_25,Majorelle à Marrakech
184802,7816626,marrakech,gueliz,1250,SAFE_25,Guéliz à Marrakech
184803,7816651,rabat,haut agdal,84,SAFE_25,Haut Agdal à Rabat
184805,7816655,rabat,hay al fath,34,SAFE_25,Hay Al Fath à Rabat
184806,7816656,casablanca,casablanca finance city,208,SAFE_25,Casablanca Finance City à Casablanca
184808,7816660,casablanca,palmier,340,SAFE_25,Palmier à Casablanca
184810,7816666,marrakech,daoudiat,64,SAFE_25,Daoudiat à Marrakech
184811,7816669,tanger,tanja balia,220,SAFE_25,Tanja Balia à Tanger
184812,7816682,casablanca,maarif,326,SAFE_25,Maârif à Casablanca
184815,7816710,casablanca,racine,596,SAFE_25,Racine à Casablanca
184816,7816721,casablanca,mers sultan,170,SAFE_25,Mers Sultan à Casablanca
184818,7816750,marrakech,izdihar,97,SAFE_25,Izdihar à Marrakech
184819,7816755,marrakech,camp al ghoul,112,SAFE_25,Camp Al Ghoul à Marrakech
184821,7816759,agadir,secteur touristique,92,SAFE_25,Secteur Touristique à Agadir
184822,7816771,casablanca,les hopitaux,385,SAFE_25,Les Hôpitaux à Casablanca
184823,7816787,fes,zouagha bas,5,SAFE_5,Zouagha Bas à Fès
184824,7816801,casablanca,bourgogne ouest,380,SAFE_25,Bourgogne Ouest à Casablanca
184825,7816818,meknes,marjane,146,SAFE_25,Marjane à Meknes
184826,7816823,agadir,hay mohammadi,183,SAFE_25,Hay Mohammadi à Agadir
184827,7816832,rabat,agdal,313,SAFE_25,Agdal à Rabat
184830,7816897,casablanca,maarif,326,SAFE_25,Maârif à Casablanca
184833,7816922,marrakech,gueliz,1250,SAFE_25,Guéliz à Marrakech
184834,7816952,marrakech,route casablanca,269,SAFE_25,Route Casablanca à Marrakech
184835,7816964,casablanca,les hopitaux,385,SAFE_25,Les Hôpitaux à Casablanca
184836,7816965,casablanca,bourgogne est,157,SAFE_25,Bourgogne Est à Casablanca
184838,7816970,tanger,du golf,123,SAFE_25,Du Golf à Tanger
184840,7816984,tanger,hay hassani,92,SAFE_25,Hay Hassani à Tanger
184844,7817010,marrakech,issil,29,SAFE_25,Issil à Marrakech
184847,7817017,rabat,souissi,566,SAFE_25,Souissi à Rabat
184850,7817032,casablanca,sidi moumen,119,SAFE_25,Sidi Moumen à Casablanca
184854,7817048,casablanca,ain borja,88,SAFE_25,Ain Borja à Casablanca
184855,7817050,temara,skikina,28,SAFE_25,Skikina à Temara
184857,7817066,casablanca,beausejour,150,SAFE_25,Beauséjour à Casablanca
184858,7817098,casablanca,oulfa,409,SAFE_25,Oulfa à Casablanca
184859,7817111,marrakech,mhamid,253,SAFE_25,Mhamid à Marrakech
184862,7817133,casablanca,les hopitaux,385,SAFE_25,Les Hôpitaux à Casablanca
184864,7817149,essaouira,raounak,6,SAFE_5,Raounak à Essaouira
184865,7817163,marrakech,route casablanca,269,SAFE_25,Route Casablanca à Marrakech
184867,7817185,marrakech,hivernage,273,SAFE_25,Hivernage à Marrakech
184868,7817186,casablanca,gauthier,422,SAFE_25,Gauthier à Casablanca
184870,7817197,kenitra,maamora,58,SAFE_25,Maamora à Kénitra
184872,7817203,sale,hay chmaou,56,SAFE_25,Hay Chmaou à Salé
184873,7817209,casablanca,franceville,76,SAFE_25,Franceville à Casablanca
184875,7817238,marrakech,gueliz,1250,SAFE_25,Guéliz à Marrakech
184878,7817263,marrakech,gueliz,1250,SAFE_25,Guéliz à Marrakech
184879,7817280,casablanca,beausejour,150,SAFE_25,Beauséjour à Casablanca
184880,7817290,casablanca,maarif extension,351,SAFE_25,Maârif Extension à Casablanca
184881,7817297,rabat,hassan centre ville,119,SAFE_25,Hassan - Centre Ville à Rabat
184883,7817332,tanger,marjane,165,SAFE_25,Marjane à Tanger
184885,7817376,marrakech,agdal,514,SAFE_25,Agdal à Marrakech
184886,7817390,marrakech,sanaoubar,15,SAFE_10,Sanaoubar à Marrakech
184888,7817411,marrakech,agdal,514,SAFE_25,Agdal à Marrakech
184889,7817421,casablanca,palmier,340,SAFE_25,Palmier à Casablanca
184890,7817422,tanger,ahlane,96,SAFE_25,Ahlane à Tanger
184891,7817436,tanger,malabata,421,SAFE_25,Malabata à Tanger
184892,7817444,tanger,aouama gharbia,64,SAFE_25,Aouama Gharbia à Tanger
184893,7817449,marrakech,gueliz,1250,SAFE_25,Guéliz à Marrakech
184894,7817467,temara,abbadi,25,SAFE_25,Abbadi à Temara
184895,7817473,casablanca,riviera,76,SAFE_25,Riviera à Casablanca
184896,7817475,rabat,agdal,313,SAFE_25,Agdal à Rabat
184897,7817500,casablanca,belvedere,301,SAFE_25,Belvédère à Casablanca
184899,7817511,marrakech,ennakhil palmeraie,469,SAFE_25,Ennakhil (Palmeraie) à Marrakech
184900,7817526,casablanca,palmier,340,SAFE_25,Palmier à Casablanca
184901,7817527,casablanca,racine,596,SAFE_25,Racine à Casablanca
184903,7817534,casablanca,racine,596,SAFE_25,Racine à Casablanca
184905,7817544,casablanca,derb loubila,9,SAFE_5,Derb Loubila à Casablanca
184906,7817554,rabat,riyad,566,SAFE_25,Riyad à Rabat
184910,7817580,agadir,talborjt,18,SAFE_10,Talborjt à Agadir
184911,7817582,casablanca,bourgogne ouest,380,SAFE_25,Bourgogne Ouest à Casablanca
184912,7817583,casablanca,racine extension,51,SAFE_25,Racine Extension à Casablanca
184915,7817588,tanger,mesnana,96,SAFE_25,Mesnana à Tanger
184919,7817608,casablanca,ain borja,88,SAFE_25,Ain Borja à Casablanca
184920,7817611,casablanca,oulfa,409,SAFE_25,Oulfa à Casablanca
184921,7817626,rabat,riyad,566,SAFE_25,Riyad à Rabat
184923,7817639,casablanca,californie,735,SAFE_25,Californie à Casablanca
184924,7817640,casablanca,belvedere,301,SAFE_25,Belvédère à Casablanca
184925,7817641,casablanca,gauthier,422,SAFE_25,Gauthier à Casablanca
184926,7817646,casablanca,ain sebaa,344,SAFE_25,Aïn Sebaâ à Casablanca
184927,7817731,tanger,tanger city center,86,SAFE_25,Tanger City Center à Tanger
184929,7817738,sale,el qaria,11,SAFE_10,El Qaria à Salé
184930,7817767,casablanca,californie,735,SAFE_25,Californie à Casablanca
184931,7817770,casablanca,quartier bachkou,69,SAFE_25,Quartier Bachkou à Casablanca
184932,7817773,casablanca,plateau al batha,38,SAFE_25,Plateau (Al Batha) à Casablanca
184933,7817788,casablanca,val fleury,190,SAFE_25,Val Fleury à Casablanca
184934,7817798,casablanca,ain sebaa,344,SAFE_25,Aïn Sebaâ à Casablanca
184935,7817802,marrakech,route de safi,237,SAFE_25,Route de Safi à Marrakech
184937,7817812,casablanca,triangle d or,142,SAFE_25,Triangle d'Or à Casablanca
184938,7817815,marrakech,hay al hassani,9,SAFE_5,Hay Al Hassani à Marrakech
184939,7817833,kenitra,la ville haute,69,SAFE_25,La Ville Haute à Kénitra
184940,7817848,sale,sidi hajji,27,SAFE_25,Sidi Hajji à Salé
184941,7817867,rabat,hassan centre ville,119,SAFE_25,Hassan - Centre Ville à Rabat
184942,7817873,casablanca,oasis,332,SAFE_25,Oasis à Casablanca
184945,7817914,marrakech,hay saada,42,SAFE_25,Hay Saada à Marrakech
184946,7817917,marrakech,daoudiat,64,SAFE_25,Daoudiat à Marrakech
184947,7817927,casablanca,ferme bretonne hay arraha,189,SAFE_25,Ferme Bretonne (Hay Arraha) à Casablanca
184948,7817932,casablanca,ferme bretonne hay arraha,189,SAFE_25,Ferme Bretonne (Hay Arraha) à Casablanca
184950,7817941,casablanca,mers sultan,170,SAFE_25,Mers Sultan à Casablanca
184951,7817946,marrakech,agdal,514,SAFE_25,Agdal à Marrakech
184952,7817957,marrakech,gueliz,1250,SAFE_25,Guéliz à Marrakech
184953,7817958,rabat,hay ach chbanat,25,SAFE_25,Hay Ach-chbanat à Rabat
184955,7817980,rabat,hassan centre ville,119,SAFE_25,Hassan - Centre Ville à Rabat
184957,7818026,marrakech,route de safi,237,SAFE_25,Route de Safi à Marrakech
184959,7818053,temara,riad oulad mtaa,35,SAFE_25,Riad Oulad Mtaa à Temara
184960,7818070,rabat,hay nahda,43,SAFE_25,Hay Nahda à Rabat
184962,7818105,agadir,riad salam,33,SAFE_25,Riad Salam à Agadir
184964,7818108,marrakech,gueliz,1250,SAFE_25,Guéliz à Marrakech
184966,7818118,sale,hay rahma,10,SAFE_10,Hay Rahma à Salé
184967,7818136,mohammedia,al aalia,51,SAFE_25,Al Aalia à Mohammedia
184968,7818149,marrakech,hay saada,42,SAFE_25,Hay Saada à Marrakech
184969,7818162,agadir,cite adrar,16,SAFE_10,Cité Adrar à Agadir
184971,7818174,marrakech,agdal,514,SAFE_25,Agdal à Marrakech
184972,7818177,casablanca,casablanca finance city,208,SAFE_25,Casablanca Finance City à Casablanca
184975,7818194,kenitra,oulad wjih,62,SAFE_25,Oulad Wjih à Kénitra
184979,7818237,rabat,l ocean,61,SAFE_25,L'Ocean à Rabat
184982,7818260,casablanca,gauthier,422,SAFE_25,Gauthier à Casablanca
184983,7818261,casablanca,oasis,332,SAFE_25,Oasis à Casablanca
184984,7818262,casablanca,oasis,332,SAFE_25,Oasis à Casablanca
184985,7818269,sale,hay chmaou,56,SAFE_25,Hay Chmaou à Salé
184986,7818272,tanger,de la plage,188,SAFE_25,De La Plage à Tanger
184989,7818284,marrakech,route casablanca,269,SAFE_25,Route Casablanca à Marrakech
184990,7818306,casablanca,bourgogne ouest,380,SAFE_25,Bourgogne Ouest à Casablanca
184991,7818307,rabat,agdal,313,SAFE_25,Agdal à Rabat
184992,7818314,casablanca,maarif,326,SAFE_25,Maârif à Casablanca
184993,7818318,sale,al mouahidine,2,LOW,Al Mouahidine à Salé
184994,7818326,rabat,agdal,313,SAFE_25,Agdal à Rabat
184996,7818337,rabat,l ocean,61,SAFE_25,L'Ocean à Rabat
184997,7818349,casablanca,belvedere,301,SAFE_25,Belvédère à Casablanca
185000,7818375,tanger,marjane,165,SAFE_25,Marjane à Tanger
185002,7818385,rabat,hay al massira,9,SAFE_5,Hay Al Massira à Rabat
185003,7818388,casablanca,gauthier,422,SAFE_25,Gauthier à Casablanca
185005,7818396,tanger,marjane,165,SAFE_25,Marjane à Tanger
185007,7818406,fes,zouagha,21,SAFE_10,Zouagha à Fès
185009,7818415,sale,bab sebta,4,LOW,Bab Sebta à Salé
185011,7818428,casablanca,maarif,326,SAFE_25,Maârif à Casablanca
185012,7818433,mohammedia,al qods,5,SAFE_5,Al Qods à Mohammedia
185014,7818441,kenitra,bir rami ouest,38,SAFE_25,Bir Rami Ouest à Kénitra
185015,7818444,casablanca,les princesses,332,SAFE_25,Les princesses à Casablanca
185017,7818460,kenitra,maamora,58,SAFE_25,Maamora à Kénitra
185018,7818475,tanger,tanger city center,86,SAFE_25,Tanger City Center à Tanger
185020,7818543,rabat,agdal,313,SAFE_25,Agdal à Rabat
185021,7818561,marrakech,majorelle,157,SAFE_25,Majorelle à Marrakech
185022,7818594,casablanca,oulfa,409,SAFE_25,Oulfa à Casablanca
185023,7818604,casablanca,triangle d or,142,SAFE_25,Triangle d'Or à Casablanca
185030,7818648,casablanca,les hopitaux,385,SAFE_25,Les Hôpitaux à Casablanca
185032,7818676,marrakech,hay mabrouka,95,SAFE_25,Hay Mabrouka à Marrakech
185033,7818680,casablanca,roches noires,198,SAFE_25,Roches Noires à Casablanca
185034,7818681,casablanca,les hopitaux,385,SAFE_25,Les Hôpitaux à Casablanca
185035,7818682,bouznika,al kawtar,71,SAFE_25,Al Kawtar à Bouznika
185037,7818705,marrakech,gueliz,1250,SAFE_25,Guéliz à Marrakech
185038,7818715,tanger,castilla,76,SAFE_25,Castilla à Tanger
185039,7818721,el jadida,al kodia,9,SAFE_5,Al Kodia à El Jadida
185040,7818723,marrakech,samlalia,132,SAFE_25,Samlalia à Marrakech
185041,7818752,casablanca,maarif extension,351,SAFE_25,Maârif Extension à Casablanca
185042,7818771,casablanca,gauthier,422,SAFE_25,Gauthier à Casablanca
185043,7818772,sale,el qods,7,SAFE_5,El Qods à Salé
185044,7818779,marrakech,daoudiat,64,SAFE_25,Daoudiat à Marrakech
185045,7818788,marrakech,gueliz,1250,SAFE_25,Guéliz à Marrakech
185046,7818798,casablanca,belvedere,301,SAFE_25,Belvédère à Casablanca
185048,7818839,el jadida,al kodia,9,SAFE_5,Al Kodia à El Jadida
185050,7818871,marrakech,gueliz,1250,SAFE_25,Guéliz à Marrakech
185052,7818883,marrakech,agdal,514,SAFE_25,Agdal à Marrakech
185053,7818891,casablanca,franceville,76,SAFE_25,Franceville à Casablanca
185056,7818906,casablanca,maarif extension,351,SAFE_25,Maârif Extension à Casablanca
185057,7818907,kenitra,maamora,58,SAFE_25,Maamora à Kénitra
185058,7818909,casablanca,maarif,326,SAFE_25,Maârif à Casablanca
185062,7818939,marrakech,gueliz,1250,SAFE_25,Guéliz à Marrakech
185063,7818943,marrakech,sanaoubar,15,SAFE_10,Sanaoubar à Marrakech
185065,7818946,marrakech,gueliz,1250,SAFE_25,Guéliz à Marrakech
185066,7818947,oujda,sidi yahya,10,SAFE_10,Sidi Yahya à Oujda
185067,7818949,tetouan,martil,5,SAFE_5,Martil à Tétouan
185069,7818973,casablanca,bernoussi,99,SAFE_25,Bernoussi à Casablanca
185074,7818991,tanger,hay hassani,92,SAFE_25,Hay Hassani à Tanger
185077,7819083,casablanca,hay almasjid,5,SAFE_5,Hay Almasjid à Casablanca
185078,7819134,casablanca,bourgogne ouest,380,SAFE_25,Bourgogne Ouest à Casablanca
185079,7819135,marrakech,route de safi,237,SAFE_25,Route de Safi à Marrakech
185080,7819142,tanger,hay al bassatine,6,SAFE_5,Hay Al Bassatine à Tanger
185081,7819153,casablanca,roches noires,198,SAFE_25,Roches Noires à Casablanca
185082,7819173,temara,nemsia,3,LOW,Nemsia à Temara
185083,7819189,casablanca,racine extension,51,SAFE_25,Racine Extension à Casablanca
185085,7819196,casablanca,derb khlifa,2,LOW,Derb Khlifa à Casablanca
185086,7819202,casablanca,maarif,326,SAFE_25,Maârif à Casablanca
185087,7819210,skhirat,kasbah,12,SAFE_10,Kasbah à Skhirat
185088,7819217,casablanca,les hopitaux,385,SAFE_25,Les Hôpitaux à Casablanca
185091,7819252,oujda,les iris,12,SAFE_10,Les Iris à Oujda
185092,7819259,casablanca,bernoussi,99,SAFE_25,Bernoussi à Casablanca
185093,7819276,marrakech,les portes de marrakech,94,SAFE_25,Les Portes de Marrakech à Marrakech
185095,7819299,marrakech,gueliz,1250,SAFE_25,Guéliz à Marrakech
185096,7819307,kenitra,maamora,58,SAFE_25,Maamora à Kénitra
185098,7819321,tanger,de la plage,188,SAFE_25,De La Plage à Tanger
185099,7819334,fes,nouvelle ville,31,SAFE_25,Nouvelle Ville à Fès
185102,7819352,mohammedia,riad 2,4,LOW,Riad 2 à Mohammedia
185104,7819362,sale,sala el jadida,84,SAFE_25,Sala el Jadida à Salé
185105,7819363,tanger,tanja balia,220,SAFE_25,Tanja Balia à Tanger
185106,7819366,marrakech,ouasis,16,SAFE_10,Ouasis à Marrakech
185108,7819374,kenitra,val fleuri,31,SAFE_25,Val Fleuri à Kénitra
185109,7819378,casablanca,sidi maarouf,518,SAFE_25,Sidi Maarouf à Casablanca
185110,7819379,kenitra,assam,17,SAFE_10,Assam à Kénitra
185112,7819384,tetouan,saniat errmel,11,SAFE_10,Saniat Errmel à Tétouan
185113,7819386,marrakech,gueliz,1250,SAFE_25,Guéliz à Marrakech
185116,7819395,agadir,hay dakhla,57,SAFE_25,Hay Dakhla à Agadir
185117,7819402,marrakech,el hara,8,SAFE_5,El Hara à Marrakech
185119,7819409,casablanca,oulfa,409,SAFE_25,Oulfa à Casablanca
185120,7819412,marrakech,route casablanca,269,SAFE_25,Route Casablanca à Marrakech
185122,7819416,casablanca,gauthier,422,SAFE_25,Gauthier à Casablanca
185125,7819421,rabat,agdal,313,SAFE_25,Agdal à Rabat
185126,7819437,tanger,azib haj kaddour,10,SAFE_10,Azib Haj Kaddour à Tanger
185133,7819490,casablanca,gauthier,422,SAFE_25,Gauthier à Casablanca
185137,7819520,casablanca,burger,53,SAFE_25,Burger à Casablanca
185138,7819521,casablanca,beausite,41,SAFE_25,Beausite à Casablanca
185139,7819525,tanger,route nationale assilah n1,134,SAFE_25,Route Nationale Assilah (N1) à Tanger
185141,7819539,tanger,ahlane,96,SAFE_25,Ahlane à Tanger
185142,7819553,tanger,ahlane,96,SAFE_25,Ahlane à Tanger
185143,7819579,tanger,al amal,14,SAFE_10,Al Amal à Tanger
185145,7819586,rabat,l ocean,61,SAFE_25,L'Ocean à Rabat
185149,7819611,tanger,du golf,123,SAFE_25,Du Golf à Tanger
185150,7819614,rabat,riyad,566,SAFE_25,Riyad à Rabat
185151,7819627,rabat,l ocean,61,SAFE_25,L'Ocean à Rabat
185152,7819635,rabat,riyad,566,SAFE_25,Riyad à Rabat
185153,7819636,casablanca,moulay youssef,31,SAFE_25,Moulay Youssef à Casablanca
185154,7819644,casablanca,moulay youssef,31,SAFE_25,Moulay Youssef à Casablanca
185155,7819646,casablanca,sidi maarouf,518,SAFE_25,Sidi Maarouf à Casablanca
185156,7819648,tanger,mesnana,96,SAFE_25,Mesnana à Tanger
185157,7819649,casablanca,moulay youssef,31,SAFE_25,Moulay Youssef à Casablanca
185159,7819671,tetouan,wilaya,41,SAFE_25,Wilaya à Tétouan
185160,7819672,agadir,hay salam,64,SAFE_25,Hay Salam à Agadir
185161,7819675,casablanca,hay chifa,6,SAFE_5,Hay Chifa à Casablanca
185162,7819676,casablanca,bournazil,16,SAFE_10,Bournazil à Casablanca
185163,7819687,marrakech,les portes de marrakech,94,SAFE_25,Les Portes de Marrakech à Marrakech
185166,7819709,marrakech,mouassine,59,SAFE_25,Mouassine à Marrakech
185167,7819710,meknes,marjane,146,SAFE_25,Marjane à Meknes
185168,7819717,casablanca,belvedere,301,SAFE_25,Belvédère à Casablanca
185170,7819746,nador,selouane,21,SAFE_10,Selouane à Nador
185173,7819777,casablanca,bourgogne ouest,380,SAFE_25,Bourgogne Ouest à Casablanca
185174,7819782,agadir,hay houda,65,SAFE_25,Hay Houda à Agadir
185175,7819796,rabat,agdal,313,SAFE_25,Agdal à Rabat
185176,7819803,fes,route de meknes,13,SAFE_10,Route de Meknes à Fès
185177,7819813,casablanca,casablanca finance city,208,SAFE_25,Casablanca Finance City à Casablanca
185178,7819824,marrakech,daoudiat,64,SAFE_25,Daoudiat à Marrakech
185180,7819830,casablanca,maarif extension,351,SAFE_25,Maârif Extension à Casablanca
185181,7819833,tetouan,ziana,8,SAFE_5,Ziana à Tétouan
185182,7819871,tanger,malabata,421,SAFE_25,Malabata à Tanger
185184,7819876,agadir,hay mohammadi,183,SAFE_25,Hay Mohammadi à Agadir
185185,7819879,temara,firdaouss,6,SAFE_5,Firdaouss à Temara
185186,7819891,marrakech,route de ouarzazate,289,SAFE_25,Route de Ouarzazate à Marrakech
185190,7819933,marrakech,route de ouarzazate,289,SAFE_25,Route de Ouarzazate à Marrakech
185191,7819942,casablanca,hay hassani,116,SAFE_25,Hay Hassani à Casablanca
185192,7819944,agadir,secteur touristique,92,SAFE_25,Secteur Touristique à Agadir
185193,7819949,agadir,hay al farah,26,SAFE_25,Hay Al Farah à Agadir
185194,7819958,tanger,tanja balia,220,SAFE_25,Tanja Balia à Tanger
185195,7819963,marrakech,route casablanca,269,SAFE_25,Route Casablanca à Marrakech
185196,7820001,casablanca,maarif extension,351,SAFE_25,Maârif Extension à Casablanca
185197,7820007,tanger,tanja balia,220,SAFE_25,Tanja Balia à Tanger
185199,7820022,tanger,tanja balia,220,SAFE_25,Tanja Balia à Tanger
185200,7820032,tanger,tanja balia,220,SAFE_25,Tanja Balia à Tanger
185201,7820043,agadir,hay mohammadi,183,SAFE_25,Hay Mohammadi à Agadir
185203,7820049,marrakech,route de safi,237,SAFE_25,Route de Safi à Marrakech
185204,7820087,rabat,agdal,313,SAFE_25,Agdal à Rabat
185205,7820090,casablanca,belvedere,301,SAFE_25,Belvédère à Casablanca
185206,7820113,marrakech,ennakhil palmeraie,469,SAFE_25,Ennakhil (Palmeraie) à Marrakech
185209,7820142,marrakech,masmoudi,29,SAFE_25,Masmoudi à Marrakech
185210,7820146,rabat,riyad,566,SAFE_25,Riyad à Rabat
185211,7820170,kenitra,maamora,58,SAFE_25,Maamora à Kénitra
185212,7820177,casablanca,bourgogne ouest,380,SAFE_25,Bourgogne Ouest à Casablanca
185213,7820189,temara,wifak,121,SAFE_25,Wifak à Temara
185214,7820202,temara,wifak,121,SAFE_25,Wifak à Temara
185215,7820208,rabat,guich oudaya,48,SAFE_25,Guich Oudaya à Rabat
185218,7820214,bouznika,al kawtar,71,SAFE_25,Al Kawtar à Bouznika
185222,7820226,marrakech,gueliz,1250,SAFE_25,Guéliz à Marrakech
185225,7820248,fes,ain amiyer,11,SAFE_10,Ain Amiyer à Fès
185226,7820250,casablanca,la gironde,122,SAFE_25,La Gironde à Casablanca
185227,7820262,marrakech,hay mabrouka,95,SAFE_25,Hay Mabrouka à Marrakech
185228,7820263,tanger,de la plage,188,SAFE_25,De La Plage à Tanger
185229,7820264,tanger,moujahidine,132,SAFE_25,Moujahidine à Tanger
185230,7820274,tanger,castilla,76,SAFE_25,Castilla à Tanger
185232,7820284,tanger,tanja balia,220,SAFE_25,Tanja Balia à Tanger
185233,7820287,tanger,tanja balia,220,SAFE_25,Tanja Balia à Tanger
185234,7820288,casablanca,maarif extension,351,SAFE_25,Maârif Extension à Casablanca
185235,7820289,casablanca,beausejour,150,SAFE_25,Beauséjour à Casablanca
185236,7820290,tanger,tanja balia,220,SAFE_25,Tanja Balia à Tanger
185237,7820291,casablanca,hay smara,8,SAFE_5,Hay Smara à Casablanca
185238,7820297,marrakech,gueliz,1250,SAFE_25,Guéliz à Marrakech
185240,7820300,casablanca,al azhar,21,SAFE_10,Al Azhar à Casablanca
185242,7820303,casablanca,hay smara,8,SAFE_5,Hay Smara à Casablanca
185243,7820305,tanger,tanja balia,220,SAFE_25,Tanja Balia à Tanger
185244,7820321,rabat,souissi,566,SAFE_25,Souissi à Rabat
185245,7820322,kenitra,la ville haute,69,SAFE_25,La Ville Haute à Kénitra
185246,7820325,fes,route immouzer,38,SAFE_25,Route Immouzer à Fès
185248,7820330,tanger,administratif,164,SAFE_25,Administratif à Tanger
185249,7820332,tanger,boukhalef,98,SAFE_25,Boukhalef à Tanger
185250,7820333,marrakech,ouasis,16,SAFE_10,Ouasis à Marrakech
185251,7820336,marrakech,les portes de marrakech,94,SAFE_25,Les Portes de Marrakech à Marrakech
185252,7820351,nador,hay el matar,15,SAFE_10,Hay el matar à Nador
185253,7820357,casablanca,californie,735,SAFE_25,Californie à Casablanca
185254,7820361,marrakech,route casablanca,269,SAFE_25,Route Casablanca à Marrakech
185255,7820366,bouznika,al kawtar,71,SAFE_25,Al Kawtar à Bouznika
185259,7820406,marrakech,route de fez,469,SAFE_25,Route de Fez à Marrakech
185260,7820432,rabat,souissi,566,SAFE_25,Souissi à Rabat
185261,7820436,tetouan,wilaya,41,SAFE_25,Wilaya à Tétouan
185262,7820437,rabat,riyad,566,SAFE_25,Riyad à Rabat
185264,7820451,rabat,riyad,566,SAFE_25,Riyad à Rabat
185266,7820483,marrakech,gueliz,1250,SAFE_25,Guéliz à Marrakech
185269,7820524,tanger,zemmouri,11,SAFE_10,Zemmouri à Tanger
185270,7820529,casablanca,bourgogne ouest,380,SAFE_25,Bourgogne Ouest à Casablanca
185275,7820553,marrakech,hivernage,273,SAFE_25,Hivernage à Marrakech
185277,7820558,casablanca,les hopitaux,385,SAFE_25,Les Hôpitaux à Casablanca
185280,7820576,casablanca,oulfa,409,SAFE_25,Oulfa à Casablanca
185281,7820577,casablanca,les hopitaux,385,SAFE_25,Les Hôpitaux à Casablanca
185283,7820607,agadir,abattoirs,30,SAFE_25,Abattoirs à Agadir
185287,7820613,tetouan,wilaya,41,SAFE_25,Wilaya à Tétouan
185288,7820619,casablanca,les hopitaux,385,SAFE_25,Les Hôpitaux à Casablanca
185289,7820623,rabat,riyad,566,SAFE_25,Riyad à Rabat
185291,7820630,marrakech,hivernage,273,SAFE_25,Hivernage à Marrakech
185293,7820637,agadir,haut founty,47,SAFE_25,Haut Founty à Agadir
185294,7820642,kenitra,val fleuri,31,SAFE_25,Val Fleuri à Kénitra
185295,7820643,marrakech,ennakhil palmeraie,469,SAFE_25,Ennakhil (Palmeraie) à Marrakech
185296,7820658,tanger,tanja balia,220,SAFE_25,Tanja Balia à Tanger
185297,7820659,marrakech,hay mabrouka,95,SAFE_25,Hay Mabrouka à Marrakech
185298,7820660,tanger,tanja balia,220,SAFE_25,Tanja Balia à Tanger
185299,7820662,tanger,tanja balia,220,SAFE_25,Tanja Balia à Tanger
185301,7820672,marrakech,ain mezouar,54,SAFE_25,Ain Mezouar à Marrakech
185307,7820695,agadir,hay mohammadi,183,SAFE_25,Hay Mohammadi à Agadir
185308,7820697,marrakech,agdal,514,SAFE_25,Agdal à Marrakech
185310,7820708,agadir,abattoirs,30,SAFE_25,Abattoirs à Agadir
185311,7820721,marrakech,samlalia,132,SAFE_25,Samlalia à Marrakech
185314,7820731,casablanca,sidi maarouf,518,SAFE_25,Sidi Maarouf à Casablanca
185316,7820743,agadir,abattoirs,30,SAFE_25,Abattoirs à Agadir
185319,7820784,rabat,agdal,313,SAFE_25,Agdal à Rabat
185320,7820788,casablanca,les princesses,332,SAFE_25,Les princesses à Casablanca
185322,7820795,casablanca,hay al fadl,7,SAFE_5,Hay Al Fadl à Casablanca
185324,7820809,marrakech,route casablanca,269,SAFE_25,Route Casablanca à Marrakech
185326,7820821,marrakech,route amizmiz,500,SAFE_25,Route Amizmiz à Marrakech
185327,7820825,marrakech,route de safi,237,SAFE_25,Route de Safi à Marrakech
185328,7820827,casablanca,derb ghalef,98,SAFE_25,Derb Ghalef à Casablanca
185330,7820856,tanger,sania,64,SAFE_25,Sania à Tanger
185331,7820857,sale,hay salam,24,SAFE_10,Hay Salam à Salé
185333,7820867,tanger,sania,64,SAFE_25,Sania à Tanger
185335,7820870,mohammedia,port,3,LOW,Port à Mohammedia
185347,7820910,casablanca,mandarona,87,SAFE_25,Mandarona à Casablanca
185348,7820925,casablanca,maarif,326,SAFE_25,Maârif à Casablanca
185349,7820927,tanger,iberie,173,SAFE_25,Iberie à Tanger
185351,7820939,casablanca,mandarona,87,SAFE_25,Mandarona à Casablanca
185353,7820947,agadir,hay mohammadi,183,SAFE_25,Hay Mohammadi à Agadir
185354,7820952,rabat,agdal,313,SAFE_25,Agdal à Rabat
185356,7820985,kenitra,maamora,58,SAFE_25,Maamora à Kénitra
185357,7820992,mohammedia,quartier du soleil,11,SAFE_10,Quartier Du Soleil à Mohammedia
185358,7820999,essaouira,nouvelle ville,28,SAFE_25,Nouvelle Ville à Essaouira
185365,7821043,fes,quartier oued fes,34,SAFE_25,Quartier Oued Fes à Fès
185366,7821049,meknes,marjane,146,SAFE_25,Marjane à Meknes
185369,7821066,rabat,riyad,566,SAFE_25,Riyad à Rabat
185371,7821073,agadir,haut founty,47,SAFE_25,Haut Founty à Agadir
185373,7821083,marrakech,gueliz,1250,SAFE_25,Guéliz à Marrakech
185375,7821114,casablanca,californie,735,SAFE_25,Californie à Casablanca
185376,7821130,casablanca,franceville,76,SAFE_25,Franceville à Casablanca
185377,7821142,casablanca,sidi moumen,119,SAFE_25,Sidi Moumen à Casablanca
185379,7821146,rabat,souissi,566,SAFE_25,Souissi à Rabat
185380,7821147,temara,wifak,121,SAFE_25,Wifak à Temara
185382,7821159,casablanca,cil hay salam,225,SAFE_25,CIL (Hay Salam) à Casablanca
185383,7821178,marrakech,hivernage,273,SAFE_25,Hivernage à Marrakech
185385,7821204,tanger,ahlane,96,SAFE_25,Ahlane à Tanger
185388,7821234,tanger,moujahidine,132,SAFE_25,Moujahidine à Tanger
185389,7821238,tanger,sania,64,SAFE_25,Sania à Tanger
185390,7821252,casablanca,ferme bretonne hay arraha,189,SAFE_25,Ferme Bretonne (Hay Arraha) à Casablanca
185391,7821253,casablanca,palmier,340,SAFE_25,Palmier à Casablanca
185392,7821261,casablanca,palmier,340,SAFE_25,Palmier à Casablanca
185394,7821276,casablanca,maarif,326,SAFE_25,Maârif à Casablanca
185397,7821296,casablanca,les princesses,332,SAFE_25,Les princesses à Casablanca
185399,7821318,bouznika,plage oued cherrat,118,SAFE_25,Plage Oued Cherrat à Bouznika
185400,7821323,casablanca,les hopitaux,385,SAFE_25,Les Hôpitaux à Casablanca
185401,7821329,marrakech,agdal,514,SAFE_25,Agdal à Marrakech
185402,7821334,bouznika,plage oued cherrat,118,SAFE_25,Plage Oued Cherrat à Bouznika
185404,7821344,marrakech,route casablanca,269,SAFE_25,Route Casablanca à Marrakech
185405,7821349,casablanca,lissasfa,104,SAFE_25,Lissasfa à Casablanca
185406,7821353,agadir,hay mohammadi,183,SAFE_25,Hay Mohammadi à Agadir
185407,7821365,casablanca,ain chock,119,SAFE_25,Ain Chock à Casablanca
185408,7821378,marrakech,camp al ghoul,112,SAFE_25,Camp Al Ghoul à Marrakech
185409,7821382,agadir,hay salam,64,SAFE_25,Hay Salam à Agadir
185412,7821423,casablanca,les hopitaux,385,SAFE_25,Les Hôpitaux à Casablanca
185413,7821435,kenitra,la ville haute,69,SAFE_25,La Ville Haute à Kénitra
185414,7821438,casablanca,les princesses,332,SAFE_25,Les princesses à Casablanca
185416,7821450,temara,riad oulad mtaa,35,SAFE_25,Riad Oulad Mtaa à Temara
185417,7821456,marrakech,gueliz,1250,SAFE_25,Guéliz à Marrakech
185419,7821475,essaouira,raounak,6,SAFE_5,Raounak à Essaouira
185421,7821498,kenitra,la ville haute,69,SAFE_25,La Ville Haute à Kénitra
185422,7821510,casablanca,palmier,340,SAFE_25,Palmier à Casablanca
185423,7821514,marrakech,route casablanca,269,SAFE_25,Route Casablanca à Marrakech
185425,7821521,casablanca,maarif extension,351,SAFE_25,Maârif Extension à Casablanca
185426,7821542,casablanca,bourgogne ouest,380,SAFE_25,Bourgogne Ouest à Casablanca
185428,7821563,casablanca,ain chock,119,SAFE_25,Ain Chock à Casablanca
185433,7821592,marrakech,ennakhil palmeraie,469,SAFE_25,Ennakhil (Palmeraie) à Marrakech
185434,7821599,kenitra,mimosas,57,SAFE_25,Mimosas à Kénitra
185435,7821604,kenitra,assam,17,SAFE_10,Assam à Kénitra
185437,7821626,temara,riad oulad mtaa,35,SAFE_25,Riad Oulad Mtaa à Temara
185438,7821628,casablanca,mers sultan,170,SAFE_25,Mers Sultan à Casablanca
185439,7821630,casablanca,oulfa,409,SAFE_25,Oulfa à Casablanca
185440,7821631,marrakech,hivernage,273,SAFE_25,Hivernage à Marrakech
185441,7821633,tanger,de la plage,188,SAFE_25,De La Plage à Tanger
185444,7821664,casablanca,ain chock,119,SAFE_25,Ain Chock à Casablanca
185445,7821667,rabat,riyad,566,SAFE_25,Riyad à Rabat
185446,7821669,marrakech,route de ouarzazate,289,SAFE_25,Route de Ouarzazate à Marrakech
185447,7821670,taroudant,jamaa el kbir,6,SAFE_5,Jamaa el Kbir à Taroudant
185448,7821674,meknes,hamria,152,SAFE_25,Hamria à Meknes
185449,7821697,marrakech,samlalia,132,SAFE_25,Samlalia à Marrakech
185450,7821704,casablanca,al hadika,25,SAFE_25,Al Hadika à Casablanca
185451,7821729,marrakech,gueliz,1250,SAFE_25,Guéliz à Marrakech
185452,7821731,casablanca,gauthier,422,SAFE_25,Gauthier à Casablanca
185455,7821735,casablanca,ain diab,457,SAFE_25,Ain Diab à Casablanca
185457,7821746,casablanca,les hopitaux,385,SAFE_25,Les Hôpitaux à Casablanca
185460,7821782,kenitra,mimosas,57,SAFE_25,Mimosas à Kénitra
185461,7821783,casablanca,oasis,332,SAFE_25,Oasis à Casablanca
185462,7821789,casablanca,les hopitaux,385,SAFE_25,Les Hôpitaux à Casablanca
185464,7821840,casablanca,casablanca finance city,208,SAFE_25,Casablanca Finance City à Casablanca
185467,7821859,marrakech,gueliz,1250,SAFE_25,Guéliz à Marrakech
185470,7821908,marrakech,hay mabrouka,95,SAFE_25,Hay Mabrouka à Marrakech
185471,7821926,marrakech,hay mabrouka,95,SAFE_25,Hay Mabrouka à Marrakech
185472,7821927,marrakech,hay mabrouka,95,SAFE_25,Hay Mabrouka à Marrakech
185473,7821928,marrakech,hay mabrouka,95,SAFE_25,Hay Mabrouka à Marrakech
185474,7821944,fes,narjis,23,SAFE_10,Narjis à Fès
185475,7821945,tanger,msala,22,SAFE_10,Msala à Tanger
185476,7821947,casablanca,al madina aljadida,18,SAFE_10,Al Madina Aljadida à Casablanca
185477,7821951,marrakech,gueliz,1250,SAFE_25,Guéliz à Marrakech
185478,7821956,casablanca,roches noires,198,SAFE_25,Roches Noires à Casablanca
185479,7821958,casablanca,maarif,326,SAFE_25,Maârif à Casablanca
185480,7821973,marrakech,route de safi,237,SAFE_25,Route de Safi à Marrakech
185482,7821977,casablanca,belvedere,301,SAFE_25,Belvédère à Casablanca
185483,7821984,rabat,agdal,313,SAFE_25,Agdal à Rabat
185484,7821998,marrakech,route de fez,469,SAFE_25,Route de Fez à Marrakech
185485,7822001,temara,massira 2,27,SAFE_25,Massira 2 à Temara
185486,7822007,tanger,du golf,123,SAFE_25,Du Golf à Tanger
185489,7822031,tanger,iberie,173,SAFE_25,Iberie à Tanger
185491,7822040,tanger,ziaten,49,SAFE_25,Ziaten à Tanger
185492,7822041,casablanca,bernoussi,99,SAFE_25,Bernoussi à Casablanca
185493,7822055,marrakech,ennakhil palmeraie,469,SAFE_25,Ennakhil (Palmeraie) à Marrakech
185494,7822062,marrakech,ennakhil palmeraie,469,SAFE_25,Ennakhil (Palmeraie) à Marrakech
185495,7822066,kenitra,mimosas,57,SAFE_25,Mimosas à Kénitra
185496,7822072,tanger,jbel kbir,80,SAFE_25,Jbel Kbir à Tanger
185500,7822116,casablanca,gauthier,422,SAFE_25,Gauthier à Casablanca
185501,7822170,casablanca,val fleury,190,SAFE_25,Val Fleury à Casablanca
185504,7822181,tetouan,saniat errmel,11,SAFE_10,Saniat Errmel à Tétouan
185505,7822193,tanger,tanja balia,220,SAFE_25,Tanja Balia à Tanger
185507,7822200,tanger,tanja balia,220,SAFE_25,Tanja Balia à Tanger
185508,7822202,agadir,hay mohammadi,183,SAFE_25,Hay Mohammadi à Agadir
185509,7822203,tanger,tanja balia,220,SAFE_25,Tanja Balia à Tanger
185510,7822204,tanger,tanja balia,220,SAFE_25,Tanja Balia à Tanger
185511,7822207,tanger,tanja balia,220,SAFE_25,Tanja Balia à Tanger
185514,7822217,kenitra,mimosas,57,SAFE_25,Mimosas à Kénitra
185515,7822230,casablanca,racine,596,SAFE_25,Racine à Casablanca
185516,7822239,casablanca,les princesses,332,SAFE_25,Les princesses à Casablanca
185517,7822240,casablanca,cil hay salam,225,SAFE_25,CIL (Hay Salam) à Casablanca
185519,7822256,casablanca,gauthier,422,SAFE_25,Gauthier à Casablanca
185521,7822258,casablanca,oasis,332,SAFE_25,Oasis à Casablanca
185523,7822279,mohammedia,port,3,LOW,Port à Mohammedia
185524,7822289,casablanca,mers sultan,170,SAFE_25,Mers Sultan à Casablanca
185526,7822306,agadir,hay mohammadi,183,SAFE_25,Hay Mohammadi à Agadir
185527,7822310,casablanca,mandarona,87,SAFE_25,Mandarona à Casablanca
185529,7822312,casablanca,la gironde,122,SAFE_25,La Gironde à Casablanca
185530,7822313,casablanca,maarif,326,SAFE_25,Maârif à Casablanca
185532,7822315,casablanca,les hopitaux,385,SAFE_25,Les Hôpitaux à Casablanca
185533,7822316,casablanca,quartier bachkou,69,SAFE_25,Quartier Bachkou à Casablanca
185534,7822317,casablanca,quartier bachkou,69,SAFE_25,Quartier Bachkou à Casablanca
185538,7822342,casablanca,bourgogne ouest,380,SAFE_25,Bourgogne Ouest à Casablanca
185539,7822344,marrakech,samlalia,132,SAFE_25,Samlalia à Marrakech
185540,7822351,marrakech,arset sbaia,10,SAFE_10,Arset Sbaia à Marrakech
185541,7822353,marrakech,arset sbaia,10,SAFE_10,Arset Sbaia à Marrakech
185543,7822390,tetouan,el mdrassi,5,SAFE_5,El Mdrassi à Tétouan
185544,7822395,oujda,les iris,12,SAFE_10,Les Iris à Oujda
185545,7822400,casablanca,belvedere,301,SAFE_25,Belvédère à Casablanca
185546,7822406,casablanca,les hopitaux,385,SAFE_25,Les Hôpitaux à Casablanca
185549,7822425,casablanca,les hopitaux,385,SAFE_25,Les Hôpitaux à Casablanca
185552,7822450,tanger,malabata,421,SAFE_25,Malabata à Tanger
185554,7822463,casablanca,bourgogne ouest,380,SAFE_25,Bourgogne Ouest à Casablanca
185561,7822525,casablanca,casablanca finance city,208,SAFE_25,Casablanca Finance City à Casablanca
185562,7822530,skhirat,al fath,13,SAFE_10,Al fath à Skhirat
185563,7822533,casablanca,ain diab,457,SAFE_25,Ain Diab à Casablanca
185564,7822534,casablanca,ain sebaa,344,SAFE_25,Aïn Sebaâ à Casablanca
185565,7822536,casablanca,nassim 1,64,SAFE_25,Nassim 1 à Casablanca
185566,7822550,sale,hay chmaou,56,SAFE_25,Hay Chmaou à Salé
185571,7822610,tanger,moujahidine,132,SAFE_25,Moujahidine à Tanger
185572,7822628,agadir,hay mohammadi,183,SAFE_25,Hay Mohammadi à Agadir
185574,7822666,casablanca,maarif,326,SAFE_25,Maârif à Casablanca
185578,7822693,temara,wifak,121,SAFE_25,Wifak à Temara
185579,7822701,marrakech,hay mabrouka,95,SAFE_25,Hay Mabrouka à Marrakech
185580,7822709,mohammedia,hay annasr,4,LOW,Hay Annasr à Mohammedia
185581,7822715,marrakech,hay mabrouka,95,SAFE_25,Hay Mabrouka à Marrakech
185584,7822747,marrakech,hay mabrouka,95,SAFE_25,Hay Mabrouka à Marrakech
185585,7822751,marrakech,hay mabrouka,95,SAFE_25,Hay Mabrouka à Marrakech
185589,7822802,meknes,hamria,152,SAFE_25,Hamria à Meknes
185590,7822807,casablanca,maarif extension,351,SAFE_25,Maârif Extension à Casablanca
185591,7822825,essaouira,raounak,6,SAFE_5,Raounak à Essaouira
185594,7822844,casablanca,burger,53,SAFE_25,Burger à Casablanca
185597,7822888,casablanca,californie,735,SAFE_25,Californie à Casablanca
185600,7822909,marrakech,route casablanca,269,SAFE_25,Route Casablanca à Marrakech
185601,7822913,marrakech,route de safi,237,SAFE_25,Route de Safi à Marrakech
185602,7822921,kenitra,bir rami est,42,SAFE_25,Bir Rami Est à Kénitra
185603,7822926,casablanca,sidi maarouf,518,SAFE_25,Sidi Maârouf à Casablanca
185605,7822951,casablanca,bourgogne ouest,380,SAFE_25,Bourgogne Ouest à Casablanca
185606,7822954,casablanca,val fleury,190,SAFE_25,Val Fleury à Casablanca
185607,7822959,casablanca,les princesses,332,SAFE_25,Les princesses à Casablanca
185610,7822992,casablanca,nassim 1,64,SAFE_25,Nassim 1 à Casablanca
185612,7823007,casablanca,sidi moumen,119,SAFE_25,Sidi Moumen à Casablanca
185614,7823014,bouznika,hamza,21,SAFE_10,Hamza à Bouznika
185615,7823019,sale,cite militaire,5,SAFE_5,Cité Militaire à Salé
185616,7823020,casablanca,ain diab,457,SAFE_25,Ain Diab à Casablanca
185617,7823021,sale,hay chmaou,56,SAFE_25,Hay Chmaou à Salé
185619,7823028,tanger,hay hassani,92,SAFE_25,Hay Hassani à Tanger
185620,7823030,tanger,hay hassani,92,SAFE_25,Hay Hassani à Tanger
185622,7823038,agadir,hay al wafaa,2,LOW,Hay Al Wafaa à Agadir
185623,7823046,tanger,administratif,164,SAFE_25,Administratif à Tanger
185624,7823047,casablanca,nassim 1,64,SAFE_25,Nassim 1 à Casablanca
185626,7823060,agadir,haut anza,8,SAFE_5,Haut Anza à Agadir
185627,7823061,mohammedia,route de rabat,18,SAFE_10,Route de rabat à Mohammedia
185628,7823069,essaouira,bab al bahar,1,LOW,Bab Al Bahar à Essaouira
185630,7823085,meknes,marjane,146,SAFE_25,Marjane à Meknes
185633,7823151,tanger,ahlane,96,SAFE_25,Ahlane à Tanger
185634,7823156,tanger,hay hassani,92,SAFE_25,Hay Hassani à Tanger
185635,7823165,rabat,agdal,313,SAFE_25,Agdal à Rabat
185636,7823167,tanger,hay hassani,92,SAFE_25,Hay Hassani à Tanger
185637,7823169,tanger,hay hassani,92,SAFE_25,Hay Hassani à Tanger
185638,7823174,tanger,hay hassani,92,SAFE_25,Hay Hassani à Tanger
185639,7823177,casablanca,casablanca marina,100,SAFE_25,Casablanca Marina à Casablanca
185640,7823178,tanger,hay hassani,92,SAFE_25,Hay Hassani à Tanger
185641,7823182,casablanca,casablanca finance city,208,SAFE_25,Casablanca Finance City à Casablanca
185642,7823187,tanger,hay hassani,92,SAFE_25,Hay Hassani à Tanger
185643,7823202,casablanca,les hopitaux,385,SAFE_25,Les Hôpitaux à Casablanca
185644,7823212,casablanca,la vilette,15,SAFE_10,La Vilette à Casablanca
185645,7823227,agadir,hay mohammadi,183,SAFE_25,Hay Mohammadi à Agadir
185646,7823233,agadir,hay mohammadi,183,SAFE_25,Hay Mohammadi à Agadir
185648,7823248,rabat,hassan centre ville,119,SAFE_25,Hassan - Centre Ville à Rabat
185649,7823249,rabat,hassan centre ville,119,SAFE_25,Hassan - Centre Ville à Rabat
185652,7823291,sale,bab sebta,4,LOW,Bab Sebta à Salé
185653,7823299,kenitra,oulad wjih,62,SAFE_25,Oulad Wjih à Kénitra
185654,7823315,sale,bab sebta,4,LOW,Bab Sebta à Salé
185659,7823357,fes,route ain chkaf,51,SAFE_25,Route ain Chkaf à Fès
185660,7823363,tanger,du golf,123,SAFE_25,Du Golf à Tanger
185661,7823376,casablanca,oulfa,409,SAFE_25,Oulfa à Casablanca
185662,7823396,casablanca,californie,735,SAFE_25,Californie à Casablanca
185663,7823399,rabat,riyad,566,SAFE_25,Riyad à Rabat
185664,7823400,kenitra,la ville haute,69,SAFE_25,La Ville Haute à Kénitra
185665,7823411,tanger,bel air val fleuri,128,SAFE_25,Bel Air - Val fleuri à Tanger
185666,7823412,marrakech,route casablanca,269,SAFE_25,Route Casablanca à Marrakech
185667,7823414,casablanca,val fleury,190,SAFE_25,Val Fleury à Casablanca
185668,7823418,kenitra,la ville haute,69,SAFE_25,La Ville Haute à Kénitra
185669,7823421,agadir,hay mohammadi,183,SAFE_25,Hay Mohammadi à Agadir
185670,7823423,agadir,hay mohammadi,183,SAFE_25,Hay Mohammadi à Agadir
185671,7823425,marrakech,gueliz,1250,SAFE_25,Guéliz à Marrakech
185672,7823426,agadir,hay mohammadi,183,SAFE_25,Hay Mohammadi à Agadir
185673,7823428,agadir,hay mohammadi,183,SAFE_25,Hay Mohammadi à Agadir
185674,7823429,agadir,tilila,54,SAFE_25,Tilila à Agadir
185675,7823430,agadir,hay mohammadi,183,SAFE_25,Hay Mohammadi à Agadir
185676,7823432,tanger,du golf,123,SAFE_25,Du Golf à Tanger
185677,7823433,agadir,hay mohammadi,183,SAFE_25,Hay Mohammadi à Agadir
185681,7823461,marrakech,gueliz,1250,SAFE_25,Guéliz à Marrakech
185682,7823463,tanger,de la plage,188,SAFE_25,De La Plage à Tanger
185684,7823472,marrakech,gueliz,1250,SAFE_25,Guéliz à Marrakech
185686,7823502,oujda,boustane,15,SAFE_10,Boustane à Oujda
185687,7823503,sale,sala el jadida,84,SAFE_25,Sala el Jadida à Salé
185689,7823509,rabat,souissi,566,SAFE_25,Souissi à Rabat
185691,7823518,sale,sidi hajji,27,SAFE_25,Sidi Hajji à Salé
185692,7823527,agadir,taddart anza,11,SAFE_10,Taddart Anza à Agadir
185693,7823530,marrakech,gueliz,1250,SAFE_25,Guéliz à Marrakech
185694,7823532,tetouan,saniat errmel,11,SAFE_10,Saniat Errmel à Tétouan
185696,7823537,marrakech,gueliz,1250,SAFE_25,Guéliz à Marrakech
185697,7823538,agadir,hay mohammadi,183,SAFE_25,Hay Mohammadi à Agadir
185698,7823542,agadir,cite adrar,16,SAFE_10,Cité Adrar à Agadir
185699,7823543,casablanca,palmier,340,SAFE_25,Palmier à Casablanca
185700,7823547,marrakech,route de safi,237,SAFE_25,Route de Safi à Marrakech
185702,7823556,meknes,marjane,146,SAFE_25,Marjane à Meknes
185703,7823566,sale,sala el jadida,84,SAFE_25,Sala el Jadida à Salé
185704,7823571,essaouira,raounak,6,SAFE_5,Raounak à Essaouira
185705,7823572,el jadida,hay essalam,49,SAFE_25,Hay Essalam à El Jadida
185708,7823603,sale,sala el jadida,84,SAFE_25,Sala el Jadida à Salé
185709,7823615,agadir,haut founty,47,SAFE_25,Haut Founty à Agadir
185712,7823652,tetouan,route de ceuta,19,SAFE_10,Route de Ceuta à Tétouan
185713,7823661,marrakech,gueliz,1250,SAFE_25,Guéliz à Marrakech
185714,7823663,tanger,de la plage,188,SAFE_25,De La Plage à Tanger
185715,7823669,casablanca,ferme bretonne hay arraha,189,SAFE_25,Ferme Bretonne (Hay Arraha) à Casablanca
185717,7823688,casablanca,gauthier,422,SAFE_25,Gauthier à Casablanca
185718,7823700,rabat,hassan centre ville,119,SAFE_25,Hassan - Centre Ville à Rabat
185720,7823703,casablanca,riviera,76,SAFE_25,Riviera à Casablanca
185721,7823705,casablanca,la vilette,15,SAFE_10,La Vilette à Casablanca
185722,7823706,casablanca,val fleury,190,SAFE_25,Val Fleury à Casablanca
185723,7823707,casablanca,les princesses,332,SAFE_25,Les princesses à Casablanca
185726,7823725,tanger,du golf,123,SAFE_25,Du Golf à Tanger
185727,7823730,casablanca,ain sebaa,344,SAFE_25,Aïn Sebaâ à Casablanca
185728,7823735,casablanca,oulfa,409,SAFE_25,Oulfa à Casablanca
185730,7823755,casablanca,casablanca finance city,208,SAFE_25,Casablanca Finance City à Casablanca
185733,7823771,mohammedia,la colline,22,SAFE_10,La Colline à Mohammedia
185734,7823772,safi,lamiaa,6,SAFE_5,Lamiaa à Safi
185736,7823778,rabat,agdal,313,SAFE_25,Agdal à Rabat
185738,7823790,rabat,hassan centre ville,119,SAFE_25,Hassan - Centre Ville à Rabat
185739,7823793,casablanca,bourgogne est,157,SAFE_25,Bourgogne Est à Casablanca
185744,7823830,agadir,tilila,54,SAFE_25,Tilila à Agadir
185745,7823831,agadir,tilila,54,SAFE_25,Tilila à Agadir
185746,7823832,agadir,tilila,54,SAFE_25,Tilila à Agadir
185749,7823844,agadir,talborjt,18,SAFE_10,Talborjt à Agadir
185750,7823860,marrakech,hay alfadl,13,SAFE_10,Hay Alfadl à Marrakech
185752,7823868,casablanca,sidi moumen,119,SAFE_25,Sidi Moumen à Casablanca
185753,7823873,tanger,mozart,64,SAFE_25,Mozart à Tanger
185754,7823875,tanger,administratif,164,SAFE_25,Administratif à Tanger
185755,7823876,agadir,hay mohammadi,183,SAFE_25,Hay Mohammadi à Agadir
185756,7823878,casablanca,casablanca finance city,208,SAFE_25,Casablanca Finance City à Casablanca
185758,7823884,casablanca,la gironde,122,SAFE_25,La Gironde à Casablanca
185759,7823893,sale,sidi hajji,27,SAFE_25,Sidi Hajji à Salé
185760,7823898,tanger,branes 2,42,SAFE_25,Branes 2 à Tanger
185761,7823901,tetouan,mounia,9,SAFE_5,Mounia à Tétouan
185762,7823902,bouznika,plage oued cherrat,118,SAFE_25,Plage Oued Cherrat à Bouznika
185763,7823905,tanger,du golf,123,SAFE_25,Du Golf à Tanger
185764,7823925,casablanca,lissasfa,104,SAFE_25,Lissasfa à Casablanca
185766,7823938,meknes,marjane,146,SAFE_25,Marjane à Meknes
185767,7823947,casablanca,mers sultan,170,SAFE_25,Mers Sultan à Casablanca
185769,7823964,bouznika,plage oued cherrat,118,SAFE_25,Plage Oued Cherrat à Bouznika
185772,7824008,agadir,hay mohammadi,183,SAFE_25,Hay Mohammadi à Agadir
185774,7824014,casablanca,hay idrissia,9,SAFE_5,Hay Idrissia à Casablanca
185775,7824015,tetouan,wilaya,41,SAFE_25,Wilaya à Tétouan
185776,7824016,mohammedia,riad 1,7,SAFE_5,Riad 1 à Mohammedia
185778,7824034,rabat,riyad,566,SAFE_25,Riyad à Rabat
185779,7824047,tanger,sania,64,SAFE_25,Sania à Tanger
185782,7824069,mohammedia,al qods,5,SAFE_5,Al Qods à Mohammedia
185783,7824076,tanger,mozart,64,SAFE_25,Mozart à Tanger
185785,7824086,marrakech,gueliz,1250,SAFE_25,Guéliz à Marrakech
185787,7824107,agadir,hay mohammadi,183,SAFE_25,Hay Mohammadi à Agadir
185788,7824109,agadir,hay mohammadi,183,SAFE_25,Hay Mohammadi à Agadir
185789,7824119,casablanca,riviera,76,SAFE_25,Riviera à Casablanca
185792,7824140,bouznika,hay toummert,9,SAFE_5,Hay Toummert à Bouznika
185793,7824141,fes,ben debbab,1,LOW,Ben Debbab à Fès
185794,7824165,marrakech,route de safi,237,SAFE_25,Route de Safi à Marrakech
185795,7824169,casablanca,maarif,326,SAFE_25,Maârif à Casablanca
185796,7824171,casablanca,gauthier,422,SAFE_25,Gauthier à Casablanca
185797,7824173,casablanca,beausejour,150,SAFE_25,Beauséjour à Casablanca
185799,7824179,tetouan,wilaya,41,SAFE_25,Wilaya à Tétouan
185804,7824198,kenitra,oulad wjih,62,SAFE_25,Oulad Wjih à Kénitra
185805,7824211,agadir,cite adrar,16,SAFE_10,Cité Adrar à Agadir
185807,7824243,agadir,hay mohammadi,183,SAFE_25,Hay Mohammadi à Agadir
185808,7824246,kenitra,bir rami ouest,38,SAFE_25,Bir Rami Ouest à Kénitra
185809,7824247,casablanca,gauthier,422,SAFE_25,Gauthier à Casablanca
185810,7824256,casablanca,beausejour,150,SAFE_25,Beauséjour à Casablanca
185811,7824277,tanger,ahlane,96,SAFE_25,Ahlane à Tanger
185814,7824316,sale,sakani,12,SAFE_10,Sakani à Salé
185815,7824318,marrakech,massira 3,21,SAFE_10,Massira 3 à Marrakech
185816,7824321,agadir,abattoirs,30,SAFE_25,Abattoirs à Agadir
185817,7824323,rabat,riyad,566,SAFE_25,Riyad à Rabat
185819,7824333,rabat,riyad,566,SAFE_25,Riyad à Rabat
185823,7824365,casablanca,oulfa,409,SAFE_25,Oulfa à Casablanca
185829,7824416,casablanca,maarif,326,SAFE_25,Maârif à Casablanca
185832,7824439,kenitra,la ville haute,69,SAFE_25,La Ville Haute à Kénitra
185833,7824443,casablanca,hay hassani,116,SAFE_25,Hay Hassani à Casablanca
185842,7824500,tanger,achakar,164,SAFE_25,Achakar à Tanger
185843,7824512,tanger,mozart,64,SAFE_25,Mozart à Tanger
185844,7824515,casablanca,anfa,374,SAFE_25,Anfa à Casablanca
185845,7824519,rabat,hay al fath,34,SAFE_25,Hay Al Fath à Rabat
185846,7824526,marrakech,gueliz,1250,SAFE_25,Guéliz à Marrakech
185848,7824553,marrakech,hay mabrouka,95,SAFE_25,Hay Mabrouka à Marrakech
185850,7824594,casablanca,gauthier,422,SAFE_25,Gauthier à Casablanca
185851,7824610,tanger,boukhalef,98,SAFE_25,Boukhalef à Tanger
185852,7824612,marrakech,hivernage,273,SAFE_25,Hivernage à Marrakech
185854,7824622,agadir,hay mohammadi,183,SAFE_25,Hay Mohammadi à Agadir
185855,7824624,casablanca,triangle d or,142,SAFE_25,Triangle d'Or à Casablanca
185856,7824626,agadir,hay mohammadi,183,SAFE_25,Hay Mohammadi à Agadir
185857,7824637,tanger,marjane,165,SAFE_25,Marjane à Tanger
185858,7824662,marrakech,agdal,514,SAFE_25,Agdal à Marrakech
185860,7824672,casablanca,ain sebaa,344,SAFE_25,Aïn Sebaâ à Casablanca
185862,7824687,casablanca,sidi maarouf,518,SAFE_25,Sidi Maarouf à Casablanca
185865,7824716,sale,mkinssia,13,SAFE_10,Mkinssia à Salé
185866,7824722,tanger,du golf,123,SAFE_25,Du Golf à Tanger
185868,7824736,rabat,riyad,566,SAFE_25,Riyad à Rabat
185869,7824759,casablanca,casablanca marina,100,SAFE_25,Casablanca Marina à Casablanca
185873,7824786,casablanca,ain chock,119,SAFE_25,Ain Chock à Casablanca
185874,7824790,casablanca,hay alhoda,1,LOW,Hay Alhoda à Casablanca
185875,7824800,casablanca,les hopitaux,385,SAFE_25,Les Hôpitaux à Casablanca
185876,7824818,kenitra,la ville haute,69,SAFE_25,La Ville Haute à Kénitra
185879,7824839,rabat,hay al fath,34,SAFE_25,Hay Al Fath à Rabat
185880,7824847,casablanca,ain diab,457,SAFE_25,Ain Diab à Casablanca
185882,7824855,casablanca,maarif extension,351,SAFE_25,Maârif Extension à Casablanca
185884,7824862,casablanca,racine,596,SAFE_25,Racine à Casablanca
185885,7824864,casablanca,al qods,132,SAFE_25,Al Qods à Casablanca
185886,7824867,marrakech,gueliz,1250,SAFE_25,Guéliz à Marrakech
185890,7824895,casablanca,la gironde,122,SAFE_25,La Gironde à Casablanca
185891,7824901,casablanca,casablanca finance city,208,SAFE_25,Casablanca Finance City à Casablanca
185892,7824915,casablanca,bourgogne est,157,SAFE_25,Bourgogne Est à Casablanca
185894,7824927,tanger,tanger city center,86,SAFE_25,Tanger City Center à Tanger
185895,7824936,casablanca,ain sebaa,344,SAFE_25,Aïn Sebaâ à Casablanca
185896,7824940,casablanca,hay palestine,10,SAFE_10,Hay Palestine à Casablanca
185897,7824944,casablanca,les cretes,14,SAFE_10,Les Crêtes à Casablanca
185898,7824956,casablanca,bourgogne est,157,SAFE_25,Bourgogne Est à Casablanca
185899,7824957,casablanca,casablanca finance city,208,SAFE_25,Casablanca Finance City à Casablanca
185900,7824966,casablanca,beausejour,150,SAFE_25,Beauséjour à Casablanca
185901,7824972,casablanca,hay hassani,116,SAFE_25,Hay Hassani à Casablanca
185902,7824983,casablanca,ain diab extension,188,SAFE_25,Ain Diab Extension à Casablanca
185903,7824993,casablanca,bourgogne est,157,SAFE_25,Bourgogne Est à Casablanca
185904,7824998,casablanca,val fleury,190,SAFE_25,Val Fleury à Casablanca
185906,7825004,casablanca,mers sultan,170,SAFE_25,Mers Sultan à Casablanca
185907,7825006,casablanca,derb ghalef,98,SAFE_25,Derb Ghalef à Casablanca
185908,7825022,casablanca,sidi maarouf,518,SAFE_25,Sidi Maarouf à Casablanca
185909,7825028,casablanca,cil hay salam,225,SAFE_25,CIL (Hay Salam) à Casablanca
185910,7825032,casablanca,la gironde,122,SAFE_25,La Gironde à Casablanca
185911,7825033,casablanca,maarif,326,SAFE_25,Maârif à Casablanca
185912,7825035,marrakech,gueliz,1250,SAFE_25,Guéliz à Marrakech
185913,7825040,tanger,mesnana,96,SAFE_25,Mesnana à Tanger
185914,7825047,casablanca,palmier,340,SAFE_25,Palmier à Casablanca
185916,7825050,temara,harhoura,92,SAFE_25,Harhoura à Temara
185917,7825057,marrakech,gueliz,1250,SAFE_25,Guéliz à Marrakech
185918,7825062,casablanca,belvedere,301,SAFE_25,Belvédère à Casablanca
185921,7825075,tanger,de la plage,188,SAFE_25,De La Plage à Tanger
185926,7825091,casablanca,derb ghalef,98,SAFE_25,Derb Ghalef à Casablanca
185927,7825092,tanger,tanja balia,220,SAFE_25,Tanja Balia à Tanger
185928,7825096,tanger,tanja balia,220,SAFE_25,Tanja Balia à Tanger
185929,7825097,rabat,riyad,566,SAFE_25,Riyad à Rabat
185930,7825098,casablanca,derb ghalef,98,SAFE_25,Derb Ghalef à Casablanca
185931,7825099,tanger,tanja balia,220,SAFE_25,Tanja Balia à Tanger
185932,7825102,tanger,tanja balia,220,SAFE_25,Tanja Balia à Tanger
185933,7825103,casablanca,racine,596,SAFE_25,Racine à Casablanca
185934,7825106,tanger,tanja balia,220,SAFE_25,Tanja Balia à Tanger
185935,7825107,tanger,tanja balia,220,SAFE_25,Tanja Balia à Tanger
185937,7825116,marrakech,samlalia,132,SAFE_25,Samlalia à Marrakech
185939,7825119,tanger,tanja balia,220,SAFE_25,Tanja Balia à Tanger
185940,7825123,marrakech,gueliz,1250,SAFE_25,Guéliz à Marrakech
185942,7825127,marrakech,ain mezouar,54,SAFE_25,Ain Mezouar à Marrakech
185943,7825130,marrakech,majorelle,157,SAFE_25,Majorelle à Marrakech
185945,7825138,tanger,tanja balia,220,SAFE_25,Tanja Balia à Tanger
185946,7825140,fes,mont fleuri,13,SAFE_10,Mont Fleuri à Fès
185947,7825146,casablanca,val fleury,190,SAFE_25,Val Fleury à Casablanca
185948,7825147,casablanca,californie,735,SAFE_25,Californie à Casablanca
185949,7825148,casablanca,californie,735,SAFE_25,Californie à Casablanca
185950,7825149,casablanca,racine,596,SAFE_25,Racine à Casablanca
185951,7825150,casablanca,racine,596,SAFE_25,Racine à Casablanca
185952,7825158,casablanca,hay hassani,116,SAFE_25,Hay Hassani à Casablanca
185953,7825160,tanger,tanja balia,220,SAFE_25,Tanja Balia à Tanger
185956,7825165,tanger,tanja balia,220,SAFE_25,Tanja Balia à Tanger
185957,7825166,tanger,tanja balia,220,SAFE_25,Tanja Balia à Tanger
185958,7825168,tanger,tanja balia,220,SAFE_25,Tanja Balia à Tanger
185959,7825172,tanger,tanja balia,220,SAFE_25,Tanja Balia à Tanger
185960,7825174,casablanca,bourgogne ouest,380,SAFE_25,Bourgogne Ouest à Casablanca
185961,7825184,casablanca,bernoussi,99,SAFE_25,Bernoussi à Casablanca
185962,7825192,tanger,mesnana,96,SAFE_25,Mesnana à Tanger
185963,7825195,marrakech,route casablanca,269,SAFE_25,Route Casablanca à Marrakech
185964,7825258,tanger,azib haj kaddour,10,SAFE_10,Azib Haj Kaddour à Tanger
185967,7825278,sale,hay karima,6,SAFE_5,Hay Karima à Salé
185969,7825287,marrakech,hay saada,42,SAFE_25,Hay Saada à Marrakech
185970,7825292,agadir,hay mohammadi,183,SAFE_25,Hay Mohammadi à Agadir
185971,7825300,sale,el qaria,11,SAFE_10,El Qaria à Salé
185972,7825322,casablanca,ferme bretonne hay arraha,189,SAFE_25,Ferme Bretonne (Hay Arraha) à Casablanca
185977,7825341,casablanca,maarif extension,351,SAFE_25,Maârif Extension à Casablanca
185979,7825349,marrakech,route casablanca,269,SAFE_25,Route Casablanca à Marrakech
185980,7825357,tanger,mesnana,96,SAFE_25,Mesnana à Tanger
185981,7825358,tanger,mesnana,96,SAFE_25,Mesnana à Tanger
185982,7825362,tanger,marjane,165,SAFE_25,Marjane à Tanger
185983,7825373,casablanca,beausejour,150,SAFE_25,Beauséjour à Casablanca
185984,7825375,marrakech,gueliz,1250,SAFE_25,Guéliz à Marrakech
185986,7825390,marrakech,camp al ghoul,112,SAFE_25,Camp Al Ghoul à Marrakech
185988,7825407,casablanca,bourgogne ouest,380,SAFE_25,Bourgogne Ouest à Casablanca
185989,7825414,casablanca,ain diab,457,SAFE_25,Ain Diab à Casablanca
185991,7825427,casablanca,bourgogne ouest,380,SAFE_25,Bourgogne Ouest à Casablanca
185992,7825430,meknes,marjane,146,SAFE_25,Marjane à Meknes
185993,7825438,casablanca,palmier,340,SAFE_25,Palmier à Casablanca
185997,7825450,casablanca,belvedere,301,SAFE_25,Belvédère à Casablanca
185999,7825452,casablanca,les princesses,332,SAFE_25,Les princesses à Casablanca
186000,7825453,meknes,marjane,146,SAFE_25,Marjane à Meknes
186001,7825456,tanger,route nationale assilah n1,134,SAFE_25,Route Nationale Assilah (N1) à Tanger
186003,7825462,casablanca,les princesses,332,SAFE_25,Les princesses à Casablanca
186005,7825471,marrakech,route amizmiz,500,SAFE_25,Route Amizmiz à Marrakech
186006,7825478,meknes,marjane,146,SAFE_25,Marjane à Meknes
186009,7825510,rabat,souissi,566,SAFE_25,Souissi à Rabat
186010,7825511,marrakech,gueliz,1250,SAFE_25,Guéliz à Marrakech
186011,7825513,casablanca,franceville,76,SAFE_25,Franceville à Casablanca
186013,7825524,marrakech,route casablanca,269,SAFE_25,Route Casablanca à Marrakech
186015,7825544,temara,riad oulad mtaa,35,SAFE_25,Riad Oulad Mtaa à Temara
186016,7825548,marrakech,samlalia,132,SAFE_25,Samlalia à Marrakech
186017,7825556,rabat,agdal,313,SAFE_25,Agdal à Rabat
186019,7825572,agadir,secteur touristique,92,SAFE_25,Secteur Touristique à Agadir
186021,7825579,rabat,agdal,313,SAFE_25,Agdal à Rabat
186022,7825593,casablanca,les hopitaux,385,SAFE_25,Les Hôpitaux à Casablanca
186023,7825597,marrakech,gueliz,1250,SAFE_25,Guéliz à Marrakech
186024,7825606,casablanca,gauthier,422,SAFE_25,Gauthier à Casablanca
186026,7825621,rabat,riyad,566,SAFE_25,Riyad à Rabat
186027,7825624,casablanca,racine,596,SAFE_25,Racine à Casablanca
186030,7825634,rabat,agdal,313,SAFE_25,Agdal à Rabat
186034,7825704,casablanca,ain diab extension,188,SAFE_25,Ain Diab Extension à Casablanca
186037,7825713,agadir,hay salam,64,SAFE_25,Hay Salam à Agadir
186038,7825714,casablanca,les princesses,332,SAFE_25,Les princesses à Casablanca
186039,7825716,casablanca,la gironde,122,SAFE_25,La Gironde à Casablanca
186040,7825734,casablanca,gauthier,422,SAFE_25,Gauthier à Casablanca
186042,7825754,casablanca,les hopitaux,385,SAFE_25,Les Hôpitaux à Casablanca
186043,7825768,marrakech,route casablanca,269,SAFE_25,Route Casablanca à Marrakech
186044,7825776,rabat,agdal,313,SAFE_25,Agdal à Rabat
186045,7825781,casablanca,cil hay salam,225,SAFE_25,CIL (Hay Salam) à Casablanca
186046,7825783,casablanca,maarif extension,351,SAFE_25,Maârif Extension à Casablanca
186047,7825792,fes,route ain chkaf,51,SAFE_25,Route ain Chkaf à Fès
186048,7825802,casablanca,bourgogne est,157,SAFE_25,Bourgogne Est à Casablanca
186049,7825805,meknes,hamria,152,SAFE_25,Hamria à Meknes
186050,7825807,casablanca,ahl loghlam hay assalam,21,SAFE_10,Ahl Loghlam (Hay Assalam) à Casablanca
186051,7825822,casablanca,maarif extension,351,SAFE_25,Maârif Extension à Casablanca
186052,7825825,kenitra,mimosas,57,SAFE_25,Mimosas à Kénitra
186053,7825842,casablanca,mers sultan,170,SAFE_25,Mers Sultan à Casablanca
186054,7825864,rabat,riyad,566,SAFE_25,Riyad à Rabat
186059,7825899,marrakech,ennakhil palmeraie,469,SAFE_25,Ennakhil (Palmeraie) à Marrakech
186061,7825905,marrakech,gueliz,1250,SAFE_25,Guéliz à Marrakech
186066,7825954,casablanca,bourgogne ouest,380,SAFE_25,Bourgogne Ouest à Casablanca
186067,7825959,tanger,marjane,165,SAFE_25,Marjane à Tanger
186069,7825962,tanger,administratif,164,SAFE_25,Administratif à Tanger
186071,7825975,casablanca,les princesses,332,SAFE_25,Les princesses à Casablanca
186073,7825981,casablanca,val fleury,190,SAFE_25,Val Fleury à Casablanca
186074,7825983,agadir,haut founty,47,SAFE_25,Haut Founty à Agadir
186075,7825989,casablanca,racine,596,SAFE_25,Racine à Casablanca
186076,7825992,casablanca,californie,735,SAFE_25,Californie à Casablanca
186078,7826000,tetouan,wilaya,41,SAFE_25,Wilaya à Tétouan
186081,7826020,casablanca,val fleury,190,SAFE_25,Val Fleury à Casablanca
186083,7826028,kenitra,la ville haute,69,SAFE_25,La Ville Haute à Kénitra
186084,7826040,kenitra,mimosas,57,SAFE_25,Mimosas à Kénitra
186085,7826044,marrakech,majorelle,157,SAFE_25,Majorelle à Marrakech
186086,7826046,casablanca,palmier,340,SAFE_25,Palmier à Casablanca
186087,7826051,kenitra,mimosas,57,SAFE_25,Mimosas à Kénitra
186090,7826070,casablanca,belvedere,301,SAFE_25,Belvédère à Casablanca
186091,7826073,casablanca,oulfa,409,SAFE_25,Oulfa à Casablanca
186093,7826097,kenitra,maamora,58,SAFE_25,Maamora à Kénitra
186094,7826100,agadir,riad salam,33,SAFE_25,Riad Salam à Agadir
186095,7826101,casablanca,derb salama,5,SAFE_5,Derb Salama à Casablanca
186098,7826109,casablanca,quartier bachkou,69,SAFE_25,Quartier Bachkou à Casablanca
186099,7826112,marrakech,hivernage,273,SAFE_25,Hivernage à Marrakech
186100,7826127,tetouan,martil,5,SAFE_5,Martil à Tétouan
186101,7826129,casablanca,sidi moumen,119,SAFE_25,Sidi Moumen à Casablanca
186102,7826144,marrakech,route d agadir essaouira,143,SAFE_25,Route d'Agadir - Essaouira à Marrakech
186104,7826170,casablanca,bourgogne est,157,SAFE_25,Bourgogne Est à Casablanca
186105,7826171,casablanca,gauthier,422,SAFE_25,Gauthier à Casablanca
186106,7826174,sale,abouab sala,17,SAFE_10,Abouab Sala à Salé
186108,7826233,sale,sala el jadida,84,SAFE_25,Sala el Jadida à Salé
186109,7826236,casablanca,les hopitaux,385,SAFE_25,Les Hôpitaux à Casablanca
186111,7826262,casablanca,sidi belyout,39,SAFE_25,Sidi Belyout à Casablanca
186112,7826264,casablanca,les princesses,332,SAFE_25,Les princesses à Casablanca
186113,7826267,casablanca,mers sultan,170,SAFE_25,Mers Sultan à Casablanca
186115,7826275,rabat,agdal,313,SAFE_25,Agdal à Rabat
186116,7826277,marrakech,hay zitoun,8,SAFE_5,Hay Zitoun à Marrakech
186117,7826280,tanger,tanger city center,86,SAFE_25,Tanger City Center à Tanger
186118,7826286,casablanca,les hopitaux,385,SAFE_25,Les Hôpitaux à Casablanca
186119,7826290,el jadida,biranzarane,8,SAFE_5,Biranzarane à El Jadida
186121,7826323,temara,wifak,121,SAFE_25,Wifak à Temara
186122,7826335,casablanca,les cretes,14,SAFE_10,Les Crêtes à Casablanca
186124,7826342,rabat,riyad,566,SAFE_25,Riyad à Rabat
186125,7826343,casablanca,val fleury,190,SAFE_25,Val Fleury à Casablanca
186126,7826347,mohammedia,wafa,25,SAFE_25,Wafa à Mohammedia
186127,7826352,rabat,souissi,566,SAFE_25,Souissi à Rabat
186129,7826366,rabat,souissi,566,SAFE_25,Souissi à Rabat
186133,7826385,tanger,iberie,173,SAFE_25,Iberie à Tanger
186135,7826395,casablanca,bourgogne ouest,380,SAFE_25,Bourgogne Ouest à Casablanca
186136,7826410,agadir,hay houda,65,SAFE_25,Hay Houda à Agadir
186138,7826427,marrakech,hivernage,273,SAFE_25,Hivernage à Marrakech
186139,7826444,casablanca,gauthier,422,SAFE_25,Gauthier à Casablanca
186140,7826455,casablanca,mers sultan,170,SAFE_25,Mers Sultan à Casablanca
186141,7826476,casablanca,belvedere,301,SAFE_25,Belvédère à Casablanca
186142,7826485,casablanca,derb omar,26,SAFE_25,Derb Omar à Casablanca
186144,7826500,rabat,agdal,313,SAFE_25,Agdal à Rabat
186145,7826543,sale,sala el jadida,84,SAFE_25,Sala el Jadida à Salé
186146,7826546,tanger,manar,103,SAFE_25,Manar à Tanger
186147,7826555,marrakech,ain mezouar,54,SAFE_25,Ain Mezouar à Marrakech
186151,7826587,marrakech,hivernage,273,SAFE_25,Hivernage à Marrakech
186153,7826608,casablanca,les princesses,332,SAFE_25,Les princesses à Casablanca
186154,7826617,marrakech,route de safi,237,SAFE_25,Route de Safi à Marrakech
186155,7826628,casablanca,palmier,340,SAFE_25,Palmier à Casablanca
186156,7826640,tanger,de la plage,188,SAFE_25,De La Plage à Tanger
186157,7826655,casablanca,anfa,374,SAFE_25,Anfa à Casablanca
186158,7826664,tanger,jbel kbir,80,SAFE_25,Jbel Kbir à Tanger
186159,7826675,marrakech,ennakhil palmeraie,469,SAFE_25,Ennakhil (Palmeraie) à Marrakech
186162,7826692,casablanca,oulfa,409,SAFE_25,Oulfa à Casablanca
186163,7826693,casablanca,oulfa,409,SAFE_25,Oulfa à Casablanca
186165,7826700,casablanca,bourgogne ouest,380,SAFE_25,Bourgogne Ouest à Casablanca
186167,7826704,casablanca,bourgogne ouest,380,SAFE_25,Bourgogne Ouest à Casablanca
186168,7826706,el jadida,hay al amal,5,SAFE_5,Hay Al Amal à El Jadida
186170,7826710,casablanca,bourgogne ouest,380,SAFE_25,Bourgogne Ouest à Casablanca
186171,7826716,kenitra,maamora,58,SAFE_25,Maamora à Kénitra
186173,7826724,casablanca,bourgogne ouest,380,SAFE_25,Bourgogne Ouest à Casablanca
186174,7826732,sale,sala el jadida,84,SAFE_25,Sala el Jadida à Salé
186175,7826737,mohammedia,riad 1,7,SAFE_5,Riad 1 à Mohammedia
186176,7826738,rabat,souissi,566,SAFE_25,Souissi à Rabat
186177,7826739,casablanca,quartier bachkou,69,SAFE_25,Quartier Bachkou à Casablanca
186178,7826742,fes,route se sefrou,16,SAFE_10,Route se Sefrou à Fès
186179,7826745,agadir,haut founty,47,SAFE_25,Haut Founty à Agadir
186180,7826748,casablanca,gauthier,422,SAFE_25,Gauthier à Casablanca
186182,7826765,marrakech,hivernage,273,SAFE_25,Hivernage à Marrakech
186183,7826766,marrakech,hivernage,273,SAFE_25,Hivernage à Marrakech
186184,7826767,marrakech,hivernage,273,SAFE_25,Hivernage à Marrakech
186185,7826768,casablanca,la gironde,122,SAFE_25,La Gironde à Casablanca
186187,7826775,rabat,souissi,566,SAFE_25,Souissi à Rabat
186188,7826779,casablanca,sidi maarouf,518,SAFE_25,Sidi Maarouf à Casablanca
186189,7826782,marrakech,ennakhil palmeraie,469,SAFE_25,Ennakhil (Palmeraie) à Marrakech
186191,7826788,casablanca,maarif extension,351,SAFE_25,Maârif Extension à Casablanca
186192,7826808,marrakech,hay targa,491,SAFE_25,Hay Targa à Marrakech
186194,7826828,kenitra,la ville haute,69,SAFE_25,La Ville Haute à Kénitra
186195,7826831,tanger,achakar,164,SAFE_25,Achakar à Tanger
186196,7826832,tanger,marjane,165,SAFE_25,Marjane à Tanger
186197,7826833,casablanca,oulfa,409,SAFE_25,Oulfa à Casablanca
186198,7826834,meknes,hamria,152,SAFE_25,Hamria à Meknes
186201,7826853,casablanca,californie,735,SAFE_25,Californie à Casablanca
186202,7826856,casablanca,californie,735,SAFE_25,Californie à Casablanca
186204,7826871,casablanca,nassim 1,64,SAFE_25,Nassim 1 à Casablanca
186208,7826916,temara,harhoura,92,SAFE_25,Harhoura à Temara
186209,7826964,casablanca,oulfa,409,SAFE_25,Oulfa à Casablanca
186210,7826968,fes,route se sefrou,16,SAFE_10,Route se Sefrou à Fès
186211,7826972,tanger,marchan,45,SAFE_25,Marchan à Tanger
186212,7826988,casablanca,palmier,340,SAFE_25,Palmier à Casablanca
186213,7826990,rabat,souissi,566,SAFE_25,Souissi à Rabat
186216,7827000,bouznika,plage oued cherrat,118,SAFE_25,Plage Oued Cherrat à Bouznika
186220,7827035,casablanca,gauthier,422,SAFE_25,Gauthier à Casablanca
186221,7827046,casablanca,anfa,374,SAFE_25,Anfa à Casablanca
186225,7827072,casablanca,sidi moumen,119,SAFE_25,Sidi Moumen à Casablanca
186226,7827132,tanger,aharrarine,37,SAFE_25,Aharrarine à Tanger
186227,7827142,rabat,agdal,313,SAFE_25,Agdal à Rabat
186228,7827143,rabat,agdal,313,SAFE_25,Agdal à Rabat
186229,7827153,agadir,secteur touristique,92,SAFE_25,Secteur Touristique à Agadir
186232,7827187,marrakech,ennakhil palmeraie,469,SAFE_25,Ennakhil (Palmeraie) à Marrakech
186233,7827205,casablanca,oulfa,409,SAFE_25,Oulfa à Casablanca
186234,7827218,marrakech,gueliz,1250,SAFE_25,Guéliz à Marrakech
186236,7827226,casablanca,maarif,326,SAFE_25,Maârif à Casablanca
186237,7827227,casablanca,bourgogne ouest,380,SAFE_25,Bourgogne Ouest à Casablanca
186238,7827244,casablanca,beausejour,150,SAFE_25,Beauséjour à Casablanca
186239,7827254,casablanca,val fleury,190,SAFE_25,Val Fleury à Casablanca
186240,7827258,casablanca,maarif extension,351,SAFE_25,Maârif Extension à Casablanca
186241,7827261,marrakech,boulevard med 6,124,SAFE_25,Boulevard Med 6 à Marrakech
186242,7827265,temara,abbadi,25,SAFE_25,Abbadi à Temara
186244,7827271,casablanca,casablanca finance city,208,SAFE_25,Casablanca Finance City à Casablanca
186247,7827279,casablanca,racine,596,SAFE_25,Racine à Casablanca
186249,7827282,marrakech,agdal,514,SAFE_25,Agdal à Marrakech
186250,7827284,marrakech,route casablanca,269,SAFE_25,Route Casablanca à Marrakech
186251,7827286,casablanca,ain sebaa,344,SAFE_25,Aïn Sebaâ à Casablanca
186252,7827287,marrakech,gueliz,1250,SAFE_25,Guéliz à Marrakech
186253,7827288,casablanca,quartier bachkou,69,SAFE_25,Quartier Bachkou à Casablanca
186254,7827290,temara,hoda,4,LOW,Hoda à Temara
186255,7827293,casablanca,cil hay salam,225,SAFE_25,CIL (Hay Salam) à Casablanca
186258,7827301,marrakech,amelkis,224,SAFE_25,Amelkis à Marrakech
186259,7827303,casablanca,belvedere,301,SAFE_25,Belvédère à Casablanca
186261,7827309,marrakech,gueliz,1250,SAFE_25,Guéliz à Marrakech
186263,7827317,casablanca,burger,53,SAFE_25,Burger à Casablanca
186265,7827323,casablanca,beausejour,150,SAFE_25,Beauséjour à Casablanca
186266,7827324,marrakech,hay alfadl,13,SAFE_10,Hay Alfadl à Marrakech
186267,7827325,casablanca,val fleury,190,SAFE_25,Val Fleury à Casablanca
186269,7827343,casablanca,hay smara,8,SAFE_5,Hay Smara à Casablanca
186273,7827359,marrakech,hivernage,273,SAFE_25,Hivernage à Marrakech
186277,7827385,casablanca,gauthier,422,SAFE_25,Gauthier à Casablanca
186278,7827396,rabat,agdal,313,SAFE_25,Agdal à Rabat
186279,7827401,agadir,haut founty,47,SAFE_25,Haut Founty à Agadir
186280,7827422,rabat,agdal,313,SAFE_25,Agdal à Rabat
186282,7827456,casablanca,ferme bretonne hay arraha,189,SAFE_25,Ferme Bretonne (Hay Arraha) à Casablanca
186283,7827461,marrakech,gueliz,1250,SAFE_25,Guéliz à Marrakech
186284,7827462,fes,route ain chkaf,51,SAFE_25,Route ain Chkaf à Fès
186285,7827476,casablanca,maarif extension,351,SAFE_25,Maârif Extension à Casablanca
186287,7827486,casablanca,beausite,41,SAFE_25,Beausite à Casablanca
186288,7827505,rabat,souissi,566,SAFE_25,Souissi à Rabat
186292,7827575,casablanca,la vilette,15,SAFE_10,La Vilette à Casablanca
186293,7827578,marrakech,gueliz,1250,SAFE_25,Guéliz à Marrakech
186294,7827582,tanger,charf,17,SAFE_10,Charf à Tanger
186295,7827584,tanger,mesnana,96,SAFE_25,Mesnana à Tanger
186298,7827596,sale,dar el lhamra,3,LOW,Dar El Lhamra à Salé
186299,7827599,casablanca,racine,596,SAFE_25,Racine à Casablanca
186300,7827601,casablanca,maarif extension,351,SAFE_25,Maârif Extension à Casablanca
186301,7827613,agadir,tikiouine,18,SAFE_10,Tikiouine à Agadir
186303,7827625,casablanca,ferme bretonne hay arraha,189,SAFE_25,Ferme Bretonne (Hay Arraha) à Casablanca
186304,7827638,meknes,marjane,146,SAFE_25,Marjane à Meknes
186307,7827663,temara,wifak,121,SAFE_25,Wifak à Temara
186309,7827674,casablanca,ain sebaa,344,SAFE_25,Aïn Sebaâ à Casablanca
186310,7827679,tanger,el mers 1,1,LOW,El Mers 1 à Tanger
186311,7827688,sale,el qaria,11,SAFE_10,El Qaria à Salé
186313,7827703,casablanca,maarif extension,351,SAFE_25,Maârif Extension à Casablanca
186314,7827717,tanger,mesnana,96,SAFE_25,Mesnana à Tanger
186315,7827719,casablanca,anassi,40,SAFE_25,Anassi à Casablanca
186316,7827727,casablanca,al hadika,25,SAFE_25,Al Hadika à Casablanca
186323,7827764,casablanca,racine,596,SAFE_25,Racine à Casablanca
186325,7827768,casablanca,gauthier,422,SAFE_25,Gauthier à Casablanca
186326,7827775,marrakech,daoudiat,64,SAFE_25,Daoudiat à Marrakech
186328,7827777,marrakech,daoudiat,64,SAFE_25,Daoudiat à Marrakech
186329,7827782,bouznika,quartier industriel,31,SAFE_25,Quartier Industriel à Bouznika
186330,7827788,casablanca,palmier,340,SAFE_25,Palmier à Casablanca
186331,7827793,tanger,mesnana,96,SAFE_25,Mesnana à Tanger
186332,7827796,marrakech,amerchich,50,SAFE_25,Amerchich à Marrakech
186334,7827816,casablanca,maarif extension,351,SAFE_25,Maârif Extension à Casablanca
186338,7827879,fes,route se sefrou,16,SAFE_10,Route se Sefrou à Fès
186339,7827882,kenitra,val fleuri,31,SAFE_25,Val Fleuri à Kénitra
186341,7827927,casablanca,la gironde,122,SAFE_25,La Gironde à Casablanca
186345,7827950,marrakech,gueliz,1250,SAFE_25,Guéliz à Marrakech
186346,7827953,casablanca,lissasfa,104,SAFE_25,Lissasfa à Casablanca
186348,7827970,casablanca,sidi maarouf,518,SAFE_25,Sidi Maarouf à Casablanca
186351,7827978,kenitra,ismalia,19,SAFE_10,Ismalia à Kénitra
186352,7827980,casablanca,hermitage,63,SAFE_25,Hermitage à Casablanca
186354,7827982,casablanca,les hopitaux,385,SAFE_25,Les Hôpitaux à Casablanca
186357,7828002,marrakech,gueliz,1250,SAFE_25,Guéliz à Marrakech
186358,7828009,casablanca,maarif extension,351,SAFE_25,Maârif Extension à Casablanca
186360,7828030,bouznika,al kawtar,71,SAFE_25,Al Kawtar à Bouznika
186361,7828036,tetouan,wilaya,41,SAFE_25,Wilaya à Tétouan
186362,7828037,marrakech,route casablanca,269,SAFE_25,Route Casablanca à Marrakech
186365,7828049,casablanca,oulfa,409,SAFE_25,Oulfa à Casablanca
186367,7828059,casablanca,californie,735,SAFE_25,Californie à Casablanca
186370,7828068,rabat,al kouass,1,LOW,Al Kouass à Rabat
186371,7828069,casablanca,ain sebaa,344,SAFE_25,Aïn Sebaâ à Casablanca
186372,7828078,casablanca,hay mohammadi,65,SAFE_25,Hay Mohammadi à Casablanca
186377,7828103,marrakech,majorelle,157,SAFE_25,Majorelle à Marrakech
186378,7828105,marrakech,route casablanca,269,SAFE_25,Route Casablanca à Marrakech
186379,7828109,sale,bettana,16,SAFE_10,Bettana à Salé
186381,7828113,marrakech,route de safi,237,SAFE_25,Route de Safi à Marrakech
186382,7828116,marrakech,majorelle,157,SAFE_25,Majorelle à Marrakech
186383,7828119,casablanca,racine,596,SAFE_25,Racine à Casablanca
186384,7828137,sale,hay salam,24,SAFE_10,Hay Salam à Salé
186385,7828139,casablanca,derb ghalef,98,SAFE_25,Derb Ghalef à Casablanca
186386,7828158,casablanca,racine,596,SAFE_25,Racine à Casablanca
186387,7828162,casablanca,bourgogne ouest,380,SAFE_25,Bourgogne Ouest à Casablanca
186389,7828164,casablanca,les hopitaux,385,SAFE_25,Les Hôpitaux à Casablanca
186390,7828167,casablanca,bourgogne ouest,380,SAFE_25,Bourgogne Ouest à Casablanca
186391,7828168,casablanca,belvedere,301,SAFE_25,Belvédère à Casablanca
186392,7828169,casablanca,hay palestine,10,SAFE_10,Hay Palestine à Casablanca
186393,7828170,casablanca,roches noires,198,SAFE_25,Roches Noires à Casablanca
186394,7828171,rabat,agdal,313,SAFE_25,Agdal à Rabat
186395,7828172,casablanca,les hopitaux,385,SAFE_25,Les Hôpitaux à Casablanca
186396,7828173,casablanca,gauthier,422,SAFE_25,Gauthier à Casablanca
186397,7828174,casablanca,maarif extension,351,SAFE_25,Maârif Extension à Casablanca
186398,7828176,casablanca,les hopitaux,385,SAFE_25,Les Hôpitaux à Casablanca
186399,7828177,casablanca,les hopitaux,385,SAFE_25,Les Hôpitaux à Casablanca
186400,7828178,casablanca,port,20,SAFE_10,Port à Casablanca
186401,7828180,casablanca,racine,596,SAFE_25,Racine à Casablanca
186402,7828187,casablanca,les hopitaux,385,SAFE_25,Les Hôpitaux à Casablanca
186403,7828191,casablanca,les hopitaux,385,SAFE_25,Les Hôpitaux à Casablanca
186404,7828192,casablanca,gauthier,422,SAFE_25,Gauthier à Casablanca
186405,7828193,marrakech,samlalia,132,SAFE_25,Samlalia à Marrakech
186406,7828195,casablanca,triangle d or,142,SAFE_25,Triangle d'Or à Casablanca
186407,7828197,casablanca,mers sultan,170,SAFE_25,Mers Sultan à Casablanca
186408,7828199,casablanca,bourgogne ouest,380,SAFE_25,Bourgogne Ouest à Casablanca
186409,7828202,casablanca,casablanca finance city,208,SAFE_25,Casablanca Finance City à Casablanca
186410,7828203,casablanca,gauthier,422,SAFE_25,Gauthier à Casablanca
186412,7828206,casablanca,gauthier,422,SAFE_25,Gauthier à Casablanca
186413,7828208,casablanca,gauthier,422,SAFE_25,Gauthier à Casablanca
186414,7828209,casablanca,bourgogne est,157,SAFE_25,Bourgogne Est à Casablanca
186415,7828210,casablanca,racine,596,SAFE_25,Racine à Casablanca
186416,7828212,casablanca,casablanca finance city,208,SAFE_25,Casablanca Finance City à Casablanca
186417,7828213,casablanca,palmier,340,SAFE_25,Palmier à Casablanca
186418,7828214,casablanca,maarif,326,SAFE_25,Maârif à Casablanca
186419,7828215,casablanca,les cretes,14,SAFE_10,Les Crêtes à Casablanca
186420,7828216,casablanca,palmier,340,SAFE_25,Palmier à Casablanca
186421,7828221,casablanca,la gironde,122,SAFE_25,La Gironde à Casablanca
186422,7828223,casablanca,les princesses,332,SAFE_25,Les princesses à Casablanca
186423,7828224,casablanca,ain diab extension,188,SAFE_25,Ain Diab Extension à Casablanca
186424,7828225,casablanca,californie,735,SAFE_25,Californie à Casablanca
186426,7828227,casablanca,port,20,SAFE_10,Port à Casablanca
186427,7828228,casablanca,racine,596,SAFE_25,Racine à Casablanca
186428,7828229,casablanca,les princesses,332,SAFE_25,Les princesses à Casablanca
186429,7828230,casablanca,belvedere,301,SAFE_25,Belvédère à Casablanca
186430,7828231,casablanca,les hopitaux,385,SAFE_25,Les Hôpitaux à Casablanca
186431,7828232,casablanca,la gironde,122,SAFE_25,La Gironde à Casablanca
186432,7828233,casablanca,gauthier,422,SAFE_25,Gauthier à Casablanca
186433,7828234,casablanca,gauthier,422,SAFE_25,Gauthier à Casablanca
186434,7828235,casablanca,racine,596,SAFE_25,Racine à Casablanca
186435,7828236,casablanca,oasis,332,SAFE_25,Oasis à Casablanca
186436,7828237,casablanca,bourgogne ouest,380,SAFE_25,Bourgogne Ouest à Casablanca
186438,7828240,casablanca,beausejour,150,SAFE_25,Beauséjour à Casablanca
186439,7828241,casablanca,les hopitaux,385,SAFE_25,Les Hôpitaux à Casablanca
186440,7828242,tanger,mister khouch,15,SAFE_10,Mister Khouch à Tanger
186442,7828245,casablanca,les hopitaux,385,SAFE_25,Les Hôpitaux à Casablanca
186443,7828246,casablanca,burger,53,SAFE_25,Burger à Casablanca
186444,7828247,casablanca,hay chrifa,49,SAFE_25,Hay Chrifa à Casablanca
186445,7828248,casablanca,hay palestine,10,SAFE_10,Hay Palestine à Casablanca
186447,7828251,casablanca,les hopitaux,385,SAFE_25,Les Hôpitaux à Casablanca
186448,7828255,tanger,sania,64,SAFE_25,Sania à Tanger
186450,7828272,casablanca,sidi maarouf,518,SAFE_25,Sidi Maarouf à Casablanca
186452,7828289,rabat,hassan centre ville,119,SAFE_25,Hassan - Centre Ville à Rabat
186454,7828300,rabat,hassan centre ville,119,SAFE_25,Hassan - Centre Ville à Rabat
186455,7828318,casablanca,casablanca finance city,208,SAFE_25,Casablanca Finance City à Casablanca
186456,7828323,marrakech,boulevard med 6,124,SAFE_25,Boulevard Med 6 à Marrakech
186457,7828329,casablanca,bourgogne ouest,380,SAFE_25,Bourgogne Ouest à Casablanca
186458,7828352,rabat,souissi,566,SAFE_25,Souissi à Rabat
186459,7828355,marrakech,sanaoubar,15,SAFE_10,Sanaoubar à Marrakech
186460,7828358,rabat,l ocean,61,SAFE_25,L'Ocean à Rabat
186461,7828365,rabat,riyad,566,SAFE_25,Riyad à Rabat
186462,7828397,tetouan,el matar,7,SAFE_5,El Matar à Tétouan
186463,7828402,marrakech,gueliz,1250,SAFE_25,Guéliz à Marrakech
186464,7828430,kenitra,mimosas,57,SAFE_25,Mimosas à Kénitra
186465,7828449,marrakech,gueliz,1250,SAFE_25,Guéliz à Marrakech
186467,7828461,casablanca,oasis,332,SAFE_25,Oasis à Casablanca
186469,7828466,marrakech,gueliz,1250,SAFE_25,Guéliz à Marrakech
186470,7828469,casablanca,racine extension,51,SAFE_25,Racine Extension à Casablanca
186472,7828484,temara,abbadi,25,SAFE_25,Abbadi à Temara
186477,7828540,mohammedia,quartier du parc,79,SAFE_25,Quartier du Parc à Mohammedia
186479,7828547,casablanca,sidi maarouf,518,SAFE_25,Sidi Maarouf à Casablanca
186480,7828569,casablanca,belvedere,301,SAFE_25,Belvédère à Casablanca
186481,7828575,casablanca,nassim 2,43,SAFE_25,Nassim 2 à Casablanca
186482,7828597,casablanca,tacharouk hay al walaa,29,SAFE_25,Tacharouk (Hay Al Walaa) à Casablanca
186487,7828638,marrakech,gueliz,1250,SAFE_25,Guéliz à Marrakech
186488,7828653,tanger,ennasr,12,SAFE_10,Ennasr à Tanger
186491,7828665,casablanca,sidi maarouf,518,SAFE_25,Sidi Maarouf à Casablanca
186493,7828678,casablanca,racine,596,SAFE_25,Racine à Casablanca
186494,7828681,marrakech,hay targa,491,SAFE_25,Hay Targa à Marrakech
186495,7828692,marrakech,agdal,514,SAFE_25,Agdal à Marrakech
186496,7828707,casablanca,gauthier,422,SAFE_25,Gauthier à Casablanca
186500,7828748,casablanca,racine,596,SAFE_25,Racine à Casablanca
186502,7828762,casablanca,racine,596,SAFE_25,Racine à Casablanca
186506,7828811,casablanca,maarif extension,351,SAFE_25,Maârif Extension à Casablanca
186507,7828823,marrakech,gueliz,1250,SAFE_25,Guéliz à Marrakech
186509,7828828,mohammedia,la siesta,62,SAFE_25,La Siesta à Mohammedia
186511,7828855,meknes,hay zitoune,10,SAFE_10,Hay zitoune à Meknes
186513,7828859,marrakech,route casablanca,269,SAFE_25,Route Casablanca à Marrakech
186514,7828862,agadir,hay hassani,3,LOW,Hay Hassani à Agadir
186515,7828878,casablanca,roches noires,198,SAFE_25,Roches Noires à Casablanca
186516,7828881,marrakech,agdal,514,SAFE_25,Agdal à Marrakech
186518,7828891,casablanca,hermitage,63,SAFE_25,Hermitage à Casablanca
186519,7828894,casablanca,gauthier,422,SAFE_25,Gauthier à Casablanca
186520,7828913,casablanca,maarif extension,351,SAFE_25,Maârif Extension à Casablanca
186522,7828956,casablanca,bourgogne ouest,380,SAFE_25,Bourgogne Ouest à Casablanca
186526,7829038,kenitra,el hadadda,51,SAFE_25,El Hadadda à Kénitra
186527,7829045,agadir,hay houda,65,SAFE_25,Hay Houda à Agadir
