artifact_row_index,source_id,district
166144,5605115,route de tahanaout
166145,5643459,malabata
166149,5785401,manar
166152,5834047,medina
166155,5959422,liberte
166158,6028403,essaouira
166159,6028422,essaouira
166160,6029005,californie
166170,6037856,essaouira
166171,6037857,essaouira
166172,6037860,essaouira
166173,6037878,route d agadir
166174,6037880,essaouira
166175,6037890,route de safi
166176,6037908,idaougard
166177,6037910,essaouira
166178,6037911,lahrarta
166179,6037984,route de marrakech
166180,6038028,sidi kaouki
166181,6038036,essaouira
166182,6038037,essaouira
166183,6038039,essaouira
166184,6038056,route de safi
166185,6038060,essaouira
166186,6038078,essaouira
166187,6038079,essaouira
166189,6038103,essaouira
166190,6039493,marrakech
166193,6073015,ain diab
166196,6088079,ain chock
166198,6090874,safi
166199,6107295,ennakhil palmeraie
166200,6121352,ahl loghlam hay assalam
166201,6121353,ahl loghlam hay assalam
166204,6130161,laymoune
166205,6135919,founti
166206,6137650,ounagha
166208,6141401,belvedere
166211,6146870,centre
166212,6149331,bouskoura ville
166213,6160197,ain diab
166217,6187655,tanger medina
166220,6202139,route de marrakech
166222,6203130,bouskoura ville
166224,6224149,kenitra
166225,6246176,kennaria
166226,6250989,hay targa
166228,6269816,derb chtouka
166229,6272077,route de fez
166230,6272086,route de l ourika
166233,6283720,route de l ourika
166234,6285798,plage oued cherrat
166235,6285890,route de marrakech
166236,6288689,assanaouber
166237,6298156,amelkis
166238,6301286,longchamps hay al hanaa
166247,6335983,plage oued cherrat
166248,6336746,hay targa
166249,6338891,anfa superieur
166259,6355820,ain borja
166260,6355825,ain borja
166262,6355914,californie
166263,6357490,souissi
166266,6361263,ain borja
166275,6373312,racine extension
166277,6376916,route de ouarzazate
166278,6644005,tanger medina
166280,6655470,racine
166283,6659099,lakhiaita
166291,6697265,bouskoura ville
166294,6700059,ahl loghlam hay assalam
166297,6705796,ennakhil palmeraie
166299,6706604,californie
166302,6712712,anfa superieur
166307,6717837,route de l ourika
166309,6739518,riad isli
166310,6740320,hay targa
166312,6745915,anfa superieur
166314,6753373,route d agadir
166316,6760921,californie
166318,6762580,gueliz
166320,6764603,longchamps hay al hanaa
166322,6772563,ben guerir
166323,6772571,ben guerir
166324,6772572,ben guerir
166325,6772587,ben guerir
166328,6772876,anfa superieur
166330,6772927,agdal
166334,6774904,hay salam
166337,6775272,de la plage
166338,6775347,de la plage
166339,6775634,illigh
166340,6776265,beausejour
166341,6776413,route de ouarzazate
166346,6780805,alsace lorraine
166348,6781939,route de marrakech
166352,6789329,taghazout
166354,6790933,mimosas
166355,6791830,sidi youssef
166356,6795538,nouvelle ville
166359,6798824,racine
166361,6805714,riyad
166363,6806405,ennakhil palmeraie
166366,6811677,anfa
166368,6811747,anfa superieur
166369,6815966,azemmour
166376,6824240,raounak
166377,6825963,achakar
166383,6836355,bouskoura ville
166396,6839823,cil hay salam
166397,6842072,route de ouarzazate
166398,6842116,bouskoura ville
166400,6843899,agdal
166401,6844970,racine
166403,6844972,anfa
166404,6844976,longchamps hay al hanaa
166406,6844985,longchamps hay al hanaa
166407,6845321,anfa
166409,6845334,californie
166412,6845349,ain diab
166413,6845364,ain diab
166414,6845368,ain diab
166415,6845377,cil hay salam
166416,6845379,cil hay salam
166417,6845495,agdal
166421,6847463,souissi
166422,6848331,mirleft
166429,6857770,dar bouazza
166431,6868679,anfa
166434,6872128,tanger city center
166435,6872130,tanger city center
166440,6875948,route de fez
166441,6880840,anfa
166442,6880843,longchamps hay al hanaa
166443,6880844,longchamps hay al hanaa
166444,6880845,longchamps hay al hanaa
166445,6880849,cil hay salam
166446,6880851,longchamps hay al hanaa
166448,6880938,cil hay salam
166450,6880960,ain diab
166452,6880989,ain diab
166453,6881001,ain diab
166457,6881022,el manar el hank
166458,6881027,oasis
166459,6881032,oasis
166467,6881371,longchamps hay al hanaa
166468,6881374,ain diab
166471,6881380,anfa
166473,6881384,anfa
166474,6881386,anfa
166476,6881490,cil hay salam
166479,6881496,oasis
166480,6881497,anfa
166482,6881502,polo
166484,6881506,californie
166485,6881509,californie
166487,6881531,longchamps hay al hanaa
166488,6881534,anfa superieur
166489,6881561,californie
166490,6881563,californie
166492,6881585,californie
166493,6881587,californie
166495,6881589,californie
166496,6881760,ain diab
166497,6881895,californie
166498,6882000,californie
166500,6882030,longchamps hay al hanaa
166502,6882038,californie
166503,6882039,californie
166504,6882110,oulad salah
166505,6882114,bouskoura ville
166506,6882115,bouskoura ville
166507,6882123,sidi maarouf
166509,6882474,ain harrouda
166510,6882477,ain harrouda
166511,6882483,ain harrouda
166513,6882510,tit mellil
166514,6882511,tit mellil
166515,6882512,tit mellil
166516,6885137,lissasfa
166518,6885168,zone industrielle oukacha
166520,6885170,zone industrielle oukacha
166521,6885346,ain harrouda
166525,6885401,a c3 afn seba c3 a2
166527,6885408,zone industrielle
166528,6885409,zone industrielle
166530,6885418,bernoussi
166531,6885447,zone industrielle moulay rachid
166532,6885448,zone industrielle moulay rachid
166533,6885449,zone industrielle moulay rachid
166535,6885459,roches noires
166537,6885461,roches noires
166538,6885464,zone industrielle
166539,6885465,zone industrielle
166540,6885711,bouskoura ville
166542,6885953,oulad salah
166546,6886673,bouskoura ville
166561,6890505,had soualem
166562,6890758,racine
166564,6891632,longchamps hay al hanaa
166565,6891633,cil hay salam
166569,6892492,gueliz
166570,6894603,cil hay salam
166573,6896519,riyad
166574,6897023,riyad
166581,6899435,champ de course
166582,6899728,gueliz
166586,6901496,de la plage
166589,6902979,cente
166592,6903539,medina
166594,6904314,route de safi
166596,6904440,du golf
166599,6905848,ghazoua
166600,6906529,route de safi
166602,6907071,essaouira
166606,6910862,route d agadir
166607,6910866,route de marrakech
166613,6915193,route de fez
166615,6916136,ain borja
166621,6918113,californie
166629,6928521,route d agadir
166630,6929755,agdal
166631,6932148,racine
166632,6932738,ain diab
166633,6935033,gueliz
166634,6935210,les hopitaux
166638,6943615,mouassine
166640,6944683,californie
166641,6947795,essaada
166642,6948883,route de marrakech
166647,6952942,asilah
166651,6953813,anfa superieur
166652,6955907,bouskoura ville
166655,6959520,kaat ben nahid
166656,6960364,bouskoura ville
166660,6965437,medina
166661,6965752,tanger city center
166663,6968094,racine
166668,6971058,riyad
166669,6973335,marjane
166672,6977620,marjane
166674,6982035,harhoura
166677,6984102,souissi
166683,6987737,agdal
166686,6989182,benyara
166688,6991111,essebtiyen
166689,6991471,centre
166690,6993274,bouskoura ville
166692,6994436,route d agadir essaouira
166693,6995240,anfa superieur
166696,6996728,route de l ourika
166697,6996965,tnine aglou
166698,6997076,jbel kbir
166699,6997977,les hopitaux
166702,7000988,siusse
166703,7002092,riyad
166704,7004497,souissi
166706,7004826,sidi yahya zaer
166707,7004962,gauthier
166708,7005266,founti
166709,7009948,mohammedia
166712,7011325,agdal
166717,7014508,souissi
166718,7014523,souissi
166724,7020075,malabata
166725,7020211,ain diab
166729,7028773,taroudant
166731,7028801,agafay
166732,7029517,les hopitaux
166733,7029528,les hopitaux
166734,7029536,les hopitaux
166736,7029563,mers sultan
166737,7029570,mers sultan
166738,7029591,la gironde
166739,7029956,lahrarta
166740,7030880,ain diab
166746,7035628,malabata
166749,7037165,sala el jadida
166750,7037318,californie
166751,7039235,californie
166753,7040822,hay targa
166754,7042937,riad essalam
166755,7043312,riyad
166757,7045432,route de ouarzazate
166760,7049786,les hopitaux
166762,7050862,route de l ourika
166764,7052704,ville verte
166778,7068719,polo
166779,7070288,gueliz
166783,7072502,californie
166788,7073483,route de safi
166792,7075443,polo
166797,7079427,riyad
166799,7081843,ain diab
166800,7082392,californie
166804,7083186,dar bouazza
166805,7083354,bourgogne ouest
166806,7083370,dar bouazza
166821,7094334,medina
166823,7094366,anfa superieur
166825,7095104,maamora
166829,7096061,quartier des ambassades
166835,7098092,gueliz
166848,7099754,ain diab
166862,7102467,californie
166864,7104483,hay salam
166869,7106331,dar bouazza
166891,7115907,mhamid
166892,7115908,mhamid
166893,7115909,mhamid
166894,7115910,mhamid
166903,7117028,cabo negro
166904,7117656,route de ouarzazate
166919,7121608,riyad
166922,7123162,dar bouazza
166923,7125348,californie
166926,7127399,cil hay salam
166929,7127691,agdal
166930,7127717,mhamid
166937,7132357,les princesses
166938,7132611,ain chock
166941,7133617,hay riad
166942,7133634,riyad
166943,7134152,sidi rahal
166945,7134837,route de fez
166947,7135070,agdal
166955,7138411,dar bouazza
166956,7139102,dar bouazza
166958,7140371,harhoura
166966,7143182,route de l ourika
166967,7143864,sidi bouzid
166970,7144178,route de safi
166973,7145054,californie
166974,7145182,route ain chkaf
166980,7149116,souissi
166982,7149851,route ain chkaf
166983,7150456,gueliz
166984,7152316,agdal
166991,7152806,m diq
166998,7157466,ennakhil palmeraie
167002,7158032,tafoukt
167003,7158243,ennakhil palmeraie
167006,7158907,founti
167009,7163661,la gironde
167010,7163673,la gironde
167011,7164871,californie
167015,7167652,route de ouarzazate
167016,7167983,quartier des ambassades
167018,7169503,dar bouazza
167019,7169867,sidi moussa
167020,7170019,riyad
167021,7170023,sidi yahya zaer
167022,7170088,cil hay salam
167024,7170675,zone industrielle
167027,7171925,achakar
167028,7172868,asilah
167032,7173106,zone industrielle
167035,7173783,bourgogne est
167039,7176105,les hopitaux
167040,7176146,ferme bretonne hay arraha
167042,7177195,sidi belyout
167044,7177329,tanger
167045,7177330,tanger
167051,7178224,la ville haute
167052,7179253,route amizmiz
167054,7180162,ferme bretonne hay arraha
167060,7183119,les chenes
167063,7184913,route amizmiz
167067,7186520,centre ville
167068,7186536,dar assalam
167077,7191519,centre
167079,7191643,racine
167080,7192000,polo
167081,7192152,dar assalam
167084,7193594,agdal
167087,7194684,ouarzazate
167088,7195332,hay mabrouka
167089,7198310,centre
167092,7199791,bouskoura ville
167093,7200420,les hopitaux
167094,7200859,corniche
167095,7200862,corniche
167096,7200863,centre ville
167098,7201275,hay mohammadi
167099,7201449,hay ennasr
167101,7202807,ain chock
167105,7203442,route casablanca
167108,7205338,nouaceur
167109,7205746,rmilat
167110,7205804,route de l ourika
167111,7206162,victoria
167113,7207006,californie
167116,7207678,hay lalla soukaina
167124,7209654,al qods
167127,7211060,route tayret
167128,7211062,medina
167138,7214355,nouvelle ville
167140,7214564,bouskoura ville
167142,7214764,ain diab
167143,7215354,marjane
167144,7215355,marjane
167145,7215357,marjane
167146,7215358,marjane
167147,7215359,marjane
167151,7217377,centre
167152,7217467,route de safi
167155,7217765,dar bouazza
167156,7218981,nouaceur
167160,7220877,racine
167161,7221069,dar bouazza
167163,7221101,maarif
167167,7221628,amelkis
167170,7222671,oulad wjih
167173,7223272,dar bouazza
167175,7223478,fonciere
167178,7224216,casablanca finance city
167180,7224478,entree sud
167185,7225525,sidi maarouf
167186,7225917,route de ouarzazate
167187,7225964,val fleuri
167189,7226498,casablanca
167192,7227693,ville verte
167193,7228071,dar bouazza
167197,7230663,marchan
167198,7231212,berrechid
167200,7231758,route de l ourika
167203,7232245,entree sud
167204,7232507,souissi
167208,7233476,gauthier
167210,7233745,les hopitaux
167211,7233803,bouskoura ville
167212,7234112,bouskoura ville
167214,7234221,les hopitaux
167220,7235333,oulfa
167221,7235539,al bassatine
167223,7235542,al bassatine
167224,7235544,al bassatine
167238,7237211,marrakech
167240,7238180,route de l ourika
167241,7238630,saidia
167244,7240155,centre ville
167245,7240159,centre ville
167246,7240163,centre ville
167247,7240213,anfa
167249,7240791,roches noires
167250,7240811,roches noires
167251,7240823,roches noires
167253,7241122,fonciere
167254,7241182,essaouira
167255,7241213,route de safi
167256,7243056,ben saleh
167259,7244179,anfa superieur
167265,7245062,les hopitaux
167272,7246784,ouarzazate
167280,7249685,agdal
167282,7250114,el mansouria
167285,7250800,hay albaraka
167287,7251236,californie
167291,7251450,wilaya
167292,7251451,wilaya
167293,7251453,wilaya
167296,7251667,mhamid
167297,7251707,wilaya
167298,7252136,al aalia
167299,7252216,route de l ourika
167300,7252397,hassan centre ville
167302,7253438,route nationale assilah n1
167304,7253775,mers el kheir
167311,7255009,dar bouazza
167315,7255994,tiznit
167319,7257174,iberie
167321,7257394,hivernage
167322,7257674,route de tahanaout
167323,7257988,larache
167325,7258334,californie
167328,7258654,mers sultan
167337,7261354,ras el ma
167338,7261580,riyad
167339,7261590,chichaoua
167340,7261667,sidi rahal
167343,7262117,ait ourir
167348,7263311,bouskoura ville
167350,7263517,gauthier
167353,7265371,centre
167355,7265710,laymoune
167357,7265994,sidi abdallah ghiat
167359,7266549,polo
167360,7266797,laymoune
167362,7267656,anfa
167365,7268052,tetouan
167368,7268536,aghbala
167369,7268685,les hopitaux
167370,7268698,les hopitaux
167372,7269698,gueliz
167374,7269894,tanger city center
167376,7270268,californie
167377,7270407,hoda
167378,7270469,hay targa
167385,7271449,souissi
167389,7271870,bouskoura ville
167396,7274169,abbadi
167402,7275172,dar bouazza
167405,7276866,bernoussi
167406,7276867,bernoussi
167407,7276868,bernoussi
167408,7276869,bernoussi
167409,7276870,bernoussi
167410,7276872,bernoussi
167411,7276873,bernoussi
167412,7276874,bernoussi
167413,7276877,bernoussi
167414,7276878,bernoussi
167415,7276879,bernoussi
167416,7276881,bernoussi
167417,7277112,sidi hajji
167423,7278781,tetouan
167426,7278962,de la plage
167431,7280204,route de fez
167432,7280365,belvedere
167434,7280502,riyad
167435,7280521,riad essalam
167436,7280716,dar bouazza
167438,7281357,ville verte
167439,7281497,ain diab
167441,7281855,ferme bretonne hay arraha
167443,7282627,les hopitaux
167448,7283265,zone industrielle saniat sbihi
167449,7283752,sidi moussa lhamri
167456,7284454,bernoussi
167457,7284455,bernoussi
167460,7286617,bella vista
167464,7287145,fnideq
167467,7287274,ennakhil palmeraie
167470,7287871,route de l ourika
167472,7288274,nouaceur
167475,7288924,route de tahanaout
167477,7289279,anfa superieur
167479,7290337,anfa superieur
167480,7290395,ain diab
167481,7290489,ennakhil palmeraie
167485,7291042,malabata
167486,7291140,ain el hayani
167493,7292664,achakar
167501,7294485,sefrou
167507,7295143,cente
167511,7295975,dar assalam
167514,7297562,mers el kheir
167517,7298484,route de l ourika
167518,7298485,marrakech
167520,7299221,hay mesk lil
167521,7299438,medina
167522,7299456,medina
167524,7300424,centre ville
167525,7300426,corniche
167526,7300428,centre ville
167527,7300434,derb sid daoui
167528,7300440,corniche
167529,7300492,ain sebaa
167531,7300825,corniche
167532,7300829,corniche
167533,7300888,assif
167542,7301822,el manar el hank
167543,7301861,ferme bretonne hay arraha
167547,7302219,jawhara
167549,7302547,agdal
167552,7302678,bourgogne ouest
167553,7302936,bourgogne ouest
167554,7302937,riyad
167557,7303222,route d agadir
167558,7303242,massira 2
167559,7303246,massira 2
167561,7303256,massira 2
167565,7303616,wafa
167567,7304125,corniche
167568,7304128,corniche
167569,7304138,corniche
167574,7304584,marrakech
167576,7304830,californie
167577,7305368,hamria
167585,7307344,maamora
167586,7307428,de la plage
167592,7309097,hay nahda
167593,7309105,bernoussi
167598,7310251,mouassine
167599,7310299,amelkis
167603,7311887,administratif
167604,7311945,centre ville
167608,7312714,medina
167609,7312828,oasis
167614,7313612,dar bouazza
167616,7313836,haut agdal
167618,7313887,al bassatine
167624,7315044,essaouira
167625,7315723,californie
167626,7315997,route amizmiz
167630,7316824,essaouira
167633,7317329,route de marrakech
167635,7318502,hay hassani
167642,7319709,route de l ourika
167646,7321333,el hadadda
167648,7322138,tamesna
167649,7322358,bourgogne est
167652,7323091,gueliz
167654,7323122,route d agadir
167656,7323603,casablanca marina
167661,7324009,tit mellil
167662,7324089,maarif
167668,7324787,hay el bouwab
167677,7325659,anfa
167681,7326617,hay targa
167685,7326954,hivernage
167688,7327609,plage oued cherrat
167693,7328626,casablanca finance city
167697,7329004,hay mesk lil
167700,7329494,bouskoura ville
167701,7330260,mers el kheir
167705,7330762,founti
167709,7331654,riviera
167712,7332162,riyad
167713,7332226,maamora
167722,7334060,sidi bibi
167723,7335136,californie
167725,7335536,sidi belyout
167726,7335984,souissi
167727,7336012,route amizmiz
167729,7336235,oasis sud
167732,7336739,azemmour
167733,7336747,route amizmiz
167735,7337027,californie
167736,7337059,kenitra
167741,7338964,dar bouazza
167742,7339230,ancien combatant
167743,7339297,hay zitoune
167744,7339452,route de ceuta
167745,7339503,medina
167749,7341219,centre ville
167750,7341244,route de fez
167755,7342328,riyad
167756,7342443,route de ouarzazate
167764,7345412,californie
167767,7345930,ville verte
167769,7345999,assif
167770,7346001,wilaya
167775,7348673,dar bouazza
167776,7348797,hivernage
167787,7351467,ain diab extension
167788,7351563,maarif
167795,7353041,tamesna
167798,7354622,cabo negro
167799,7354651,marrakech
167800,7354652,marrakech
167807,7355898,racine extension
167809,7356414,de la plage
167810,7356522,souissi
167811,7356601,ain diab
167817,7357197,beausejour
167819,7357347,amelkis
167820,7357404,ennakhil palmeraie
167821,7357414,route de ouarzazate
167822,7357432,amelkis
167825,7357460,route de l ourika
167826,7357469,marrakech
167827,7357484,route de l ourika
167828,7357496,ennakhil palmeraie
167829,7357515,marrakech
167830,7357561,amelkis
167831,7357591,route de fez
167835,7357847,tetouan
167843,7359026,had soualem
167851,7360655,triangle d or
167855,7360906,castilla
167856,7360912,castilla
167857,7360917,castilla
167858,7360920,castilla
167861,7361262,racine
167869,7361821,al aalia
167871,7361893,riyad
167874,7361933,californie
167877,7362299,riyad
167882,7363168,riyad
167886,7363617,bouskoura ville
167891,7364016,sidi rahal
167892,7364588,zenata
167895,7365356,ain sebaa
167897,7365424,riyad
167898,7365435,polo
167899,7365680,route de marrakech
167901,7366490,dar bouazza
167906,7367539,marrakech
167907,7367790,zenata
167912,7368504,casablanca finance city
167913,7368513,racine
167914,7368557,ferme bretonne hay arraha
167915,7368570,agdal
167916,7368601,mimosas
167918,7369276,la ville haute
167919,7369277,kenitra
167924,7370611,tetouan
167925,7370698,riyad
167926,7370758,ain diab
167928,7371060,corniche
167929,7371063,derb al hajjar
167930,7371064,derb ghalef
167931,7371071,dar assalam
167932,7371077,dar assalam
167933,7371156,riyad
167947,7371808,dar bouazza
167949,7372082,riyad
167955,7372866,hay hassani
167957,7372948,wifak
167959,7373882,palmier
167960,7374520,hay chmaou
167961,7374562,hay targa
167965,7375432,manar
167968,7375702,quartier industriel
167969,7376131,maarif
167970,7376140,dar bouazza
167973,7376631,amelkis
167979,7378415,route de l ourika
167980,7378424,route amizmiz
167985,7378756,dar bouazza
167989,7379556,beni mellal
167992,7380071,mouassine
167994,7380696,riyad
167998,7381383,founti
168000,7381450,el menzeh
168001,7381673,ennakhil palmeraie
168004,7382068,oasis
168005,7382077,chefchaouen
168006,7382655,sidi abdellah
168008,7382966,route de l ourika
168010,7383140,riyad
168014,7383704,dar bouazza
168015,7384221,medina
168017,7384806,bouskoura ville
168022,7385565,bourgogne ouest
168026,7386277,hay chmaou
168027,7386384,sidi abdallah
168030,7387056,route de l ourika
168035,7387249,route de ouarzazate
168036,7387375,bouskoura ville
168037,7387382,ennakhil palmeraie
168038,7387449,oualidia
168040,7388063,ennakhil palmeraie
168042,7388233,centre
168051,7388938,centre ville
168054,7389280,gauthier
168057,7389426,route de ouarzazate
168060,7390174,assouel
168061,7390238,hay targa
168063,7390347,tit mellil
168081,7391701,kasba tadla
168083,7392082,riyad
168087,7392984,marrakech
168089,7393012,mont fleuri
168094,7393672,secteur touristique
168097,7394014,ain borja
168098,7394313,narjis
168102,7394573,golf de benslimane
168104,7394720,sidi yahya zaer
168105,7394723,route de fez
168113,7395883,hay salam
168114,7395917,route nationale assilah n1
168117,7396708,ain sebaa
168119,7396847,jbel kbir
168127,7397390,bouskoura ville
168131,7397951,hamria
168132,7398121,route nationale assilah n1
168134,7398681,route nationale assilah n1
168135,7398782,secteur touristique
168145,7399701,route de l ourika
168146,7399719,bouskoura ville
168151,7400367,oulfa
168152,7400429,ain mezouar
168156,7400830,quartier des ambassades
168158,7400985,nouvelle ville
168174,7402937,centre
168177,7403630,souissi
168196,7404703,entree sud
168197,7405385,sidi ghanem
168198,7405526,bouskoura ville
168206,7406205,de la plage
168209,7406568,al boustane
168211,7406829,riyad
168213,7407047,route d agadir
168214,7407060,tamesna
168220,7407676,marina
168234,7408737,ksar el kebir
168241,7409339,centre ville
168242,7409342,centre ville
168244,7409623,derb ghalef
168255,7410249,dar bouazza
168256,7410289,hay houda
168260,7410972,riyad
168263,7411089,route nationale assilah n1
168264,7411635,californie
168265,7411717,sidi youssef
168266,7411718,derb loubila
168269,7411965,hay chmaou
168271,7412161,beausejour
168273,7412477,ain diab extension
168279,7413611,hamria
168284,7414466,malabata
168288,7414895,ennakhil palmeraie
168297,7415828,gueliz
168303,7416322,route de fez
168305,7416413,bourgogne est
168307,7416654,val fleuri
168310,7416791,route de fez
168315,7418201,racine
168316,7418281,jbel kbir
168321,7418552,ahl loghlam hay assalam
168324,7418902,souissi
168325,7418914,tanja balia
168326,7418916,anfa superieur
168330,7419148,malabata
168333,7419787,jbel kbir
168334,7419809,sala el jadida
168336,7420030,dar bouazza
168339,7420170,les hopitaux
168340,7420176,tantonville
168343,7420830,malabata
168346,7421274,saidia
168358,7422831,nassim 2
168365,7423499,casablanca finance city
168366,7423709,centre
168367,7423715,al kawtar
168370,7424108,ville verte
168377,7425527,biougra
168378,7425543,biougra
168386,7426314,ain diab
168387,7426339,tanja balia
168388,7426376,alfilline
168395,7427221,hay targa
168396,7427225,centre ville
168400,7428022,dar bouazza
168403,7428548,ain diab
168404,7428553,route de l ourika
168410,7429224,haut agdal
168416,7429962,route de l ourika
168418,7430033,bouskoura ville
168420,7430369,bouskoura ville
168424,7431109,dar bouazza
168425,7431122,el manar el hank
168427,7431367,nassim 2
168428,7431418,cabo negro
168432,7431653,route de safi
168433,7431654,lahrarta
168448,7432901,nassim 2
168449,7432910,bourgogne ouest
168450,7433049,l habitat
168452,7433261,essaada
168455,7433568,manar
168464,7434538,centre ville
168468,7435075,biranzarane
168469,7435206,gueliz
168481,7437512,hassan centre ville
168482,7437919,illigh
168485,7437996,marchan
168487,7438532,jamila 6
168497,7439983,californie
168501,7440609,californie
168505,7441418,ras ain rhamna
168510,7442628,azrou
168512,7442806,m diq
168518,7443154,plage oued cherrat
168530,7444441,centre ville
168538,7445300,centre ville
168539,7445331,riad al atlas
168540,7445540,centre
168548,7446193,mont fleuri
168549,7446203,sidi bouknadel
168558,7446921,triangle d or
168559,7447249,majorelle
168560,7447364,agdal
168563,7447594,roches noires
168566,7447822,errahma
168568,7448327,oued zem
168573,7448660,souissi
168574,7448709,route de fez
168578,7449165,marjane
168579,7449327,saidia
168585,7450337,el hadadda
168588,7451268,centre
168591,7451786,ziaten
168592,7451939,bab al bahr
168595,7452545,iberie
168596,7452692,du golf
168597,7452737,ain diab
168598,7452777,essaouira
168599,7452793,agdal
168605,7453158,quartier aerodrome
168613,7453691,beni yakhlef
168616,7453982,administratif
168617,7453992,manar
168622,7454813,taghazout
168636,7456415,berkane
168637,7456433,souissi
168639,7456558,medina
168646,7457136,bouskoura ville
168648,7457307,harhoura
168650,7457557,skhirat
168656,7458384,dar assalam
168666,7459664,belvedere
168671,7459735,belvedere
168675,7459797,mimosas
168676,7459858,derb sid daoui
168677,7459859,corniche
168678,7459861,corniche
168681,7460219,cite des cadres saniat al mourakib
168684,7460595,derb sid daoui
168687,7460978,sidi moussa
168689,7461134,agdal
168691,7461138,gauthier
168692,7461171,sidi bouknadel
168693,7461348,la ville haute
168694,7461573,belvedere
168695,7461574,belvedere
168697,7461576,belvedere
168698,7461579,belvedere
168699,7461580,belvedere
168702,7461637,mhamid
168703,7461638,mhamid
168706,7461643,mhamid
168708,7461645,mhamid
168715,7462193,racine
168716,7462229,racine
168719,7462373,haut anza
168721,7462602,oulfa
168722,7462733,errahma
168726,7462909,moujahidine
168728,7462911,moujahidine
168730,7462913,moujahidine
168731,7462914,moujahidine
168733,7462916,moujahidine
168734,7462917,moujahidine
168735,7462918,moujahidine
168736,7462920,moujahidine
168737,7462921,moujahidine
168738,7462922,moujahidine
168739,7462954,belvedere
168740,7463320,plateau
168750,7464351,californie
168751,7464591,dar bouazza
168758,7464896,derb al hajjar
168759,7464900,derb sid daoui
168762,7464995,corniche
168774,7465305,triangle d or
168775,7465462,mirleft
168777,7465830,medina
168782,7466981,taghazout
168783,7467048,route de marrakech
168784,7467068,la gironde
168805,7468591,khouribga
168806,7468610,gauthier
168808,7469025,sidi rahal
168809,7469332,route casablanca
168812,7469623,ait faska
168826,7470891,dar bouazza
168827,7471003,californie
168834,7471841,riyad
168835,7472199,bouskoura ville
168843,7473170,val fleuri
168844,7473176,bouskoura ville
168850,7473664,sidi rahal
168852,7473902,route de safi
168854,7474217,bab ighli
168861,7474711,fonciere
168869,7475448,mehdia
168873,7476287,route de fez
168874,7476293,route de fez
168875,7476318,manar
168876,7476484,ain diab
168884,7478118,ourika
168886,7478401,sidi rahal
168895,7478798,route nationale assilah n1
168903,7479786,bouskoura ville
168905,7480091,centre ville
168908,7480453,dar bouazza
168911,7480526,casablanca finance city
168914,7480645,route de marrakech
168918,7481353,polo
168928,7482578,riyad
168933,7483367,route nationale assilah n1
168937,7483583,route de ouarzazate
168946,7484559,atlas
168948,7484675,asilah
168949,7484745,route de l ourika
168954,7485185,ait melloul
168960,7485593,riad zitoun
168963,7485975,sidi bouzid
168965,7486093,gueliz
168969,7486836,azemmour
168977,7487987,californie
168979,7488216,centre ville
168983,7488583,wifak
169006,7490966,oulad salah
169008,7491444,hay mabrouka
169021,7492317,al kawtar
169029,7492695,souissi
169037,7493549,centre
169039,7493668,centre
169047,7494157,hay mohammadi
169058,7495214,roches noires
169081,7496571,martil
169089,7497106,essaouira
169092,7497405,californie
169096,7497547,el moukef
169098,7497920,ennakhil palmeraie
169102,7498197,douar laarab
169105,7498879,hikma i
169111,7499176,oulfa
169112,7499235,mhamid
169114,7499374,souissi
169134,7500936,oasis
169148,7501279,ain diab
169149,7501295,route de l ourika
169157,7501577,maarif extension
169162,7502381,malabata
169163,7502598,sidi moumen
169164,7503049,ennakhil palmeraie
169165,7503113,hay el boughaz
169167,7503246,bejaad
169168,7503298,riyad
169175,7503652,riviera
169176,7503656,riviera
169177,7503663,riviera
169179,7503673,riviera
169180,7503677,riviera
169181,7503678,riviera
169184,7504049,ahl loghlam hay assalam
169187,7504352,maamora
169189,7504394,agdal
169194,7504854,dar bouazza
169200,7505265,ain sebaa
169204,7506028,maarif extension
169205,7506157,bir rami est
169206,7506289,centre
169215,7507337,saidia
169216,7507461,anfa superieur
169217,7507467,anfa
169219,7507558,zone industrielle mghogha
169232,7509109,malabata
169239,7509842,ain attig
169240,7510074,tirakaa
169241,7510088,bourrous
169246,7510656,centre ville
169253,7512541,ahlane
169257,7512929,l ocean
169258,7512931,route de marrakech
169265,7513652,casablanca
169266,7513653,casablanca
169269,7514208,marjane
169272,7514665,hay targa
169278,7515231,ain diab
169282,7515487,bouskoura ville
169283,7515652,ville verte
169291,7516982,gauthier
169298,7518740,cente
169300,7518912,souk sebt ouled nemma
169301,7518983,amelkis
169302,7519221,bourgogne ouest
169303,7519355,la ville haute
169306,7519525,hamria
169307,7519637,riyad
169310,7520039,agdal
169315,7520508,ain diab
169319,7520769,sania
169323,7520939,habbous
169324,7520964,hassan centre ville
169326,7521024,les orangers
169335,7522939,sidi rahal chatai
169336,7522983,mers el kheir
169339,7524039,bouskoura ville
169343,7524358,l habitat
169346,7524784,ait ourir
169351,7525344,centre ville
169352,7525406,oulfa
169353,7525454,ksar bjir
169354,7525491,hay essalam
169355,7525521,souissi
169356,7525715,errahma
169362,7526498,racine
169363,7526558,maarif extension
169364,7526575,riyad
169365,7527110,hay al amal
169367,7527288,triangle d or
169368,7527296,racine
169374,7528391,mister khouch
169376,7528643,nassim 1
169382,7529649,val fleury
169389,7531135,bouskoura ville
169390,7531318,riyad
169391,7531347,riyad
169393,7531575,ghazoua
169394,7531600,ferme bretonne hay arraha
169397,7532006,tanja balia
169401,7532352,agdal
169402,7532452,sidi rahal chatai
169406,7532744,amelkis
169409,7532983,riyad
169410,7533035,azrou
169416,7533732,ain diab
169417,7533854,ferme bretonne
169419,7534037,ain sebaa
169421,7534070,hay targa
169424,7534126,cgi
169426,7534225,bouskoura ville
169430,7534647,hay targa
169431,7534710,de la plage
169433,7534909,racine
169438,7535760,tamesna
169439,7535868,centre ville
169451,7536984,dar bouazza
169455,7537579,malabata
169460,7537785,dar bouazza
169461,7537868,anfa
169462,7537869,casablanca
169463,7537945,hay targa
169471,7540476,bouskoura ville
169472,7540485,riyad
169474,7540689,ain errouz
169479,7540997,plage oued cherrat
169480,7541011,victoria
169481,7541437,marjane
169482,7541641,anassi
169488,7542596,ennakhil palmeraie
169492,7542687,riyad
169493,7542930,sabaa aiyoun
169494,7543012,route de fez
169495,7543073,el mansouria
169496,7543109,benjdia
169497,7543235,californie
169498,7543253,polo
169506,7544213,hassan centre ville
169507,7544253,founti
169509,7544350,laymoune
169510,7544465,maarif extension
169512,7544573,cil hay salam
169516,7544930,targuist
169517,7545067,ain borja
169518,7545083,gueliz
169522,7545776,asni
169523,7545815,val d or
169524,7545878,hermitage
169526,7546213,maarif
169530,7546625,triangle d or
169544,7548112,val fleury
169560,7549347,route casablanca
169562,7549615,el menzeh
169565,7550228,hay targa
169567,7550521,route de safi
169574,7551571,anfa
169581,7552994,route de l ourika
169583,7553312,hay mohammadi
169589,7553636,ain sebaa
169590,7553649,bouskoura ville
169593,7553981,golf de benslimane
169594,7554236,riyad
169597,7554436,riad 2
169598,7554446,ouislane
169599,7554454,route de safi
169600,7554466,jamila 6
169614,7556143,bourgogne ouest
169616,7556443,riyad
169617,7556451,riyad
169619,7556846,izdihar
169620,7556927,marjane
169622,7557089,tanger
169626,7557506,mghogha
169627,7557699,hermitage
169628,7557774,beni mellal
169630,7558185,mhamid
169632,7558398,route amizmiz
169633,7558633,hay targa
169634,7558637,amelkis
169635,7558644,andalouss
169637,7558812,centre ville
169638,7559302,riyad
169639,7559322,centre ville
169642,7559893,centre ville
169644,7559976,dar bouazza
169650,7560402,route amizmiz
169651,7560777,racine
169654,7561450,centre ville
169655,7561462,essaada
169656,7561538,centre
169657,7561658,al boustane
169658,7562155,sidi rahal chatai
169661,7562704,anfa
169662,7563255,maamora
169663,7563281,cite adrar
169666,7563379,de la plage
169667,7563385,de la plage
169669,7563754,asilah
169671,7564066,mers sultan
169679,7564682,berrechid
169689,7565263,mers el kheir
169690,7565275,el mansouria
169693,7565381,hay mohammadi
169700,7566051,ain diab
169703,7566290,riad zitoun
169704,7566494,de la plage
169708,7566601,route amizmiz
169710,7566748,bouskoura ville
169712,7566950,gueliz
169713,7566951,route de l ourika
169714,7567012,route de fez
169715,7567068,hay targa
169716,7567252,les princesses
169717,7567404,berrechid
169720,7567512,centre
169724,7568298,centre ville
169725,7568327,bouskoura ville
169726,7568371,dar bouazza
169727,7568372,belvedere
169731,7569467,mediouna
169734,7569730,dar bouazza
169735,7569796,tanja balia
169736,7569817,marrakech
169737,7570155,tanja balia
169739,7570589,entree sud
169742,7570842,sidi maarouf
169744,7571055,sidi moussa ben ali
169746,7571060,ain diab
169747,7571094,riyad
169749,7571277,al qods
169752,7571551,dar bouazza
169753,7571661,oasis
169754,7571858,agdal
169756,7571875,deroua
169758,7572307,bourgogne ouest
169765,7573133,route de tahanaout
169766,7573160,les portes de marrakech
169769,7573596,route de fez
169770,7573627,belvedere
169773,7573881,anfa
169775,7574181,cgi
169780,7574710,centre ville
169785,7575043,bouskoura ville
169786,7575044,bouskoura ville
169788,7575157,bouskoura ville
169793,7575585,anfa
169794,7576013,hay albaraka
169810,7576638,route de l ourika
169811,7576660,hay salam
169812,7576946,gueliz
169813,7577018,tit mellil
169814,7577056,casablanca
169816,7577077,cabo negro
169817,7577417,hay mohammadi
169823,7577670,sidi bouzid
169828,7578638,marjane
169829,7578644,bab al bahr
169833,7579086,sidi harazem
169834,7579096,assarag
169836,7579166,sidi bouzid
169840,7579374,hay targa
169845,7579702,hivernage
169861,7580253,maarif
169863,7580315,californie
169866,7580717,maghrib arabi
169879,7581740,gueliz
169881,7581753,racine
169882,7581814,ennakhil palmeraie
169885,7582109,souissi
169886,7582396,aourir
169888,7582830,bouskoura ville
169891,7582895,sale
169892,7582914,de la plage
169894,7583147,tamesna
169897,7583381,entree sud
169899,7583473,bouskoura ville
169902,7583820,bouskoura ville
169903,7583841,la siesta
169907,7583956,hay alamal
169908,7583959,malabata
169911,7584067,agourai
169915,7584191,hermitage
169916,7584229,casablanca
169920,7584721,sahel oulad h riz
169923,7585149,cabo negro
169926,7585463,branes 2
169928,7585604,ennakhil palmeraie
169931,7586078,jawhara
169934,7586384,sidi moussa lhamri
169935,7586432,centre
169937,7586602,taghazout
169939,7586780,cil hay salam
169940,7586851,route amizmiz
169941,7586997,bouskoura ville
169944,7587171,harhoura
169948,7587390,lot rida
169949,7587439,wifak
169950,7587442,bel air val fleuri
169951,7587752,agdal
169952,7587905,hay karima
169957,7588245,daoudiat
169959,7588362,mers el kheir
169960,7588422,jamila 5
169961,7588423,agdal
169963,7588457,riyad
169964,7588573,sidi bouknadel
169968,7588619,dar bouazza
169972,7588836,bouskoura ville
169975,7589080,route nationale assilah n1
169982,7589487,fnideq
169984,7589506,hay najah
169987,7589617,medina
169989,7589659,sidi othmane
169992,7589830,bouskoura ville
169994,7590005,dar bouazza
169995,7590007,hay mohammadi
169999,7590201,berrechid
170002,7590752,azemmour
170004,7590952,centre
170005,7591020,route de ouarzazate
170006,7591099,bourgogne est
170010,7591260,mers sultan
170012,7591315,racine
170013,7591357,gauthier
170016,7591441,agourai
170017,7591455,marjane
170019,7591541,medina
170026,7591846,ben guerir
170030,7591852,zenata
170038,7591949,massira 2
170042,7591970,agdal
170043,7592156,les princesses
170046,7592634,samlalia
170047,7592694,mers el kheir
170048,7592699,el menzeh
170051,7592868,dar bouazza
170057,7593099,sala el jadida
170060,7593328,iberie
170068,7593747,medina
170077,7594501,californie
170079,7594520,medina
170081,7594887,maarif
170084,7594974,tiznit
170085,7595000,riviera
170087,7595073,bourgogne ouest
170092,7595235,ain borja
170097,7595443,hamria
170098,7595463,al hoceima
170100,7595536,krifate
170101,7595554,oulfa
170102,7595555,oulfa
170105,7595560,oulfa
170106,7595568,dar bouazza
170107,7595569,dar bouazza
170110,7595603,samlalia
170120,7595686,assanaouber
170126,7595780,marjane
170127,7595781,marjane
170128,7595782,marjane
170129,7595783,ziaten
170130,7595784,marjane
170131,7595785,marjane
170132,7595786,marjane
170133,7595787,marjane
170134,7595788,ziaten
170135,7595789,marjane
170136,7595791,marjane
170137,7595792,ziaten
170138,7595793,marjane
170139,7595794,marjane
170146,7595991,view tower
170147,7595992,tanger city center
170193,7596353,agdal
170201,7596444,tanger city center
170203,7596448,tanger city center
170206,7596452,tanger city center
170209,7596455,tanger city center
170214,7596462,tanger city center
170218,7596576,ksar lebhar
170220,7596731,martil
170221,7596767,bouskoura ville
170224,7597299,californie
170229,7597695,wilaya
170230,7597696,wilaya
170231,7597697,wilaya
170232,7597752,tnine aglou
170233,7597753,tnine aglou
170238,7597964,souissi
170239,7598107,belvedere
170258,7598648,de la plage
170259,7598650,de la plage
170260,7598651,de la plage
170261,7598652,de la plage
170262,7598653,de la plage
170263,7598654,de la plage
170264,7598688,wilaya
170271,7599030,belvedere
170272,7599031,belvedere
170276,7599045,moujahidine
170277,7599048,moujahidine
170278,7599049,moujahidine
170279,7599050,moujahidine
170280,7599051,moujahidine
170281,7599163,zenata
170282,7599164,zenata
170289,7600051,route de fez
170291,7600448,dar bouazza
170292,7600454,moulay youssef
170294,7600494,ain sebaa
170297,7600676,secteur touristique
170300,7600877,beausejour
170305,7601173,hay mohammadi
170313,7601922,sidi othmane
170323,7602591,val fleury
170327,7602885,had soualem
170328,7602907,secteur touristique
170330,7602919,diour jamaa
170331,7602990,taroudant
170332,7603105,route de l ourika
170333,7603153,haut agdal
170334,7603159,malabata
170342,7604004,centre
170343,7604173,gueliz
170351,7604601,ennakhil palmeraie
170360,7605321,malabata
170362,7605405,centre
170381,7606744,californie
170383,7606773,beausejour
170388,7606834,tantonville
170399,7607189,les princesses
170403,7607391,souissi
170413,7607510,el matar
170425,7607847,riyad
170431,7608089,sidi maarouf
170435,7608150,hay salam
170445,7608485,manar
170452,7608700,gauthier
170458,7608755,agdal
170466,7608960,sidi rahal
170514,7609911,californie
170518,7609934,hay al falah
170541,7610543,mozart
170549,7610692,californie
170563,7610879,ain sebaa
170568,7610938,berrechid
170586,7611444,racine
170599,7611792,du golf
170601,7611814,lissasfa
170602,7611872,route de l ourika
170605,7611930,hassan centre ville
170608,7611965,jbel kbir
170622,7612278,souissi
170627,7612345,manar
170628,7612376,roches noires
170629,7612424,inara
170652,7612806,mhamid
170671,7613021,route ain chkaf
170679,7613112,al aalia
170680,7613116,sidi maarouf
170681,7613118,al aalia
170682,7613119,al aalia
170683,7613120,al aalia
170685,7613122,al aalia
170689,7613126,al aalia
170694,7613333,ahlane
170704,7613488,berkane
170714,7613620,les cretes
170715,7613634,casablanca marina
170730,7613997,sidi ben slimane el jazouli
170732,7614041,marrakech
170735,7614107,agdal
170737,7614173,sidi maarouf
170743,7614302,maarif
170744,7614340,maarif
170749,7614463,casablanca finance city
170756,7614520,souissi
170757,7614566,ennakhil palmeraie
170760,7614604,dar bouazza
170763,7614699,souissi
170765,7614729,californie
170793,7615080,al aalia
170807,7615462,tamesna
170830,7616109,marrakech
170834,7616229,bir jdid
170840,7616278,taghazout
170846,7616318,gueliz
170847,7616321,route d agadir essaouira
170849,7616379,oasis
170863,7616679,hermitage
170874,7616792,route ain chkaf
170887,7617001,sidi bouknadel
170901,7617225,hay hassani
170906,7617435,al aalia
170907,7617436,al aalia
170908,7617438,al aalia
170909,7617439,al aalia
170910,7617440,al aalia
170912,7617442,al aalia
170913,7617443,al aalia
170914,7617447,al aalia
170916,7617450,al aalia
170917,7617451,al aalia
170918,7617452,al aalia
170927,7617587,hay targa
170932,7617687,dar bouazza
170936,7617724,tamesna
170940,7617772,riyad
170971,7618418,sidi bou amar
170972,7618422,mouassine
170973,7618451,moulay lyazid
170974,7618548,assam
170977,7618621,sidi yahya zaer
170978,7618646,hay zitoun
170985,7618704,route de marrakech
170991,7618749,talaa
170998,7618996,dar bouazza
171006,7619271,de la plage
171012,7619350,safi 2
171017,7619550,agdal
171018,7619622,gauthier
171024,7619765,tahannaout
171031,7619942,haut founty
171057,7620266,hamria
171058,7620289,boufkrane
171062,7620374,triangle d or
171074,7620725,administratif
171078,7620833,dar bouazza
171094,7621104,massira 1
171095,7621129,sidi youssef
171097,7621138,bouskoura ville
171100,7621159,route nationale assilah n1
171101,7621161,bir jdid
171113,7621455,palmier
171120,7621513,madwaz
171138,7621987,al bassatine
171143,7622326,du golf
171157,7622466,maarif extension
171158,7622471,maarif extension
171161,7622487,berkane
171172,7622752,quartier industriel
171173,7622764,palmier
171175,7622795,al azhar
171194,7623137,du golf
171198,7623247,agdal
171200,7623304,ville verte
171203,7623326,souissi
171205,7623348,castilla
171206,7623349,castilla
171207,7623471,amelkis
171210,7623628,maarif
171214,7623658,al azhar
171215,7623659,al azhar
171217,7623663,al azhar
171225,7623673,al azhar
171227,7623676,al azhar
171240,7623959,route de tahanaout
171241,7623961,gueliz
171242,7623979,agdal
171247,7624042,route de ceuta
171269,7624623,al aalia
171270,7624624,al aalia
171272,7624626,al aalia
171273,7624628,al aalia
171274,7624634,al aalia
171275,7624635,al aalia
171276,7624636,al aalia
171290,7624993,riyad
171291,7624997,cil hay salam
171300,7625305,marrakech
171307,7625459,hermitage
171311,7625562,ain attig
171350,7626368,agourai
171359,7626796,dar bouazza
171362,7626876,hay al kamal
171373,7627131,hay essaada
171377,7627275,hay tarik 1
171383,7628236,agdal
171388,7628797,cil hay salam
171392,7628874,sidi bouzid
171397,7628910,route de fez
171398,7628912,route de l ourika
171399,7628924,ennakhil palmeraie
171400,7628926,route amizmiz
171402,7628949,souissi
171404,7629006,casablanca marina
171411,7629143,souissi
171413,7629149,riyad
171425,7629346,beni yakhlef
171429,7629450,les hopitaux
171431,7629578,el manar el hank
171434,7629691,moulay bousselham
171437,7629800,route de l ourika
171441,7629910,ain sebaa
171442,7629921,abbadi
171444,7630133,maarif extension
171445,7630350,golf de benslimane
171452,7630406,bouskoura ville
171458,7630481,assanaouber
171460,7630523,malabata
171466,7630976,roches noires
171477,7631635,technopolis
171478,7631640,technopolis
171479,7631641,technopolis
171491,7632056,berrechid
171500,7632459,sidi allal el bahraoui
171502,7632555,route de fez
171506,7632572,hay targa
171515,7632715,gauthier
171523,7632868,bourgogne est
171525,7632886,oulfa
171530,7632963,belvedere
171539,7633121,golf de benslimane
171547,7633215,palmier
171555,7633352,gauthier
171562,7633531,rmila
171564,7633606,hivernage
171565,7633616,amelkis
171569,7633624,amelkis
171570,7633629,amelkis
171571,7633631,amelkis
171573,7633635,hay targa
171575,7633641,amelkis
171576,7633643,amelkis
171577,7633644,amelkis
171578,7633645,sidi youssef
171579,7633647,marrakech
171580,7633656,amelkis
171581,7633665,route de fez
171590,7633954,hay hassani
171593,7634000,agdal
171607,7634386,les princesses
171619,7634631,mers el kheir
171621,7634673,saada
171628,7634749,sidi maarouf
171632,7634791,agafay
171638,7634982,route de l ourika
171639,7634986,route amizmiz
171668,7635847,riad salam
171677,7636176,wislane
171694,7636458,plage oued cherrat
171713,7636726,oulfa
171718,7636793,plage oued cherrat
171731,7637059,manar
171767,7637797,bouskoura ville
171770,7637919,dar bouazza
171776,7638041,bouskoura ville
171778,7638122,bouskoura ville
171786,7638228,marjane
171791,7638280,route se sefrou
171811,7638738,hay fath
171812,7638789,route de ouarzazate
171817,7638877,nassim 2
171822,7638926,hay massira
171833,7639250,anfa
171834,7639262,gauthier
171836,7639316,nassim 1
171837,7639379,oulfa
171851,7639687,salmia 2
171852,7639698,triangle d or
171863,7640203,agdal
171872,7640315,saidia
171873,7640316,ait imour
171886,7640732,hay targa
171895,7640932,roches noires
171900,7641018,sidi maarouf
171903,7641067,al kawtar
171908,7641217,ain aouda
171927,7641665,sidi moumen
171935,7642058,palmier
171937,7642163,medina
171956,7642859,gueliz
171960,7642949,route de tahanaout
171961,7642950,marchan
171967,7643066,riyad
171976,7643371,route de fez
171978,7643386,quartier soufal
171981,7643506,route de l ourika
171983,7643604,agdal
172003,7644235,ennakhil palmeraie
172008,7644399,maarif extension
172018,7644683,dar bouazza
172024,7644823,bel air val fleuri
172029,7644885,quartier des ambassades
172049,7645305,asilah
172054,7645402,hamria
172055,7645424,beni yakhlef
172056,7645433,al kawtar
172057,7645470,californie
172058,7645548,palmier
172059,7645553,riyad
172060,7645572,ennakhil palmeraie
172062,7645609,saniat errmel
172066,7645659,val fleury
172068,7645719,sidi maarouf
172070,7645735,gueliz
172074,7645770,oasis
172078,7645811,ait baha
172080,7645840,route de tahanaout
172084,7645919,polo
172097,7646167,riyad
172111,7646600,hay fath
172130,7647127,mozart
172132,7647151,harhoura
172133,7647152,harhoura
172138,7647249,harhoura
172140,7647288,berrechid
172144,7647508,route de l ourika
172160,7648031,ville verte
172163,7648112,route casablanca
172168,7648275,rmilat
172178,7648407,boulevard med 6
172180,7648526,route de l ourika
172185,7648728,gauthier
172197,7648975,bel air val fleuri
172207,7649109,bourgogne ouest
172220,7649346,zone industrielle agadir
172231,7649492,route de fez
172250,7649696,haut agdal
172258,7649801,sidi abdallah ghiat
172261,7649867,msalla
172262,7649868,msalla
172264,7649870,msalla
172265,7649871,msalla
172274,7649940,centre
172275,7649941,centre
172276,7649943,kenitra
172280,7649990,dar bouazza
172284,7650099,bouskoura ville
172286,7650148,tanger
172287,7650151,tanger
172293,7650267,sidi bouzid
172294,7650280,sidi maarouf
172295,7650296,sidi maarouf
172296,7650422,mimosas
172299,7650472,les hopitaux
172302,7650484,riyad
172316,7651021,hay targa
172318,7651088,route de fez
172323,7651198,saada
172324,7651202,californie
172330,7651324,chefchaouen
172337,7651567,oulfa
172341,7651775,route de tahanaout
172345,7651845,anfa
172383,7652607,gueliz
172389,7652700,errahma
172396,7652881,sidi rahal
172409,7653163,les portes de marrakech
172410,7653171,lamaachate
172415,7653235,sala el jadida
172420,7653306,bouskoura ville
172423,7653353,route de tahanaout
172427,7653422,dar bouazza
172432,7653555,hay ait skato
172434,7653582,souissi
172450,7653777,laymoune
172473,7654115,medina
172479,7654185,val fleury
172483,7654223,ain sebaa
172486,7654229,ain sebaa
172491,7654237,ain sebaa
172501,7654445,el faid
172507,7654603,ennakhil palmeraie
172522,7655062,derb salama
172527,7655215,gueliz
172530,7655278,ennakhil palmeraie
172536,7655434,maarif extension
172537,7655530,californie
172540,7655566,jawadi
172543,7655635,route casablanca
172545,7655843,lot almouna
172548,7655922,mellah
172554,7656073,asilah
172568,7656910,plage oued cherrat
172572,7656972,dar bouazza
172577,7657058,route de l ourika
172581,7657137,rmilat
172583,7657208,sidi rahal chatai
172585,7657232,ain sebaa
172587,7657315,bourgogne est
172589,7657322,bouskoura ville
172599,7657399,ain diab
172600,7657404,ain diab
172604,7657487,rabat
172606,7657532,ain diab
172613,7657674,dar bouazza
172634,7658321,rmilat
172635,7658387,moulay youssef
172645,7658535,bouaakkaz
172646,7658557,malabata
172654,7658637,route de l ourika
172658,7658722,ain sebaa
172661,7658821,marjane
172662,7658824,hay chmaou
172670,7658970,marjane
172674,7659064,amelkis
172688,7659310,ouled teima
172692,7659334,tanja balia
172694,7659410,rmila
172696,7659504,palmier
172700,7659649,mimosas
172720,7659777,entree sud
172723,7659793,route ain chkaf
172724,7659801,founti
172737,7660115,tanja balia
172741,7660211,les hopitaux
172746,7660499,route de tahanaout
172749,7660717,beni mellal
172769,7661051,castilla
172772,7661136,harhoura
172809,7661951,du golf
172818,7662142,castilla
172821,7662192,selouane
172829,7662274,route de fez
172843,7662572,anfa superieur
172869,7662787,ennajd
172880,7663017,bouskoura ville
172888,7663234,maarif extension
172894,7663393,centre ville
172898,7663455,anfa
172901,7663466,anfa superieur
172902,7663479,anfa superieur
172903,7663483,anfa superieur
172932,7663901,cil hay salam
172941,7663948,azemmour
173022,7664399,hay annour
173024,7664441,ain diab
173034,7664507,had soualem
173043,7664532,asilah
173044,7664554,amelkis
173079,7664686,massira 1
173155,7664898,amelkis
173156,7664899,marrakech
173163,7664906,amelkis
173165,7664909,marrakech
173213,7665272,agdal
173214,7665273,route amizmiz
173217,7665339,route casablanca
173231,7665660,alsace lorraine
173244,7665795,val fleury
173248,7665911,aharrarine
173253,7666161,route de fez
173256,7666195,centre
173257,7666198,centre
173258,7666199,centre
173259,7666200,centre
173260,7666201,centre
173261,7666202,centre
173270,7666352,gauthier
173271,7666354,longchamps hay al hanaa
173273,7666425,el mokhfia
173278,7666549,les hopitaux
173286,7666835,centre
173299,7667188,medina
173308,7667325,maghreb arabi
173338,7667802,californie
173346,7667958,temara
173348,7667963,riyad
173352,7668058,cite militaire
173363,7668342,californie
173370,7668510,port
173375,7668651,racine
173376,7668653,hay salam
173381,7668796,douar dlam
173387,7668885,anfa
173388,7668904,harhoura
173403,7669268,polo
173404,7669280,dar bouazza
173408,7669311,aouama gharbia
173410,7669319,aouama gharbia
173411,7669322,aouama gharbia
173412,7669324,aouama gharbia
173413,7669325,aouama gharbia
173416,7669440,gueliz
173418,7669457,hermitage
173419,7669469,ferme bretonne hay arraha
173420,7669492,medina
173427,7669852,palmier
173431,7670043,sidi maarouf
173433,7670071,dar bouazza
173437,7670141,casablanca marina
173440,7670205,riviera
173441,7670208,ain sebaa
173447,7670266,sidi el aidi
173448,7670282,guich oudaya
173470,7670886,hamza
173473,7670903,azlaf
173474,7670939,manar
173502,7671557,longchamps hay al hanaa
173506,7671617,amelkis
173517,7671791,californie
173518,7671792,anfa
173522,7671829,ain diab extension
173525,7671923,route de fez
173531,7672120,ennakhil palmeraie
173540,7672275,gauthier
173545,7672454,gueliz
173550,7672620,centre ville
173553,7672715,hermitage
173554,7672723,racine
173562,7672844,fnideq
173565,7672882,dar bouazza
173567,7672911,route d agadir essaouira
173577,7673166,californie
173579,7673170,polo
173581,7673179,les hopitaux
173582,7673186,gauthier
173583,7673189,ain diab
173584,7673194,roches noires
173585,7673201,les hopitaux
173586,7673202,centre ville
173587,7673203,maarif extension
173589,7673208,ferme bretonne hay arraha
173590,7673211,maarif extension
173591,7673213,palmier
173592,7673214,bir jdid
173594,7673216,triangle d or
173597,7673237,cil hay salam
173602,7673246,tantonville
173603,7673254,maarif extension
173607,7673266,laymoune
173610,7673288,maarif
173613,7673294,hermitage
173615,7673300,laymoune
173618,7673311,californie
173619,7673312,ville verte
173629,7673600,lissasfa
173637,7673804,route de l ourika
173641,7673970,maarif extension
173648,7674065,maarif
173650,7674108,beni mellal
173656,7674203,californie
173672,7674415,mellila
173674,7674432,ain diab
173678,7674534,ain sebaa
173679,7674536,cil hay salam
173682,7674651,les cretes
173689,7674840,narjis
173699,7675116,azrou
173715,7675473,sidi allal el bahraoui
173731,7675651,chefchaouen
173738,7675706,lamzoudia
173742,7675782,champ de course
173746,7675839,al bassatine
173752,7675928,route de marrakech
173759,7676264,tanja balia
173760,7676269,tanja balia
173761,7676270,tanja balia
173762,7676271,tanja balia
173764,7676274,tanja balia
173765,7676275,tanja balia
173766,7676276,tanja balia
173793,7676969,marrakech
173794,7676977,route de ouarzazate
173795,7676980,marrakech
173796,7676982,amelkis
173797,7676984,amelkis
173798,7676987,route de l ourika
173799,7676988,route de l ourika
173800,7676994,ennakhil palmeraie
173801,7676995,amelkis
173802,7676997,amelkis
173804,7677001,ennakhil palmeraie
173805,7677032,inzegan
173811,7677084,izdihar
173816,7677170,route casablanca
173822,7677213,gueliz
173827,7677271,agdal
173829,7677283,bernoussi
173869,7678683,sidi maarouf
173874,7678829,hivernage
173880,7678913,marchan
173886,7679085,fnideq
173887,7679090,wilaya
173890,7679098,fnideq
173903,7679317,el menzeh
173906,7679371,bouskoura ville
173915,7679420,beni yakhlef
173941,7679840,bouskoura ville
173944,7679864,route de l ourika
173946,7679908,dar bouazza
173952,7679988,oued laou
173953,7679995,bouskoura ville
173957,7680025,bouarg
173959,7680048,quartier bachkou
173962,7680068,al boustane
173972,7680258,dar bouazza
173979,7680519,polo
173983,7680575,ferme bretonne hay arraha
173984,7680587,tamesna
173990,7680687,dar bouazza
173994,7680730,mehdia
173999,7680785,rabat
174006,7680955,harhoura
174007,7680999,el oued
174011,7681140,ain diab
174017,7681224,boukhalef
174020,7681267,californie
174023,7681340,racine extension
174025,7681346,racine
174026,7681347,anfa
174027,7681364,maarif
174038,7681542,msala
174041,7681552,medina
174043,7681567,palmier
174051,7681732,berkane
174056,7681962,sidi moussa
174057,7681965,sidi moussa
174065,7682122,centre
174067,7682133,el mansouria
174071,7682234,khouribga
174073,7682278,anfa
174074,7682301,californie
174075,7682352,marrakech
174087,7682549,mirleft
174090,7682604,agafay
174091,7682624,saidia
174092,7682627,plateau
174100,7682750,dar bouazza
174105,7682822,agafay
174130,7683315,sidi allal el bahraoui
174165,7684166,bouskoura ville
174168,7684198,souissi
174171,7684273,cil hay salam
174184,7684526,haut agdal
174193,7684654,hay mohammadi
174194,7684656,sidi bou amar
174203,7684870,bouskoura ville
174204,7684886,ain diab
174207,7684958,route de l ourika
174208,7684959,route de l ourika
174209,7684975,route de ouarzazate
174210,7685022,plage rose maree
174226,7685448,sidi rahal
174233,7685457,sidi rahal
174234,7685458,sidi rahal
174235,7685459,sidi rahal
174239,7685518,benyara
174241,7685531,benyara
174244,7685576,lablalia
174252,7685782,plage oued cherrat
174254,7685819,belvedere
174255,7685834,assarag
174267,7686062,haut founty
174272,7686101,oulfa
174278,7686228,administratif
174293,7686539,palmier
174305,7686633,chellalate
174306,7686655,gueliz
174307,7686659,gueliz
174308,7686683,ain taoujdate
174330,7686938,taghzout
174352,7687280,centre ville
174361,7687348,jbel kbir
174363,7687363,dar bouazza
174369,7687405,asilah
174381,7687507,marjane
174382,7687511,jamaa el kbir
174391,7687634,route de fez
174396,7687734,route de safi
174414,7687960,hay mohammadi
174415,7687963,benyara
174419,7688063,hamria
174421,7688093,assanaouber
174425,7688170,gauthier
174426,7688173,sidi bou amar
174428,7688205,aviation mabella
174430,7688228,assarag
174434,7688291,plaisance
174449,7688686,selouane
174491,7689844,sidi bou amar
174503,7690044,saidia
174508,7690137,marjane
174509,7690138,massira 3
174525,7690355,palmier
174545,7690791,hay albaraka
174548,7690820,hay saada
174560,7691012,maghreb arabi
174573,7691188,anfa
174579,7691299,hay mohammadi
174580,7691337,hay nahda
174583,7691377,al qods
174587,7691435,dar bouazza
174590,7691533,hay zaoudia
174594,7691582,hay al falah
174601,7691644,berrechid
174609,7691730,moulay bousselham
174620,7691904,ville nouvelle
174621,7691922,martil
174622,7691940,casablanca marina
174624,7691974,deroua
174626,7691990,sidi maarouf
174628,7692018,racine
174644,7692287,route de ouarzazate
174645,7692289,taza
174650,7692368,la siesta
174657,7692441,hay chmaou
174665,7692502,route nationale assilah n1
174669,7692526,jawhara
174671,7692545,jbel kbir
174679,7692671,agdal
174684,7692759,route de fez
174687,7692797,centre
174692,7692848,plage oued cherrat
174707,7693052,amelkis
174708,7693053,amelkis
174721,7693205,beausejour
174723,7693209,sidi maarouf
174728,7693246,centre
174729,7693253,de la plage
174731,7693289,casablanca marina
174739,7693453,centre
174760,7693715,mghayer
174764,7693760,sidi hajji
174785,7693978,gueliz
174803,7694336,route de safi
174811,7694478,el mansouria
174829,7694744,victoria
174837,7694836,bourgogne ouest
174860,7695162,maarif
174861,7695179,centre ville
174862,7695197,racine
174882,7695527,oulad wjih
174888,7695611,hay riad
174894,7695666,ancienne medina
174928,7695930,salmia 2
174930,7695956,al fath
174931,7695958,route amizmiz
174937,7696046,racine
174940,7696065,les iris
174943,7696101,larache
174944,7696104,bouskoura ville
174945,7696106,anfa
174950,7696141,plage oued cherrat
174952,7696164,plage oued cherrat
174955,7696181,les orangers
174956,7696182,les hopitaux
174958,7696223,ain sebaa
174959,7696226,bouskoura ville
174960,7696262,taboula
174961,7696266,taboula
174962,7696271,al kawtar
174972,7696507,medina
174980,7696682,palmier
174983,7696732,racine
174985,7696772,narjis
174988,7696832,illigh
175013,7697235,arset el houta
175015,7697247,route de l ourika
175016,7697254,anfa superieur
175017,7697259,taddart anza
175024,7697439,sidi ben slimane el jazouli
175032,7697623,derb ghalef
175043,7697729,el menzeh
175051,7697954,mesnana
175053,7698031,ain diab extension
175078,7698383,bourgogne ouest
175079,7698384,les princesses
175082,7698393,lissasfa
175087,7698507,berrechid
175089,7698571,sidi moumen
175103,7698783,racine
175104,7698817,agdal
175106,7698877,ain chock
175107,7698879,ain chock
175109,7698881,ain chock
175110,7698882,ain chock
175111,7698883,ain chock
175112,7698886,ain chock
175113,7698887,ain chock
175116,7698890,ain chock
175121,7698956,ben maachou
175130,7699025,bouskoura ville
175138,7699219,casablanca marina
175139,7699222,route de ouarzazate
175151,7699350,zenata
175157,7699379,achakar
175167,7699529,hay chmaou
175168,7699543,hay chmaou
175169,7699544,hay chmaou
175179,7699839,rmila
175185,7699932,plage rose maree
175187,7699956,plage oued cherrat
175202,7700198,tanja balia
175243,7700604,ain chock
175256,7700706,el qods
175272,7700882,les hopitaux
175274,7700961,dar bouazza
175284,7701111,de la plage
175289,7701224,al boustane
175290,7701240,gueznaia
175301,7701301,les princesses
175307,7701333,ain attig
175317,7701435,mirleft
175321,7701466,route amizmiz
175329,7701640,tifelt
175338,7701871,route de l ourika
175354,7702092,mghogha
175365,7702207,sidi maarouf
175368,7702229,agdal
175373,7702298,el mansouria
175374,7702332,el menzeh
175377,7702465,oasis
175395,7702710,agdal
175418,7703042,al moustakbal
175424,7703155,racine
175428,7703167,al mouahidine
175443,7703542,nouaceur
175444,7703556,californie
175451,7703624,berrechid
175461,7703754,marjane
175468,7703863,moualine el oued
175469,7703869,amelkis
175475,7703948,el menzeh
175478,7703959,hay targa
175479,7703961,centre
175480,7703967,route de l ourika
175481,7703982,sidi belyout
175496,7704191,rmilat
175503,7704313,mozart
175512,7704372,ain diab extension
175516,7704405,asilah
175518,7704475,saidia
175519,7704476,saidia
175525,7704563,route de ouarzazate
175527,7704579,oasis
175533,7704676,majorelle
175544,7704831,moulay youssef
175557,7704955,hamza
175560,7704970,route de fez
175569,7705019,mehdia
175572,7705028,route casablanca
175577,7705068,marrakech
175579,7705084,dar bouazza
175595,7705257,casablanca finance city
175604,7705321,sidi maarouf
175609,7705394,errahma
175620,7705530,de la plage
175622,7705599,centre ville
175630,7705705,haddada
175632,7705730,oulad abbou
175643,7705866,anfa
175651,7705981,yasmina
175666,7706191,tanja balia
175677,7706380,oued laou
175681,7706459,hikma i
175693,7706666,marjane
175697,7706684,hay al kamal
175707,7706801,racine
175731,7707132,samlalia
175739,7707251,maarif extension
175748,7707390,golf de benslimane
175749,7707402,al wifaq
175762,7707535,ennakhil palmeraie
175764,7707564,nouaceur
175775,7707739,ghazoua
175777,7707778,bouskoura ville
175783,7707919,saidia
175793,7708024,route d agadir essaouira
175802,7708182,route de l ourika
175811,7708394,les princesses
175817,7708495,ain sebaa
175820,7708584,route nationale assilah n1
175824,7708740,sidi rahal chatai
175832,7708919,bab sebta
175834,7708946,hay riad
175836,7708963,hay houda
175840,7708997,corniche
175848,7709139,bouskoura ville
175850,7709148,bouskoura ville
175854,7709254,dar bouazza
175860,7709406,dar assalam
175861,7709413,souissi
175862,7709446,oulfa
175865,7709508,taboula
175869,7709551,bir rami est
175877,7709622,boustane
175892,7709745,plage rose maree
175899,7709802,centre
175902,7709813,du golf
175937,7710245,oulfa
175939,7710250,californie
175954,7710574,m diq
175959,7710628,hay massira
175960,7710640,berkane
175966,7710750,ennakhil palmeraie
175967,7710766,martil
175974,7710811,dar bouazza
175978,7710839,bourgogne ouest
175993,7711270,martil
175995,7711298,zone industrielle mghogha
175996,7711310,sidi hajji
176002,7711455,anza
176005,7711520,nouaceur
176008,7711558,oasis
176018,7711635,sidi rahal chatai
176020,7711647,cil hay salam
176025,7711697,oasis
176028,7711807,el menzeh
176030,7711840,sidi youssef
176049,7712178,m diq
176051,7712193,bourgogne ouest
176053,7712265,dar bouazza
176062,7712362,ain diab
176066,7712391,azli
176081,7712581,el menzeh
176085,7712649,medina
176086,7712650,route d agadir essaouira
176091,7712763,berrechid
176092,7712792,belvedere
176098,7712854,belvedere
176103,7712911,harhoura
176108,7712963,souissi
176109,7712989,jawhara
176128,7713377,route de fez
176129,7713381,route de l ourika
176131,7713405,belvedere
176137,7713535,californie
176138,7713539,dar bouazza
176139,7713545,riyad
176149,7713645,oasis
176154,7713755,saidia
176155,7713775,belvedere
176156,7713785,belvedere
176157,7713794,belvedere
176158,7713801,belvedere
176160,7713838,belvedere
176161,7713844,belvedere
176192,7714280,oulad abbou
176198,7714405,dar bouazza
176200,7714417,haut agdal
176207,7714489,wilaya
176219,7714693,derb ghalef
176222,7714710,assarag
176223,7714714,dar bouazza
176226,7714756,ain diab
176230,7714829,belvedere
176231,7714847,belvedere
176234,7714870,belvedere
176235,7714885,belvedere
176237,7714896,belvedere
176242,7714935,route de tahanaout
176243,7714936,route de l ourika
176248,7714996,malabata
176251,7715041,amtar
176260,7715136,dar bouazza
176266,7715166,centre ville
176268,7715184,agdal
176276,7715299,ennajd
176279,7715370,al azhar
176282,7715406,rmila
176300,7715605,tifelt
176308,7715763,les hopitaux
176321,7715990,centre ville
176328,7716042,ennakhil palmeraie
176337,7716151,saidia
176338,7716154,hay mohammadi
176357,7716333,marjane
176360,7716336,marjane
176361,7716338,marjane
176362,7716339,marjane
176401,7717009,gauthier
176402,7717015,sidi bouzid
176413,7717163,nouvelle ville
176414,7717227,ksibat nhas
176424,7717512,camp al ghoul
176428,7717573,gueliz
176429,7717589,hay mohammadi
176443,7717891,agdal
176454,7717981,riyad
176468,7718125,ounagha
176470,7718184,beausejour
176471,7718213,marrakech
176472,7718220,route de l ourika
176498,7718635,bhibah
176514,7718895,wifak
176519,7718987,sidi abdallah ghiat
176522,7719011,racine
176526,7719046,al andalous
176530,7719108,marjane
176532,7719120,beni mellal
176552,7719333,bel air val fleuri
176557,7719371,talaa
176569,7719596,gueliz
176585,7719862,wifak
176589,7719912,saidia
176592,7719956,salmia 2
176593,7719957,hay salam
176597,7720039,abbadi
176599,7720067,ain sebaa
176607,7720164,agdal
176617,7720393,marrakech
176618,7720394,sidi maarouf
176631,7720576,maarif
176635,7720609,rmila
176636,7720610,aharrarine
176648,7720698,abattoirs
176652,7720730,racine
176653,7720737,tit mellil
176654,7720741,tit mellil
176666,7720909,bir ennasr
176671,7720983,gauthier
176692,7721146,quartier bachkou
176694,7721163,el inara
176709,7721340,sidi moumen
176711,7721371,andalous
176715,7721437,franceville
176716,7721439,ain sebaa
176721,7721506,maamora
176730,7721695,taroudant
176736,7721802,route de fez
176744,7721883,agdal
176745,7721906,laymoune
176749,7721940,karia ba mohamed
176751,7721952,wilaya
176752,7721988,azib derai
176755,7722030,agdal
176761,7722099,sidi othmane
176773,7722315,route casablanca
176788,7722893,souissi
176798,7723120,lqliaa
176809,7723217,mouassine
176811,7723280,dar bouazza
176825,7723493,ville verte
176831,7723581,jbel kbir
176832,7723610,les hopitaux
176839,7723738,racine
176842,7723767,hamza
176845,7723784,tanja balia
176846,7723786,had soualem
176850,7723822,amelkis
176866,7724052,amerchich
176888,7724224,atlas
176893,7724368,ville nouvelle
176894,7724415,amelkis
176897,7724428,val fleuri
176900,7724432,tetouan
176901,7724450,route de fez
176904,7724501,agdal
176905,7724512,ain aouda
176907,7724522,amizmiz
176913,7724615,bouskoura ville
176914,7724642,riyad
176924,7724716,route de fez
176925,7724718,route amizmiz
176926,7724726,route de l ourika
176929,7724780,ennakhil palmeraie
176933,7724814,ghazoua
176934,7724816,maarif extension
176938,7724882,hay essalam
176941,7724915,al bassatine
176946,7725067,wifak
176949,7725082,mhamid
176950,7725095,route amizmiz
176959,7725166,gueliz
176974,7725306,route nationale assilah n1
176977,7725404,gueliz
176987,7725529,dar bouazza
176993,7725578,hay chifa
177005,7725669,saidia
177024,7725931,berrechid
177033,7725981,amicales
177034,7725987,oulad rahmoune
177047,7726086,sidi moussa el majdoub
177052,7726123,marjane
177056,7726156,ait melloul
177068,7726360,riyad
177074,7726424,route de ouarzazate
177085,7726568,anfa
177111,7727100,anfa
177115,7727116,anfa
177125,7727373,victoria
177126,7727379,ait melloul
177155,7727729,sidi rahal chatai
177166,7728051,maarif
177174,7728154,harhoura
177182,7728280,hivernage
177195,7728425,bouskoura ville
177198,7728430,route casablanca
177202,7728489,farkhana
177203,7728517,ain diab extension
177213,7728634,oualidia
177216,7728695,les hopitaux
177224,7728882,maghrib arabi
177225,7728890,riyad
177248,7729197,ksar el kebir
177250,7729252,route amizmiz
177253,7729270,hay salam
177267,7729544,nassim 1
177274,7729786,amelkis
177277,7729812,tirakaa
177280,7729871,ouled tayeb
177282,7729882,beni mellal
177283,7729887,marjane
177291,7729951,route de fez
177298,7730007,sidi rahal
177325,7730498,sidi yahya
177334,7730638,centre
177337,7730679,dar bouazza
177340,7730717,al wifaq
177346,7730778,sidi bouzid
177357,7730925,hay mabrouka
177365,7731174,masmoudi
177367,7731191,riyad
177368,7731201,jbel kbir
177369,7731203,hay targa
177370,7731206,zone industrielle ain chkef
177375,7731278,plage oued cherrat
177390,7731474,les hopitaux
177411,7731701,rabat
177429,7731987,l ocean
177433,7732092,tamesna
177435,7732109,racine
177442,7732158,asilah
177456,7732213,tanja balia
177464,7732268,zenata
177472,7732331,saidia
177484,7732448,aviation mabella
177491,7732557,marjane
177496,7732676,malabata
177500,7732797,sidi kacem
177503,7732901,hay salam
177526,7733155,tilila
177529,7733182,route de rabat
177538,7733236,bourmana
177540,7733285,bourgogne ouest
177551,7733514,wifak
177557,7733707,gueliz
177558,7733719,laayoune
177560,7733742,rommani
177561,7733754,riyad
177573,7733860,oulad frej
177580,7733961,mkinssia
177585,7734009,mhamid
177587,7734039,ferme bretonne hay arraha
177596,7734258,hay chmaou
177606,7734480,bouskoura ville
177612,7734519,casablanca
177630,7734753,moulay abdallah
177660,7735192,quartier du parc
177661,7735198,anfa
177673,7735338,route de fez
177679,7735408,al qods
177683,7735477,hay salam
177684,7735482,hay essalam
177690,7735549,hay zitoune
177709,7735816,oulad salah
177715,7735844,route de l ourika
177717,7735895,port tanger ville
177727,7736079,marjane
177734,7736164,cil hay salam
177739,7736213,route de l ourika
177740,7736215,sania
177764,7736480,route d agadir essaouira
177770,7736545,malloussa
177774,7736591,casablanca marina
177801,7736979,hay chmaou
177807,7737011,asilah
177809,7737039,dar bouazza
177813,7737104,tanant
177816,7737147,izdihar
177822,7737223,hay targa
177824,7737236,castilla
177825,7737237,hivernage
177832,7737300,route de l ourika
177839,7737345,hamria
177841,7737407,hay saada 2
177845,7737449,plateau al batha
177852,7737600,bourgogne ouest
177855,7737681,la ville haute
177861,7737850,ouarzazate
177862,7737868,branes 2
177864,7737887,benslimane
177865,7737956,agdal
177873,7738097,route ain chkaf
177884,7738222,racine
177886,7738227,al boustane
177892,7738319,amelkis
177897,7738356,ourika
177901,7738496,amelkis
177902,7738547,chefchaouen
177917,7738759,route de safi
177920,7738827,secteur touristique
177931,7738978,hamza
177942,7739178,habbous
177943,7739198,al kawtar
177947,7739303,souissi
177958,7739427,entree sud
177983,7739703,la colline
177988,7739780,azrou
178011,7740156,ennakhil palmeraie
178023,7740260,berkane
178042,7740392,palmier
178061,7740660,mhamid
178062,7740662,maarif extension
178079,7740839,imouzzer kendar
178086,7740895,mrir t
178093,7740987,route de ouarzazate
178097,7741029,beni yakhlef
178099,7741037,m diq
178103,7741098,californie
178106,7741111,gueliz
178108,7741146,anfa superieur
178114,7741304,el manar el hank
178119,7741330,bir rami est
178146,7741458,achakar
178161,7741646,bir jdid
178164,7741713,ferme bretonne hay arraha
178181,7741903,marrakech
178182,7741906,marrakech
178193,7741950,al qods
178197,7742044,belvedere
178198,7742067,jawhara
178211,7742234,bouskoura ville
178225,7742372,derb omar
178229,7742449,malabata
178242,7742554,palmier
178244,7742562,rabat
178250,7742673,oulfa
178252,7742694,tantonville
178282,7742935,tiznit
178288,7743026,ain sebaa
178292,7743099,sidi hajji
178293,7743118,route se sefrou
178294,7743147,plage oued cherrat
178302,7743296,centre ville
178306,7743345,la ville haute
178309,7743411,club onicl
178317,7743473,maarif extension
178320,7743496,gauthier
178326,7743535,route de l ourika
178337,7743660,route de l ourika
178338,7743669,route de l ourika
178347,7743760,la ville haute
178361,7744206,marrakech
178362,7744209,marrakech
178371,7744427,hivernage
178388,7744729,anfa
178404,7745803,hamria
178406,7745849,sahel oulad h riz
178407,7745868,la gironde
178408,7745913,palmier
178411,7745966,dar bouazza
178423,7746143,zenata
178427,7746282,sidi allal el bahraoui
178454,7747202,souissi
178465,7747435,amizmiz
178480,7748049,hay mohammadi
178482,7748065,al kodia
178483,7748069,hay mohammadi
178484,7748076,hay mohammadi
178485,7748081,hay mohammadi
178486,7748091,cite portugaise
178489,7748112,hay inara
178493,7748138,al qods
178500,7748247,californie
178503,7748275,hay targa
178504,7748282,route amizmiz
178509,7748360,sidi maarouf
178516,7748500,route de fez
178522,7748583,route de l ourika
178523,7748586,gueliz
178526,7748627,achakar
178527,7748636,zouagha
178538,7748905,maarif
178547,7749318,plage oued cherrat
178548,7749326,bouskoura ville
178552,7749391,sala el jadida
178590,7750023,had soualem
178597,7750105,dar bouazza
178600,7750122,akniss
178609,7750287,asilah
178611,7750292,asilah
178612,7750361,les hopitaux
178614,7750411,route amizmiz
178639,7750740,la colline
178643,7750754,cil hay salam
178685,7751218,sidi moussa
178695,7751331,sidi moussa
178702,7751366,riyad
178704,7751383,sidi rahal chatai
178711,7751448,agdal
178721,7751507,route de l ourika
178732,7751581,oasis
178734,7751600,ain diab
178742,7751734,maarif
178745,7751754,agdal
178748,7751764,agdal
178752,7751783,sidi hajji
178756,7751789,harhoura
178757,7751799,el youssoufia
178758,7751804,diour jamaa
178763,7751846,bab al bahr
178764,7751857,beausejour
178768,7751881,aviation mabella
178769,7751895,medina
178770,7751903,el menzeh
178771,7751922,hay riad
178773,7751972,el menzeh
178774,7751978,souissi
178775,7751989,ennakhil palmeraie
178778,7752050,bouskoura ville
178785,7752219,ennajd
178791,7752260,hay targa
178793,7752268,secteur touristique
178795,7752299,guelmim
178796,7752304,belvedere
178810,7752513,centre
178814,7752594,mdiq
178820,7752668,ihaddadene
178832,7752798,akkari
178833,7752800,marjane
178835,7752805,route de l ourika
178852,7753081,nouvelle ville
178868,7753201,m diq
178877,7753277,chefchaouen
178879,7753280,majorelle
178882,7753284,sidi abdallah ghiat
178888,7753334,el manar el hank
178896,7753470,el menzeh
178906,7753579,dar bouazza
178910,7753611,route de ouarzazate
178925,7753777,route de safi
178928,7753790,ain sebaa
178962,7754205,agafay
178974,7754352,saidia
178982,7754414,mimosas
178984,7754416,souissi
178986,7754444,route de fez
178988,7754447,oulad wjih
179010,7754684,gueliz
179016,7754885,oued laou
179020,7754937,la vilette
179021,7754972,hay mohammadi
179022,7754973,val fleury
179042,7755224,mers sultan
179043,7755227,hay targa
179044,7755236,riyad
179045,7755248,belvedere
179051,7755375,belvedere
179061,7755556,gueliz
179070,7755708,palmier
179071,7755713,mouassine
179082,7755847,mediouna
179094,7755989,al hoceima
179103,7756329,oulad salah
179111,7756410,lamiaa
179119,7756491,dar bouazza
179123,7756528,mghogha
179129,7756611,sidi ali ben hamdouche
179132,7756663,hassania 1
179134,7756687,hamza
179138,7756722,sidi moussa el majdoub
179142,7756768,medina
179146,7756864,route de tahanaout
179158,7756968,riyad
179161,7756992,plaisance
179176,7757171,oued laou
179180,7757193,oulad salah
179184,7757215,souissi
179189,7757255,centre ville
179209,7757382,abattoirs
179210,7757389,anassi
179216,7757486,ksar sghir
179220,7757509,route casablanca
179234,7757654,sidi ben slimane el jazouli
179236,7757682,mers sultan
179242,7757729,bir jdid
179250,7757776,route de fez
179252,7757783,kechich
179265,7757882,quartier bachkou
179269,7757924,route amizmiz
179281,7758086,oulfa
179284,7758117,el hadadda
179285,7758125,gueznaia
179286,7758131,midelt
179289,7758149,route de l ourika
179291,7758176,californie
179292,7758185,les iris
179304,7758269,route de l ourika
179310,7758335,jbel kbir
179312,7758348,ain diab extension
179313,7758356,longchamps hay al hanaa
179319,7758455,riyad
179336,7758596,quartier des ambassades
179342,7758632,bourgogne ouest
179348,7758700,lazaret
179352,7758735,ahlane
179360,7758988,la gironde
179361,7758995,mhamid
179366,7759074,el hadadda
179376,7759156,mghayer
179381,7759211,hay houda
179382,7759245,tifelt
179383,7759246,dar bouazza
179386,7759277,sidi kacem
179400,7759449,abouab sala
179401,7759575,mediouna
179426,7759897,les hopitaux
179435,7760064,berkane
179436,7760090,berrechid
179440,7760174,oasis sud
179453,7760337,cabo negro
179459,7760428,route de fez
179460,7760431,beni makada lakdima
179461,7760435,route de fez
179464,7760452,beausejour
179475,7760576,ain jemaa
179482,7760639,ain borja
179492,7760778,route de l ourika
179495,7760812,haut founty
179507,7760956,mesnana
179513,7761022,moulay bousselham
179514,7761026,castilla
179523,7761081,mandarona
179533,7761202,berrechid
179536,7761237,route amizmiz
179539,7761259,plage oued cherrat
179544,7761315,hay mesk lil
179554,7761531,assanaouber
179559,7761621,ksar sghir
179566,7761755,port tanger ville
179572,7761794,al kawtar
179592,7761951,lamaachate
179595,7761963,hay mohammadi
179606,7762155,route nationale assilah n1
179608,7762189,el hadadda
179617,7762331,sidi allal el bahraoui
179620,7762364,lissasfa
179628,7762457,centre ville
179629,7762471,ain borja
179637,7762528,azzouzia
179639,7762533,agdal
179643,7762596,al kawtar
179647,7762612,ville verte
179648,7762666,al moustakbal
179650,7762717,harhoura
179653,7762727,azzouzia
179672,7762935,agdal
179674,7762974,dar chaoui
179679,7763049,route de marrakech
179684,7763087,maarif extension
179702,7763228,route de ouarzazate
179704,7763230,arriere pays
179708,7763309,californie
179712,7763386,taboula
179717,7763447,boukhalef
179721,7763493,route amizmiz
179733,7763646,riad isli
179735,7763660,nassim 1
179737,7763741,ennakhil palmeraie
179750,7763875,agdal
179752,7763923,lissasfa
179760,7764075,sala el jadida
179762,7764102,hay chmaou
179768,7764150,triangle d or
179769,7764196,agdal
179787,7764431,hay targa
179790,7764476,drissia
179800,7764659,tamesna
179811,7764769,hay targa
179817,7764797,al hoceima
179820,7764855,hermitage
179824,7764893,hay saada 1
179833,7764963,route de ouarzazate
179836,7764994,hay el qods
179842,7765089,dar bouazza
179853,7765189,imzouren
179856,7765205,azib derai
179858,7765217,mers sultan
179859,7765223,al bassatine
179864,7765260,ouarzazate
179881,7765423,bir jdid
179892,7765530,iberie
179896,7765577,hay najah
179899,7765612,ain diab
179902,7765632,dar bouazza
179924,7765727,souissi
179931,7765864,el mansouria
179939,7766007,tanja balia
179953,7766210,moulay youssef
179968,7766523,massira 1
179979,7766691,founti
179989,7766806,founti
179998,7766943,casablanca
179999,7767003,mghogha
180000,7767009,oasis sud
180001,7767012,oulfa
180002,7767019,maarif extension
180004,7767078,bir rami ouest
180013,7767166,beni mellal
180015,7767193,el menzeh
180020,7767348,route de fez
180022,7767357,ain borja
180025,7767424,moulay youssef
180027,7767446,ksar el kebir
180041,7767546,zone industrielle sidi ghanem
180046,7767585,bouskoura ville
180047,7767587,medina
180067,7767973,mandarona
180069,7767977,ain diab extension
180073,7768035,achakar
180074,7768076,lissasfa
180075,7768077,lissasfa
180076,7768078,lissasfa
180079,7768081,lissasfa
180081,7768085,lissasfa
180088,7768160,la vilette
180096,7768258,californie
180097,7768260,racine
180099,7768309,ain chock
180102,7768359,centre ville
180129,7768573,medina
180130,7768580,golf de benslimane
180132,7768630,cente
180134,7768665,centre
180136,7768681,mghogha
180157,7769050,asilah
180160,7769063,secteur touristique
180162,7769083,maamora
180164,7769094,sidi maarouf
180168,7769176,ain sebaa
180170,7769200,al hadiqa
180181,7769320,saidia
180185,7769376,belvedere
180186,7769390,al kodia
180194,7769453,centre ville
180196,7769463,route casablanca
180226,7769892,quartier bachkou
180256,7770130,medina
180260,7770169,belvedere
180266,7770310,malabata
180272,7770351,bourgogne ouest
180282,7770404,derb al youssofia
180290,7770499,route d agadir essaouira
180295,7770540,el qaria
180309,7770614,route de l ourika
180315,7770650,bella vista
180316,7770653,ourika
180317,7770655,palmier
180320,7770720,californie
180327,7770802,zone industrielle oukacha
180330,7770846,azemmour
180332,7770912,rabat
180339,7771060,berkane
180343,7771091,sidi maarouf
180355,7771212,yasmina
180361,7771276,ain sebaa
180372,7771417,dar bouazza
180382,7771603,ksar el kebir
180386,7771691,fath el kheir
180401,7771853,marjane
180434,7772213,californie
180435,7772224,beausejour
180442,7772326,gueliz
180447,7772367,ennakhil palmeraie
180451,7772397,tanja balia
180452,7772403,sidi bouzid
180463,7772526,centre ville
180464,7772542,ain chock
180498,7772941,daoudiat
180500,7772976,route de ouarzazate
180504,7773002,californie
180516,7773221,hay chmaou
180517,7773241,sidi rahal
180519,7773267,centre
180534,7773383,mimosas
180539,7773434,manar
180540,7773437,sania
180542,7773497,ain diab
180545,7773549,rabat
180553,7773679,californie
180574,7773962,ain chock
180582,7774105,souissi
180614,7774779,mghogha
180615,7774780,mghogha
180620,7774844,belvedere
180645,7775264,ennakhil palmeraie
180647,7775343,mesnana
180650,7775375,du golf
180658,7775498,souissi
180671,7775710,jawhara
180678,7775866,centre
180683,7775909,wifak
180684,7775927,centre
180686,7775940,el hadadda
180687,7775952,mimosas
180688,7775958,riyad
180694,7776074,beausejour
180698,7776154,beni yakhlef
180700,7776181,casablanca marina
180709,7776443,had soualem
180711,7776464,mesnana
180715,7776487,ennajd
180723,7776577,bernoussi
180724,7776587,had soualem
180725,7776591,ennakhil palmeraie
180726,7776603,sidi maarouf
180735,7776680,de la plage
180753,7776996,fnideq
180763,7777189,casabarata
180771,7777254,kbour chou
180780,7777539,al boustane
180793,7777645,riyad
180796,7777659,hay targa
180797,7777660,maarif
180798,7777664,hay targa
180810,7777746,hay salam
180811,7777755,route de l ourika
180812,7777756,samlalia
180824,7777875,centre
180833,7777964,andalousse
180843,7778037,hay dakhla
180854,7778115,hay fath
180857,7778158,cil hay salam
180858,7778186,ain chock
180860,7778206,centre
180873,7778399,burger
180878,7778422,hay mohammadi
180902,7778701,ancienne medina
180923,7778962,tiznit
180927,7779034,zaouiat sidi kacem
180936,7779130,bouskoura ville
180940,7779152,route amizmiz
180948,7779204,bir rami ouest
180950,7779241,bouskoura ville
180953,7779265,centre ville
180966,7779367,dar bouazza
180968,7779414,centre ville
180979,7779518,val fleury
180995,7779606,souissi
180996,7779610,errahma
180997,7779621,bouskoura ville
181008,7779741,bir rami ouest
181015,7779929,riyad
181023,7780089,mimosas
181026,7780128,bourgogne ouest
181027,7780152,centre ville
181042,7780429,mont fleuri
181047,7780534,haut founty
181048,7780537,cabo negro
181056,7780641,arset el houta
181057,7780655,route d agadir essaouira
181061,7780733,charaf
181064,7780780,jbel kbir
181070,7780872,el mansouria
181094,7781126,amelkis
181111,7781309,anfa superieur
181112,7781322,essaada
181113,7781369,sania
181116,7781378,dar bouazza
181127,7781563,sidi abbad
181134,7781644,tameslohte
181138,7781673,californie
181148,7781772,racine
181149,7781825,route amizmiz
181151,7781839,maghrib arabi
181152,7781863,belvedere
181158,7781896,marjane
181159,7781913,californie
181169,7782033,deroua
181174,7782053,deroua
181175,7782070,bouskoura ville
181189,7782179,cabo negro
181190,7782181,cabo negro
181195,7782257,quods
181209,7782364,talaa
181211,7782382,route de l ourika
181214,7782432,hay salam
181216,7782436,hay salam
181221,7782459,tamesna
181225,7782481,route ain chkaf
181226,7782488,route se sefrou
181228,7782508,narjiss
181245,7782731,racine
181247,7782795,sala el jadida
181248,7782796,sala el jadida
181258,7782830,route de l ourika
181269,7783100,mesnana
181274,7783197,agdal
181277,7783230,agdal
181278,7783252,palmier
181287,7783324,anfa
181293,7783416,sidi bouknadel
181294,7783428,sala el jadida
181295,7783430,sala el jadida
181296,7783436,anfa
181301,7783466,gdana
181302,7783469,les chenes
181311,7783550,hay houda
181313,7783552,hay houda
181314,7783553,hay houda
181321,7783589,wafa
181322,7783591,wafa
181323,7783593,wafa
181324,7783595,wafa
181325,7783602,la ville haute
181326,7783641,azemmour
181330,7783665,hay houda
181331,7783667,hay houda
181333,7783671,hay houda
181338,7783722,marrakech
181342,7783762,mdiq
181343,7783767,plaisance
181346,7783796,sidi ahmed ou moussa
181359,7783959,dar bouazza
181364,7784002,oulfa
181365,7784011,route amizmiz
181373,7784084,maarif extension
181378,7784187,route de fez
181381,7784237,izdihar
181386,7784260,ksar sghir
181390,7784273,rabat
181391,7784274,rabat
181392,7784299,bouskoura ville
181393,7784305,polo
181406,7784394,cabo negro
181422,7784520,beausejour
181434,7784608,burger
181438,7784667,gueliz
181439,7784668,gueliz
181441,7784723,ain diab
181449,7784842,route de fez
181463,7785041,ksibat nhas
181470,7785143,hivernage
181471,7785145,agdal
181472,7785147,sidi moumen
181493,7785474,guich oudaya
181494,7785475,benyara
181498,7785496,rommani
181503,7785553,amelkis
181504,7785555,marrakech
181505,7785558,marrakech
181509,7785576,centre ville
181512,7785603,racine
181513,7785610,hay chrifa
181520,7785690,guelmim
181531,7785802,ksar sghir
181536,7785918,route de l ourika
181538,7785965,centre ville
181540,7786017,californie
181562,7786231,dar bouazza
181563,7786236,ait faska
181574,7786316,hay essalam
181581,7786430,agdal
181582,7786436,riad zitoun
181587,7786487,hay raha
181588,7786507,centre
181589,7786520,bernoussi
181612,7786800,route de fez
181620,7787006,errahma
181629,7787053,had soualem
181630,7787054,had soualem
181632,7787056,had soualem
181633,7787057,had soualem
181635,7787062,bouskoura ville
181639,7787086,route casablanca
181646,7787168,route casablanca
181648,7787201,maarif extension
181652,7787246,ben maachou
181658,7787326,aviation mabella
181670,7787470,de la plage
181686,7787701,centre
181688,7787728,racine
181692,7787764,centre
181698,7787828,riyad
181703,7787847,longchamps hay al hanaa
181704,7787869,amelkis
181713,7787943,les hopitaux
181715,7787949,maarif extension
181716,7787951,riyad
181717,7787954,ville verte
181725,7788045,tantonville
181731,7788146,route de l ourika
181738,7788257,essaada
181739,7788266,riyad
181747,7788375,route d agadir essaouira
181748,7788383,dar bouazza
181754,7788474,longchamps hay al hanaa
181761,7788523,sidi bouzid
181766,7788599,route se sefrou
181767,7788602,hay al wifaq
181768,7788603,ville verte
181777,7788678,riyad
181783,7788708,casablanca finance city
181784,7788714,mouassine
181790,7788769,agdal
181791,7788800,californie
181796,7788894,oued eddahab
181797,7788946,quartier du parc
181817,7789111,taounate
181819,7789137,asilah
181829,7789189,route de safi
181837,7789250,dar bouazza
181845,7789297,route se sefrou
181850,7789332,ahlane
181851,7789346,gueliz
181863,7789442,ain aouda
181865,7789488,ain diab extension
181878,7789643,riyad
181882,7789752,rabat
181883,7789755,casablanca
181886,7789765,gueliz
181887,7789768,sidi youssef
181904,7789956,bernoussi
181905,7789958,hay mohammadi
181911,7790011,abouab sala
181918,7790089,lahraouiyine
181935,7790399,route de l ourika
181944,7790515,el menzeh
181948,7790565,les hopitaux
181949,7790566,saidia
181976,7790719,sidi moumen
181980,7790745,californie
181982,7790753,ait ourir
181996,7790826,izdihar
182021,7791059,sala el jadida
182030,7791160,quartier aerodrome
182035,7791245,ennakhil palmeraie
182044,7791424,bourgogne ouest
182080,7791805,laymoune
182085,7791841,gauthier
182094,7791925,taghazout
182098,7791979,harhoura
182101,7791999,hay el boughaz
182102,7792016,sidi rahal chatai
182109,7792107,bourgogne ouest
182110,7792110,californie
182117,7792166,route de l ourika
182120,7792204,m diq
182130,7792311,ville verte
182135,7792356,amelkis
182141,7792393,agdal
182142,7792397,route de l ourika
182150,7792423,anfa
182154,7792433,sidi maarouf
182156,7792436,hay nahda
182164,7792453,mers sultan
182178,7792608,martil
182185,7792708,plage oued cherrat
182193,7792855,ain diab
182196,7792900,hay dakhla
182204,7793015,route de tahanaout
182209,7793062,val fleury
182211,7793065,hay hassani
182230,7793197,camp al ghoul
182239,7793252,had soualem
182246,7793300,hermitage
182249,7793312,bab al bahr
182253,7793333,bab doukkala
182255,7793380,assouel
182265,7793560,marjane
182267,7793601,route de ouarzazate
182269,7793603,el hajeb
182270,7793618,ain chock
182276,7793708,gueliz
182298,7794008,hivernage
182300,7794021,quartier du parc
182308,7794053,les princesses
182310,7794058,californie
182315,7794109,amelkis
182323,7794347,californie
182340,7794522,hay mohammadi
182352,7794566,mhamid
182373,7794758,route amizmiz
182381,7794848,route de tahanaout
182395,7794974,oasis
182397,7795005,hay chmaou
182405,7795093,hassan centre ville
182407,7795104,les princesses
182412,7795139,mesnana
182414,7795148,cabo negro
182420,7795199,sidi maarouf
182422,7795210,ma c3 a2rif
182432,7795302,tanger city center
182447,7795414,larache
182450,7795432,hay chrifa
182458,7795468,azib derai
182469,7795542,riyad
182473,7795579,souissi
182476,7795623,beausejour
182494,7795906,fnideq
182500,7795993,aouama gharbia
182508,7796061,hay lalla haya
182509,7796064,sidi maarouf
182512,7796103,maarif
182516,7796182,longchamps hay al hanaa
182518,7796192,route amizmiz
182519,7796194,route casablanca
182530,7796269,laymoune
182538,7796347,bouskoura ville
182548,7796402,souissi
182554,7796436,franceville
182564,7796521,el matar
182565,7796529,el menzeh
182567,7796547,marrakech
182574,7796568,centre
182582,7796655,bouskoura ville
182601,7796772,administratif
182605,7796798,centre
182635,7797041,centre
182637,7797055,entree sud
182638,7797057,dar bouazza
182645,7797099,maarif extension
182650,7797169,aviation mabella
182658,7797339,centre
182662,7797364,bouskoura ville
182665,7797394,mouassine
182670,7797458,route de rabat
182675,7797502,maamora
182676,7797506,gauthier
182689,7797606,beausejour
182690,7797613,oulad salah
182698,7797658,bouskoura ville
182701,7797683,hay mohammadi
182705,7797706,bernoussi
182707,7797716,el menzeh
182711,7797747,had soualem
182719,7797801,wilaya
182720,7797806,riyad
182722,7797842,cente
182723,7797844,ferme bretonne hay arraha
182731,7797940,route de l ourika
182734,7798003,el menzeh
182736,7798014,agdal
182758,7798270,wifak
182759,7798276,route de l ourika
182769,7798388,californie
182771,7798407,les princesses
182776,7798478,oasis
182780,7798494,bernoussi
182782,7798517,tanja balia
182788,7798581,ennakhil palmeraie
182789,7798585,bouskoura ville
182792,7798633,samlalia
182793,7798634,samlalia
182795,7798636,samlalia
182808,7798670,ferme bretonne hay arraha
182811,7798697,californie
182830,7798901,tabriquet
182834,7798922,marjane
182838,7798971,el mansouria
182841,7799016,longchamps hay al hanaa
182846,7799051,bourmana
182855,7799196,tilila
182858,7799247,route de l ourika
182870,7799330,hay essalam
182880,7799476,cherkaoui marzouka
182895,7799574,bernoussi
182903,7799622,sidi youssef
182915,7799687,sala el jadida
182916,7799690,bouskoura ville
182920,7799768,du golf
182924,7799851,al hoceima
182925,7799868,ait ourir
182927,7799920,hay al massar
182929,7799931,palmier
182936,7799999,tamesna
182950,7800112,sidi bouzid
182951,7800150,beausejour
182953,7800216,azemmour
182957,7800248,asilah
182971,7800337,dar bouazza
182975,7800377,casablanca
182978,7800508,sidi rahal
182987,7800626,majorelle
182991,7800650,hay targa
182992,7800672,racine extension
182993,7800676,riyad
182999,7800726,hay salam
183001,7800762,marrakech
183017,7800928,deroua
183027,7801017,casablanca finance city
183036,7801063,hivernage
183039,7801092,hivernage
183041,7801108,riyad
183042,7801117,route amizmiz
183055,7801261,mirleft
183064,7801399,maarif
183069,7801457,californie
183071,7801480,gueliz
183075,7801510,route amizmiz
183084,7801553,bouskoura ville
183090,7801586,mozart
183093,7801628,riyad
183105,7801721,quartier des ambassades
183112,7801757,ennakhil palmeraie
183119,7801889,palmier
183122,7801920,cabo negro
183127,7801982,maarif
183129,7801998,maarif
183137,7802082,nouvelle ville
183146,7802152,racine
183152,7802214,marrakech
183153,7802230,maarif extension
183154,7802240,val fleuri
183155,7802243,wifak
183165,7802295,casablanca finance city
183169,7802333,hay targa
183173,7802371,hay zobir
183183,7802513,route de ouarzazate
183195,7802689,manar
183202,7802736,al boustane
183215,7802832,ain sebaa
183219,7802866,bir rami est
183222,7802909,zone industrielle
183224,7802920,bernoussi
183235,7803011,triangle d or
183241,7803055,agdal
183250,7803197,route de ouarzazate
183253,7803206,souissi
183254,7803207,agdal
183260,7803302,achakar
183264,7803326,hay targa
183280,7803430,hay dakhla
183282,7803437,dar bouazza
183288,7803464,la gironde
183297,7803507,ksar el kebir
183299,7803516,rmilat
183303,7803548,rabat
183305,7803612,agdal
183309,7803642,asilah
183311,7803663,route de l ourika
183323,7803738,cil hay salam
183328,7803769,hay massira
183339,7803862,martil
183342,7803889,hay lalla haya
183345,7803912,franceville
183350,7804017,kebibat
183358,7804098,bouskoura ville
183364,7804184,zaio
183365,7804185,zaio
183366,7804188,zaio
183381,7804297,ounagha
183385,7804350,maarif
183394,7804448,riyad
183395,7804451,riyad
183399,7804516,nouaceur
183407,7804615,el manar el hank
183415,7804677,bourgogne ouest
183416,7804681,val fleuri
183425,7804786,iberie
183436,7804903,route d agadir essaouira
183438,7804908,el qods
183441,7804935,asilah
183449,7804983,nassim 2
183450,7804984,riyad
183456,7805027,longchamps hay al hanaa
183457,7805042,sidi abdellah
183460,7805053,iberie
183461,7805060,quods
183465,7805110,sidi youssef
183468,7805115,sala el jadida
183469,7805116,route d agadir
183470,7805124,route de safi
183472,7805150,route de tahanaout
183474,7805161,californie
183483,7805345,dar bouazza
183489,7805399,malabata
183494,7805424,rabat
183497,7805447,riyad
183512,7805589,palmier
183525,7805646,souissi
183535,7805693,ait melloul
183552,7805826,hay zitoune
183553,7805828,cil hay salam
183558,7805889,oasis
183561,7805916,al kawtar
183562,7805920,amsernate
183566,7805971,ain diab
183574,7806060,souissi
183576,7806081,harhoura
183589,7806203,secteur touristique
183590,7806228,zone industrielle
183593,7806251,ain sebaa
183600,7806321,zone industrielle
183601,7806322,zone industrielle
183604,7806336,sala el jadida
183606,7806344,aarid
183611,7806377,al boustane
183616,7806406,bourgogne ouest
183619,7806463,lahrarta
183626,7806573,les hopitaux
183628,7806596,gauthier
183631,7806608,les hopitaux
183633,7806622,oulfa
183636,7806649,hassan centre ville
183650,7806862,sala el jadida
183662,7806964,les princesses
183667,7806980,ain chock
183671,7806989,sala el jadida
183673,7806997,gueliz
183675,7807044,ferme bretonne hay arraha
183676,7807045,centre ville
183679,7807065,dar bouazza
183685,7807119,el marsa
183687,7807135,moualine el oued
183688,7807138,el marsa
183693,7807180,triangle d or
183706,7807332,oulfa
183707,7807335,malabata
183713,7807374,marrakech
183718,7807400,les hopitaux
183727,7807472,derb ghalef
183728,7807480,route amizmiz
183733,7807495,ain errouz
183734,7807496,sidi bouknadel
183739,7807523,ben guerir
183742,7807550,route de fez
183751,7807617,riyad
183756,7807663,mers el kheir
183758,7807668,harhoura
183765,7807714,route de l ourika
183770,7807782,el beddouza
183790,7808010,centre
183795,7808051,gueliz
183804,7808111,route amizmiz
183823,7808301,el manar el hank
183826,7808315,hay idrissia
183827,7808325,tamesna
183831,7808342,marjane
183832,7808345,ouarzazate
183833,7808348,asrir
183834,7808359,riyad
183836,7808372,longchamps hay al hanaa
183846,7808449,sidi rahal
183863,7808600,ain tizgha
183866,7808649,secteur touristique
183867,7808660,fonciere
183869,7808679,route de l ourika
183871,7808685,hay chmaou
183875,7808759,derb chtouka
183876,7808766,plaisance
183880,7808779,tanja balia
183883,7808790,gueliz
183890,7808825,la ville haute
183914,7809011,gauthier
183917,7809027,sidi maarouf
183918,7809035,palmier
183920,7809050,nassim 2
183922,7809064,wislane
183923,7809094,sidi maarouf
183927,7809125,racine
183932,7809172,bourgogne est
183933,7809184,ziana
183935,7809216,gauthier
183939,7809243,riyad
183945,7809338,hay chmaou
183950,7809368,route se sefrou
183954,7809415,massira 3
183958,7809437,beni makada lakdima
183961,7809444,californie
183962,7809452,charf
183963,7809456,tanja balia
183968,7809485,dar bouazza
183975,7809517,ouarzazate
183983,7809580,riyad
183988,7809640,bourgogne ouest
183993,7809671,anfa
184000,7809754,marrakech
184001,7809758,mhamid
184002,7809766,californie
184037,7810188,agdal
184039,7810207,ennakhil palmeraie
184042,7810218,ksibat nhas
184045,7810221,ennakhil palmeraie
184052,7810275,ain diab
184054,7810292,la gironde
184060,7810352,dar bouazza
184061,7810369,route amizmiz
184063,7810456,casablanca finance city
184064,7810460,oasis
184068,7810512,gauthier
184069,7810542,ferme bretonne hay arraha
184072,7810565,m diq
184094,7810786,sidi moumen
184096,7810800,quartier aerodrome
184099,7810824,dar bouazza
184106,7810904,hay inara
184111,7810935,hay targa
184115,7811021,racine
184120,7811045,ait faska
184121,7811046,racine
184129,7811143,sidi rahal chatai
184131,7811151,racine
184136,7811228,ouislane
184137,7811239,bouskoura ville
184159,7811452,ait melloul
184163,7811483,ras el ma
184164,7811488,taboula
184178,7811611,ain harrouda
184179,7811615,dar bouazza
184180,7811620,daoudiat
184189,7811690,narjis
184203,7811802,oulad salah
184216,7811874,haut agdal
184217,7811900,moujahidine
184218,7811906,anfa
184248,7812121,golf de benslimane
184267,7812268,agdal
184270,7812281,hassan centre ville
184280,7812383,les hopitaux
184285,7812416,amelkis
184286,7812417,had soualem
184290,7812425,ennakhil palmeraie
184293,7812442,place lahdim
184298,7812472,californie
184299,7812473,hamria
184301,7812480,bourgogne est
184314,7812585,dar bouazza
184315,7812603,haut agdal
184319,7812619,agdal
184330,7812711,riyad
184331,7812715,masmoudi
184342,7812814,hay al wafaa
184345,7812841,lissasfa
184352,7812882,racine
184364,7812953,beausejour
184366,7812977,malabata
184372,7813074,martil
184374,7813095,el mansouria
184377,7813129,hay bensouda
184396,7813282,route casablanca
184404,7813337,quartier industriel
184405,7813346,oulad yahya louta
184408,7813388,oulad yahya louta
184414,7813470,souissi
184418,7813474,hay mabrouka
184428,7813545,route de l ourika
184437,7813592,route d agadir essaouira
184447,7813649,camp al ghoul
184452,7813664,oulad hassoune
184453,7813682,al kawtar
184466,7813816,berrechid
184472,7813889,asilah
184480,7813979,gueliz
184498,7814127,charaf
184501,7814161,californie
184510,7814314,route amizmiz
184511,7814320,centre
184524,7814449,boukhalef
184536,7814563,californie
184539,7814598,wislane
184548,7814681,centre
184550,7814686,al farah dar essalam
184570,7814856,belvedere
184576,7814902,hamria
184577,7814918,sidi moumen
184584,7814948,sidi el aidi
184585,7814955,saidia
184589,7814987,ennakhil palmeraie
184599,7815068,route de l ourika
184602,7815080,selouane
184613,7815126,manar
184626,7815212,oulfa
184627,7815219,dar bouazza
184631,7815285,hay targa
184635,7815301,hay saada
184646,7815370,zone industrielle mghogha
184647,7815373,oulfa
184650,7815386,route de fez
184653,7815404,dar bouazza
184664,7815518,gueliz
184669,7815583,gueliz
184670,7815585,hay targa
184683,7815660,californie
184684,7815668,gueliz
184685,7815676,centre ville
184699,7815799,rmilat
184701,7815809,haut anza
184707,7816013,amelkis
184708,7816020,marjane
184722,7816145,marrakech
184723,7816146,sidi othmane
184744,7816248,jbel kbir
184747,7816274,el keddan
184768,7816388,centre ville
184770,7816390,casablanca
184787,7816549,quartier du soleil
184790,7816557,maarif extension
184794,7816587,riyad
184820,7816757,route casablanca
184829,7816893,fnideq
184831,7816913,palmier
184842,7816999,nassim 1
184843,7817005,agdal
184860,7817119,sidi maarouf
184861,7817120,ferme bretonne hay arraha
184866,7817174,racine
184876,7817246,boukhalef
184877,7817258,les chenes
184884,7817353,route de ouarzazate
184904,7817537,quartier des ambassades
184908,7817576,malabata
184914,7817585,ouislane
184917,7817600,plage rose maree
184918,7817604,racine
184922,7817632,hay mabrouka
184928,7817736,laymoune
184956,7817994,ville nouvelle
184958,7818035,ras el ma
184961,7818071,bouskoura ville
184963,7818106,berrechid
184965,7818111,sidi bou amar
184973,7818178,ksibat nhas
184977,7818215,boukhalf
184987,7818278,gueliz
184995,7818328,al aaroui
184999,7818369,kebibat
185001,7818383,ennakhil palmeraie
185004,7818390,nassim 2
185013,7818439,hay tazi
185016,7818452,place lahdim
185019,7818486,ennakhil palmeraie
185024,7818605,mers el kheir
185025,7818608,gauthier
185026,7818609,dar bouazza
185027,7818624,bled eljed
185028,7818646,route nationale assilah n1
185036,7818691,mers sultan
185051,7818874,racine
185059,7818922,californie
185060,7818923,racine
185068,7818963,achennad
185075,7819058,ennakhil palmeraie
185076,7819059,gueliz
185084,7819194,corniche
185089,7819232,harhoura
185090,7819246,ain diab
185094,7819280,bir jdid
185097,7819313,plage oued cherrat
185124,7819419,californie
185127,7819447,bourgogne ouest
185128,7819451,maarif extension
185129,7819452,californie
185140,7819534,oulad ali mansour
185144,7819584,roches noires
185147,7819606,ain aouda
185148,7819610,les princesses
185164,7819694,narjis
185179,7819829,riyad
185187,7819912,ain diab
185188,7819921,dar bouazza
185189,7819927,branes 1
185208,7820131,ain diab
185217,7820212,sidi abdellah
185221,7820225,bouskoura ville
185224,7820245,route nationale assilah n1
185257,7820376,ait baha
185258,7820382,route amizmiz
185263,7820439,gueliz
185268,7820514,dar bouazza
185271,7820531,maarif
185279,7820575,beausejour
185292,7820635,dar bouazza
185300,7820668,centre
185302,7820677,mhamid
185304,7820685,route de l ourika
185309,7820707,souissi
185318,7820772,talaa
185323,7820803,ain diab
185332,7820865,tamesna
185340,7820893,centre ville
185345,7820898,quartier du parc
185362,7821018,plage oued cherrat
185364,7821042,gauthier
185368,7821060,had soualem
185370,7821069,aviation mabella
185372,7821081,route de ouarzazate
185374,7821095,beausejour
185386,7821227,ennakhil palmeraie
185395,7821291,haut founty
185396,7821294,sidi ghanem
185398,7821312,val fleury
185410,7821404,samlalia
185411,7821408,route de fez
185415,7821444,hay mohammadi
185427,7821555,kbour chou
185429,7821570,mohammedia
185442,7821658,route de ouarzazate
185456,7821742,route de ouarzazate
185458,7821770,marjane
185459,7821775,sanaoubar
185463,7821808,bourgogne est
185466,7821857,longchamps hay al hanaa
185481,7821974,route casablanca
185498,7822110,ain diab extension
185503,7822179,souissi
185513,7822215,route de fez
185522,7822262,route de fez
185525,7822295,oued eddahab
185537,7822333,place lahdim
185547,7822418,amelkis
185548,7822424,route casablanca
185551,7822443,route de tahanaout
185553,7822453,beni mellal
185556,7822469,les princesses
185558,7822488,anfa
185559,7822498,ain sebaa
185560,7822504,ennakhil palmeraie
185568,7822561,route casablanca
185583,7822739,bella vista
185593,7822839,technopolis
185595,7822846,taghazout
185596,7822872,azzouzia
185599,7822897,ville verte
185604,7822943,mozart
185609,7822964,quartier du parc
185611,7823000,oued zem
185613,7823008,route immouzer
185625,7823052,achennad
185656,7823327,rabat
185680,7823449,beausejour
185685,7823498,boulevard med 6
185688,7823505,maarif extension
185690,7823515,sidi maarouf
185695,7823535,taddart anza
185701,7823555,haut agdal
185710,7823618,smaala
185711,7823628,route amizmiz
185716,7823682,errahma
185719,7823702,gauthier
185725,7823719,plage oued cherrat
185731,7823762,route de safi
185732,7823768,hay salam
185735,7823777,m diq
185742,7823812,agdal
185768,7823955,bouskoura ville
185770,7823978,riyad
185771,7823981,had soualem
185773,7824010,agdal
185777,7824021,sidi yahya zaer
185781,7824058,derb douam
185791,7824126,route de ouarzazate
185798,7824177,route de ouarzazate
185801,7824184,medina
185802,7824186,amelkis
185812,7824297,sala el jadida
185825,7824388,moulay lyazid
185836,7824471,nassim 2
185837,7824473,bouskoura ville
185840,7824493,boudnib
185859,7824670,mediouna
185861,7824683,maarif extension
185864,7824712,casablanca finance city
185867,7824725,californie
185870,7824762,riyad
185872,7824777,riyad
185883,7824857,route amizmiz
185893,7824922,val fleury
185905,7825000,entree sud
185915,7825048,souissi
185922,7825080,guelmim
185966,7825277,pepiniere
185968,7825279,bernoussi
185975,7825335,bouskoura ville
185978,7825348,oued eddahab
185987,7825404,route de fez
185990,7825417,belvedere
185994,7825440,route de tahanaout
185998,7825451,route de ouarzazate
186004,7825464,les princesses
186007,7825488,de la plage
186012,7825522,hay mohammadi
186014,7825531,triangle d or
186018,7825562,hay hakam
186020,7825576,sidi maarouf
186025,7825611,el menzeh
186028,7825626,ain diab extension
186033,7825697,ville verte
186036,7825707,riyad
186062,7825914,route de ouarzazate
186063,7825922,charf
186065,7825949,tamesna
186077,7825998,haut founty
186079,7826012,ain diab
186092,7826092,zone industrielle mghogha
186097,7826108,maarif extension
186103,7826156,ville verte
186120,7826321,hay anas
186123,7826336,route amizmiz
186132,7826380,les hopitaux
186137,7826426,bouskoura ville
186143,7826487,riyad
186150,7826585,sala el jadida
186152,7826591,founti
186166,7826703,ennakhil palmeraie
186190,7826784,el massira
186203,7826866,berkane
186205,7826886,bouskoura ville
186206,7826896,gueliz
186207,7826899,mediouna
186214,7826994,ain sebaa
186217,7827011,riyad
186218,7827022,bir jdid
186223,7827057,wifak
186224,7827068,wifak
186230,7827159,cil hay salam
186235,7827219,centre
186243,7827269,bouskoura ville
186248,7827281,hay hassani
186260,7827306,route casablanca
186264,7827319,ville verte
186268,7827330,daoudiat
186275,7827378,hay al fath
186289,7827511,ain harrouda
186297,7827595,route de l ourika
186305,7827644,les princesses
186306,7827654,el beddouza
186319,7827734,route casablanca
186333,7827810,azla
186337,7827873,rabat
186342,7827932,dar bouazza
186344,7827939,hivernage
186349,7827975,ain attig
186350,7827976,massira 1
186356,7827998,gauthier
186359,7828027,belvedere
186364,7828047,ain sebaa
186366,7828052,ain sebaa
186369,7828062,mehdia
186373,7828081,martil
186380,7828111,route amizmiz
186446,7828249,route amizmiz
186451,7828284,chefchaouen
186468,7828464,route de safi
186474,7828514,route casablanca
186475,7828515,roches noires
186476,7828517,ain diab
186486,7828634,talaa
186504,7828767,bir rami ouest
186505,7828776,samlalia
186510,7828845,talborjt
186512,7828856,route de l ourika
186517,7828883,amelkis
186528,7829118,ouled teima
186530,7829124,asilah
186533,7829195,el menzeh
186534,7829211,maarif
186535,7829259,oasis sud
186541,7829328,korat essba
186543,7829333,gauthier
186545,7829352,abi ragrag
186548,7829387,bella vista
186549,7829402,m diq
186551,7829454,route de tahanaout
186553,7829506,bouskoura ville
186554,7829536,medina
186555,7829556,dar bouazza
186556,7829583,palmier
186557,7829592,dar bouazza
186558,7829632,el mansouria
186559,7829634,maarif
186560,7829639,zekak erroumane
186562,7829693,amerchich
186564,7829825,assif
186565,7829847,palmier
186566,7829873,ain diab extension
186568,7829938,maarif
186570,7829971,plage oued cherrat
186571,7830012,hay al massar
186574,7830033,gauthier
186577,7830084,gueliz
186579,7830115,assarag
186580,7830129,amelkis
186581,7830131,amelkis
186582,7830207,centre
186583,7830256,mhamid
186585,7830365,route de fez
186586,7830377,route de l ourika
186590,7830432,souissi
186593,7830499,moujahidine
186595,7830547,du golf
186596,7830557,route de l ourika
186597,7830558,amelkis
186598,7830559,majorelle
186599,7830560,route de fez
186601,7830672,lissasfa
186604,7830694,agdal
186605,7830727,sidi hajji
186606,7830740,deroua
186607,7830754,racine
186609,7830768,al kamra
186612,7830840,al hadika
186613,7830841,quartier oued fes
186615,7830881,maarif
186617,7830919,ain sebaa
186619,7831004,arriere pays
186620,7831036,medina
186621,7831060,route de l ourika
186623,7831144,inzegan
186624,7831154,palmier
186625,7831223,bouskoura ville
186626,7831263,centre
186627,7831296,californie
186628,7831414,drargua
186631,7831563,route de l ourika
186632,7831584,dar bouazza
186634,7831707,riyad
186636,7831736,route de ouarzazate
186637,7831737,route de fez
186640,7831761,les hopitaux
186642,7831775,souissi
186643,7831787,mghogha
186644,7831811,el mokhfia
186648,7831859,mhamid
186649,7831865,bouskoura ville
186650,7831866,mhamid
186653,7831910,hay rajaa
186654,7831920,zone industrielle agadir
186656,7831955,taghazout
186658,7832018,tifelt
186661,7832036,majorelle
186663,7832050,el manar el hank
186666,7832112,sidi bouzid
186671,7832221,azib derai
186674,7832246,route casablanca
186676,7832265,hay mohammadi
186677,7832272,centre
186678,7832280,hay mohammadi
186679,7832284,hay dakhla
186680,7832378,agdal
186681,7832379,route amizmiz
186684,7832494,taza
186685,7832497,sidi slimane
186691,7832668,boulevard med 6
186692,7832671,les hopitaux
186693,7832683,derb omar
186696,7832812,douar laarab
186699,7832836,hay targa
186703,7832898,anfa
186705,7832926,hay al amal
186707,7832947,route de fez
186709,7832962,route de l ourika
186710,7832986,riyad
186711,7833008,route de ouarzazate
186712,7833016,hay targa
186713,7833027,hay qods
186715,7833133,bouskoura ville
186717,7833166,sidi maarouf
186718,7833182,les orangers
186719,7833185,marrakech
186720,7833210,centre
186721,7833228,route de ouarzazate
186727,7833344,moulay abdallah
186728,7833355,hay salama
186730,7833417,centre
186733,7833454,al hoceima
186744,7833514,haut founty
186745,7833528,nemsia
186748,7833619,talaa
186749,7833635,diour jamaa
186750,7833644,port
186751,7833646,port
186753,7833713,maarif extension
186754,7833720,ennakhil palmeraie
186756,7833863,sahel chamali
186757,7833918,bouskoura ville
186760,7834022,bourgogne ouest
186761,7834056,nouaceur
186762,7834098,talaa
186763,7834110,centre
186765,7834118,talaa
186767,7834241,route nationale assilah n1
186769,7834285,gueliz
186770,7834294,sidi moussa lhamri
186772,7834384,nahda 1
186773,7834401,al mandar al jamil
186774,7834450,hamria
186775,7834455,hikma i
186778,7834513,marrakech
186779,7834603,taghazout
186780,7834630,masmoudi
186784,7834792,belvedere
186787,7834807,beausejour
186789,7834872,al aalia
186790,7834959,tamesna
186791,7834977,aharrarine
186792,7834978,aharrarine
186793,7834979,aharrarine
186797,7835096,hay al fath
186798,7835105,bouskoura ville
186799,7835124,route de fez
186800,7835132,bella vista
186802,7835265,riyad
186803,7835270,ait siberne
186804,7835282,sidi bouzekri
186807,7835318,taghazout
186809,7835367,aviation
186810,7835412,hay salam
186812,7835433,racine
186814,7835437,casablanca
186815,7835444,oasis
186816,7835469,route de tahanaout
186819,7835604,ahlane
186821,7835688,azemmour
186822,7835697,sidi rahal chatai
186824,7835792,issil
186826,7835816,route d agadir
186829,7835864,hay zitoune
186831,7835895,oulfa
186832,7835900,ville verte
186833,7835914,gueliz
186834,7835937,sidi allal el bahraoui
186835,7835940,ennakhil palmeraie
186836,7835944,ville nouvelle
186837,7835975,saidia
186839,7835998,dar bouazza
186843,7836108,abouab sala
186844,7836109,l habitat
186847,7836214,ain diab
186848,7836250,hay al rajaa fillah
186849,7836282,berrechid
186850,7836305,ait melloul
186852,7836450,souissi
186853,7836464,hamria
186856,7836527,tanger city center
186858,7836575,riad oulad mtaa
186861,7836623,route de fez
186862,7836634,sidi bibi
186863,7836641,route d agadir essaouira
186873,7836708,bourgogne ouest
186874,7836745,tanja balia
186875,7836754,agdal
186876,7836773,ain borja
186877,7836790,beni yakhlef
186880,7836848,plateau
186883,7836934,gueliz
186885,7836989,iberie
186887,7837013,hay mohammadi
186888,7837034,chefchaouen
186891,7837124,el mansouria
186892,7837151,centre ville
186893,7837177,al adarissa
186894,7837207,secteur touristique
186896,7837233,bouskoura ville
186897,7837285,samlalia
186898,7837316,maarif
186900,7837425,souani
186903,7837448,fnideq
186906,7837513,de la plage
186908,7837564,route casablanca
186909,7837599,bouskoura ville
186911,7837643,tanja balia
186916,7837728,cabo negro
186920,7837871,ain erreggada
186921,7837902,route amizmiz
186924,7838021,route immouzer
186925,7838115,ville verte
186927,7838210,hay nahda
186929,7838328,dar bouazza
186932,7838404,bourmana
186933,7838412,aviation mabella
186934,7838437,zone industrielle
186936,7838558,agdal
186937,7838586,route de l ourika
186940,7838663,marchan
186941,7838687,les princesses
186944,7838722,derb carlotti
186946,7838759,sidi moumen
186947,7838762,oued eddahab
186948,7838765,bab lekhmiss
186950,7838795,centre
186951,7838816,ait melloul
186952,7838817,agadir melloul
186954,7839015,mirleft
186955,7839016,al hadika
186958,7839040,ancienne medina
186959,7839042,gueliz
186960,7839055,harhoura
186961,7839095,zaouiat lahdar
186962,7839124,californie
186964,7839146,maarif extension
186966,7839159,bouskoura ville
186968,7839220,oulad wjih
186971,7839254,berrechid
186972,7839315,sala el jadida
186974,7839355,tifelt
186976,7839410,sidi kaouki
186977,7839416,casablanca finance city
186979,7839459,hermitage
186982,7839512,sidi moumen
186984,7839518,fes city center
186985,7839556,riad oulad mtaa
186987,7839577,souissi
186988,7839634,centre
186991,7839694,sidi maarouf
186992,7839768,el ensanche
186995,7839914,jamila 3
186996,7839928,mghogha
186998,7839988,bouskoura ville
187000,7840053,anfa
187005,7840119,quartier bachkou
187007,7840132,palmier
187008,7840154,city dar es salaam
187009,7840155,salmia 2
187011,7840193,route casablanca
187012,7840234,jbel kbir
187013,7840268,anfa
187019,7840454,ville verte
187020,7840455,ville verte
187021,7840460,ville verte
187022,7840462,ville verte
187029,7840709,bourgogne ouest
187030,7840742,hivernage
187033,7840821,ain diab
187035,7840851,el menzeh
187036,7840908,bouskoura ville
187038,7841058,la floride
187040,7841060,racine
187041,7841097,ain diab
187042,7841141,nouaceur
187043,7841149,al aalia
187044,7841161,racine
187047,7841289,cgi
187048,7841300,secteur touristique
187049,7841315,cgi
187053,7841401,tenoukchet
187055,7841466,saidia
187057,7841490,zagora
187058,7841516,la siesta
187060,7841560,ennakhil palmeraie
187061,7841561,centre ville
187062,7841617,harhoura
187063,7841635,sidi slimane
187064,7841636,burger
187065,7841691,imarat
187066,7841706,el menzeh
187067,7841712,route amizmiz
187068,7841713,mers sultan
187071,7841817,sidi bouzid
187072,7841831,a c3 afn seba c3 a2
187082,7842234,route immouzer
187083,7842242,anfa
187084,7842287,agdal
187086,7842314,administratif
187087,7842327,longchamps hay al hanaa
187091,7842387,hassan centre ville
187092,7842404,maamora
187095,7842425,hay hassani
187096,7842439,hay hassani
187097,7842459,medina
187099,7842526,sidi maarouf
187102,7842575,talborjt
187103,7842590,bouskoura ville
187104,7842603,kasbah
187109,7842703,sidi bouzid
187110,7842723,gueznaia
187112,7842749,hay arrahma
187118,7842836,route casablanca
187122,7842855,belvedere
187123,7842948,route d agadir essaouira
187124,7843017,bettana
187126,7843049,hay salam
187128,7843147,el mansouria
187130,7843168,sidi maarouf
187137,7843434,hamria
187138,7843436,m diq
187142,7843545,racine
187143,7843566,taghazout
187145,7843627,gueliz
187147,7843652,bouskoura ville
187148,7843680,souissi
187149,7843682,zaouiat sidi kacem
187152,7843787,derb ghalef
187153,7843794,hay moulay abdellah
187154,7843805,maamora
187156,7844027,souissi
187158,7844056,moulay youssef
187159,7844064,mehdia
187160,7844070,nouvelle ville
187161,7844139,hay mohammadi
187163,7844217,ben saleh
187164,7844220,quartier bachkou
187165,7844293,aviation mabella
187168,7844306,ancienne medina
187170,7844346,sidi moumen
187173,7844413,oulfa
187174,7844462,hay firdaouss
187176,7844647,amelkis
187177,7844735,gauthier
187178,7844739,gauthier
187181,7844806,ain borja
187183,7844893,route de l ourika
187184,7844898,kaat ben nahid
187186,7844944,martil
187187,7844951,val fleury
187190,7845086,marjane
187191,7845115,du golf
187192,7845162,racine
187196,7845262,ain diab
187198,7845293,du golf
187199,7845307,ain diab extension
187200,7845408,marjane
187202,7845640,al qods
187203,7845649,ain diab
187204,7845653,casablanca
187206,7845725,quartier aerodrome
187208,7845849,taghazout
187209,7845881,assif
187210,7845930,sidi abdellah
187211,7845949,hay salam
187218,7846152,ain diab
187220,7846221,maarif
187221,7846244,hermitage
187225,7846452,marjane
187227,7846508,sidi maarouf
187230,7846529,m diq
187231,7846561,salmia 2
187232,7846564,malabata
187233,7846569,nassim 2
187235,7846640,beni said
187239,7846749,dar bouazza
187241,7846783,route de safi
187243,7846835,ennajd
187245,7846878,cabo negro
187246,7846886,ain diab
187247,7846925,al aroui
187248,7846927,selouane
187249,7846938,val fleury
187250,7846940,al bassatine
187252,7846965,ville nouvelle
187253,7846980,wifak
187254,7846986,hay salam
187258,7847003,route amizmiz
187259,7847019,roches noires
187260,7847074,moulay abdallah
187261,7847077,ennakhil palmeraie
187266,7847200,mehdia
187267,7847212,taghazout
187269,7847258,ain chock
187273,7847320,riyad
187274,7847328,secteur touristique
187278,7847435,centre ville
187279,7847441,sidi moumen
187281,7847473,al qods
187282,7847475,charf
187285,7847526,oulfa
187286,7847543,errahma
187287,7847589,racine
187288,7847605,la gironde
187289,7847666,sidi abdelkrim
187290,7847672,route de tahanaout
187291,7847727,casablanca finance city
187293,7847738,el youssoufia
187295,7847759,centre ville
187298,7847923,iberie
187300,7847952,route amizmiz
187301,7847973,route amizmiz
187303,7848015,jamaa el kbir
187304,7848051,iberie
187305,7848056,de la plage
187307,7848067,nouaceur
187308,7848068,gueznaia
187309,7848074,ferme bretonne hay arraha
187312,7848098,ahlane
187313,7848100,les hopitaux
187314,7848119,oulfa
187319,7848184,route de l ourika
187320,7848249,gueliz
187323,7848297,ennakhil palmeraie
187324,7848317,sidi hajji
187325,7848326,racine
187326,7848368,medina
187327,7848398,amelkis
187328,7848399,route de ceuta
187329,7848433,hamria
187330,7848440,beausejour
187332,7848545,hay salam
187334,7848552,sidi bou amar
187336,7848579,palmier
187338,7848690,ain amiyer
187339,7848734,ben zakour
187343,7848825,route de safi
187344,7848842,route casablanca
187347,7848961,diour jamaa
187348,7848971,route de tahanaout
187349,7849014,hivernage
187350,7849022,maihta
187352,7849052,al aalia
187353,7849070,benjdia
187355,7849198,gueliz
187356,7849201,derb chtouka
187357,7849206,maarif extension
187358,7849226,ennakhil palmeraie
187359,7849228,hay mohammadi
187361,7849282,sidi abdallah ghiat
187364,7849337,sidi othmane
187368,7849427,amerchich
187369,7849428,larache
187370,7849437,al qods
187371,7849447,bouskoura ville
187372,7849464,route amizmiz
187373,7849556,talborjt
187376,7849605,agdal
187377,7849645,ennakhil palmeraie
187379,7849676,californie
187381,7849793,al fath
187382,7849873,val fleury
187383,7849876,centre ville
187388,7849957,zone industrielle agadir
187389,7849961,zone industrielle agadir
187390,7849972,sidi rahal
187391,7849985,had soualem
187394,7850019,ain sebaa
187396,7850039,quartier des ambassades
187398,7850045,gueliz
187399,7850048,anfa superieur
187400,7850057,route de l ourika
187401,7850075,quartier industriel
187402,7850078,route amizmiz
187404,7850156,rfala
187405,7850171,msala
187406,7850193,dar bouazza
187409,7850236,hay chmaou
187411,7850251,sidi abdallah ghiat
187412,7850270,route de l ourika
187413,7850298,hay targa
187414,7850316,rmila
187416,7850374,lamaachate
187417,7850375,californie
187418,7850425,hay targa
187419,7850429,racine
187420,7850450,centre ville
187421,7850469,moulay lyazid
187422,7850485,laattaouia
187423,7850488,abouab sala
187424,7850511,ain el hayani
187425,7850515,ayir
187426,7850523,ounagha
187427,7850537,californie
187428,7850540,ville verte
187431,7850564,bouskoura ville
187432,7850567,haut founty
187433,7850570,gueliz
187434,7850575,route ain chkaf
187436,7850586,berrechid
187437,7850588,sala el jadida
187438,7850595,el mokhfia
187439,7850598,sidi rahal
187440,7850601,tanja balia
187441,7850669,sidi rahal
187442,7850674,zone industrielle mghogha
187443,7850675,roches noires
187444,7850686,ayacha
187445,7850691,route de tahanaout
187446,7850693,hay houda
187447,7850720,agdal
187448,7850740,tanja balia
187449,7850752,bouskoura ville
187450,7850763,victoria
187451,7850766,wilaya
187452,7850772,al madina aljadida
187453,7850773,gueliz
187454,7850778,diour dokala
187455,7850783,marjane
187457,7850791,saidia
187458,7850800,errahma
187459,7850807,centre
187460,7850858,mediouna
187461,7850928,route de safi
187462,7850943,centre
187463,7850946,derb espagnol
187464,7850951,safi 1
187465,7850958,californie
187466,7850983,beausejour
187467,7850989,bouskoura ville
187468,7851036,californie
187469,7851041,californie
187470,7851047,californie
187472,7851051,californie
187473,7851055,californie
187474,7851110,route casablanca
187475,7851130,sidi othmane
187476,7851132,al azhar
187477,7851138,beausejour
187478,7851145,route casablanca
187480,7851164,bourgogne est
187481,7851197,sidi youssef
187483,7851233,hay essalam
187484,7851274,hay bensouda
187485,7851291,centre
187487,7851353,drargua
187488,7851356,hay nahda
187489,7851365,hamza
187490,7851382,le boulevard mohammed v
187491,7851392,port tanger ville
187492,7851394,oued laou
187493,7851397,bourgogne ouest
187494,7851417,sidi yahya zaer
187495,7851419,sidi bou othmane
187496,7851424,mers sultan
187499,7851497,hermitage
187500,7851514,izdihar
187501,7851518,hay mohammadi
187502,7851527,martil
187503,7851566,wifak
187505,7851638,cil hay salam
187506,7851687,rmila
187508,7851699,taza
187511,7851749,mandarona
187512,7851762,zeghanghane
187513,7851790,route de tahanaout
187514,7851841,californie
187515,7851852,el gara
187516,7851863,asilah
187517,7851876,centre
187518,7851890,manar
187520,7851920,medina
187521,7851939,sidi rahal chatai
187522,7851942,hay saada
187523,7851958,les hopitaux
187524,7851988,jnan ben chagra
187526,7852007,al aalia
187527,7852036,souk kdim
187528,7852039,had soualem
187529,7852043,tanja balia
187531,7852066,route de l ourika
187534,7852072,gueliz
187535,7852078,manar
187536,7852087,ain taoujdate
187537,7852135,maarif extension
187538,7852176,quartier administratif
187539,7852178,el menzeh
187540,7852232,bouskoura ville
187541,7852240,ain sebaa
187542,7852266,centre
187545,7852341,rass oumlil
187546,7852376,sidi rahal
187547,7852377,ziana
187548,7852382,route de l ourika
187549,7852403,bourgogne ouest
187550,7852413,hay mabrouka
187552,7852438,ain sebaa
187553,7852445,agdal
187554,7852451,agdal
187555,7852468,hay moulay abdellah
187556,7852473,l habitat
187557,7852500,dar bouazza
187558,7852512,hay maamoura
187559,7852555,riad zitoun
187561,7852564,sidi moumen
187562,7852584,centre
187563,7852604,bouskoura ville
187564,7852613,medina
187567,7852623,khenifra
187568,7852639,plage oued cherrat
187569,7852643,route ain chkaf
187570,7852660,oulfa
187571,7852679,bouskoura ville
187572,7852684,gueliz
187573,7852685,boukhalef
187574,7852686,plage rose maree
187575,7852772,arset ben chebli
187576,7852780,arset ben chebli
187577,7852825,el menzeh
187578,7852878,ain diab
187579,7852881,golf de benslimane
187580,7852885,iberie
187582,7852921,haut founty
187584,7852951,nouaceur
187585,7852957,bouskoura ville
187586,7852960,sidi hajjaj oued hassar
187587,7852962,triangle d or
187588,7852994,casabarata
187589,7852995,martil
187590,7853017,casablanca finance city
187591,7853018,ancienne medina
187592,7853049,sidi maarouf
187593,7853055,oued laou
187594,7853108,maarif
187595,7853117,sidi maarouf
187596,7853122,bir jdid
187597,7853126,route de tahanaout
187598,7853133,ait melloul
187599,7853134,oulfa
187600,7853165,centre
187601,7853169,tanja balia
187602,7853172,rmila
187603,7853176,tanja balia
187604,7853182,tanja balia
187605,7853202,dar bouazza
187606,7853203,ourika
187607,7853219,hay rajaa
187608,7853221,hamria
187610,7853279,gueliz
187611,7853283,route de safi
187612,7853296,sidi maarouf
187613,7853313,medina
187614,7853314,oulfa
187615,7853320,gueliz
187616,7853324,saidia
187617,7853326,saidia
187618,7853338,oulfa
187619,7853360,ain diab
187620,7853362,derb ghalef
187621,7853372,route de fez
187622,7853373,bourgogne est
187623,7853389,hay mohammadi
187624,7853390,malabata
187627,7853409,tilila
187628,7853424,bourgogne ouest
187629,7853426,itissal
187630,7853431,ahl loghlam hay assalam
187632,7853493,bouskoura ville
187633,7853494,hay mohammadi
187635,7853520,berkane
187636,7853533,al qods
187637,7853535,ennakhil palmeraie
187640,7853573,hay al hassani
187641,7853588,mhamid
187642,7853596,souissi
187643,7853599,jawhara
187644,7853603,arset el maach
187645,7853644,roches noires
187646,7853691,ennakhil palmeraie
187647,7853700,harhoura
187649,7853713,centre ville
187651,7853743,zenata
187652,7853746,harhoura
187653,7853747,tanja balia
187654,7853748,ksar sghir
187655,7853751,ait ourir
187656,7853757,tanja balia
187657,7853761,izdihar
187658,7853767,midelt
187659,7853769,quartier oued fes
187660,7853774,quartier oued fes
187661,7853775,palmier
187662,7853781,route de l ourika
187663,7853785,tanja balia
187664,7853790,maarif extension
187669,7853804,asilah
187670,7853811,laarassi
187671,7853921,l ocean
187672,7853946,bouskoura ville
187674,7853960,hamza
187676,7853985,el menzeh
187677,7853987,lot al wafa
187678,7853994,biougra
187679,7853997,jbel kbir
187680,7853998,manar
187682,7854032,assanaouber
187683,7854061,medina
187685,7854084,tadrart
187686,7854093,route ain chkaf
187687,7854101,saidia
187688,7854102,belvedere
187689,7854104,founti
187690,7854109,sidi kaouki
187691,7854122,franceville
187692,7854129,val fleury
187693,7854132,centre ville
187695,7854156,maarif
187696,7854162,al farah
187697,7854173,triangle d or
187698,7854174,beni yakhlef
187699,7854197,nouaceur
187700,7854204,al hadika
187701,7854207,sidi bouzid
187702,7854223,du golf
187703,7854229,gueliz
187704,7854232,bourgogne ouest
187705,7854239,hay hassani
187706,7854264,dar bouazza
187707,7854271,gueliz
187708,7854280,gueliz
187709,7854281,ouazguita
187710,7854295,route d agadir essaouira
187711,7854306,bouskoura ville
187712,7854311,la siesta
187713,7854312,martil
187714,7854319,bernoussi
187715,7854320,route de rabat
187716,7854329,golf de benslimane
187717,7854338,smaala
187718,7854340,racine
187719,7854370,sidi rahal chatai
187720,7854390,de la plage
187721,7854392,de la plage
187722,7854395,cgi
187724,7854408,tabriquet
187725,7854412,tamesna
187726,7854440,belvedere
187727,7854441,jawhara
187728,7854444,hay palestine
187729,7854452,secteur touristique
187730,7854461,oulfa
187731,7854479,castilla
187732,7854483,ksar el kebir
187733,7854484,berrechid
187734,7854512,diour jamaa
187735,7854516,abattoirs
187736,7854519,ancien combatant
187737,7854533,ait ourir
187738,7854540,gauthier
187739,7854557,el ensanche
187740,7854597,boutaaa
187741,7854598,hay essalam
187743,7854691,berrechid
187744,7854716,hay mohammadi
187745,7854721,lissasfa
187746,7854724,les princesses
187747,7854731,medina
187748,7854757,samlalia
187749,7854759,tit mellil
187750,7854764,route de safi
187751,7854767,hay targa
187753,7854784,nouaceur
187754,7854792,hay hassani
187755,7854799,harhoura
187756,7854807,kasbah
187757,7854810,kasbah
187758,7854811,kasbah
187759,7854812,kasbah
187760,7854814,kasbah
187761,7854816,maarif extension
187762,7854826,founti
187763,7854843,agafay
187764,7854847,oasis
187765,7854848,hay toummert
187766,7854872,riyad
187767,7854909,hay mohammadi
187768,7854917,tit mellil
187769,7854920,tassoultante
187770,7854921,sefrou
187771,7854928,tassoultante
187772,7854931,quartier des ambassades
187773,7855003,ville verte
187774,7855013,agdal
187776,7855025,souissi
187777,7855043,founti
187778,7855050,laymoune
187780,7855094,amelkis
187781,7855095,tifelt
187782,7855111,berrechid
187783,7855117,tamazouzte
187784,7855126,plateau al batha
187785,7855131,berrechid
187786,7855134,ain diab
187787,7855139,route de l ourika
187788,7855147,souissi
187789,7855148,gueliz
187791,7855180,oulfa
187792,7855203,cabo negro
187793,7855218,agdal
187794,7855223,smaala
187795,7855310,el hadadda
187796,7855320,hay rahma
187797,7855345,maarif
187798,7855370,centre ville
187800,7855377,centre ville
187801,7855383,bouskoura ville
187802,7855410,racine
187804,7855466,hay antaria
187805,7855474,el baraka
187806,7855521,tamesna
187807,7855528,korat essba
187808,7855543,route de fez
187809,7855555,triangle d or
187810,7855569,maarif
187811,7855576,agdal
187813,7855666,anfa
187814,7855675,quartier du parc
187815,7855691,centre ville
187816,7855695,zaouiat lahdar
187817,7855711,oulfa
187818,7855712,zouagha
187819,7855735,les hopitaux
187820,7855745,tanja balia
187821,7855753,ait melloul
187822,7855754,ait melloul
187823,7855760,plateau al batha
187824,7855769,centre
187825,7855770,plage oued cherrat
187826,7855772,de la plage
187827,7855775,al farah dar essalam
187829,7855785,kasbah
187830,7855789,agdal
187831,7855796,malloussa
187832,7855797,gueznaia
187833,7855801,sidi mimoun
187834,7855804,bab ghmat
187835,7855862,route ain chkaf
187836,7855873,la gironde
187837,7855904,harhoura
187838,7855938,riyad
187839,7855977,lot tadart
187840,7855992,secteur touristique
187841,7856030,sala el jadida
187842,7856046,hay antaria
187843,7856051,riviera
187844,7856057,agdal
187845,7856070,iberie
187848,7856224,mediouna
187849,7856274,oulfa
187852,7856310,smaala
187853,7856339,route de l ourika
187854,7856341,mimosas
187855,7856356,oulfa
187856,7856366,issil
187857,7856378,ghazoua
187858,7856405,hay mabrouka
187859,7856418,siusse
187860,7856439,oulad ali mansour
187861,7856456,had soualem
187862,7856472,alsace lorraine
187863,7856473,berrechid
187864,7856520,medina
187866,7856589,errahma
187867,7856608,route ain chkaf
187868,7856617,maarif
187869,7856631,harbil
187870,7856655,sidi rahal chatai
187871,7856662,sidi rahal chatai
187872,7856663,had soualem
187874,7856675,monica
187875,7856684,racine
187877,7856693,tifelt
187878,7856710,ferme bretonne hay arraha
187880,7856745,sidi abdellah
187881,7856768,mozart
187882,7856785,bouskoura ville
187883,7856789,jbel kbir
187884,7856818,belvedere
187885,7856838,agdal
187886,7856884,oulfa
187888,7856913,entree sud
187889,7856924,beausejour
187891,7856964,centre
187892,7857019,cabo negro
187894,7857032,dar bouazza
187895,7857059,administratif
187896,7857072,nemsia
187897,7857090,route de fez
187898,7857099,deroua
187899,7857105,bir rami est
187900,7857125,hay zobir
187901,7857128,tafoukt
187902,7857129,belvedere
187903,7857142,ain mezouar
187905,7857149,bourrous
187906,7857152,saddina
187907,7857153,victoria
187908,7857158,majjate
187909,7857161,riad isli
187910,7857170,nassim 1
187911,7857172,oulfa
187912,7857207,les princesses
187913,7857210,ferme bretonne hay arraha
187914,7857212,riviera
187915,7857214,racine
187916,7857216,racine
187917,7857227,el menzeh
187918,7857231,al karaouiyine
187919,7857267,triangle d or
187920,7857269,founti
187923,7857393,riyad
187924,7857398,hassan centre ville
187925,7857399,michouar
187926,7857415,golf de benslimane
187928,7857497,hoda
187930,7857561,el matar
187931,7857579,mers sultan
187932,7857582,route de l ourika
187933,7857583,les hopitaux
187934,7857609,ait melloul
187935,7857612,ain borja
187936,7857649,bettana
187937,7857652,el menzeh
187938,7857664,taghazout
187939,7857674,ain sebaa
187940,7857739,kebibat
187941,7857769,larache
187942,7857771,souissi
187943,7857782,moulay abdallah
187944,7857791,ahl loghlam hay assalam
187945,7857806,sidi rahal
187946,7857819,route de ceuta
187947,7857830,casablanca finance city
187948,7857837,sidi bou othmane
187949,7857846,les princesses
187952,7857902,route de l ourika
187953,7857903,route de l ourika
187954,7857958,hay inara
187955,7857986,franceville
187956,7857989,beni makada lakdima
187957,7857995,firdaouss
187958,7858023,riad oulad mtaa
187959,7858027,centre
187960,7858029,administratif
187961,7858032,plage oued cherrat
187962,7858034,sidi maarouf
187963,7858036,plage oued cherrat
187964,7858041,route casablanca
187965,7858056,route de l ourika
187966,7858059,hay atlas
187967,7858062,najd
187968,7858063,taghazout
187969,7858069,bouskoura ville
187970,7858082,massira 1
187971,7858098,centre
187972,7858100,berrechid
187973,7858127,hay karima
187975,7858135,derb ghalef
187976,7858136,route d agadir essaouira
187977,7858143,hay albaraka
187978,7858148,hay mohammadi
187979,7858182,had soualem
187980,7858183,sidi rahal chatai
187981,7858218,hay chrifa
187982,7858225,bouskoura ville
187983,7858244,les princesses
187984,7858247,maarif extension
187985,7858266,zouagha
187986,7858270,had soualem
187987,7858279,errahma
187988,7858290,ismalia
187989,7858292,azilal
187990,7858295,de la plage
187991,7858307,ain el hayat
187992,7858318,route ain chkaf
187993,7858320,sidi ghanem
187995,7858325,maarif
187997,7858346,dar bouazza
187998,7858362,l ocean
187999,7858365,anjra
188001,7858382,bouskoura ville
188002,7858386,moulay yaacoub
188003,7858387,maarif extension
188004,7858399,hay essalam
188005,7858405,massira 2
188006,7858422,hay ez zaitoune
188007,7858432,jawhara
188009,7858463,harhoura
188010,7858470,centre
188012,7858508,beni mellal
188013,7858538,oasis
188014,7858539,ain diab
188016,7858583,route de safi
188017,7858586,palmier
188018,7858602,temsia
188019,7858607,agafay
188020,7858612,skikina
188021,7858614,wislane
188022,7858620,hay ennasr
188023,7858629,oulfa
188024,7858644,sidi maarouf
188025,7858673,tilila
188026,7858711,tamesna
188027,7858723,had soualem
188028,7858748,belvedere
188029,7858759,bhibah
188030,7858801,cente
188031,7858805,plage oued cherrat
188032,7858825,oulfa
188034,7858827,chtouka
188036,7858854,route de meknes
188037,7858860,quartier aerodrome
188038,7858864,lala hnia hamria
188039,7858865,had soualem
188040,7858869,had soualem
188041,7858893,kennaria
188042,7858894,route de fez
188043,7858896,route de ouarzazate
188044,7858902,route de fez
188045,7858913,taza
188047,7858922,m diq
188048,7858923,route de l ourika
188049,7858931,lagfifat
188050,7858942,ouled teima
188051,7858946,ain sebaa
188052,7858948,oasis
188053,7858950,errahma
188054,7858951,ain aouda
188055,7858952,hay hassani
188056,7858972,maarif extension
188057,7858991,tanja balia
188058,7859002,hay mohammadi
188059,7859007,samlalia
188060,7859046,taghazout
188063,7859114,maamora
188064,7859131,route de safi
188065,7859150,tahannaout
188066,7859164,bouskoura ville
188067,7859168,essaada
188068,7859170,beausejour
188069,7859173,had soualem
188070,7859188,berrechid
188071,7859206,ain sebaa
188072,7859208,ennakhil palmeraie
188073,7859215,golf de benslimane
188074,7859216,nassim 1
188075,7859221,route de l ourika
188076,7859225,les hopitaux
188078,7859232,ben guerir
188079,7859233,casablanca finance city
188080,7859236,ain sebaa
188081,7859250,ain sebaa
188082,7859254,mers sultan
188083,7859255,sidi maarouf
188085,7859267,les iris
188086,7859269,berrechid
188087,7859279,ksar sghir
188088,7859293,bourrous
188089,7859296,bir jdid
188090,7859299,bourrous
188091,7859328,ain diab
188092,7859336,ait melloul
188093,7859343,agdal
188094,7859382,belvedere
188095,7859384,souissi
188096,7859416,centre
188097,7859434,berrechid
188098,7859450,agdal
188099,7859458,dar bouazza
188100,7859467,nouaceur
188101,7859476,sidi yahya zaer
188102,7859479,sefrou
188103,7859490,dar bouazza
188104,7859516,route de l ourika
188105,7859532,malabata
188106,7859533,roches noires
188107,7859539,les princesses
188108,7859547,habbous
188109,7859551,public camping
188110,7859561,ait melloul
188111,7859568,grand boulevard ahfir
188112,7859581,demnate
188113,7859588,gueznaia
188114,7859602,gueznaia
188115,7859607,dar bouazza
188116,7859611,hamria
188117,7859614,hay idari
188118,7859621,route nationale assilah n1
188119,7859656,route de l ourika
188120,7859718,sidi bouknadel
188121,7859746,hay hassani
188122,7859773,riyad
188123,7859774,cabo negro
188124,7859777,talborjt
188125,7859817,kasbah
188127,7859833,casablanca finance city
188129,7859838,cabo negro
188130,7859852,wifak
188131,7859853,bourgogne est
188132,7859856,oulad salah
188133,7859861,agdal
188134,7859893,sidi slimane
188135,7859895,bouskoura ville
188136,7859902,anfa superieur
188137,7859920,skikina
188138,7859939,hay bensouda
188139,7859945,laanoussar
188140,7859948,branes kdima
188141,7859951,branes kdima
188144,7859973,route de l ourika
188146,7859993,mellah
188147,7859996,plaisance
188148,7860013,oulad hamdane
188149,7860014,el majjatia ouled taleb
188150,7860045,gueliz
188151,7860064,centre ville
188152,7860079,quartier du parc
188154,7860088,martil
188155,7860106,zouagha
188156,7860112,saidia
188157,7860136,riyad
188158,7860140,route de l ourika
188159,7860144,route immouzer
188160,7860160,gueznaia
188161,7860170,gueznaia
188162,7860171,maamora
188164,7860194,polo
188165,7860204,zemamra
188166,7860233,itissal
188167,7860234,hay hassani
188168,7860241,tamallalt
188169,7860257,bouskoura ville
188170,7860258,les hopitaux
188172,7860276,wifak
188173,7860291,route amizmiz
188174,7860294,mers sultan
188175,7860312,bouskoura ville
188176,7860318,nouaceur
188177,7860324,ennajd
188180,7860346,nouaceur
188181,7860352,les princesses
188182,7860355,anfa
188183,7860376,al qods
188184,7860378,laayoune
188185,7860393,tiznit
188186,7860403,franceville
188187,7860416,oulad salah
188188,7860434,centre
188189,7860437,racine
188190,7860439,hay moulay abdellah
188191,7860456,el hadadda
188192,7860470,taddart
188193,7860483,lalla chafia
188194,7860517,maarif
188195,7860580,nassim 1
188196,7860586,sania
188197,7860588,tamesna
188198,7860642,route immouzer
188199,7860649,moulay bousselham
188200,7860662,moulay bousselham
188201,7860664,du golf
188202,7860681,camp al ghoul
188205,7860691,ain diab
188206,7860695,ain attig
188207,7860696,sidi bibi
188208,7860720,massira 2
188209,7860726,tabriquet
188210,7860728,ennakhil palmeraie
188211,7860750,essaada
188212,7860759,ait imour
188213,7860761,bir anzarane
188214,7860763,route casablanca
188215,7860785,el mansouria
188217,7860793,ait melloul
188218,7860859,centre
188219,7860864,bernoussi
188220,7860867,les hopitaux
188221,7860883,bouskoura ville
188222,7860884,bouskoura ville
188223,7860885,zone industrielle
188225,7860887,lissasfa
188226,7860919,route amizmiz
188229,7860960,mehdia
188230,7861011,tamesna
188231,7861069,route de l ourika
188233,7861107,hay el menzah
188234,7861114,dar bouazza
188237,7861162,kennaria
188238,7861176,tifelt
188240,7861183,al hoceima
188241,7861191,victoria
188242,7861248,les portes de marrakech
188243,7861255,californie
188244,7861260,riyad
188245,7861277,centre
188246,7861282,administratif
188247,7861290,les hopitaux
188248,7861304,nouvelle ville
188249,7861306,route immouzer
188250,7861308,route de meknes
188251,7861321,marrakech
188252,7861322,marrakech
188253,7861329,ain sebaa
188254,7861340,hay moulay rachid 1
188255,7861347,gueliz
188256,7861365,nassim
188257,7861371,ain mezouar
188262,7861449,californie
188264,7861484,hamria
188265,7861518,californie
188266,7861522,andalousse
188267,7861529,quartier des ambassades
188268,7861543,marrakech
188269,7861545,hivernage
188271,7861569,mhamid
188272,7861599,franceville
188273,7861614,el mansouria
188275,7861631,route de ouarzazate
188276,7861678,ouled teima
188277,7861715,route de fez
188278,7861789,zaouiat lahdar
188279,7861793,route de tahanaout
188280,7861799,chefchaouen
188281,7861816,azemmour
188282,7861831,sidi maarouf
188283,7861873,tanger city center
188284,7861919,souissi
188285,7861920,tetouan
188286,7861930,mirleft
188288,7861959,route de tahanaout
188289,7861965,aouama gharbia
188290,7861969,nahda 2
188291,7861987,el mansouria
188292,7861993,sidi moumen
188294,7862008,casablanca marina
188295,7862013,route de fez
188297,7862021,belvedere
188298,7862026,ain sebaa
188299,7862048,tanja balia
188300,7862068,er rich
188301,7862095,route de ouarzazate
188302,7862108,ksibat nhas
188303,7862109,plateau
188304,7862125,mhamid
188305,7862127,bouskoura ville
188306,7862131,marrakech
188307,7862137,route immouzer
188308,7862144,azli
188309,7862147,ouarzazate
188310,7862187,les hopitaux
188311,7862201,narjis
188313,7862215,ain aouda
188316,7862227,hay essalam
188317,7862248,tamesna
188318,7862252,martil
188319,7862259,hivernage
188320,7862281,mediouna
188321,7862289,el hanchane
188322,7862304,el kelaa des sraghna
188323,7862338,sala el jadida
188324,7862393,centre ville
188325,7862395,marjane
188326,7862407,el hanchane
188327,7862425,salmia 2
188328,7862430,mers sultan
188329,7862458,de la plage
188332,7862481,el menzeh
188333,7862485,el hajeb
188334,7862490,aouama gharbia
188335,7862503,bouskoura ville
188336,7862506,centre
188337,7862509,route de tahanaout
188338,7862528,val fleury
188339,7862534,hay kilz
188340,7862535,hay rahma
188342,7862582,oulfa
188343,7862587,malabata
188344,7862588,les princesses
188345,7862592,ain diab
188346,7862599,triangle d or
188347,7862603,cherrat
188348,7862606,sidi maarouf
188349,7862660,mirleft
188350,7862661,oasis
188351,7862665,hay palestine
188352,7862667,entree sud
188353,7862671,taounate
188354,7862675,hay riad
188355,7862680,route de l ourika
188356,7862704,cgi
188357,7862718,bouskoura ville
188358,7862725,itzer
188359,7862729,ain aouda
188360,7862738,aouama gharbia
188361,7862742,les hopitaux
188362,7862759,achakar
188364,7862768,hay chmaou
188365,7862775,sidi hajji
188366,7862786,anassi
188367,7862801,hay moulay rachid 2
188368,7862814,l ocean
188369,7862816,anassi
188370,7862826,azemmour
188371,7862850,wafa
188372,7862859,nouaceur
188374,7862865,sidi rahal chatai
188375,7862867,dar bouazza
188376,7862897,hay salam
188377,7862898,dar bouazza
188379,7862901,dar bouazza
188380,7862907,californie
188381,7862914,ain chock
188382,7862916,dar bouazza
188383,7862934,bouskoura ville
188384,7862940,route casablanca
188386,7862957,kasbah
188387,7862965,azla
188388,7862968,saidia
188389,7862971,mediouna
188390,7863015,californie
188391,7863024,boulevard med 6
188392,7863033,aviation mabella
188393,7863067,achakar
188394,7863090,harhoura
188395,7863093,route de fez
188396,7863094,la vilette
188397,7863098,el hadadda
188398,7863102,nahda 2
188402,7863145,haut founty
188404,7863197,saidia
188405,7863234,tamesna
188406,7863240,berrechid
188407,7863252,jbel kbir
188408,7863273,centre ville
188410,7863281,ain chock
188411,7863289,marjane
188412,7863294,hay chrifa
188413,7863296,gueliz
188414,7863306,sidi hajjaj oued hassar
188415,7863319,riyad
188416,7863336,haut founty
188417,7863341,les hopitaux
188418,7863389,oulfa
188420,7863429,souissi
188422,7863436,route d agadir essaouira
188423,7863445,souissi
188424,7863456,bouskoura ville
188425,7863465,skikina
188427,7863487,hay atlas
188428,7863488,sidi abdellah
188429,7863489,ben serguaou
188430,7863494,moujahidine
188431,7863510,zaouiat sidi kacem
188432,7863525,sidi bennour
188433,7863541,triangle d or
188434,7863555,had soualem
188435,7863561,derb lfath
188437,7863599,m diq
188438,7863606,racine extension
188439,7863609,nouaceur
188440,7863645,achakar
188441,7863665,massira 2
188442,7863684,founti
188443,7863709,sidi maarouf
188444,7863766,hivernage
188445,7863781,bouskoura ville
188446,7863802,beni mellal
188447,7863804,beni mellal
188448,7863805,beni mellal
188449,7863806,beni mellal
188450,7863807,beni mellal
188451,7863812,sidi maarouf
188452,7863822,tamesna
188453,7863826,route de l ourika
188454,7863839,sidi maarouf
188455,7863847,route casablanca
188456,7863853,mesnana
188457,7863860,samlalia
188458,7863876,riad salam
188459,7863896,ain sebaa
188460,7863906,triangle d or
188461,7863935,tanja balia
188462,7863941,les princesses
188463,7863983,agafay
188465,7864003,les hopitaux
188466,7864068,franceville
188467,7864069,riad oulad mtaa
188468,7864110,derb carlotti
188469,7864140,hay dakhla
188470,7864143,maarif
188471,7864144,sidi maarouf
188472,7864146,les princesses
188473,7864157,californie
188474,7864159,bouchane
188475,7864168,centre
188476,7864183,berrechid
188477,7864197,les princesses
188478,7864203,hay moulay el kamel
188479,7864204,oualidia
188480,7864209,jamila 5
188481,7864213,anfa superieur
188482,7864254,sefrou
188483,7864256,bouskoura ville
188484,7864258,arset el houta
188485,7864275,maarif
188486,7864283,racine
188487,7864294,hamria
188488,7864297,centre
188489,7864300,bir rami est
188490,7864317,moujahidine
188493,7864364,marrakech
188494,7864385,hay al fath
188495,7864398,assif
188496,7864407,sidi moumen
188498,7864443,had dra
188499,7864447,tanja balia
188500,7864467,el manar el hank
188501,7864475,samlalia
188503,7864542,samlalia
188504,7864558,hay zitoune
188505,7864561,taghazout
188506,7864567,ain diab
188507,7864624,mimosas
188508,7864656,azrou
188510,7864669,tamesna
188511,7864673,centre
188513,7864747,hay salama
188515,7864789,ain sebaa
188516,7864800,la ville haute
188517,7864828,route de ouarzazate
188518,7864839,route de fez
188519,7864852,zouagha
188521,7864869,oulfa
188522,7864879,roches noires
188523,7864896,tanja balia
188524,7864904,aouama gharbia
188525,7864939,benjdia
188527,7864976,ferme bretonne hay arraha
188528,7864977,ferme bretonne hay arraha
188529,7864981,anfa
188530,7865003,marrakech
188531,7865069,martil
188532,7865085,maarif extension
188533,7865102,daoudiat
188534,7865105,les princesses
188536,7865131,gueliz
188538,7865142,gueliz
188539,7865162,haut agdal
188540,7865170,saidia
188541,7865172,malabata
188542,7865175,golf de benslimane
188543,7865219,jawhar
188545,7865232,asilah
188547,7865275,mediouna
188548,7865278,la ville haute
188550,7865287,les princesses
188551,7865303,oulfa
188552,7865314,route de ouarzazate
188553,7865338,route ain chkaf
188555,7865363,assam
188557,7865493,les iris
188558,7865584,asilah
188559,7865629,route casablanca
188561,7865635,val fleury
188562,7865651,hay mohammadi
188563,7865652,gauthier
188564,7865660,hay mohammadi
188565,7865668,al andalous
188566,7865673,hay mohammadi
188567,7865681,harhoura
188568,7865688,riyad
188569,7865704,palmier
188570,7865718,route immouzer
188571,7865720,nouvelle ville
188573,7865733,maarif extension
188574,7865739,zenata
188575,7865751,route amizmiz
188576,7865754,route de fez
188577,7865792,bouskoura ville
188578,7865797,mediouna
188579,7865801,massira 2
188580,7865808,lqliaa
188581,7865809,route de safi
188582,7865814,saidia
188583,7865821,anassi
188584,7865836,route de tahanaout
188585,7865838,hay mohammadi
188587,7865884,amelkis
188588,7865886,martil
188589,7865888,amelkis
188591,7865932,californie
188592,7865938,belvedere
188593,7865974,haut founty
188594,7865976,haut founty
188596,7866014,souissi
188598,7866032,gueznaia
188600,7866102,rahbet zbib
188601,7866110,hivernage
188603,7866132,sidi moumen
188604,7866199,ain borja
188605,7866206,al qods
188607,7866220,hay ennasr
188608,7866249,asilah
188609,7866251,sidi maarouf
188610,7866254,hay ennasr
188611,7866260,route immouzer
188612,7866278,deroua
188613,7866290,aghbar
188614,7866294,mhamid
188615,7866303,asilah
188616,7866309,triangle d or
188617,7866310,hay zobir
188618,7866315,ain attig
188619,7866333,ain sebaa
188620,7866345,route de fez
188621,7866354,achakar
188622,7866368,ville verte
188625,7866389,laymoune
188626,7866390,ennakhil palmeraie
188628,7866405,deroua
188629,7866409,hassania 1
188630,7866413,sidi rahal
188631,7866420,asilah
188632,7866425,riyad
188634,7866437,centre
188635,7866442,beausejour
188636,7866446,bab aylan
188637,7866452,al osra
188638,7866460,harhoura
188639,7866485,racine
188640,7866533,larache
188641,7866535,racine
188642,7866555,sidi othmane
188645,7866601,had soualem
188647,7866618,beni mellal
188648,7866625,marchan
188649,7866628,souissi
188650,7866642,ain diab
188651,7866643,had soualem
188652,7866645,saidia
188653,7866658,maihta
188655,7866680,californie
188656,7866682,jirrari
188657,7866690,taddart anza
188658,7866715,nouvelle ville
188659,7866720,ain chock
188660,7866721,quartier du parc
188661,7866725,hay al fadl
188662,7866749,route de l ourika
188663,7866752,khouribga
188664,7866754,route de l ourika
188665,7866755,beni mellal
188666,7866769,ain mezouar
188667,7866798,route de fez
188668,7866800,tiznit
188670,7866804,el menzeh
188671,7866810,route amizmiz
188672,7866813,al hoceima
188673,7866816,ennakhil palmeraie
188674,7866821,hay salam
188675,7866835,mandarona
188676,7866838,mers sultan
188677,7866850,m diq
188678,7866854,m diq
188679,7866857,guich oudaya
188680,7866869,val fleury
188681,7866872,gauthier
188682,7866889,ouazzane
188683,7866893,route de fez
188684,7866894,marjane
188685,7866909,tiznit
188686,7866912,marjane
188687,7866913,tamesna
188688,7866914,tassoultante
188689,7866916,bouskoura ville
188690,7866932,val fleury
188691,7866959,martil
188692,7866960,plage rose maree
188693,7866961,hay massira
188694,7866962,centre
188695,7866963,mehdia
188696,7866975,val fleuri
188698,7866988,deroua
188699,7866990,bernoussi
188700,7866996,bourgogne ouest
188702,7867002,dar bouazza
188703,7867009,riviera
188704,7867027,biougra
188705,7867030,el matar cite aviation
188706,7867032,inzegan
188707,7867034,gueliz
188708,7867046,hay chmaou
188709,7867053,gueliz
188710,7867059,gueliz
188711,7867063,ahlane
188712,7867064,route casablanca
188713,7867074,plage oued cherrat
188715,7867086,essaada
188716,7867106,plage oued cherrat
188718,7867109,martil
188719,7867124,asilah
188720,7867149,victoria
188721,7867150,bourgogne est
188722,7867156,saniat errmel
188723,7867165,sidi moumen
188726,7867179,had soualem
188727,7867180,val fleuri
188728,7867186,asilah
188729,7867197,mimosas
188730,7867220,centre
188731,7867226,saidia
188732,7867230,anfa superieur
188733,7867236,berrechid
188734,7867240,californie
188735,7867242,riyad
188736,7867253,firdaouss
188737,7867257,bir rami est
188738,7867280,bir rami ouest
188739,7867283,bir rami ouest
188740,7867284,bouskoura ville
188741,7867290,deroua
188742,7867293,had soualem
188744,7867353,route de safi
188745,7867369,ain el hayani
188746,7867383,route casablanca
188747,7867390,martil
188748,7867393,zenata
188749,7867402,aviation mabella
188750,7867403,mesnana
188751,7867405,mesnana
188752,7867406,mesnana
188753,7867407,mesnana
188754,7867410,hivernage
188755,7867411,les hopitaux
188756,7867421,route de tahanaout
188757,7867436,zone industrielle
188758,7867443,fath el kheir
188760,7867485,dcheira el jihadia
188761,7867502,souissi
188762,7867509,ahlane
188763,7867531,riyad
188764,7867537,riyad
188765,7867542,marjane
188767,7867566,lagfifat
188768,7867567,had soualem
188769,7867592,amelkis
188770,7867683,belvedere
188771,7867697,secteur touristique
188772,7867708,ain borja
188773,7867721,champ de course
188774,7867737,route de l ourika
188775,7867741,safi 1
188777,7867769,sala el jadida
188778,7867788,route ain chkaf
188779,7867803,ait malek
188780,7867809,les hopitaux
188781,7867832,el menzeh
188784,7867860,maihta
188785,7867867,triangle d or
188786,7867869,quartier industriel
188787,7867870,ain sebaa
188788,7867873,hay hassani
188789,7867894,sidi maarouf
188790,7867897,quartier oued fes
188791,7867902,centre ville
188792,7867943,racine
188793,7867957,les orangers
188795,7868045,hamria
188796,7868056,hamria
188797,7868067,ain borja
188799,7868075,fath el kheir
188800,7868091,aourir
188801,7868098,sidi maarouf
188802,7868116,beni yakhlef
188803,7868118,wifak
188804,7868119,ouled teima
188805,7868138,ait melloul
188806,7868140,californie
188807,7868141,medina
188808,7868150,ismalia
188810,7868164,sala el jadida
188811,7868197,ain attig
188812,7868207,sidi bouzid
188813,7868241,bourgogne ouest
188814,7868244,route ain chkaf
188815,7868268,zone industrielle agadir
188816,7868294,tahannaout
188817,7868315,hay massira
188819,7868345,hay chifa
188821,7868371,route de fez
188822,7868395,racine
188823,7868399,ain sebaa
188824,7868401,centre
188825,7868403,tamesna
188826,7868426,el hadadda
188827,7868439,tanja balia
188828,7868444,dar bouazza
188829,7868457,tamouda
188830,7868465,amelkis
188831,7868475,oulad salah
188833,7868486,assaka
188834,7868494,errahma
188835,7868495,marjane
188836,7868514,quartier industriel
188837,7868531,selouane
188838,7868538,racine
188839,7868546,bd derfoufi
188840,7868547,beaus c3 a9jour
188841,7868567,triangle d or
188842,7868568,al hadiqa
188843,7868576,centre
188844,7868577,asilah
188845,7868580,centre
188846,7868583,route casablanca
188847,7868597,dar bouazza
188848,7868604,achakar
188849,7868642,lido
188850,7868645,route de l ourika
188851,7868646,gueliz
188852,7868667,souihla
188853,7868673,ain sebaa
188855,7868688,route amizmiz
188856,7868742,gueliz
188857,7868753,souk tlet el gharb
188859,7868789,centre
188860,7868799,tameslohte
188861,7868802,hay mohammadi
188862,7868805,nouaceur
188864,7868835,sidi maarouf
188865,7868857,sidi bouknadel
188866,7868899,hay nejma
188868,7868963,hamza
188869,7868985,sidi bibi
188870,7869012,al kawtar
188871,7869018,la gironde
188872,7869023,ennakhil palmeraie
188873,7869026,quartier oued fes
188874,7869031,al qods
188875,7869035,agdal
188876,7869071,malabata
188877,7869105,oued amlil
188878,7869118,sala el jadida
188879,7869120,tikiouine
188880,7869121,jawhar
188881,7869129,gueliz
188882,7869142,gueliz
188883,7869183,tiznit
188884,7869187,route de l ourika
188885,7869200,ville verte
188886,7869202,route casablanca
188887,7869214,monica
188888,7869219,hay inara
188889,7869234,bouaakkaz
188890,7869241,cgi
188891,7869247,maarif
188892,7869276,hay targa
188893,7869277,hivernage
188895,7869283,tanja balia
188896,7869316,entree sud
188897,7869327,quartier oued fes
188898,7869329,mouilha
188900,7869374,oulfa
188902,7869405,plage rose maree
188903,7869411,souissi
188904,7869414,souissi
188905,7869415,souissi
188906,7869423,souissi
188907,7869424,zouagha
188908,7869425,quartier des ambassades
188909,7869439,riyad
188910,7869443,midelt
188911,7869469,dar bouazza
188912,7869470,riyad
188913,7869476,oasis
188915,7869479,hay bensouda
188916,7869480,souissi
188917,7869495,zouagha
188918,7869511,souissi
188919,7869572,zone industrielle moulay rachid
188920,7869622,longchamps hay al hanaa
188921,7869644,centre
188922,7869648,el menzeh
188923,7869654,entree sud
188924,7869660,bourgogne ouest
188925,7869671,beni touzine
188926,7869672,tetouan
188927,7869683,ennakhil palmeraie
188928,7869688,quartier du parc
188929,7869699,oulfa
188930,7869711,berkane
188931,7869722,riad oulad mtaa
188932,7869723,sidi maarouf
188933,7869726,jirrari
188934,7869736,martil
188935,7869749,derb ghalef
188936,7869751,guich oudaya
188937,7869753,marjane
188938,7869756,zenata
188939,7869759,route de l ourika
188940,7869765,medina
188941,7869780,berrechid
188942,7869784,hivernage
188944,7869799,el matar cite aviation
188945,7869808,bettana
188946,7869841,ain orma
188947,7869842,hay el menzah
188948,7869846,ain diab
188949,7869900,route ain chkaf
188950,7869908,al wifaq
188951,7869922,maarif extension
188952,7869923,el fath
188953,7869990,el matar
188954,7869997,sidi hajjaj oued hassar
188955,7870006,gueliz
188956,7870023,bouskoura ville
188957,7870035,bouskoura ville
188959,7870052,jbilat
188960,7870057,route casablanca
188961,7870069,roches noires
188962,7870070,riad oulad mtaa
188963,7870090,route d agadir essaouira
188964,7870112,sidi moussa
188965,7870121,victoria
188968,7870216,harhoura
188969,7870233,sania
188970,7870237,centre
188971,7870305,les hopitaux
188972,7870337,el qaria
188974,7870374,malabata
188975,7870376,malabata
188976,7870379,riyad
188977,7870407,mozart
188978,7870415,abattoirs
188980,7870436,hay ez zaitoune
188981,7870437,route amizmiz
188983,7870440,quartier des ambassades
188984,7870451,sala el jadida
188985,7870457,fnideq
188987,7870460,centre ville
188988,7870461,beni mellal
188989,7870463,quartier des ambassades
188990,7870467,route de ouarzazate
188991,7870470,agdal
188992,7870472,tan tan
188993,7870478,hermitage
188994,7870482,lissasfa
188996,7870505,ain diab
188997,7870528,gueliz
188998,7870537,hay targa
188999,7870540,bel air val fleuri
189000,7870610,les princesses
189001,7870618,route de tahanaout
189002,7870635,hay nahda
189003,7870650,cil hay salam
189004,7870656,mannesmann
189005,7870666,derb chtouka
189006,7870673,hay essalam
189007,7870682,arfoud
189008,7870685,malabata
189009,7870701,mellah
189010,7870712,bernoussi
189011,7870714,tanja balia
189012,7870718,tanja balia
189013,7870722,hay hassani
189014,7870752,marjane
189015,7870785,zenata
189016,7870793,les princesses
189017,7870794,oulad wjih
189018,7870799,les princesses
189019,7870811,tetouan
189020,7870813,selouane
189021,7870839,californie
189023,7870864,illigh
189024,7870865,agdal
189025,7870890,tameslohte
189026,7870899,tanja balia
189027,7870900,bouskoura ville
189028,7870907,el mers 2
189029,7870918,gueznaia
189030,7870922,beni mellal
189031,7870924,hay chmaou
189032,7870927,abbadi
189033,7870952,biougra
189034,7870961,wifak
189035,7870998,oulad wjih
189036,7871016,bouskoura ville
189037,7871018,boulevard med 6
189038,7871043,racine
189039,7871059,route casablanca
189040,7871061,ben saleh
189041,7871065,centre
189044,7871144,al aalia
189045,7871151,nouvelle ville
189046,7871156,hay chrifa
189047,7871169,boustane
189048,7871185,hay al falah
189049,7871193,beni mellal
189050,7871196,belvedere
189051,7871209,bouskoura ville
189052,7871220,ain borja
189053,7871228,al kawtar
189054,7871234,berrechid
189055,7871236,bouskoura ville
189056,7871237,val fleuri
189057,7871252,les hopitaux
189058,7871268,route de meknes
189059,7871283,hamria
189060,7871286,essebtiyen
189061,7871290,ennakhil palmeraie
189062,7871307,tamazouzte
189063,7871316,du golf
189064,7871325,hivernage
189065,7871347,gueliz
189066,7871349,boulevard med 6
189067,7871351,route de fez
189068,7871355,hay mohammadi
189069,7871448,ain diab
189070,7871461,maarif extension
189071,7871466,m dina k dima l ancienne medina
189072,7871468,mirleft
189073,7871480,agadir melloul
189074,7871535,aouama gharbia
189075,7871543,nouaceur
189076,7871549,fnideq
189077,7871555,agdal
189078,7871557,ksar el kebir
189079,7871558,hay salam
189080,7871561,saidia
189081,7871565,ouled berhil
189082,7871571,centre
189083,7871593,riyad
189084,7871608,route ain chkaf
189085,7871609,racine
189086,7871612,route ain chkaf
189087,7871640,centre
189088,7871658,tanja balia
189089,7871659,berrechid
189090,7871661,malabata
189092,7871691,les princesses
189094,7871715,mozart
189095,7871738,agdal
189096,7871747,asilah
189097,7871756,sidi moumen
189098,7871763,abbadi
189099,7871765,moulay youssef
189100,7871770,de la plage
189101,7871782,agdal
189102,7871786,centre
189103,7871792,de la plage
189104,7871808,gueliz
189105,7871812,dar bouazza
189106,7871830,zagora
189107,7871854,dar bouazza
189108,7871869,eddir
189109,7871901,gueliz
189110,7871913,centre
189111,7871916,nouvelle ville
189112,7871918,martil
189113,7871919,hay lmkansa
189114,7871921,hamria
189115,7871927,tameslohte
189116,7871931,sahel oulad h riz
189117,7871939,alfilline
189118,7871957,ahfir
189119,7871965,gueliz
189120,7871972,centre
189121,7871981,centre
189122,7871988,mallalienne
189123,7871992,route se sefrou
189124,7872013,sidi rahal
189125,7872016,samlalia
189126,7872020,bernoussi
189127,7872026,benjdia
189128,7872039,route de safi
189129,7872047,bouskoura ville
189130,7872081,fes city center
189131,7872084,route de ouarzazate
189132,7872099,harhoura
189133,7872110,izdihar
189135,7872235,ain attig
189136,7872238,maarif
189137,7872257,bir jdid
189138,7872263,route ain chkaf
189139,7872265,taza
189140,7872273,mimosas
189142,7872331,la colline
189143,7872333,golf de benslimane
189144,7872335,sidi maarouf
189145,7872375,el menzeh
189146,7872384,martil
189147,7872387,harhoura
189148,7872391,boukhalef
189149,7872426,malabata
189150,7872429,tanja balia
189151,7872434,plage rose maree
189152,7872437,centre
189153,7872440,el menzeh
189154,7872454,maarif extension
189155,7872467,al qods
189156,7872489,beausite
189158,7872507,sidi abdallah ghiat
189159,7872538,cgi
189160,7872542,ahlane
189161,7872555,maarif
189162,7872559,boukhalef
189163,7872564,sidi abdallah ghiat
189164,7872565,centre ville
189165,7872599,route de l ourika
189166,7872603,dar bouazza
189167,7872604,sidi rahhal
189169,7872606,al hadiqa
189170,7872611,larache
189171,7872656,ait melloul
189173,7872695,oulfa
189176,7872851,al aroui
189177,7872871,riyad
189178,7872878,souissi
189179,7872879,sidi rahal
189180,7872887,ksar sghir
189181,7872893,les portes de marrakech
189182,7872894,cabo negro
189183,7872926,ait melloul
189185,7872935,roches noires
189186,7872937,oasis
189187,7872942,boulevard med 6
189188,7872948,route de l ourika
189189,7872971,les hopitaux
189190,7872989,boukhalef
189191,7872992,cente
189192,7872997,sidi rahal
189193,7872999,ain diab
189194,7873013,souissi
189195,7873021,aarid
189196,7873030,oasis
189198,7873056,route de l ourika
189199,7873058,haut agdal
189200,7873075,centre
189202,7873144,amelkis
189203,7873149,ain borja
189204,7873163,belvedere
189205,7873191,plage oued cherrat
189206,7873195,hamza
189207,7873197,route d agadir essaouira
189208,7873198,hamria
189209,7873205,ennakhil palmeraie
189210,7873207,amelkis
189211,7873210,al kawtar
189212,7873211,hay al amal
189213,7873225,tiznit
189214,7873237,ait sidi daoud
189215,7873241,polo
189216,7873261,bir rami est
189217,7873271,hay salam
189218,7873307,dar bouazza
189220,7873331,route de l ourika
189221,7873332,route de ouarzazate
189222,7873354,samlalia
189224,7873363,oasis
189225,7873364,oasis
189226,7873365,oasis
189227,7873445,palmier
189228,7873450,centre
189229,7873473,ismalia
189230,7873485,ain sebaa
189231,7873495,sidi abdallah ghiat
189232,7873496,hay saada 1
189233,7873518,harhoura
189234,7873569,al kawtar
189235,7873599,agdal
189236,7873612,cabo negro
189237,7873617,oulfa
189239,7873639,gauthier
189241,7873661,moujahidine
189243,7873676,mimosas
189244,7873683,hay hassani
189245,7873689,berrechid
189246,7873707,route de l ourika
189247,7873723,hay salam
189248,7873729,hay hassani
189249,7873730,route d agadir essaouira
189250,7873741,de la plage
189251,7873742,franceville
189253,7873769,route casablanca
189254,7873777,val fleury
189255,7873789,de la plage
189256,7873792,rmila
189257,7873798,derb ghalef
189258,7873808,daoudiat
189260,7873814,saidia
189261,7873817,larache
189262,7873818,azemmour
189263,7873830,larache
189264,7873836,la ville haute
189265,7873839,mimosas
189266,7873841,route de safi
189267,7873843,al qods
189268,7873849,souissi
189269,7873856,les princesses
189270,7873859,sidi el khadir
189271,7873862,khenifra
189272,7873890,tanja balia
189275,7873900,malabata
189276,7873904,tanja balia
189277,7873905,hay albaraka
189278,7873910,tanja balia
189279,7873915,malabata
189280,7873917,centre
189281,7873918,malabata
189282,7873923,el hadadda
189283,7873925,tanja balia
189284,7873936,akkari
189285,7873942,centre ville
189286,7873944,drargua
189287,7873958,salmia 2
189290,7874007,mesnana
189291,7874027,ahfir
189292,7874031,sidi rahal chatai
189294,7874087,maarif extension
189295,7874090,centre
189298,7874117,moujahidine
189299,7874146,tamesna
189300,7874160,mediouna
189301,7874166,dar bouazza
189302,7874196,dar bouazza
189303,7874220,hivernage
189304,7874224,californie
189305,7874230,lazaret
189306,7874233,hivernage
189307,7874260,marchan
189308,7874273,route de l ourika
189309,7874301,riad oulad mtaa
189310,7874302,branes 1
189311,7874336,quartier industriel
189312,7874352,ain sebaa
189313,7874355,hassan centre ville
189315,7874388,route de l ourika
189316,7874406,amerchich
189317,7874435,ait melloul
189318,7874436,route de ouarzazate
189319,7874441,ouislane
189320,7874448,centre
189321,7874455,californie
189322,7874459,gdana
189323,7874472,centre
189324,7874474,malabata
189325,7874479,tanja balia
189326,7874481,malabata
189327,7874494,route casablanca
189329,7874525,dar bouazza
189330,7874537,maarif
189331,7874548,meknassa acharqia
189332,7874556,ezzhiliga
189334,7874600,ville verte
189335,7874623,belkhir
189336,7874624,centre
189338,7874639,tanja balia
189339,7874643,tanja balia
189340,7874649,tanja balia
189341,7874660,gueliz
189342,7874664,rabat
189343,7874711,route de tahanaout
189344,7874715,centre
189345,7874729,el khattabi
189346,7874748,aarid
189347,7874760,oulfa
189348,7874765,hay targa
189351,7874778,hay targa
189352,7874786,touilaa
189354,7874801,samlalia
189355,7874803,oualidia
189356,7874811,berkane
189357,7874812,malabata
189358,7874813,hay targa
189359,7874820,oulfa
189360,7874824,berkane
189362,7874835,hay haddaouia
189363,7874836,sidi maarouf
189364,7874838,tamesna
189365,7874843,el beddouza
189366,7874864,hay hassani
189368,7874875,cabo negro
189369,7874880,cite adrar
189370,7874912,mers sultan
189371,7874917,route de ouarzazate
189372,7874919,mers sultan
189375,7874937,palmier
189376,7874950,marjane
189377,7874992,massira 1
189378,7874999,oulfa
189379,7875006,taounate
189381,7875022,malabata
189382,7875033,centre ville
189383,7875035,mozart
189384,7875042,casablanca finance city
189385,7875047,hay chmaou
189386,7875052,laayoune
189387,7875054,asilah
189388,7875061,azemmour
189389,7875080,marjane
189390,7875082,wislane
189391,7875085,ennasr
189392,7875093,ribat el kheir
189393,7875104,had soualem
189394,7875143,malabata
189395,7875169,wislane
189396,7875174,wislane
189397,7875175,wislane
189398,7875176,route amizmiz
189399,7875214,ait melloul
189400,7875217,centre
189401,7875218,azemmour
189402,7875220,marrakech
189403,7875227,centre ville
189404,7875229,temsia
189405,7875248,tanja balia
189406,7875252,centre
189407,7875268,loudaya
189408,7875276,malabata
189409,7875277,tahannaout
189410,7875281,malabata
189411,7875285,malabata
189412,7875293,oualidia
189413,7875297,beni makada lakdima
189414,7875306,ksar sghir
189415,7875320,anfa
189416,7875335,mers sultan
189417,7875339,hay houda
189418,7875342,ahlane
189419,7875349,dar bouazza
189420,7875355,el mokhfia
189421,7875366,centre
189422,7875381,mourabitine
189423,7875382,malabata
189424,7875394,la ville haute
189425,7875395,al manzla
189426,7875396,sala el jadida
189427,7875405,centre
189428,7875408,centre
189429,7875410,centre
189430,7875415,ain chock
189431,7875423,souissi
189432,7875427,souissi
189433,7875450,khouribga
189436,7875492,ksar sghir
189437,7875509,hay el matar
189438,7875516,bni ansar
189440,7875535,hay el matar
189442,7875562,mozart
189444,7875571,wafa
189445,7875578,michouar
189446,7875595,lissasfa
189448,7875636,sania
189453,7875675,wislane
189456,7875692,souissi
189457,7875713,sidi othmane
189458,7875731,dar bouazza
189459,7875768,hay m barka
189460,7875773,route de tahanaout
189461,7875774,route d agadir essaouira
189463,7875785,val fleury
189464,7875793,hay al kamal
189465,7875801,malabata
189466,7875803,sidi slimane
189467,7875805,kasbah
189468,7875826,maarif extension
189469,7875859,al kouass
189470,7875904,val fleury
189471,7875929,plage oued cherrat
189472,7875939,sania
189473,7875946,errahma
189474,7875957,sidi bou amar
189475,7875971,oulfa
189476,7875975,centre
189477,7875993,guich oudaya
189478,7875996,malabata
189479,7876000,malabata
189481,7876009,hay hassani
189482,7876012,hay hassani
189483,7876013,hay hassani
189484,7876015,hay hassani
189485,7876035,tamri
189486,7876047,roches noires
189487,7876050,centre
189488,7876052,tanja balia
189489,7876063,ghrablia
189490,7876096,tiznit
189491,7876097,quartier administratif
189492,7876103,route de marrakech
189494,7876111,hay dakhla
189495,7876112,wislane
189496,7876114,route d agadir essaouira
189497,7876128,el hadadda
189498,7876146,aida
189499,7876149,branes 2
189500,7876193,gueliz
189501,7876269,quartier bachkou
189502,7876280,lazaret
189503,7876299,al amal
189504,7876308,asilah
189505,7876310,dar bouazza
189506,7876319,marjane
189507,7876326,route amizmiz
189508,7876328,extension dakhla
189509,7876331,maghrib arabi
189510,7876359,route de safi
189511,7876366,oulfa
189512,7876376,ahlane
189513,7876403,gueliz
189515,7876418,longchamps hay al hanaa
189516,7876443,quartier des ambassades
189517,7876446,hay al massar
189518,7876450,californie
189519,7876464,achakar
189521,7876471,plage oued cherrat
189523,7876486,hivernage
189525,7876495,malabata
189526,7876498,maamora
189527,7876502,quartier des ambassades
189528,7876512,kebibat
189529,7876518,douar lareich
189530,7876570,ain chock
189531,7876583,les hopitaux
189532,7876589,tit mellil
189533,7876590,sidi othmane
189534,7876595,dar bouazza
189535,7876610,route amizmiz
189536,7876632,el menzeh
189537,7876641,haut agdal
189538,7876643,riad
189539,7876646,wislane
189540,7876652,wislane
189541,7876682,riviera
189542,7876683,hay targa
189544,7876717,bir rami est
189545,7876722,el hajeb
189546,7876746,hivernage
189547,7876748,bouskoura ville
189548,7876755,martil
189549,7876763,ain attig
189551,7876783,tabriquet
189552,7876814,oulad wjih
189553,7876821,route de fez
189554,7876834,ennakhil palmeraie
189555,7876835,harhoura
189556,7876860,maarif
189557,7876861,cil hay salam
189558,7876867,tanja balia
189559,7876877,marrakech
189561,7876892,anfa
189563,7876931,hassan centre ville
189564,7876932,route casablanca
189565,7876944,hay sadri
189566,7876956,bel air val fleuri
189567,7876976,grand boulevard ahfir
189568,7876977,beni mellal
189569,7876980,marjane
189572,7877015,sidi kaouki
189573,7877020,gueliz
189574,7877023,bir rami est
189577,7877111,deroua
189578,7877112,ain chock
189579,7877115,ain el hayat
189580,7877118,anassi
189583,7877152,ain sebaa
189584,7877172,les princesses
189586,7877194,de la plage
189587,7877238,malabata
189588,7877244,malabata
189591,7877270,de la plage
189592,7877277,ouled teima
189593,7877279,ouled teima
189596,7877308,hay massira
189597,7877320,annouzha
189598,7877372,tamazouzte
189599,7877389,les princesses
189601,7877401,californie
189602,7877402,californie
189604,7877405,californie
189605,7877406,californie
189606,7877411,liberte
189607,7877438,gueliz
189608,7877451,agdal
189610,7877463,route de safi
189611,7877464,izdihar
189612,7877470,el manar el hank
189613,7877474,haut founty
189614,7877498,riad al atlas
189615,7877512,ain chock
189616,7877514,rmilat
189617,7877529,haut agdal
189618,7877535,had soualem
189619,7877544,centre
189620,7877545,californie
189621,7877557,mhamid
189622,7877568,medina
189623,7877575,riyad
189624,7877625,hay essaada
189625,7877631,el mansouria
189626,7877634,el mansouria
189627,7877672,dar bouazza
189628,7877688,hay lmkansa
189629,7877691,sidi allal el bahraoui
189630,7877698,hay bensouda
189631,7877719,les hopitaux
189632,7877786,hay mohammadi
189633,7877806,al fath
189634,7877810,sidi youssef
189635,7877822,ville verte
189636,7877845,route de fez
189637,7877852,medina
189638,7877889,centre
189639,7877894,et taous
189641,7877957,les hopitaux
189642,7877993,quartier du parc
189643,7878059,ain sebaa
189644,7878065,centre ville
189645,7878070,khouribga
189646,7878081,centre
189647,7878087,bouskoura ville
189648,7878105,administratif
189649,7878117,derb ghalef
189650,7878130,route de l ourika
189653,7878142,anfa
189654,7878170,oulad slama
189655,7878177,fes city center
189658,7878243,sidi maarouf
189659,7878260,bettana
189660,7878280,route de ouarzazate
189662,7878311,gueliz
189663,7878330,hay salam
189664,7878373,oulad frej
189665,7878391,dar bouazza
189666,7878394,californie
189667,7878447,al osra
189668,7878449,la siesta
189669,7878464,iberie
189670,7878485,al hadiqa
189671,7878510,route nationale assilah n1
189672,7878513,selouane
189673,7878519,riyad
189674,7878542,gueliz
189675,7878573,californie
189676,7878611,sidi abdallah ghiat
189677,7878652,gueliz
189679,7878718,oulfa
189680,7878725,moujahidine
189681,7878755,malabata
189682,7878756,casablanca
189683,7878766,hay essalam
189684,7878768,route casablanca
189685,7878772,hoda
189687,7878786,arset ben chebli
189688,7878804,oulfa
189689,7878806,ourika
189690,7878807,ferme bretonne hay arraha
189691,7878809,racine
189692,7878810,azemmour
189693,7878819,ziaten
189694,7878825,skhour rhamna
189695,7878831,sidi moumen
189696,7878840,mediouna
189697,7878852,dar lamane
189698,7878863,centre
189699,7878864,gauthier
189702,7878947,azemmour
189704,7879064,riviera
189705,7879072,franceville
189706,7879076,bouskoura ville
189707,7879082,route d agadir
189708,7879085,hay albaraka
189710,7879101,hay oued dahab
189711,7879117,hay salam
189712,7879118,cente
189713,7879125,route de l ourika
189714,7879147,sidi maarouf
189715,7879158,bouskoura ville
189716,7879162,bir jdid
189717,7879164,bir jdid
189718,7879167,corniche
189719,7879171,hay al azhar
189720,7879193,ain el hayani
189721,7879239,la colline
189722,7879246,hivernage
189723,7879251,zaouiat lahdar
189724,7879252,marjane
189725,7879259,roches noires
189726,7879260,hay houda
189727,7879272,bouskoura ville
189728,7879274,bir rami est
189729,7879275,azli
189730,7879279,ahfir
189734,7879298,bouskoura ville
189735,7879304,zouagha
189736,7879310,hivernage
189737,7879331,el beddouza
189738,7879334,dar bouazza
189739,7879366,abattoirs
189740,7879367,route de rabat
189741,7879373,derb ghalef
189742,7879381,boukhalef
189743,7879388,jahjouh
189744,7879391,hay lmkansa
189745,7879396,corniche
189746,7879398,chefchaouen
189747,7879400,sidi abdallah ghiat
189748,7879414,sala el jadida
189749,7879415,malabata
189750,7879427,camp al ghoul
189751,7879434,barakia
189752,7879436,route de tahanaout
189753,7879457,route de fez
189754,7879471,nouaceur
189755,7879472,el qods
189756,7879474,centre ville
189757,7879479,oulfa
189758,7879485,roches noires
189759,7879494,ain amiyer
189760,7879506,route de fez
189761,7879512,dar bouazza
189762,7879514,tamesna
189763,7879521,route ain chkaf
189764,7879540,oulfa
189765,7879541,sidi ali ben hamdouche
189766,7879560,mesnana
189767,7879565,les hopitaux
189768,7879566,ain sebaa
189769,7879574,agourai
189770,7879582,haut founty
189771,7879583,hay annahda
189772,7879627,biougra
189773,7879632,ras el ma
189775,7879653,jawhar
189777,7879691,maarif extension
189778,7879700,al hoceima
189779,7879708,roches noires
189780,7879717,berrima
189781,7879730,amicales
189782,7879734,route casablanca
189783,7879761,samlalia
189784,7879794,hay targa
189785,7879818,bouaakkaz
189786,7879844,lissasfa
189787,7879867,gueliz
189788,7879869,sidi ali ben hamdouche
189790,7879928,tanja balia
189791,7879960,al qods
189792,7879962,racine
189793,7879970,californie
189794,7879971,hamria
189795,7879996,jawhara
189796,7880025,bourgogne ouest
189797,7880026,izdihar
189798,7880031,centre
189799,7880035,martil
189803,7880051,casablanca finance city
189805,7880076,maarif extension
189806,7880078,berrechid
189807,7880105,anfa
189808,7880108,idaougard
189809,7880124,sania
189811,7880219,agdal
189812,7880225,route de l ourika
189814,7880239,lissasfa
189815,7880240,hay el matar
189816,7880243,route de tahanaout
189817,7880286,abbadi
189818,7880296,casablanca finance city
189819,7880318,bourgogne ouest
189820,7880319,route de tahanaout
189821,7880354,hay hassani
189822,7880378,la colline
189823,7880403,sidi el khadir
189824,7880418,masmoudi
189828,7880530,al qods
189829,7880580,hay el menzah
189830,7880591,bhibah
189831,7880597,ahfir
189832,7880602,martil
189833,7880619,bouskoura ville
189834,7880622,tifelt
189835,7880624,zemmouri
189836,7880628,maarif
189837,7880629,bir gandouz
189838,7880632,ouled berhil
189839,7880647,beni mellal
189840,7880678,bouskoura ville
189841,7880767,tamesna
189845,7880809,mouassine
189846,7880831,had soualem
189847,7880832,harhoura
189849,7880870,zone industrielle mghogha
189850,7880886,route de fez
189851,7880913,ennakhil palmeraie
189852,7880919,ville nouvelle
189853,7880921,sidi bouknadel
189854,7880930,sidi rahal
189855,7880934,mhamid
189859,7880974,wislane
189860,7881006,hamria
189862,7881014,hamria
189863,7881017,marjane
189864,7881018,sidi moumen
189866,7881031,entree sud
189867,7881032,casablanca finance city
189868,7881036,bouskoura ville
189869,7881040,route de l ourika
189870,7881044,zouagha bas
189871,7881068,hay mohammadi
189872,7881076,la ville haute
189873,7881077,mimosas
189874,7881112,nassim
189875,7881118,maamora
189876,7881120,casablanca finance city
189877,7881126,dar bouazza
189878,7881137,triangle d or
189880,7881177,abbadi
189881,7881190,marchan
189882,7881198,oulfa
189883,7881206,quartier du parc
189884,7881209,chefchaouen
189885,7881230,hay mohammadi
189886,7881240,hay mohammadi
189887,7881243,najmat al janoub
189888,7881249,mouassine
189890,7881286,nouaceur
189891,7881288,dar bouazza
189892,7881297,hamria
189893,7881327,dar bouazza
189894,7881340,les portes de marrakech
189895,7881344,beni mellal
189896,7881355,anjra
189897,7881366,oasis
189898,7881368,oasis
189899,7881369,oasis
189900,7881370,oasis
189901,7881377,triangle d or
189903,7881380,oasis
189904,7881387,maarif
189905,7881410,hay oued dahab
189907,7881464,hay ennasr
189908,7881483,marrakech
189909,7881501,habbous
189910,7881505,hay targa
189911,7881506,issil
189912,7881545,lissasfa
189913,7881565,malabata
189914,7881567,bouskoura ville
189915,7881568,hassan centre ville
189917,7881612,wislane
189918,7881615,gueliz
189919,7881629,sidi bouzid
189920,7881649,bir jdid
189922,7881655,hay lalla haya
189923,7881657,souissi
189924,7881659,nahda
189926,7881664,centre
189927,7881669,racine
189928,7881686,kasba tadla
189929,7881689,asilah
189930,7881701,route de fez
189931,7881709,route de tahanaout
189932,7881712,chtouka
189934,7881727,ennakhil palmeraie
189935,7881731,sidi maarouf
189936,7881749,malabata
189937,7881777,chichaoua
189938,7881784,ait malek
189939,7881835,la ville haute
189940,7881837,bernoussi
189941,7881841,ennakhil palmeraie
189942,7881842,sehrij gnawa
189946,7881910,tanger
189948,7881952,hay salam
189949,7881955,monica
189950,7881989,firdaouss
189953,7882024,anfa
189955,7882026,anfa
189956,7882033,bel air val fleuri
189957,7882093,berkane
189958,7882098,fes city center
189959,7882119,maarif extension
189960,7882123,riyad
189962,7882150,californie
189964,7882177,boulevard med 6
189965,7882183,kasbah
189966,7882187,hay chrifa
189967,7882191,gueliz
189968,7882204,agdal
189969,7882206,hay al massar
189970,7882228,bir rami est
189971,7882239,maamora
189972,7882242,jbel kbir
189973,7882256,imarat
189974,7882257,lissasfa
189975,7882270,route de safi
189976,7882288,izdihar
189977,7882292,souissi
189978,7882301,mozart
189979,7882307,maghrib arabi
189980,7882309,gueznaia
189981,7882336,ait faska
189982,7882348,route de tahanaout
189983,7882368,plage oued cherrat
189984,7882377,centre ville
189985,7882386,assif
189986,7882397,centre ville
189987,7882407,bouskoura ville
189989,7882477,sidi harazem
189990,7882485,de la plage
189991,7882520,les chenes
189993,7882546,maarif extension
189994,7882568,taza
189995,7882571,al fath
189996,7882587,errahma
189998,7882628,cente
189999,7882630,azemmour
190000,7882632,route de l ourika
190001,7882633,azemmour
190003,7882651,hamria
190004,7882657,errahma
190005,7882661,taddart
190006,7882706,sidi moussa el majdoub
190007,7882722,amelkis
190008,7882738,malabata
190009,7882740,amelkis
190010,7882745,wifak
190011,7882755,route de tahanaout
190012,7882768,agdal
190013,7882770,hay almasjid
190014,7882811,mers sultan
190015,7882813,ennakhil palmeraie
190016,7882814,hay almasjid
190017,7882824,souissi
190018,7882825,ain haroun
190019,7882886,hay mohammadi
190020,7882893,route casablanca
190021,7882933,sidi moumen
190022,7882937,azrou
190023,7882941,azrou
190024,7882946,el gara
190025,7882958,route de l ourika
190026,7882965,oulad hamdane
190027,7882969,moujahidine
190028,7882970,route de fez
190029,7882975,route immouzer
190030,7882976,sidi allal el bahraoui
190031,7882984,zekak erroumane
190032,7882993,moulay bouzarqtoune
190033,7883000,hay moulay el kamel
190035,7883009,harhoura
190036,7883023,abouab sala
190037,7883028,dar bouazza
190038,7883032,riad salam
190039,7883033,deroua
190040,7883053,kennaria
190041,7883061,amelkis
190042,7883065,centre ville
190043,7883069,centre ville
190044,7883074,californie
190045,7883075,oasis sud
190046,7883079,lazaret
190047,7883117,route de rabat
190048,7883119,centre ville
190049,7883125,bir jdid
190050,7883160,sidi moussa
190051,7883202,gueliz
190052,7883204,selouane
190053,7883213,ait melloul
190054,7883223,palmier
190056,7883235,maarif
190057,7883266,riad oulad mtaa
190058,7883282,souissi
190059,7883298,quartier des ambassades
190060,7883315,route de l ourika
190061,7883319,hay al fadl
190062,7883321,hay targa
190063,7883328,golf de benslimane
190064,7883345,bouskoura ville
190066,7883403,souissi
190067,7883433,nassim 2
190068,7883446,palmier
190070,7883461,ferme bretonne hay arraha
190071,7883469,tit mellil
190073,7883508,talaa
190074,7883514,ain chock
190075,7883515,gauthier
190076,7883520,centre
190077,7883539,martil
190078,7883540,malabata
190079,7883546,errahma
190080,7883556,bouskoura ville
190081,7883568,taddart anza
190082,7883571,saidia
190084,7883615,hay qods
190085,7883617,hivernage
190086,7883637,bouskoura ville
190087,7883653,marjane
190089,7883660,oasis
190090,7883727,ait melloul
190091,7883754,bouskoura ville
190092,7883778,hay targa
190093,7883796,dar bouazza
190094,7883814,malabata
190095,7883823,route de tahanaout
190096,7883829,zemmouri
190097,7883848,les hopitaux
190098,7883859,inzegan
190101,7883894,berrechid
190102,7883897,bernoussi
190103,7883900,ait melloul
190104,7883904,palmier
190105,7883969,souissi
190106,7883975,asilah
190107,7883987,les princesses
190108,7884006,amicales
190109,7884021,l ocean
190110,7884023,berrechid
190111,7884024,bourgogne ouest
190112,7884033,hay al rajaa fillah
190113,7884038,les hopitaux
190114,7884045,racine
190115,7884057,narjis
190117,7884093,sidi maarouf
190118,7884103,hay mohammadi
190119,7884104,hay mohammadi
190120,7884105,hay mohammadi
190121,7884106,hay mohammadi
190122,7884108,hay mohammadi
190123,7884109,hay mohammadi
190124,7884110,hay mohammadi
190125,7884111,hay mohammadi
190127,7884113,hay mohammadi
190128,7884119,hay mohammadi
190129,7884124,souissi
190130,7884126,quartier des ambassades
190132,7884155,tanja balia
190133,7884183,el menzeh
190134,7884184,el menzeh
190135,7884189,hermitage
190138,7884194,saidia
190139,7884195,ain erreggada
190140,7884236,moulay yaacoub
190141,7884252,kalaat m gouna
190142,7884254,agafay
190147,7884286,centre ville
190148,7884299,racine
190151,7884331,hay targa
190153,7884359,maarif
190154,7884365,hay qods
190155,7884381,hay al falah
190156,7884411,racine
190157,7884418,cabo negro
190158,7884421,tifelt
190159,7884423,zaouiat sidi abdeslam
190160,7884439,burger
190161,7884465,dar bouazza
190163,7884506,agdal
190164,7884507,agdal
190165,7884508,agdal
190166,7884525,route de fez
190167,7884531,sidi maarouf
190168,7884569,agdal
190169,7884570,agdal
190170,7884587,route de l ourika
190171,7884601,ain sebaa
190172,7884608,anza
190173,7884623,medina
190174,7884664,aquermoud
190175,7884669,hassania 2
190176,7884672,malabata
190177,7884673,city dar es salaam
190179,7884678,mogress
190180,7884696,aeroport
190181,7884697,khouribga
190182,7884706,sidi moumen
190183,7884740,ain diab
190184,7884746,rmila
190185,7884764,casablanca
190186,7884771,tanja balia
190187,7884780,hay mohammadi
190188,7884783,hay saada
190189,7884785,berkane
190190,7884798,sidi taibi
190191,7884806,cgi
190194,7884833,malabata
190196,7884837,centre
190197,7884840,tanja balia
190198,7884842,malabata
190200,7884856,plateau
190201,7884864,ain diab
190203,7884887,bir rami est
190204,7884897,burger
190205,7884932,souissi
190206,7884933,maarif
190207,7884935,derb sid daoui
190208,7884978,les orangers
190209,7884993,kasbah
190210,7885025,beausejour
190211,7885031,malabata
190212,7885035,malabata
190213,7885043,malabata
190214,7885048,malabata
190215,7885053,malabata
190216,7885085,sidi slimane
190217,7885088,souissi
190219,7885113,hay mohammadi
190220,7885114,hay mohammadi
190221,7885119,hay mohammadi
190223,7885121,hay mohammadi
190224,7885137,route de l ourika
190225,7885153,route de fez
190226,7885162,sidi rahal chatai
190227,7885174,anfa
190228,7885176,route de l ourika
190229,7885177,oulad hassoune
190230,7885224,bouskoura ville
190231,7885231,ain atig
190232,7885251,racine
190233,7885253,hay anas
190234,7885277,boustane
190236,7885294,val fleuri
190240,7885305,ain sebaa
190241,7885316,californie
190243,7885318,wilaya
190244,7885326,wilaya
190245,7885329,marchan
190246,7885330,wilaya
190247,7885348,chichaoua
190248,7885370,ain sebaa
190249,7885376,beausejour
190250,7885378,atlas
190251,7885393,golf de benslimane
190253,7885419,hay salam
190254,7885428,wilaya
190256,7885440,berrechid
190257,7885463,had soualem
190258,7885469,bouskoura ville
190259,7885518,abadou
190260,7885521,maarif
190261,7885544,oasis
190262,7885547,oasis
190263,7885548,oasis
190264,7885550,oasis
190265,7885551,oasis
190266,7885553,oasis
190267,7885554,oasis
190268,7885555,oasis
190269,7885566,el mansouria
190270,7885571,hay targa
190271,7885583,riyad
190272,7885590,ouled teima
190273,7885649,ryad dakhla
190274,7885661,hermitage
190275,7885674,hassania 1
190278,7885761,marjane
190279,7885764,route d agadir essaouira
190280,7885773,biougra
190282,7885784,riyad
190285,7885813,wilaya
190286,7885814,route amizmiz
190287,7885820,sidi moumen
190288,7885833,msalla
190289,7885836,oulad said
190290,7885861,lekrimat
190291,7885864,had soualem
190292,7885872,nouvelle ville
190293,7885876,route de l ourika
190294,7885904,gueliz
190295,7885905,californie
190296,7885906,route amizmiz
190297,7885930,ennakhil palmeraie
190298,7885940,quartier industriel
190299,7885949,cil hay salam
190300,7885970,azib derai
190301,7885983,al aalia
190304,7886047,hay houda
190305,7886048,centre
190306,7886055,tiznit
190307,7886085,ferme bretonne hay arraha
190308,7886111,route de fez
190310,7886172,dar bouazza
190311,7886225,nouaceur
190312,7886238,berrechid
190313,7886253,ain diab extension
190314,7886259,route de fez
190315,7886262,ouled moussa
190316,7886279,sidi mohamed lahmar
190317,7886283,aeroport
190318,7886308,al hadiqa
190319,7886315,route amizmiz
190321,7886343,ennakhil palmeraie
190324,7886360,tamesna
190325,7886372,bouskoura ville
190326,7886388,al azhar
190327,7886400,marjane
190328,7886405,ksibat nhas
190329,7886417,ain diab
190330,7886421,centre
190331,7886431,tanja balia
190332,7886435,centre
190333,7886442,sidi ghanem
190334,7886466,oulfa
190335,7886468,sidi moumen
190337,7886472,manar
190338,7886486,centre
190339,7886487,malabata
190340,7886544,route casablanca
190341,7886561,tabriquet
190342,7886564,hay chmaou
190343,7886572,bouskoura ville
190345,7886586,asilah
190346,7886588,route nationale assilah n1
190347,7886593,sidi maarouf
190348,7886598,centre
190349,7886600,nouaceur
190350,7886609,maarif extension
190351,7886612,ain diab
190352,7886614,al manzla
190353,7886627,rmila
190354,7886630,la gironde
190355,7886636,franceville
190356,7886637,amerchich
190357,7886645,polo
190358,7886655,hassan centre ville
190359,7886656,amizmiz
190360,7886660,aharrarine
190361,7886687,route de safi
190362,7886691,quartier aerodrome
190363,7886695,val fleury
190364,7886700,taza
190365,7886703,mont fleuri
190366,7886717,azemmour
190367,7886727,safi 1
190368,7886736,chefchaouen
190369,7886748,dar bouazza
190370,7886776,el kelaa des sraghna
190371,7886803,hay mohammadi
190372,7886805,centre
190373,7886817,fquih ben saleh
190374,7886847,route de tahanaout
190375,7886856,selouane
190376,7886862,maarif extension
190377,7886879,el youssoufia
190378,7886906,ziaten
190379,7886950,sidi mansour
190380,7887000,ain diab
190381,7887003,dar bouazza
190383,7887055,route de ouarzazate
190384,7887056,chefchaouen
190385,7887060,medina
190387,7887073,aouama gharbia
190389,7887099,haut anza
190391,7887109,souissi
190392,7887111,hay karima
190393,7887123,ancienne medina
190394,7887127,ain el hayani
190395,7887148,gueznaia
190396,7887153,route de l ourika
190397,7887175,centre
190398,7887190,oasis
190402,7887195,oasis
190406,7887200,oasis
190407,7887207,marchan
190409,7887222,riyad
190410,7887230,sidi ghanem
190411,7887231,martil
190412,7887239,ain sebaa
190413,7887249,route nationale assilah n1
190414,7887267,les jardins d ifrane
190415,7887293,gueliz
190416,7887294,ain sebaa
190417,7887305,charf
190418,7887318,sidi maarouf
190419,7887356,marjane
190420,7887361,hamria
190421,7887375,hay salam
190422,7887392,tanja balia
190423,7887398,bab lhmar
190424,7887405,castilla
190425,7887414,mers sultan
190426,7887423,ouled moussa
190428,7887466,marjane
190429,7887470,larache
190430,7887479,bouskoura ville
190431,7887487,taza
190432,7887500,racine
190433,7887515,ras el ma
190434,7887522,maarif extension
190435,7887570,champ de course
190436,7887572,route casablanca
190438,7887600,el menzeh
190439,7887603,route casablanca
190440,7887609,ennakhil palmeraie
190441,7887641,anfa
190442,7887648,errahma
190443,7887683,mozart
190444,7887684,route amizmiz
190445,7887686,beausite
190446,7887693,sidi abdellah
190448,7887739,plage rose maree
190450,7887778,ain sebaa
190451,7887784,aeroport
190452,7887807,jawadi
190453,7887818,maghrib arabi
190454,7887849,dar bouazza
190455,7887885,agdal
190456,7887889,bourgogne ouest
190457,7887927,berrechid
190458,7887937,oasis
190459,7887943,sidi abdellah
190460,7887949,hivernage
190461,7887991,agdal
190462,7888017,fquih ben saleh
190463,7888018,sidi el khadir
190464,7888045,martil
190465,7888055,harhoura
190466,7888117,entree sud
190468,7888189,riyad
190469,7888190,racine
190472,7888216,ain borja
190473,7888220,les hopitaux
190474,7888231,narjis
190475,7888242,palmier
190476,7888248,burger
190477,7888266,marjane
190478,7888280,belvedere
190480,7888298,boukar
190481,7888401,tassoultante
190482,7888404,samlalia
190483,7888408,sidi bouknadel
190484,7888423,racine
190486,7888479,oasis
190487,7888480,cil hay salam
190488,7888497,sidi allal el bahraoui
190489,7888502,marjane
190490,7888564,californie
190491,7888599,ville nouvelle
190492,7888604,route se sefrou
190493,7888609,hay moulay rachid 1
190494,7888645,gueliz
190495,7888686,sidi bouknadel
190496,7888703,al moustakbal
190498,7888710,hay salam
190499,7888711,hay salam
190500,7888714,hay salam
190501,7888715,hay salam
190502,7888723,gueliz
190503,7888725,maarif
190506,7888771,al qods
190507,7888773,narjis
190508,7888777,route de l ourika
190509,7888779,route de rabat
190511,7888790,khouribga
190512,7888791,lamaachate
190513,7888803,samlalia
190514,7888804,mghogha
190515,7888834,tamesna
190516,7888846,assarag
190517,7888852,centre
190518,7888853,dar bouazza
190520,7888887,gueliz
190521,7888906,route de ouarzazate
190522,7888914,medina
190524,7889030,oulfa
190527,7889098,hay kassam
190528,7889108,tit mellil
190529,7889127,racine
190530,7889130,mehdia
190531,7889131,tan tan
190532,7889137,racine
190533,7889152,bab ghmat
190534,7889200,anfa
190535,7889208,ennakhil palmeraie
190536,7889210,haut founty
190537,7889225,bourgogne ouest
190538,7889227,boulevard med 6
190539,7889230,maarif
190540,7889238,al qods
190541,7889249,sidi ghanem
190542,7889268,route de ouarzazate
190543,7889270,sidi moussa ben ali
190544,7889273,martil
190545,7889490,amelkis
190546,7889491,marrakech
190548,7889528,ain sebaa
190549,7889530,martil
190550,7889535,assam
190551,7889542,tanja balia
190553,7889590,founti
190554,7889611,racine
190557,7889669,achakar
190559,7889696,achakar
190560,7889722,aeroport
190561,7889726,sidi yahya
190562,7889729,route amizmiz
190563,7889753,les hopitaux
190564,7889770,abi horaira
190565,7889779,centre
190566,7889796,tantonville
190567,7889805,mediouna
190568,7889813,marjane
190570,7889815,quartier du parc
190571,7889829,bouskoura ville
190572,7889832,bourgogne ouest
190573,7889834,malabata
190575,7889860,tahannaout
190576,7889865,essaada
190577,7889866,la siesta
190578,7889883,abouab sala
190579,7889893,medina
190580,7889902,lakhiaita
190581,7889917,malabata
190582,7889920,tghat
190583,7889934,beni mellal
190584,7889935,tanja balia
190585,7889939,centre
190586,7889959,berrechid
190587,7889960,oulad wjih
190588,7889963,centre
190589,7889967,sidi bouknadel
190590,7889969,route de fez
190591,7889973,route de tahanaout
190592,7889981,ferme bretonne hay arraha
190593,7889984,inbiaat
190594,7889996,bir jdid
190595,7890000,marrakech
190596,7890022,la ville haute
190597,7890041,plage rose maree
190598,7890062,anfa
190599,7890068,victoria
190600,7890079,beni yakhlef
190602,7890115,cabo negro
190603,7890122,cabo negro
190604,7890151,route de meknes
190605,7890156,hay palestine
190607,7890171,lissasfa
190608,7890172,lissasfa
190609,7890173,lissasfa
190611,7890175,lissasfa
190613,7890238,maarif extension
190614,7890251,gauthier
190615,7890255,les princesses
190617,7890287,ain chock
190618,7890301,hay salama
190619,7890310,mimosas
190620,7890314,la ville haute
190624,7890346,castilla
190625,7890351,centre
190626,7890370,corniche
190627,7890373,khenifra
190628,7890381,al azhar
190629,7890409,al karaouiyine
190630,7890410,casablanca finance city
190632,7890483,route de fez
190633,7890498,bouskoura ville
190634,7890520,martil
190635,7890566,bouskoura ville
190636,7890570,hay saada
190638,7890621,amerchich
190639,7890670,souissi
190640,7890676,had soualem
190642,7890686,de la plage
190643,7890689,al farah dar essalam
190644,7890701,al qods
190645,7890707,bouskoura ville
190646,7890731,centre
190648,7890744,tamesna
190649,7890750,el kelaa des sraghna
190650,7890754,hay ez zaitoune
190651,7890773,bouaakkaz
190653,7890776,route de fez
190654,7890780,had soualem
190655,7890786,route de tahanaout
190656,7890792,route d agadir essaouira
190657,7890812,bouskoura ville
190658,7890814,ennakhil palmeraie
190660,7890850,martil
190661,7890852,ben serguaou
190662,7890884,centre
190663,7890894,cil hay salam
190664,7890903,azemmour
190665,7890908,khenifra
190666,7890948,sidi bibi
190667,7890958,ouarzazate
190668,7891018,aeroport
190669,7891021,route de safi
190670,7891048,route de ouarzazate
190671,7891057,martil
190672,7891063,hamria
190673,7891074,martil
190674,7891080,racine
190675,7891103,les princesses
190676,7891127,californie
190679,7891146,sidi maarouf
190681,7891155,gueliz
190682,7891156,les princesses
190683,7891175,tanja balia
190684,7891181,palmier
190685,7891184,les princesses
190686,7891188,les princesses
190688,7891193,les princesses
190689,7891205,hay nahda
190691,7891234,tit mellil
190693,7891260,asilah
190694,7891298,ain diab extension
190695,7891363,tanja balia
190696,7891375,hay targa
190697,7891394,martil
190699,7891399,harhoura
190700,7891406,hay dakhla
190701,7891443,agdal
190702,7891454,ourika
190703,7891468,wilaya
190704,7891474,laaouama
190705,7891485,jawhara
190706,7891540,anassi
190708,7891610,bouskoura ville
190709,7891618,hivernage
190711,7891666,hay targa
190713,7891687,hay targa
190715,7891732,agafay
190716,7891753,agdal
190717,7891757,founti
190718,7891765,administratif
190719,7891767,route de l ourika
190720,7891769,oulad dahou
190721,7891776,haut agdal
190722,7891782,oasis
190723,7891789,hay targa
190725,7891799,beausejour
190726,7891805,nouvelle ville
190727,7891808,sidi rahal chatai
190728,7891819,route casablanca
190729,7891823,la siesta
190730,7891838,maarif extension
190732,7891841,haut founty
190733,7891849,derb chtouka
190734,7891869,gauthier
190735,7891871,boulevard med 6
190736,7891875,gueliz
190737,7891881,amelkis
190738,7891913,ben guerir
190739,7891915,route amizmiz
190740,7891935,centre ville
190741,7891940,sidi allal el bahraoui
190742,7891948,fath el kheir
190744,7891993,casablanca
190745,7891996,medina
190746,7892010,tetouan
190747,7892059,val fleury
190748,7892073,tamesna
190749,7892077,hay salam
190750,7892081,mellah
190751,7892106,anjra
190752,7892123,khouribga
190753,7892149,martil
190754,7892175,roches noires
190756,7892204,ville verte
190757,7892211,maarif
190759,7892237,martil
190760,7892254,bernoussi
190761,7892264,centre
190762,7892267,anfa
190763,7892269,skala
190764,7892273,anfa
190766,7892277,route ain chkaf
190767,7892279,la cienda
190768,7892281,centre
190769,7892282,had soualem
190771,7892307,route de ouarzazate
190772,7892309,mghogha
190773,7892311,hivernage
190774,7892315,jamila 7
190775,7892317,wifak
190776,7892332,saidia
190777,7892334,agdz
190778,7892340,sidi moumen
190779,7892343,bourgogne ouest
190780,7892349,tifelt
190781,7892352,les hopitaux
190782,7892371,bournazil
190783,7892378,centre
190785,7892391,ennakhil palmeraie
190786,7892398,sidi hajjaj oued hassar
190787,7892419,majorelle
190788,7892421,mers sultan
190789,7892423,al hoceima
190790,7892460,centre ville
190791,7892468,centre
190793,7892484,racine
190794,7892498,centre ville
190795,7892522,temara plage
190796,7892531,souissi
190797,7892533,route d agadir essaouira
190798,7892538,laazib
190800,7892555,bouskoura ville
190802,7892633,branes 2
190803,7892636,la ville haute
190804,7892646,route de tahanaout
190805,7892657,riad salam
190806,7892658,dar bouazza
190809,7892702,route nationale assilah n1
190810,7892717,sidi maarouf
190811,7892732,el hadadda
190812,7892777,route de fez
190813,7892788,zenata
190814,7892804,bir jdid
190815,7892807,al hoceima
190816,7892809,palmier
190817,7892817,anfa
190818,7892823,hay qods
190819,7892824,derb chtouka
190820,7892851,hamria
190821,7892856,route de safi
190822,7892861,alsace lorraine
190823,7892866,martil
190824,7892872,zone industrielle mghogha
190825,7892876,derb lahona
190826,7892906,californie
190827,7892916,dokkarat
190828,7892934,extension dakhla
190829,7892936,ain aouda
190830,7892940,route de rabat
190831,7892953,victoria
190832,7892976,mouassine
190833,7892977,route d agadir essaouira
190834,7892986,laayoun
190835,7892991,el mansouria
190836,7893000,marrakech
190839,7893023,almaz
190841,7893027,hay mohammadi
190842,7893032,route de fez
190843,7893036,beausejour
190844,7893051,agdal
190845,7893052,centre
190846,7893061,cabo negro
190847,7893062,marjane
190848,7893067,andalous
190849,7893076,californie
190851,7893106,ghazoua
190853,7893140,maamora
190854,7893148,azli
190856,7893159,bouskoura ville
190857,7893170,agdz
190859,7893204,ahfir
190860,7893210,riad isli
190861,7893211,douar dlam
190863,7893223,ville nouvelle
190864,7893228,californie
190865,7893277,sala el jadida
190866,7893330,route amizmiz
190867,7893346,martil
190868,7893353,centre
190869,7893360,malabata
190870,7893362,ennakhil palmeraie
190871,7893368,medina
190873,7893390,dar bouazza
190874,7893400,achakar
190875,7893403,zone industrielle
190876,7893417,ourika
190877,7893469,aviation mabella
190878,7893470,lot almouna
190880,7893480,bernoussi
190881,7893482,belvedere
190882,7893483,achakar
190883,7893489,tameslohte
190884,7893500,anfa
190885,7893501,sidi yahya
190887,7893528,californie
190888,7893559,boufkrane
190889,7893565,oulad wjih
190890,7893573,zaio
190891,7893578,haouzia
190893,7893625,selouane
190895,7893632,bourgogne ouest
190896,7893647,lissasfa
190897,7893649,palmier
190898,7893650,essaada
190899,7893653,route amizmiz
190902,7893666,malabata
190904,7893684,tiznit
190905,7893689,dar bouazza
190906,7893692,wislane
190907,7893700,narjis
190908,7893702,route immouzer
190909,7893704,fdalate
190910,7893740,malabata
190911,7893743,bir rami ouest
190912,7893745,martil
190913,7893805,sidi mimoun
190915,7893822,oulad salah
190916,7893823,errahma
190917,7893859,casablanca finance city
190918,7893867,riyad
190919,7893869,anfa superieur
190920,7893881,ferme bretonne hay arraha
190921,7893883,route d agadir essaouira
190922,7893934,ville nouvelle
190923,7893936,route de tahanaout
190924,7893942,tabriquet
190925,7893969,bir rami est
190926,7893976,dar bouazza
190927,7893997,malabata
190928,7894040,les portes de marrakech
190929,7894045,sidi ifni
190930,7894053,route de safi
190931,7894054,hay houda
190932,7894057,palmier
190933,7894076,mehdia
190934,7894079,tanja balia
190935,7894093,bouskoura ville
190936,7894115,errahma
190939,7894166,oulad wjih
190940,7894176,marjane
190941,7894212,ville verte
190942,7894225,bouskoura ville
190943,7894234,derb douam
190944,7894263,riyad
190945,7894265,martil
190946,7894267,laymoune
190947,7894289,route de fez
190948,7894302,sidi youssef
190949,7894313,bouskoura ville
190950,7894330,ziana
190951,7894344,tnine aglou
190952,7894345,bir rami ouest
190953,7894351,californie
190956,7894366,martil
190958,7894390,harhoura
190959,7894395,el menzeh
190960,7894404,saidia
190961,7894408,selouane
190962,7894413,ain diab
190964,7894423,essaada
190965,7894448,hivernage
190967,7894474,oulmes
190968,7894480,imzouren
190969,7894505,berkane
190970,7894525,dar bouazza
190971,7894527,tabriquet
190974,7894554,route casablanca
190976,7894568,sidi rahal chatai
190978,7894594,hay mohammadi
190979,7894597,les chenes
190982,7894650,centre ville
190983,7894662,hivernage
190984,7894667,route de fez
190985,7894671,quartier oued fes
190986,7894678,aourir
190988,7894699,bouskoura ville
190990,7894701,ain diab
190991,7894703,amizmiz
190992,7894745,tamesna
190993,7894747,tinghir
190994,7894749,boumesmar
190995,7894757,route de l ourika
190996,7894759,riad zitoun
190997,7894761,hivernage
190998,7894771,ghazoua
190999,7894775,marrakech
191000,7894780,hivernage
191002,7894821,al hassania
191003,7894823,route de fez
191004,7894837,route amizmiz
191005,7894848,centre
191007,7894853,sidi bouzid
191008,7894858,andalous
191009,7894860,hay qods
191010,7894868,gauthier
191011,7894871,al hoceima
191012,7894875,mabroka
191013,7894878,bir tam tam
191014,7894894,ghazoua
191015,7894902,lamiaa
191016,7894906,beausejour
191017,7894908,lamiaa
191018,7894919,californie
191020,7894930,ain aouda
191021,7894933,ait melloul
191022,7894941,de la plage
191023,7894943,de la plage
191024,7894946,martil
191025,7894947,route de l ourika
191026,7894949,mrir t
191027,7894953,assahrij
191028,7894961,massira 2
191029,7894974,mont fleuri
191031,7894991,mont fleuri
191032,7895015,mesnana
191033,7895021,taza
191034,7895022,route de safi
191035,7895028,la siesta
191036,7895029,quartier du parc
191037,7895033,quartier du parc
191038,7895037,wafa
191039,7895045,la siesta
191040,7895046,monica
191041,7895052,dar touzani
191042,7895060,laymoune
191043,7895063,al hoceima
191044,7895092,el mdrassi
191045,7895183,tikiouine
191046,7895186,ouled moussa
191047,7895192,taghazout
191048,7895193,centre
191049,7895214,agdal
191050,7895217,route de tahanaout
191052,7895235,racine extension
191053,7895251,martil
191054,7895273,gueznaia
191055,7895276,sidi bouhria
191056,7895283,route immouzer
191057,7895298,derb ghalef
191058,7895319,bled
191060,7895329,sidi rahal chatai
191061,7895339,mediouna
191064,7895360,aharrarine
191065,7895376,hay nejma
191066,7895377,azemmour
191067,7895378,les princesses
191068,7895387,ferme bretonne hay arraha
191069,7895394,ain borja
191070,7895397,hamria
191071,7895405,hay massira
191072,7895415,laaouama
191073,7895422,nassim 1
191074,7895423,beausejour
191075,7895428,zemamra
191076,7895430,route casablanca
191077,7895452,tit mellil
191078,7895456,ain johra
191079,7895459,bab doukkala
191080,7895461,route d agadir essaouira
191081,7895476,iziki
191082,7895478,bourgogne ouest
191083,7895513,manar
191084,7895525,andalous
191085,7895530,oulfa
191086,7895532,centre
191087,7895546,lissasfa
191088,7895553,temsia
191089,7895554,ouled boutaib
191090,7895558,skoura ahl el oust
191091,7895560,les hopitaux
191092,7895567,martil
191093,7895573,martil
191094,7895581,sidi bouknadel
191095,7895590,gueznaia
191096,7895607,boukhalef
191097,7895620,sidi allal el bahraoui
191098,7895639,sidi rahal
191099,7895656,al aalia
191100,7895663,maarif extension
191101,7895690,tiznit
191102,7895692,mers sultan
191103,7895735,riad oulad mtaa
191104,7895736,errahma
191106,7895769,centre
191107,7895776,el menzeh
191108,7895782,ouahat sidi brahim
191109,7895784,boukhalef
191110,7895792,medina
191111,7895809,aquouass briech
191112,7895815,al qods
191113,7895826,victoria
191114,7895828,hay salam
191115,7895830,douar lareich
191116,7895831,hay salam
191117,7895834,errachidia
191118,7895844,anfa
191119,7895848,anfa
191120,7895886,tanja balia
191121,7895901,oulfa
191122,7895905,azla
191123,7895906,nouaceur
191124,7895925,hay oued dahab
191125,7895936,le boulevard mohammed v
191127,7895962,al bassatine
191128,7895983,nassim 2
191129,7895996,malabata
191130,7896024,oulad rahmoune
191131,7896039,ancien combatant
191132,7896047,sidi abdallah ghiat
191133,7896051,ait ourir
191134,7896052,californie
191135,7896078,nouaceur
191136,7896101,ksar sghir
191138,7896114,ain aouda
191141,7896127,martil
191142,7896159,victoria
191143,7896184,riad zitoun
191144,7896189,belvedere
191145,7896193,saidia
191146,7896219,sidi maarouf
191147,7896225,al hoceima
191149,7896234,zaouia sidi ghalem
191150,7896248,sidi allal el bahraoui
191152,7896254,corniche
191153,7896255,plage rose maree
191154,7896293,al bassatine
191155,7896337,mechouar fes jdid
191156,7896341,bourmana
191157,7896344,errahma
191158,7896369,ouasis
191159,7896379,sidi bou amar
191161,7896433,gueliz
191162,7896459,deroua
191163,7896466,ahlaf
191164,7896474,maamora
191165,7896485,had soualem
191166,7896494,cente
191167,7896501,riad oulad mtaa
191168,7896522,sidi lamine
191169,7896534,moulay youssef
191170,7896540,jbilat
191171,7896546,mounia
191172,7896547,mounia
191173,7896550,essaada
191174,7896559,ouled boutaib
191175,7896566,route de safi
191176,7896568,hoda
191177,7896578,hay kassam
191178,7896601,taza
191179,7896606,al madina aljadida
191180,7896610,hay fath
191181,7896616,entree sud
191183,7896622,les princesses
191184,7896636,quartier du soleil
191185,7896647,dar bouazza
191186,7896669,el moukef
191187,7896678,azemmour
191188,7896721,centre
191189,7896728,al bassatine
191190,7896752,tiznit
191191,7896776,bir rami ouest
191192,7896809,berrechid
191193,7896844,route d agadir
191194,7896877,casablanca finance city
191196,7896883,racine extension
191197,7896886,souissi
191198,7896911,oulad zidane
191199,7896914,mers sultan
191200,7896918,sidi moussa ben ali
191201,7896924,had soualem
191202,7896928,entree sud
191203,7896933,oulad wjih
191204,7896934,sidi el khadir
191205,7896944,amelkis
191206,7896960,mehdia
191208,7896963,deroua
191209,7896967,tilila
191210,7896985,cil hay salam
191211,7896987,cabo negro
191212,7896995,route de tahanaout
191214,7896998,route de tahanaout
191215,7897007,ain diab
191216,7897021,sidi abdelkarim
191217,7897026,ismalia
191218,7897054,al massira
191219,7897134,sidi m hamed dalil
191220,7897138,ras el ma
191222,7897144,sidi bouzid
191223,7897145,la jonquiere
191224,7897147,derb ghalef
191225,7897148,aourir
191226,7897157,martil
191228,7897176,gueliz
191229,7897183,massira 2
191230,7897185,aeroport
191231,7897190,roches noires
191232,7897206,californie
191234,7897210,gueliz
191235,7897212,hay mohammadi
191236,7897218,hamria
191237,7897221,tiznit
191238,7897253,nahda
191239,7897254,racine
191240,7897260,centre ville
191241,7897261,mhamid
191242,7897262,secteur touristique
191243,7897270,ain sebaa
191244,7897283,el qaria
191247,7897334,malabata
191248,7897335,malabata
191249,7897345,lissasfa
191250,7897351,tiznit
191251,7897364,tacharouk hay al walaa
191252,7897376,rbat asfaa
191253,7897378,youssoufia
191254,7897380,arset el maach
191255,7897404,sidi allal el bahraoui
191256,7897406,zenata
191257,7897408,zenata
191258,7897410,zenata
191259,7897424,tiznit
191260,7897434,souissi
191261,7897463,plage rose maree
191262,7897465,martil
191263,7897466,martil
191264,7897467,martil
191265,7897477,route de safi
191267,7897495,mers sultan
191268,7897529,garage allal
191269,7897546,tamesna
191270,7897564,harhoura
191271,7897569,oasis sud
191273,7897628,belfaa
191274,7897634,hay tarik
191275,7897685,haut founty
191276,7897700,centre
191277,7897720,longchamps hay al hanaa
191278,7897733,ancienne medina
191279,7897743,ain diab
191280,7897750,martil
191281,7897775,bouskoura ville
191282,7897788,sidi rahal chatai
191284,7897812,sidi abdellah
191285,7897840,beausejour
191288,7897884,dar bouazza
191289,7897891,cente
191290,7897896,founti
191292,7897910,ain borja
191293,7897918,martil
191294,7897921,sidi rahal
191295,7897969,harhoura
191296,7897971,riad oulad mtaa
191297,7897984,martil
191298,7897985,wilaya
191299,7897987,bourgogne est
191302,7898051,boulevard med 6
191304,7898059,casablanca marina
191305,7898067,route nationale assilah n1
191307,7898109,ferme bretonne hay arraha
191308,7898120,la ville haute
191310,7898148,golf de benslimane
191311,7898166,route amizmiz
191312,7898168,bourgogne ouest
191314,7898181,ain diab
191315,7898200,route amizmiz
191316,7898218,marjane
191317,7898233,bouskoura ville
191318,7898244,plage oued cherrat
191319,7898275,el hadadda
191320,7898279,el hadadda
191321,7898308,marjane
191322,7898314,hamria
191323,7898320,al kawtar
191324,7898327,haut founty
191325,7898333,souissi
191326,7898360,sidi ali ben hamdouche
191328,7898396,amicales
191329,7898402,centre ville
191330,7898421,mers sultan
191331,7898424,marjane
191332,7898429,route de l ourika
191334,7898467,ain sebaa
191335,7898479,plaisance
191336,7898480,route de fez
191337,7898507,nassim 1
191338,7898511,sefrou
191341,7898545,abbadi
191342,7898560,ennakhil palmeraie
191344,7898591,du golf
191345,7898592,errahma
191346,7898600,route amizmiz
191347,7898601,marrakech
191348,7898602,route de l ourika
191349,7898607,harhoura
191350,7898612,berrechid
191351,7898619,ourika
191353,7898630,centre
191354,7898639,hamria
191355,7898642,sidi allal lamsadder
191356,7898648,administratif
191357,7898651,jbel kbir
191358,7898658,tinghir
191359,7898664,agdal
191360,7898666,ait faska
191361,7898667,sidi abdallah ghiat
191362,7898687,ait ayach
191363,7898691,route d agadir essaouira
191364,7898699,oasis
191365,7898704,mkinssia
191366,7898730,cherkaoui marzouka
191367,7898731,oulad wjih
191368,7898733,chaabi
191371,7898767,victoria
191372,7898790,sidi maarouf
191373,7898845,tanja balia
191375,7898853,bouskoura ville
191376,7898880,berrechid
191377,7898903,benjdia
191381,7898935,martil
191382,7898947,mesnana
191383,7898951,ain sebaa
191384,7898960,saidia
191385,7898972,du golf
191386,7898980,sidi maarouf
191387,7898987,route de l ourika
191388,7899014,saidia
191390,7899048,oulad wjih
191391,7899061,quartier aerodrome
191394,7899104,bouskoura ville
191396,7899138,sidi rahal
191397,7899142,dar bouazza
191398,7899144,hay mabrouka
191399,7899151,oulfa
191400,7899160,deroua
191401,7899165,agdal
191402,7899170,roches noires
191403,7899180,hay idrissia
191404,7899202,sidi maarouf
191406,7899216,oasis
191407,7899220,maarif extension
191408,7899224,tacharouk hay al walaa
191409,7899242,cil hay salam
191410,7899265,mediouna
191411,7899291,hay houda
191412,7899302,najmat al janoub
191413,7899305,ouarzazate
191414,7899324,mediouna
191415,7899328,casablanca marina
191416,7899338,inzegan
191418,7899352,sidi bibi
191419,7899359,ain aouda
191421,7899429,centre
191422,7899431,route de l ourika
191423,7899445,sidi rahal
191424,7899451,anassi
191426,7899543,pepiniere
191427,7899613,ferme bretonne hay arraha
191428,7899625,lissasfa
191429,7899632,bernoussi
191430,7899642,lissasfa
191431,7899660,les cretes
191432,7899682,massa
191434,7899691,martil
191435,7899693,gueliz
191436,7899721,assanaouber
191437,7899727,bourgogne ouest
191440,7899768,route de safi
191441,7899772,val fleury
191442,7899782,hay moulay abdellah
191443,7899788,moulay lyazid
191444,7899789,ain amiyer
191445,7899792,martil
191447,7899799,gauthier
191448,7899800,beni yakhlef
191449,7899801,marjane
191451,7899809,route de ouarzazate
191452,7899818,de la plage
191454,7899837,founti
191455,7899840,aouama gharbia
191456,7899841,mimosas
191457,7899845,derb ghalef
191458,7899846,el mrabet
191459,7899865,oulad wjih
191460,7899873,route de safi
191461,7899894,mehdia
191462,7899899,ain diab
191463,7899941,derb korea
191465,7899957,casablanca finance city
191466,7899963,bouskoura ville
191467,7899973,triangle d or
191468,7899990,sidi bouknadel
191469,7900001,camp al ghoul
191470,7900012,riad oulad mtaa
191471,7900015,maamora
191473,7900047,dar bouazza
191474,7900062,belvedere
191475,7900063,bourgogne ouest
191476,7900064,dar bouazza
191478,7900068,oulfa
191479,7900070,oulfa
191480,7900083,el mansouria
191481,7900085,route de ouarzazate
191482,7900095,larache
191483,7900101,harhoura
191485,7900105,ain atig
191486,7900111,dcheira el jihadia
191487,7900112,hay hassani
191488,7900117,khemisset chaouia
191489,7900118,gueliz
191490,7900124,nassim 2
191491,7900136,gueliz
191492,7900174,centre
191493,7900177,asilah
191494,7900194,route de safi
191495,7900207,centre
191496,7900213,mers sultan
191497,7900215,plage oued cherrat
191498,7900221,bouskoura ville
191499,7900225,quartier du parc
191500,7900246,sania
191501,7900292,al ghoufrane
191502,7900298,malabata
191503,7900302,aarid
191504,7900307,centre
191506,7900317,ismalia
191508,7900328,benjdia
191510,7900350,al boustane
191511,7900356,bir jdid
191513,7900378,bouskoura ville
191515,7900393,dar bouazza
191516,7900405,bettana
191517,7900409,majorelle
191518,7900422,maarif extension
191519,7900443,gueliz
191520,7900452,hay hassani
191521,7900458,asilah
191522,7900495,centre
191523,7900501,wifak
191524,7900521,hay boudir
191525,7900523,entree sud
191526,7900525,tabriquet
191527,7900533,maarif
191528,7900540,oued laou
191529,7900541,ourika
191530,7900562,samlalia
191531,7900592,laayoune
191533,7900613,alsace lorraine
191535,7900636,ville verte
191536,7900659,narjis
191537,7900663,les hopitaux
191538,7900665,taghazout
191540,7900713,oasis sud
191541,7900729,tabriquet
191542,7900733,boujdour
191543,7900767,hay targa
191544,7900777,belvedere
191545,7900785,taghazout
191546,7900819,beni mellal
191547,7900826,route de fez
191548,7900871,ijennane
191549,7900876,ain diab
191550,7900898,aouama gharbia
191552,7900901,sidi maarouf
191553,7900905,taza
191554,7900914,diour dokala
191555,7900919,anfa superieur
191558,7900954,souissi
191560,7900962,quartier industriel
191563,7901026,ville nouvelle
191564,7901030,bouskoura ville
191565,7901039,kasbah
191566,7901041,al wifaq
191567,7901047,hay salam
191569,7901060,hay salam
191570,7901066,secteur touristique
191572,7901082,malabata
191573,7901113,marjane
191575,7901143,port
191576,7901177,benjdia
191578,7901240,la ville haute
191579,7901287,ait faska
191580,7901292,route nationale assilah n1
191581,7901316,habbous
191582,7901361,martil
191583,7901368,bourgogne ouest
191585,7901391,route immouzer
191586,7901411,sidi moumen
191587,7901422,mehdia
191589,7901437,mouassine
191590,7901448,triangle d or
191591,7901452,franceville
191592,7901457,route amizmiz
191593,7901486,el kelaa des sraghna
191594,7901487,beni yakhlef
191595,7901518,route de tahanaout
191596,7901520,de la plage
191598,7901582,bouskoura ville
191599,7901601,gauthier
191600,7901607,sidi rahal
191601,7901611,hay antaria
191602,7901614,asilah
191603,7901617,riyad
191604,7901619,mers sultan
191605,7901631,diour jamaa
191606,7901632,ahlane
191607,7901639,plage oued cherrat
191608,7901648,val fleuri
191610,7901660,riyad
191611,7901678,du golf
191612,7901722,mandarona
191614,7901754,tilila
191615,7901762,route de fez
191616,7901771,route amizmiz
191617,7901773,medina
191618,7901777,oulfa
191619,7901785,hamza
191620,7901797,el qaria
191622,7901809,fdalate
191623,7901811,la ville haute
191626,7901841,al qods
191627,7901844,bourgogne ouest
191628,7901855,route de l ourika
191629,7901860,hanaa 1
191630,7901862,cite adrar
191631,7901878,bouskoura ville
191632,7901879,route de tahanaout
191633,7901926,aouama gharbia
191634,7901929,malabata
191635,7901952,route de fez
191636,7901986,marjane
191637,7901987,sidi moumen
191639,7902024,route amizmiz
191640,7902025,boufkrane
191641,7902026,centre ville
191642,7902054,riad salam
191643,7902139,californie
191645,7902150,el ghiate
191646,7902183,sidi abbad
191650,7902279,jirrari
191654,7902305,hay zobir
191656,7902317,derb omar
191658,7902329,hay al azhar
191662,7902393,centre ville
191663,7902414,sidi maarouf
191664,7902424,tnine aglou
191665,7902433,sidi maarouf
191666,7902446,derb omar
191668,7902493,souissi
191670,7902514,kechich
191672,7902521,had dra
191673,7902523,laayoune
191674,7902547,bouskoura ville
191675,7902555,tit mellil
191676,7902562,oulfa
191678,7902625,plage oued cherrat
191679,7902633,sidi abdallah ghiat
191680,7902637,sidi abdallah ghiat
191681,7902643,ait ourir
191682,7902656,wifak
191683,7902664,burger
191684,7902695,jawhara
191685,7902707,hay hassani
191686,7902711,belvedere
191688,7902724,salmia 2
191689,7902726,tamesna
191690,7902729,beni yakhlef
191691,7902733,tetouan
191692,7902735,taghzout
191693,7902760,rommani
191694,7902778,mimosas
191696,7902790,bourgogne ouest
191697,7902802,val fleury
191698,7902831,les princesses
191699,7902856,ben dibane
191700,7902887,amtar
191701,7902888,tabriquet
191702,7902898,les princesses
191703,7902899,nassim
191704,7902904,sala el jadida
191705,7902905,mimosas
191706,7902938,les princesses
191707,7902944,les princesses
191708,7902955,achakar
191713,7902993,californie
191714,7902995,californie
191716,7903011,zouagha
191717,7903012,martil
191718,7903019,hay mohammadi
191720,7903046,tinghir
191722,7903059,ain sebaa
191723,7903061,gueliz
191724,7903068,maarif
191725,7903116,les princesses
191727,7903139,ain diab extension
191728,7903156,ziaten
191729,7903165,abbadi
191730,7903171,anassi
191731,7903182,val fleury
191732,7903187,riyad
191733,7903193,a c3 afn seba c3 a2
191734,7903199,azemmour
191735,7903213,bournazil
191738,7903271,cherkaoui marzouka
191739,7903307,jbel kbir
191740,7903345,hermitage
191741,7903364,tabriquet
191742,7903369,essaada
191743,7903372,hay targa
191744,7903378,secteur touristique
191745,7903380,californie
191746,7903386,maarif extension
191747,7903415,sidi rahal chatai
191748,7903417,moujahidine
191749,7903421,les hopitaux
191750,7903439,errahma
191751,7903451,ain mezouar
191752,7903453,hay mohammadi
191753,7903454,tit mellil
191754,7903476,alfilline
191755,7903485,malabata
191756,7903518,hikma ii
191757,7903537,kenitra
191758,7903559,la vilette
191759,7903595,marjane
191760,7903606,plage oued cherrat
191761,7903614,marrakech
191762,7903616,ksar sghir
191763,7903628,sidi youssef
191765,7903677,route de fez
191766,7903698,skoura ahl el oust
191767,7903727,moujahidine
191768,7903769,belvedere
191769,7903771,hamria
191770,7903793,biougra
191771,7903796,hay mohammadi
191772,7903811,route de ouarzazate
191773,7903813,essaouira
191774,7903835,fath el kheir
191775,7903892,mounia
191776,7903923,hassan centre ville
191777,7903926,californie
191778,7903928,ouled teima
191779,7903948,taghazout
191780,7903972,aviation mabella
191781,7904017,ait faska
191782,7904035,les portes de marrakech
191783,7904053,route amizmiz
191784,7904059,ville verte
191785,7904060,taddart
191786,7904071,mhamid
191787,7904072,arset el houta
191789,7904099,maghrib arabi
191790,7904100,sidi moussa
191791,7904117,taourirt
191792,7904136,nouaceur
191793,7904152,centre ville
191794,7904162,malabata
191795,7904169,ourika
191796,7904198,al wifaq
191797,7904213,oulad hassoune
191799,7904257,sidi mimoun
191800,7904290,hay almassira 2
191802,7904379,achakar
191803,7904399,anfa
191805,7904422,al fath
191806,7904426,oulad wjih
191807,7904434,sidi rahal
191808,7904448,medina
191809,7904462,berrechid
191810,7904475,anassi
191811,7904477,route de ouarzazate
191812,7904484,derb ghalef
191813,7904493,oulfa
191814,7904495,al bassatine
191815,7904500,beausejour
191816,7904502,dar bouazza
191817,7904503,ouislane
191818,7904505,oulad wjih
191819,7904516,val fleuri
191820,7904518,hay mohammadi
191821,7904545,victoria
191822,7904583,hay ennasr
191823,7904622,bab aylan
191824,7904630,boukhalef
191825,7904633,riad essalam
191826,7904637,sidi hajjaj oued hassar
191827,7904653,maarif
191828,7904660,dar bouazza
191829,7904662,hay bensouda
191830,7904669,el qaria
191832,7904676,massira 1
191833,7904679,khouribga
191834,7904681,cil hay salam
191835,7904684,les hopitaux
191836,7904687,laazib
191838,7904699,riad oulad mtaa
191839,7904702,tetouan
191840,7904708,centre
191841,7904735,administratif
191842,7904761,rissana chamalia
191843,7904766,ksar sghir
191844,7904791,plateau al batha
191845,7904802,bouskoura ville
191847,7904818,tamesna
191848,7904827,la colline
191849,7904847,hay hassani
191850,7904849,assouel
191851,7904851,al farah dar essalam
191852,7904855,quartier industriel
191854,7904873,sala el jadida
191855,7904875,sidi bouknadel
191856,7904879,deroua
191857,7904907,hay mohammadi
191858,7904917,hay chifa
191859,7904941,afourar
191860,7904942,abbadi
191861,7904947,ben guerir
191862,7904965,tassoultante
191863,7904977,bir chifa
191866,7904988,dar bouazza
191867,7905005,diour jamaa
191868,7905006,centre
191869,7905012,malabata
191870,7905017,malabata
191871,7905032,hay al kamal
191872,7905035,tamazouzte
191873,7905049,ennasr
191875,7905058,agdal
191876,7905071,tamazouzte
191877,7905081,assanaouber
191878,7905086,assanaouber
191879,7905100,sidi bibi
191880,7905117,de la plage
191882,7905123,msala
191883,7905125,iberie
191884,7905139,bernoussi
191885,7905172,californie
191886,7905176,mers sultan
191887,7905208,palmier
191889,7905230,harhoura
191890,7905234,racine
191891,7905264,larache
191892,7905313,ksar el kebir
191894,7905331,ain sebaa
191895,7905333,abbadi
191896,7905336,route de safi
191897,7905343,sidi ben slimane el jazouli
191898,7905368,aviation mabella
191900,7905372,hamria
191901,7905382,oulfa
191903,7905421,beaus c3 a9jour
191904,7905436,ain errouz
191905,7905443,sidi rahal chatai
191906,7905455,ville nouvelle
191907,7905461,najmat al janoub
191908,7905466,najmat al janoub
191909,7905467,najmat al janoub
191910,7905470,cite des cadres saniat al mourakib
191911,7905472,najmat al janoub
191912,7905473,sidi othmane
191913,7905474,najmat al janoub
191914,7905475,najmat al janoub
191915,7905488,sidi hajjaj oued hassar
191916,7905508,route casablanca
191917,7905509,gueliz
191918,7905537,oued laou
191919,7905557,anassi
191920,7905568,maarif extension
191921,7905575,bd derfoufi
191922,7905615,mehdia
191923,7905618,marrakech
191924,7905620,marrakech
191925,7905623,route de tahanaout
191926,7905625,route de tahanaout
191927,7905627,marrakech
191928,7905631,marrakech
191929,7905633,marrakech
191930,7905636,route de tahanaout
191931,7905637,hivernage
191932,7905639,hivernage
191933,7905647,marrakech
191934,7905648,ouirgane
191935,7905655,azemmour
191936,7905657,centre
191937,7905695,route de l ourika
191938,7905696,corniche
191939,7905698,centre ville
191940,7905700,hay al fath
191941,7905702,narjiss
191942,7905704,narjiss
191943,7905707,biranzarane
191944,7905710,essaada
191945,7905739,ain chock
191946,7905760,gueliz
191948,7905776,diour jamaa
191949,7905824,californie
191951,7905849,centre ville
191952,7905861,roches noires
191953,7905862,sidi abdallah ghiat
191954,7905869,riyad
191955,7905886,bouskoura ville
191957,7905927,gueliz
191958,7905938,majorelle
191959,7905954,hay alamal
191960,7905958,route ain chkaf
191961,7905968,tikiouine
191962,7905985,bouskoura ville
191963,7905990,centre ville
191964,7905992,asilah
191965,7905998,dar bouazza
191966,7906044,el ghiate
191967,7906045,route de fez
191968,7906060,izdihar
191969,7906081,ennakhil palmeraie
191970,7906087,al andalous
191971,7906094,izdihar
191972,7906095,ain dorbane
191973,7906122,tanger city center
191974,7906134,anfa superieur
191975,7906139,maarif
191976,7906146,l ocean
191977,7906170,al boustane
191978,7906190,route de l ourika
191979,7906191,route de l ourika
191980,7906210,route de l ourika
191981,7906211,gueliz
191982,7906217,aeroport
191983,7906226,agdal
191984,7906229,bourrous
191985,7906234,laaouama
191987,7906257,hay essalam
191988,7906264,hay mohammadi
191989,7906271,touilaa
191991,7906286,casablanca finance city
191993,7906290,hamria
191994,7906296,californie
191996,7906316,route de l ourika
191997,7906324,maarif extension
191998,7906363,gueliz
191999,7906374,derb salama
192001,7906379,route de marrakech
192002,7906385,ain diab extension
192003,7906390,ain diab extension
192004,7906395,ain diab extension
192005,7906396,ain diab extension
192007,7906398,ain diab extension
192009,7906406,el mansouria
192010,7906417,el menzeh
192013,7906439,alfilline
192014,7906441,hay tasahol
192015,7906445,idaougard
192016,7906447,alfilline
192017,7906493,plateau
192018,7906496,sidi moussa
192019,7906498,cite des cadres saniat al mourakib
192020,7906539,anfa
192021,7906542,la siesta
192022,7906544,quartier du parc
192023,7906553,route de l ourika
192024,7906563,hay saada
192025,7906566,jawhara
192027,7906599,souissi
192028,7906609,longchamps hay al hanaa
192029,7906613,mhamid
192033,7906628,tanja balia
192034,7906641,gueznaia
192035,7906661,centre
192036,7906666,agdal
192037,7906671,belvedere
192038,7906675,derb ghalef
192039,7906687,agdal
192040,7906701,sidi taibi
192041,7906702,tantonville
192042,7906706,ziaten
192043,7906707,route immouzer
192044,7906728,centre ville
192045,7906744,martil
192046,7906757,tiznit
192047,7906783,branes 2
192049,7906814,la gironde
192050,7906826,medina
192052,7906835,achakar
192053,7906840,sidi moumen
192054,7906843,deroua
192055,7906862,corniche
192056,7906902,martil
192057,7906937,ain sebaa
192058,7906940,maarif
192060,7906954,mhamid
192061,7906977,medina
192062,7906990,ben guerir
192063,7906993,hay mohammadi
192064,7907002,dar assalam
192065,7907003,cite des cadres saniat al mourakib
192066,7907017,racine
192067,7907019,ouarzazate
192068,7907022,dar assalam
192069,7907023,derb lahona
192070,7907025,cheminoits
192072,7907118,errahma
192073,7907128,franceville
192074,7907134,belvedere
192075,7907141,franceville
192076,7907153,sania
192077,7907154,oasis
192078,7907188,aviation mabella
192079,7907195,la gironde
192080,7907242,chefchaouen
192081,7907243,route nationale assilah n1
192083,7907282,bouskoura ville
192087,7907318,ferme bretonne hay arraha
192088,7907322,dar bouazza
192089,7907362,ain aouda
192090,7907373,harhoura
192092,7907401,sidi bouzid
192093,7907403,hay hassani
192095,7907419,route de fez
192096,7907422,bouskoura ville
192097,7907431,bouskoura ville
192099,7907443,la vilette
192100,7907472,roches noires
192101,7907482,ouarzazate
192102,7907513,bouaakkaz
192103,7907521,blue bay
192104,7907548,atlas
192105,7907557,triangle d or
192107,7907618,achakar
192109,7907657,cite adrar
192110,7907668,laayoune
192111,7907670,ouled boutaib
192112,7907673,gueliz
192113,7907674,sanaoubar
192114,7907677,bir gandouz
192115,7907678,bir gandouz
192116,7907680,la ville haute
192117,7907681,ville nouvelle
192119,7907696,narjis
192120,7907701,sidi maarouf
192121,7907712,centre
192122,7907716,sidi moumen
192124,7907746,marrakech
192125,7907753,route de l ourika
192127,7907821,route de fez
192128,7907828,bouskoura ville
192130,7907878,les hopitaux
192131,7907886,riyad
192132,7907898,m diq
192133,7907914,manar
192134,7907927,masmoudi
192135,7907962,administratif
192136,7907966,hay mohammadi
192137,7907972,sidi bouknadel
192138,7907975,casablanca finance city
192139,7907978,route d agadir essaouira
192140,7907995,ain sebaa
192141,7908028,route casablanca
192143,7908037,gourziana
192144,7908050,oasis
192146,7908065,oasis
192147,7908068,oasis
192150,7908077,hay moulay abdellah
192152,7908100,maamora
192153,7908102,sidi maarouf
192154,7908106,sidi maarouf
192155,7908109,ait melloul
192156,7908110,sidi maarouf
192157,7908141,route de l ourika
192159,7908163,ancienne medina
192161,7908168,route casablanca
192162,7908170,mers sultan
192163,7908175,maarif extension
192164,7908184,hay hassani
192166,7908202,mouassine
192167,7908204,maamora
192168,7908205,sidi hajji
192169,7908207,ain aouda
192170,7908210,ksar sghir
192171,7908213,selouane
192172,7908215,selouane
192173,7908234,sidi abdellah
192174,7908239,mers sultan
192175,7908241,belvedere
192176,7908248,centre
192177,7908255,malabata
192178,7908262,azemmour
192179,7908302,hay mohammadi
192180,7908303,hay mohammadi
192182,7908306,hay mohammadi
192183,7908307,hay mohammadi
192184,7908308,hay mohammadi
192185,7908309,charaf
192186,7908314,al qods
192189,7908325,agdal
192191,7908333,anfa
192192,7908417,tamesna
192193,7908427,had soualem
192194,7908470,hay hassani
192195,7908502,sidi rahal chatai
192196,7908566,bouskoura ville
192197,7908568,route de l ourika
192198,7908572,dar bouazza
192199,7908573,route de tahanaout
192200,7908594,tit mellil
192202,7908627,had soualem
192203,7908657,dar bouazza
192204,7908664,riad 1
192205,7908667,hay mohammadi
192206,7908671,hay mohammadi
192207,7908676,souissi
192208,7908677,al hoceima
192209,7908692,berrechid
192211,7908735,essaada
192212,7908738,el menzeh
192214,7908752,errahma
192215,7908755,essalam
192217,7908787,maarif extension
192218,7908791,beni mellal
192219,7908825,benkirane
192220,7908827,sidi hajjaj oued hassar
192221,7908862,ouled berhil
192222,7908876,jawhara
192223,7908877,jawhara
192224,7908878,quartier industriel
192225,7908879,de la plage
192226,7908881,jamila 5
192227,7908882,riyad
192228,7908887,cabo negro
192229,7908890,nouaceur
192230,7908891,sidi rahal chatai
192232,7908893,boukhalef
192233,7908903,el guerdane
192235,7908906,sidi smail
192237,7908909,ain sebaa
192238,7908917,azib haj kaddour
192239,7908923,franceville
192240,7908925,dar bouazza
192241,7908929,franceville
192242,7908940,hay zobir
192243,7908958,hassan centre ville
192244,7908965,massira 1
192245,7908975,hay moulay abdellah
192248,7908991,harhoura
192251,7909033,dar bouazza
192252,7909042,bir rami est
192253,7909054,tilila
192255,7909057,cite adrar
192257,7909061,haut founty
192258,7909063,hay salam
192259,7909066,hay al farah
192260,7909076,zone industrielle mghogha
192262,7909085,laymoune
192263,7909087,al fath
192264,7909089,ain diab
192265,7909108,les princesses
192266,7909113,centre
192267,7909116,oulfa
192268,7909129,azrou
192270,7909138,hay hassani
192271,7909142,ain diab
192272,7909152,ennakhil palmeraie
192273,7909174,tiznit
192274,7909180,dcheira el jihadia
192275,7909185,mimosas
192276,7909187,assanaouber
192277,7909208,polo
192278,7909209,belvedere
192279,7909213,hay mohammadi
192282,7909263,la ville haute
192283,7909274,bouskoura ville
192284,7909289,sidi maarouf
192286,7909312,californie
192288,7909378,franceville
192289,7909401,route de safi
192290,7909410,bouskoura ville
192291,7909443,sidi ali ben hamdouche
192292,7909452,dar bouazza
192293,7909455,haut founty
192294,7909459,asilah
192295,7909460,sidi rahal chatai
192296,7909469,port tanger ville
192297,7909470,azzouzia
192299,7909477,hay salam
192300,7909483,haut founty
192302,7909489,hay chmaou
192303,7909502,ait ourir
192304,7909515,route de fez
192305,7909520,ryad dakhla
192306,7909557,ain diab
192307,7909573,gauthier
192308,7909585,agdal
192310,7909637,contrebandier
192311,7909649,bouskoura ville
192312,7909657,laymoune
192313,7909704,californie
192314,7909707,ville verte
192315,7909710,had soualem
192316,7909711,belfaa
192317,7909714,castilla
192318,7909715,californie
192319,7909716,beausejour
192320,7909734,el gantour
192322,7909749,ennakhil palmeraie
192323,7909777,cabo negro
192324,7909785,route casablanca
192325,7909811,plage oued cherrat
192327,7909827,mirleft
192328,7909833,route nationale assilah n1
192329,7909835,hay houda
192330,7909836,lissasfa
192331,7909840,les hopitaux
192333,7909874,hay el matar
192334,7909875,marjane
192335,7909880,ain diab
192336,7909900,mhamid
192337,7909920,el menzeh
192339,7909931,route casablanca
192340,7909933,el massira
192341,7909949,route de fez
192342,7909951,gauthier
192343,7909988,centre
192345,7910043,sidi maarouf
192346,7910068,al kawtar
192347,7910082,deroua
192348,7910087,racine
192349,7910092,racine
192350,7910095,casablanca marina
192351,7910108,liberte
192352,7910112,quartier des ambassades
192353,7910116,ouled teima
192354,7910121,dar bouazza
192355,7910133,marjane
192356,7910146,val fleury
192357,7910156,les iris
192360,7910171,ain diab extension
192361,7910178,racine
192362,7910208,moujahidine
192363,7910212,route casablanca
192364,7910220,route casablanca
192365,7910225,riad zitoun
192366,7910233,souissi
192367,7910238,ounagha
192368,7910248,route casablanca
192369,7910251,hay rahma
192370,7910284,anza
192371,7910322,hassan centre ville
192373,7910415,gueznaia
192376,7910434,wafa
192377,7910438,gueznaia
192378,7910472,hay targa
192379,7910476,mhamid
192380,7910482,bournazil
192381,7910488,fnideq
192382,7910507,ain johra
192383,7910511,route de ouarzazate
192384,7910517,marjane
192385,7910533,tiznit
192386,7910540,ksar sghir
192387,7910543,route de safi
192389,7910565,hay mohammadi
192392,7910568,hay mohammadi
192393,7910569,secteur touristique
192394,7910570,hay mohammadi
192396,7910575,route immouzer
192397,7910577,meskala
192398,7910594,route se sefrou
192399,7910615,route de l ourika
192400,7910619,marjane
192401,7910623,martil
192402,7910652,hay salama
192403,7910686,aviation mabella
192404,7910719,ennakhil palmeraie
192405,7910736,m diq
192406,7910751,agdal
192408,7910784,ait ourir
192409,7910793,martil
192410,7910799,nouaceur
192411,7910829,medina
192412,7910833,hay chmaou
192413,7910837,hamria
192414,7910842,ben dibane
192416,7910863,belvedere
192417,7910886,bouskoura ville
192418,7910905,sidi maarouf
192419,7910916,maghreb arabi
192421,7910955,laayoune
192422,7910970,iberie
192423,7910978,ouled moussa
192425,7910989,plage oued cherrat
192426,7911007,californie
192428,7911017,belvedere
192429,7911030,sala el jadida
192431,7911039,roches noires
192432,7911042,sala el jadida
192433,7911047,sidi ben slimane el jazouli
192434,7911056,racine
192435,7911057,les princesses
192436,7911058,cil hay salam
192439,7911077,cabo negro
192440,7911084,oulfa
192442,7911114,marrakech
192444,7911149,la gironde
192446,7911196,berrechid
192447,7911201,khouribga
192448,7911208,polo
192449,7911215,zouagha
192450,7911250,amerchich
192451,7911262,amelkis
192454,7911301,cil hay salam
192455,7911310,youssoufia
192458,7911318,wifak
192459,7911319,el menzeh
192461,7911324,izdihar
192462,7911325,cil hay salam
192463,7911327,wifak
192464,7911328,cil hay salam
192466,7911365,dar bouazza
192469,7911390,route ain chkaf
192470,7911393,al anbar
192471,7911395,sala el jadida
192472,7911414,riad zitoun
192473,7911465,lazaret
192474,7911485,hay mohammadi
192476,7911488,oulad wjih
192477,7911500,californie
192478,7911504,palmier
192480,7911511,belvedere
192481,7911557,branes kdima
192483,7911581,technopolis
192488,7911638,bab ghmat
192491,7911667,deroua
192492,7911673,route de safi
192494,7911680,diour jamaa
192497,7911734,anassi
192499,7911811,dar bouazza
192500,7911822,californie
192501,7911836,de la plage
192502,7911841,souissi
192503,7911846,route de ceuta
192504,7911873,anfa
192505,7911900,route de l ourika
192506,7911904,riyad
192507,7911917,route de fez
192508,7911918,al kawtar
192509,7911919,anfa
192511,7911923,hay al kora
192512,7911926,quartier du parc
192514,7911941,gauthier
192515,7911959,tiznit
192516,7911965,gueliz
192517,7911975,route nationale assilah n1
192519,7912001,amelkis
192521,7912015,al kawtar
192524,7912062,sidi moussa
192526,7912092,deroua
192527,7912102,sidi maarouf
192528,7912106,sidi kacem
192529,7912108,tameslohte
192530,7912117,al qods
192531,7912120,gauthier
192532,7912140,ennakhil palmeraie
192533,7912146,bouskoura ville
192534,7912151,al azhar
192535,7912152,route casablanca
192536,7912157,centre
192537,7912222,oasis
192538,7912223,oasis
192540,7912236,quartier du soleil
192541,7912237,mannesmann
192542,7912244,riad zitoun
192543,7912258,bab lhmar
192544,7912261,nouaceur
192546,7912328,hay ennasr
192548,7912359,mehdia
192549,7912360,mehdia
192550,7912379,boukhalef
192551,7912399,hivernage
192554,7912493,najmat al janoub
192555,7912510,manar
192556,7912540,berrechid
192557,7912584,al qods
192558,7912600,ennakhil palmeraie
192559,7912618,oulfa
192560,7912656,agdal
192561,7912691,route de ouarzazate
192562,7912694,mhamid
192564,7912708,agdal
192566,7912722,agdal
192568,7912751,gueliz
192569,7912756,skikina
192570,7912765,oulad wjih
192571,7912774,tassoultante
192572,7912779,beausite
192573,7912798,mesnana
192574,7912805,route de l ourika
192575,7912818,dar bouazza
192576,7912820,marjane
192577,7912823,saidia
192578,7912826,champ de course
192579,7912828,sidi youssef
192580,7912829,les princesses
192581,7912832,les princesses
192582,7912843,la siesta
192584,7912864,bir gandouz
192585,7912866,boukhalef
192586,7912881,tahannaout
192587,7912883,hay el menzah
192588,7912894,imouzzer kendar
192589,7912904,derb milan hay omar bnou alkhattab
192590,7912918,ain sebaa
192591,7912956,temara
192592,7912970,lallamaryem
192593,7913008,californie
192594,7913021,bernoussi
192595,7913048,centre
192596,7913051,touilaa
192597,7913064,belvedere
192599,7913080,souissi
192600,7913092,mimosas
192602,7913102,centre
192603,7913115,mehdia
192604,7913139,m diq
192605,7913143,oulfa
192606,7913189,haut founty
192607,7913190,hermitage
192609,7913195,illigh
192610,7913196,ben serguaou
192611,7913197,cite adrar
192613,7913204,oued eddahab
192615,7913222,chichaoua
192616,7913224,al madina aljadida
192617,7913229,mediouna
192618,7913233,casablanca finance city
192619,7913243,medina
192620,7913244,dar bouazza
192621,7913247,centre
192622,7913260,kebibat
192623,7913286,hamria
192624,7913291,route de ceuta
192626,7913306,beni mellal
192627,7913308,aviation mabella
192628,7913320,al bassatine
192629,7913323,route de l ourika
192630,7913335,sidi bou amar
192631,7913336,route nationale assilah n1
192632,7913339,assouel
192633,7913343,mallalienne
192634,7913344,marjane
192635,7913350,de la plage
192636,7913351,msala
192637,7913370,ksar sghir
192638,7913375,cherkaoui marzouka
192639,7913404,californie
192641,7913415,selouane
192642,7913420,al aalia
192643,7913429,entree sud
192644,7913446,aeroport
192645,7913449,hay nahda
192646,7913451,gueznaia
192647,7913458,had soualem
192649,7913461,ounagha
192650,7913464,branes kdima
192651,7913473,beni mellal
192652,7913474,anassi
192653,7913484,riad oulad mtaa
192654,7913488,ain sebaa
192655,7913509,quartier industriel
192656,7913527,ain chock
192657,7913532,centre ville
192658,7913537,bourgogne ouest
192660,7913546,californie
192661,7913549,mers sultan
192662,7913552,aourir
192663,7913553,route nationale assilah n1
192666,7913577,tamesna
192668,7913595,route de l ourika
192669,7913597,ennakhil palmeraie
192670,7913610,malabata
192671,7913617,malabata
192672,7913624,aouama gharbia
192673,7913628,casablanca finance city
192674,7913630,hay mohammadi
192675,7913632,centre
192676,7913633,champ de course
192677,7913652,palmier
192678,7913655,maarif extension
192679,7913678,martil
192681,7913703,de la plage
192682,7913704,oulad dahou
192683,7913705,oulad dahou
192685,7913723,les iris
192686,7913726,quartier du parc
192687,7913762,zone industrielle
192688,7913802,californie
192689,7913803,hay annasr
192690,7913810,racine
192691,7913812,dar bouazza
192694,7913915,iziki
192695,7913917,hay mohammadi
192696,7913938,route amizmiz
192697,7913941,centre
192698,7913960,tamouda
192699,7913964,bouskoura ville
192700,7913977,victoria
192701,7913983,les hopitaux
192702,7914017,bouskoura ville
192703,7914046,el qaria
192704,7914049,taddart anza
192705,7914052,route casablanca
192707,7914058,nassim 2
192708,7914061,dar bouazza
192709,7914082,dar bouazza
192710,7914092,maarif
192711,7914110,ennakhil palmeraie
192712,7914132,al hoceima
192713,7914159,hay lmkansa
192714,7914171,zouagha
192715,7914182,palmier
192716,7914213,el youssoufia
192717,7914218,bab aylan
192719,7914239,meknes
192721,7914313,oulad ghanem
192722,7914318,route de l ourika
192723,7914328,polo
192725,7914385,saidia
192727,7914396,abouab sala
192728,7914404,oulfa
192729,7914410,dar bouazza
192730,7914411,anfa superieur
192732,7914433,bourgogne est
192734,7914439,lalla takarkoust
192735,7914445,asilah
192736,7914446,hay massira
192737,7914447,secteur touristique
192738,7914449,cite adrar
192739,7914452,haut founty
192740,7914460,al wifaq
192741,7914461,hay essalam
192742,7914474,marjane
192744,7914485,zone industrielle agadir
192745,7914496,bouskoura ville
192746,7914501,plage oued cherrat
192747,7914505,bir rami est
192748,7914520,tahannaout
192749,7914532,el majjatia ouled taleb
192750,7914547,belvedere
192752,7914618,bouskoura ville
192753,7914625,selouane
192755,7914638,mesnana
192757,7914701,les portes de marrakech
192758,7914705,maarif
192759,7914759,hay mabrouka
192760,7914761,gueliz
192762,7914820,beni makada lakdima
192763,7914821,la ville haute
192766,7914849,ennakhil palmeraie
192767,7914889,route de l ourika
192768,7914907,nouaceur
192769,7914948,wislane
192770,7914958,oualidia
192771,7914961,ennajd
192772,7914966,californie
192773,7914976,al wifaq
192774,7914987,tiznit
192775,7914995,roches noires
192776,7915018,lekhiam
192777,7915026,route amizmiz
192778,7915033,route d agadir essaouira
192779,7915034,maarif extension
192781,7915077,route de l ourika
192782,7915092,les hopitaux
192783,7915097,gueliz
192784,7915098,camp al ghoul
192785,7915105,ferme bretonne hay arraha
192786,7915107,imarat
192788,7915113,tanger city center
192789,7915123,hay al fath
192790,7915136,el hadadda
192791,7915148,route casablanca
192792,7915151,larache
192793,7915162,charaf
192794,7915171,larache
192795,7915184,hay salam
192796,7915193,essaada
192797,7915212,malabata
192798,7915217,la gironde
192800,7915241,agdal
192801,7915242,agdal
192802,7915243,agdal
192803,7915244,agdal
192804,7915245,agdal
192805,7915247,agdal
192806,7915248,agdal
192807,7915249,agdal
192808,7915250,agdal
192809,7915253,moulay driss zerhoun
192810,7915255,ain mezouar
192811,7915262,lissasfa
192812,7915263,tilila
192813,7915273,achakar
192815,7915281,cente
192818,7915339,jawhara
192819,7915347,bouskoura ville
192820,7915348,quartier des ambassades
192821,7915352,guisser
192822,7915401,derb ghalef
192823,7915433,bir el ghazi
192824,7915438,branes 2
192825,7915444,oasis sud
192826,7915445,racine
192828,7915452,route nationale assilah n1
192829,7915458,martil
192830,7915466,ennasr
192831,7915473,mimosas
192832,7915483,mehdia
192833,7915489,gueliz
192834,7915501,ain diab
192835,7915515,centre
192837,7915542,al wifaq
192839,7915545,l ocean
192841,7915570,dar bouazza
192843,7915613,harhoura
192844,7915629,bel air val fleuri
192845,7915631,gueliz
192846,7915632,gueliz
192847,7915633,gueliz
192848,7915634,gueliz
192849,7915635,gueliz
192850,7915638,gueliz
192851,7915640,gueliz
192852,7915641,gueliz
192853,7915642,gueliz
192854,7915643,gueliz
192855,7915650,bouskoura ville
192856,7915653,oasis
192857,7915664,gueliz
192858,7915665,gueliz
192859,7915667,gueliz
192860,7915669,gueliz
192861,7915670,gueliz
192862,7915676,racine
192863,7915679,route casablanca
192865,7915707,quartier industriel
192867,7915740,la ville haute
192868,7915750,route de l ourika
192869,7915764,tabriquet
192871,7915778,californie
192872,7915783,agafay
192873,7915795,mozart
192874,7915798,tamesna
192875,7915802,tameslohte
192876,7915815,ain borja
192877,7915818,el massira
192878,7915823,riviera
192879,7915824,agdal
192882,7915847,triangle d or
192883,7915852,victoria
192884,7915857,agdal
192885,7915859,victoria
192886,7915860,sidi maarouf
192887,7915876,route de l ourika
192889,7915893,centre
192890,7915928,tilila
192892,7915959,izdihar
192893,7915989,gueliz
192894,7915991,el hadadda
192896,7915993,sidi hajji
192897,7916002,ennakhil palmeraie
192898,7916006,wifak
192899,7916034,sala el jadida
192901,7916040,centre
192902,7916062,les hopitaux
192904,7916071,polo
192905,7916075,sidi maarouf
192906,7916078,oulfa
192907,7916080,gueliz
192908,7916095,horria
192909,7916101,ain diab
192910,7916119,idaougard
192911,7916129,guich oudaya
192912,7916137,idaougard
192914,7916150,route de l ourika
192915,7916159,sidi rahal
192916,7916163,founti
192917,7916165,hay alfadl
192918,7916170,narjis
192920,7916200,tilila
192921,7916209,mehdia
192922,7916213,ain diab
192923,7916218,val fleury
192924,7916225,oasis
192926,7916243,harhoura
192927,7916257,bourgogne ouest
192928,7916284,loudaya
192929,7916323,bir rami ouest
192930,7916341,sala el jadida
192931,7916371,mandarona
192932,7916380,hay targa
192933,7916390,maarif
192934,7916406,beni mellal
192935,7916433,arset el maach
192936,7916437,m diq
192937,7916466,ennakhil palmeraie
192938,7916469,hay hassani
192939,7916514,beni mellal
192940,7916517,beni mellal
192941,7916536,centre
192942,7916568,sidi moussa
192943,7916587,roches noires
192944,7916609,sidi bouzid
192945,7916610,triangle d or
192947,7916619,ben dibane
192948,7916627,route de fez
192949,7916635,rmila
192951,7916644,cherkaoui marzouka
192952,7916653,hivernage
192953,7916693,malabata
192954,7916698,hay saada
192955,7916710,talborjt
192956,7916714,malabata
192957,7916715,route casablanca
192958,7916735,racine
192959,7916740,dar bouazza
192960,7916745,hay el qods
192961,7916749,derb moulay cherif
192962,7916756,centre
192963,7916761,maamora
192966,7916805,mehdia
192967,7916820,marjane
192969,7916848,route amizmiz
192970,7916873,souissi
192974,7916887,tanja balia
192975,7916906,m diq
192977,7916963,assanaouber
192978,7916980,malabata
192979,7916997,zenata
192980,7917026,anjra
192981,7917048,gueznaia
192982,7917080,les hopitaux
192983,7917086,hivernage
192984,7917090,el majjatia ouled taleb
192985,7917124,hermitage
192987,7917212,ait ourir
192988,7917215,al qods
192989,7917249,route amizmiz
192990,7917268,les hopitaux
192991,7917284,borj
192992,7917302,anfa
192993,7917310,ancienne medina
192994,7917313,khouribga
192995,7917317,gauthier
192996,7917318,les hopitaux
192997,7917332,plage oued cherrat
192998,7917333,camp al ghoul
193000,7917339,el hadadda
193001,7917341,ouahat sidi brahim
193002,7917366,sidi abbad
193003,7917369,tanja balia
193004,7917383,malabata
193005,7917384,tifelt
193006,7917392,boukhalef
193007,7917398,le boulevard mohammed v
193008,7917401,sidi ghanem
193009,7917402,benjdia
193010,7917417,ain diab extension
193011,7917427,centre
193014,7917443,amizmiz
193016,7917473,hay targa
193017,7917482,souissi
193018,7917495,oasis
193019,7917522,roches noires
193020,7917534,al hoceima
193021,7917538,route de ouarzazate
193023,7917560,berkane
193024,7917563,hay dakhla
193025,7917571,azemmour
193026,7917578,hay boudir
193027,7917580,hay targa
193028,7917585,dar bouazza
193029,7917624,ouarzazate
193030,7917643,mister khouch
193031,7917644,route de fez
193032,7917649,gauthier
193033,7917723,plateau
193034,7917725,assam
193035,7917730,secteur touristique
193037,7917733,tilila
193039,7917739,founti
193041,7917744,hay massira
193042,7917746,route d agadir essaouira
193044,7917752,centre ville
193045,7917755,souissi
193047,7917757,centre
193048,7917758,hay salam
193049,7917760,martil
193051,7917777,administratif
193052,7917792,belvedere
193053,7917800,sidi abdallah ghiat
193054,7917802,centre
193055,7917805,martil
193057,7917809,route amizmiz
193058,7917811,les princesses
193059,7917829,martil
193060,7917840,annouzha
193061,7917852,foum oudi
193063,7917864,berrechid
193064,7917867,belvedere
193065,7917872,medina
193066,7917900,mimosa
193067,7917903,marjane
193068,7917912,tabriquet
193069,7917922,malabata
193070,7917959,souissi
193071,7917970,boukhalef
193072,7917975,roches noires
193073,7917983,berrechid
193074,7917991,de la plage
193075,7917993,hay mabrouka
193076,7917999,hay moulay ismail
193077,7918004,maarif extension
193079,7918027,bouskoura ville
193080,7918028,sidi allal el bahraoui
193081,7918029,beni yakhlef
193082,7918052,belvedere
193083,7918061,berrechid
193084,7918071,route de fez
193085,7918095,marjane
193086,7918097,val fleury
193087,7918102,centre
193088,7918114,lazaret
193089,7918125,dar bouazza
193090,7918126,ameur seflia
193091,7918128,bab sebta
193093,7918131,mandarona
193094,7918144,dar bouazza
193095,7918145,arset ben chebli
193096,7918153,oued zem
193097,7918162,ain taoujdate
193100,7918197,lissasfa
193101,7918213,marrakech
193102,7918215,mesnana
193103,7918216,route d agadir essaouira
193104,7918217,ain borja
193105,7918220,al qods
193106,7918247,hay almassira 2
193107,7918249,saidia
193108,7918258,haut founty
193109,7918273,akniss
193110,7918297,ain aouda
193111,7918304,souani
193113,7918324,route amizmiz
193114,7918337,talborjt
193115,7918339,cente
193116,7918369,ahl loghlam hay assalam
193117,7918395,dar bouazza
193118,7918424,oulfa
193119,7918471,les princesses
193120,7918491,sidi hajji
193121,7918529,sidi yahya zaer
193122,7918562,nouaceur
193124,7918621,moujahidine
193126,7918660,route de fez
193127,7918670,bouskoura ville
193128,7918687,agdal
193129,7918691,medina
193131,7918706,errahma
193132,7918717,hay mohammadi
193133,7918718,hay mohammadi
193134,7918719,al aalia
193135,7918723,hay mohammadi
193136,7918724,hay al amal
193137,7918725,hay mohammadi
193138,7918726,hay salam
193140,7918736,el qods
193143,7918764,taza
193144,7918793,marchan
193145,7918821,ain attig
193146,7918832,mesnana
193147,7918843,riyad
193148,7918853,triangle d or
193149,7918855,martil
193150,7918867,hay almasjid
193151,7918874,berrechid
193152,7918885,victoria
193153,7918888,lazaret
193154,7918889,ain borja
193155,7918897,route nationale assilah n1
193156,7918900,martil
193157,7918907,route ain chkaf
193158,7918909,al madina aljadida
193159,7918937,kebibat
193160,7918941,centre
193161,7918945,sidi ghanem
193162,7918963,boulevard med 6
193163,7918968,tilila
193164,7918969,cite adrar
193165,7918970,hay targa
193166,7918971,hay houda
193167,7918972,cite adrar
193168,7918973,tilila
193170,7918978,cite adrar
193172,7919002,hay targa
193174,7919005,anfa
193175,7919007,racine
193177,7919026,sidi maarouf
193178,7919033,racine
193179,7919034,palmier
193180,7919035,gauthier
193182,7919042,entree sud
193183,7919050,hay chrifa
193184,7919054,assam
193185,7919058,ain sebaa
193187,7919107,harhoura
193188,7919108,boukhalef
193190,7919196,iberie
193191,7919213,hay targa
193192,7919215,ouarzazate
193193,7919221,taza
193194,7919226,tanja balia
193195,7919248,camp al ghoul
193198,7919277,hay essalam
193201,7919325,wilaya
193203,7919336,marrakech
193204,7919346,ennakhil palmeraie
193205,7919349,oulfa
193206,7919365,route d agadir essaouira
193207,7919375,du golf
193208,7919401,hay rahma
193209,7919415,oulfa
193211,7919440,bouskoura ville
193212,7919448,cil hay salam
193213,7919450,gueliz
193214,7919451,berkane
193216,7919463,cil hay salam
193217,7919484,ksar sghir
193218,7919491,agdal
193219,7919492,quartier du soleil
193220,7919493,centre
193221,7919497,route de l ourika
193222,7919498,malloussa
193223,7919542,route amizmiz
193224,7919562,les jardins d ifrane
193225,7919567,al qods
193226,7919569,tifelt
193227,7919570,sidi othmane
193229,7919577,branes 1
193230,7919580,maarif
193231,7919585,plage oued cherrat
193232,7919596,ennakhil palmeraie
193233,7919602,bir chifa
193234,7919604,beni touzine
193235,7919607,boulevard med 6
193236,7919623,agdal
193237,7919626,centre
193238,7919645,ain harrouda
193239,7919652,ain el hayat
193240,7919654,burger
193241,7919669,al mandar al jamil
193242,7919703,oasis
193243,7919705,route d agadir essaouira
193244,7919709,plage oued cherrat
193245,7919710,marjane
193246,7919717,mouassine
193247,7919722,gueznaia
193249,7919728,al kawtar
193250,7919738,hay al fath
193252,7919760,ait melloul
193253,7919761,marrakech
193255,7919770,hay al massira
193256,7919776,hay fath
193257,7919779,oulad si bouhya
193259,7919800,nassim 2
193260,7919807,gueliz
193261,7919808,hay fath
193262,7919811,gauthier
193263,7919813,palmier
193265,7919815,agdal
193266,7919816,ennakhil palmeraie
193267,7919818,rabat
193268,7919829,sidi bouzid
193269,7919833,al qods
193270,7919835,ennajd
193272,7919840,cgi
193273,7919855,hay albaraka
193275,7919905,les hopitaux
193276,7919917,hay mohammadi
193277,7919940,route de safi
193278,7919958,el massira
193279,7919962,route de ouarzazate
193282,7919977,hay moulay rachid 1
193283,7919988,zenata
193284,7919998,sala el jadida
193285,7920001,bd hassan ii
193286,7920007,franceville
193287,7920008,centre
193288,7920009,route amizmiz
193289,7920017,ennakhil palmeraie
193291,7920039,rissana janoubia
193292,7920060,el qods
193293,7920072,route de fez
193294,7920080,bernoussi
193295,7920108,route de fez
193296,7920133,bouskoura ville
193297,7920137,michouar
193298,7920161,assam
193299,7920178,agdal
193301,7920215,nouvelle ville
193302,7920223,guich oudaya
193303,7920242,beni yakhlef
193304,7920246,route de fez
193305,7920247,hay arrahma
193306,7920250,californie
193307,7920274,route de l ourika
193308,7920290,route amizmiz
193309,7920291,racine
193310,7920299,sidi moussa
193311,7920303,entree sud
193312,7920308,al qods
193313,7920311,route de meknes
193314,7920317,daoudiat
193315,7920322,maarif
193316,7920329,oulfa
193318,7920343,mhamid
193320,7920368,nzaha
193321,7920382,sidi bouknadel
193322,7920386,amsernate
193323,7920398,sidi ifni
193324,7920409,hay mohammadi
193326,7920433,quartier industriel
193327,7920446,cherrat
193328,7920625,manar
193330,7920659,sidi rahal chatai
193331,7920662,azrou
193332,7920668,lahraouiyine
193333,7920673,plage oued cherrat
193335,7920691,ain chock
193336,7920705,laymoune
193337,7920716,souissi
193338,7920725,anassi
193340,7920739,hermitage
193341,7920751,route de ouarzazate
193342,7920792,saidia
193343,7920849,errahma
193344,7920856,souihla
193345,7920857,bouskoura ville
193346,7920862,branes 2
193348,7920886,malabata
193349,7920889,bir chifa
193350,7920890,malabata
193351,7920898,hassan centre ville
193353,7920935,racine extension
193354,7920946,ain aouda
193355,7920953,ville verte
193356,7920959,beausejour
193357,7920968,oasis sud
193358,7920978,illigh
193359,7920983,les princesses
193360,7920997,illigh
193361,7921008,kasba tadla
193362,7921027,najmat al janoub
193363,7921031,beni yakhlef
193364,7921038,anjra
193365,7921058,agdal
193366,7921065,bourgogne est
193368,7921074,souissi
193369,7921091,siusse
193370,7921105,alfilline
193371,7921116,riyad
193373,7921126,sidi allal el bahraoui
193375,7921131,ferme bretonne hay arraha
193377,7921137,sidi bouknadel
193378,7921142,bourgogne est
193379,7921165,saidia
193380,7921172,route de l ourika
193381,7921173,bourgogne est
193382,7921180,sidi maarouf
193383,7921181,ain aouda
193384,7921188,hay moulay rachid 1
193385,7921196,route de ouarzazate
193386,7921199,route casablanca
193387,7921200,ksar sghir
193388,7921206,wifak
193389,7921209,mimosas
193390,7921213,al kawtar
193391,7921221,sidi allal el bahraoui
193393,7921236,al hoceima
193394,7921237,la jonquiere
193395,7921238,la jonquiere
193396,7921243,mandarona
193397,7921255,al kawtar
193399,7921262,entree sud
193400,7921265,marrakech
193401,7921297,berrechid
193403,7921337,azzouzia
193404,7921343,maarif
193405,7921348,riyad
193407,7921397,ennasr
193408,7921433,route de safi
193409,7921437,jamaa el kbir
193411,7921467,racine
193412,7921495,harhoura
193413,7921503,riyad
193414,7921583,hay targa
193415,7921594,route casablanca
193416,7921647,plage oued cherrat
193417,7921666,hay tazi
193418,7921700,sidi belyout
193419,7921712,hassan centre ville
193420,7921714,sidi abdallah ghiat
193421,7921716,ismalia
193422,7921721,hay moulay abdellah
193423,7921760,hay hassani
193425,7921822,malabata
193428,7921852,el menzeh
193429,7921858,souissi
193430,7921869,saidia
193432,7921877,agdal
193433,7921880,sidi moumen
193434,7921894,route de safi
193435,7921895,el baraka
193437,7921906,bir el ghazi
193438,7921911,douar laarab
193439,7921912,gueliz
193440,7921913,gueliz
193441,7921914,gueliz
193442,7921915,gueliz
193443,7921916,gueliz
193444,7921917,gueliz
193445,7921918,gueliz
193446,7921919,gueliz
193447,7921920,gueliz
193448,7921921,gueliz
193449,7921922,gueliz
193450,7921923,gueliz
193451,7921940,ait ourir
193453,7921962,hay alqods
193455,7921992,casablanca finance city
193456,7921997,beni mellal
193457,7922018,berrima
193458,7922020,marrakech
193461,7922057,barakia
193462,7922059,al kassam
193463,7922080,amerchich
193464,7922098,gueliz
193465,7922100,al madina aljadida
193466,7922103,haut agdal
193467,7922113,polo
193468,7922128,m diq
193469,7922167,sala el jadida
193470,7922215,centre ville
193471,7922218,dar bouazza
193472,7922233,la colline
193473,7922240,mers sultan
193474,7922248,tameslohte
193475,7922251,tameslohte
193476,7922283,route de safi
193477,7922286,assanaouber
193478,7922287,ouislane
193479,7922295,beni makada lakdima
193480,7922312,route casablanca
193481,7922319,longchamps hay al hanaa
193482,7922325,plage oued cherrat
193483,7922327,martil
193484,7922331,anfa
193487,7922341,maghrib arabi
193488,7922345,route amizmiz
193489,7922348,berrechid
193490,7922353,hay alfalah
193491,7922357,sidi hajji
193492,7922362,arset ben chebli
193493,7922375,quartier aerodrome
193495,7922392,sidi ben slimane el jazouli
193496,7922393,hay nahda
193497,7922396,maarif extension
193498,7922406,ouarzazate
193499,7922420,dar bouazza
193500,7922422,al hadika
193501,7922443,quartier industriel
193502,7922444,mhamid
193503,7922469,route casablanca
193505,7922480,sidi abdallah ghiat
193506,7922488,quartier administratif
193507,7922494,marrakech
193508,7922495,ras el ma
193509,7922502,racine
193510,7922518,ain diab
193511,7922553,hay zobir
193512,7922566,dar bouazza
193513,7922567,castilla
193514,7922571,azilal
193516,7922615,saidia
193517,7922617,centre
193518,7922633,route de fez
193519,7922653,al bassatine
193520,7922668,lissasfa
193521,7922671,souissi
193523,7922685,quartier du parc
193524,7922690,californie
193525,7922693,asilah
193526,7922694,californie
193527,7922698,riad 1
193528,7922708,marjane
193529,7922730,sidi youssef
193531,7922760,hay mohammadi
193532,7922763,al bassatine
193533,7922776,marjane
193534,7922777,marchan
193535,7922791,quartier industriel
193537,7922802,tamesna
193538,7922804,route casablanca
193539,7922814,oulfa
193540,7922815,al hoceima
193541,7922830,al boustane
193542,7922834,sidi bouknadel
193544,7922863,selouane
193547,7922873,hay al amal
193549,7922889,plage oued cherrat
193550,7922899,ville verte
193551,7922903,biougra
193552,7922917,el kelaa des sraghna
193553,7922952,sidi othmane
193554,7922954,californie
193555,7923007,ain chock
193556,7923028,roches noires
193557,7923049,californie
193558,7923054,racine
193559,7923058,laymoune
193560,7923122,franceville
193561,7923145,franceville
193563,7923165,cente
193565,7923191,ksibat nhas
193567,7923221,ksibat nhas
193568,7923231,riyad
193569,7923257,salmia 2
193570,7923260,ksibat nhas
193572,7923278,ancienne medina
193573,7923302,fquih ben saleh
193574,7923304,quartier industriel
193576,7923322,hay salam
193577,7923324,ain sebaa
193578,7923341,tiznit
193579,7923344,ziana
193580,7923352,oulfa
193581,7923362,route de tahanaout
193582,7923375,tanja balia
193583,7923377,assam
193584,7923386,ben saleh
193585,7923404,ben saleh
193586,7923410,wifak
193587,7923416,gauthier
193589,7923489,centre ville
193590,7923494,ain diab extension
193591,7923506,wifak
193592,7923512,la cienda
193593,7923515,aouama gharbia
193594,7923521,route casablanca
193595,7923546,ville nouvelle
193596,7923547,hay salam
193597,7923552,hay mohammadi
193598,7923577,administratif
193599,7923583,gauthier
193600,7923588,bourgogne est
193601,7923592,hay houda
193602,7923600,ennakhil palmeraie
193603,7923604,bourgogne ouest
193604,7923614,sidi slimane
193605,7923623,hay zitoune
193606,7923624,habbous
193607,7923634,sidi bouknadel
193608,7923654,amelkis
193609,7923655,sidi kacem
193610,7923660,guercif
193611,7923666,hay targa
193612,7923674,route ain chkaf
193613,7923682,aouama gharbia
193614,7923683,triangle d or
193615,7923697,roches noires
193616,7923702,anfa
193617,7923705,amelkis
193618,7923724,saidia
193619,7923754,bourrous
193622,7923787,zemmouri
193623,7923889,maarif extension
193624,7923892,sala el jadida
193625,7923914,nouaceur
193626,7923964,aouama gharbia
193627,7923969,sidi ben slimane el jazouli
193628,7923984,ain attig
193629,7924003,dar bouazza
193630,7924025,medina
193631,7924029,anfa
193632,7924043,sala el jadida
193634,7924059,mers sultan
193636,7924067,ennakhil palmeraie
193637,7924074,iziki
193638,7924087,al kawtar
193639,7924093,maghrib arabi
193641,7924100,arset ihiri
193642,7924124,riyad
193643,7924143,les princesses
193644,7924173,al kawtar
193645,7924217,centre
193646,7924224,l ocean
193647,7924225,souissi
193649,7924250,centre
193650,7924271,route de fez
193651,7924320,sidi mansour
193652,7924378,centre
193654,7924394,bouskoura ville
193655,7924398,sidi maarouf
193656,7924402,dar bouazza
193657,7924411,route amizmiz
193658,7924413,sidi bouzid
193659,7924415,tamanar
193660,7924416,hay dakhla
193661,7924419,al fath
193662,7924438,belvedere
193663,7924455,route ain chkaf
193664,7924458,castilla
193665,7924475,ras el ma
193666,7924476,samlalia
193667,7924479,centre
193669,7924505,ain sebaa
193670,7924518,oulfa
193671,7924534,al hadika
193672,7924536,centre ville
193673,7924541,inchaden
193674,7924553,mandarona
193675,7924557,californie
193677,7924560,racine
193678,7924577,triangle d or
193679,7924585,moulay lyazid
193680,7924593,deroua
193681,7924598,had soualem
193682,7924601,centre
193683,7924660,ourika
193684,7924684,harhoura
193685,7924687,bourgogne ouest
193686,7924689,racine
193687,7924719,imarat
193688,7924726,wafa
193689,7924734,la ville haute
193690,7924740,sidi bouknadel
193691,7924784,agdal
193692,7924788,mhamid
193695,7924813,saidia
193696,7924844,agdal
193697,7924851,bouarg
193698,7924868,administratif
193699,7924879,bel air val fleuri
193700,7924887,sidi rahal
193701,7924915,boulevard med 6
193702,7924916,ourika
193703,7924948,route de fez
193704,7924958,hay el menzah
193705,7924969,oulad wjih
193706,7924979,ennakhil palmeraie
193707,7925002,harhoura
193708,7925028,oulfa
193709,7925031,harhoura
193710,7925033,sidi hajji
193711,7925042,nouvelle ville
193712,7925071,dar bouazza
193713,7925079,taboula
193714,7925089,route de tahanaout
193715,7925109,bourgogne est
193716,7925110,jnane el mestari
193721,7925196,marrakech
193722,7925198,amelkis
193723,7925202,oulfa
193724,7925223,centre ville
193725,7925225,maghrib arabi
193726,7925236,amizmiz
193727,7925242,centre
193728,7925243,ennasr
193730,7925251,val fleury
193731,7925253,marjane
193732,7925257,route casablanca
193733,7925261,beni mellal
193734,7925264,route d agadir essaouira
193735,7925269,el kelaa des sraghna
193736,7925274,hay alfoqara
193737,7925275,ziaten
193738,7925300,mhamid
193740,7925324,zone industrielle ain chkef
193741,7925327,mannesmann
193742,7925331,quartier oued fes
193743,7925332,quartier oued fes
193744,7925333,tamesna
193746,7925343,route casablanca
193747,7925344,quartier oued fes
193748,7925345,hay targa
193749,7925349,nouaceur
193750,7925371,martil
193751,7925385,ain harrouda
193752,7925406,bouskoura ville
193753,7925412,hay inara
193756,7925447,medina
193758,7925493,route de fez
193759,7925502,kawki
193762,7925555,al aalia
193764,7925575,sidi abdallah ghiat
193765,7925588,gauthier
193766,7925591,saidia
193767,7925592,abouab sala
193768,7925602,ksibat nhas
193769,7925613,golf de benslimane
193770,7925640,dar bouazza
193771,7925644,el moukef
193773,7925673,dar bouazza
193774,7925722,centre
193775,7925741,tnine aglou
193776,7925751,corniche
193779,7925785,sala el jadida
193780,7925792,hay boudir
193782,7925821,sidi maarouf
193783,7925837,route de l ourika
193784,7925870,had soualem
193785,7925877,draoua
193786,7925883,mers sultan
193787,7925898,maarif
193788,7925899,taddart anza
193789,7925902,route immouzer
193790,7925904,berkane
193792,7925913,burger
193793,7925916,zone industrielle agadir
193794,7925918,hay mohammadi
193795,7925920,berrechid
193796,7925923,val fleury
193797,7925929,assouel
193798,7925947,hay hassani
193800,7925980,dar bouazza
193801,7925983,oulfa
193803,7925986,plage oued cherrat
193804,7925988,quartier industriel
193805,7925989,belvedere
193806,7925994,tit mellil
193807,7926025,had soualem
193808,7926030,route amizmiz
193809,7926031,marrakech
193810,7926044,boukhalef
193811,7926045,bouskoura ville
193812,7926046,najd
193813,7926064,touama
193814,7926070,anassi
193816,7926082,racine
193817,7926091,ain diab extension
193818,7926143,hay nahda
193819,7926157,victoria
193820,7926199,harbil
193821,7926220,saidia
193824,7926261,roches noires
193825,7926262,roches noires
193829,7926266,roches noires
193832,7926282,bouskoura ville
193833,7926292,maghrib arabi
193834,7926332,grand boulevard ahfir
193835,7926336,dar bouazza
193836,7926353,dar touzani
193837,7926367,gueliz
193838,7926376,plage oued cherrat
193839,7926386,route de l ourika
193841,7926402,martil
193842,7926422,manar
193843,7926447,bouskoura ville
193844,7926450,route nationale assilah n1
193845,7926457,mozart
193846,7926459,al osra
193847,7926462,martil
193848,7926465,centre
193852,7926518,sidi el ghandour
193853,7926543,martil
193854,7926548,issil
193856,7926566,massira 2
193857,7926576,bourgogne ouest
193858,7926578,berrechid
193859,7926588,cil hay salam
193860,7926598,martil
193862,7926600,martil
193863,7926601,martil
193864,7926602,martil
193866,7926609,belvedere
193867,7926621,ennakhil palmeraie
193868,7926622,route de l ourika
193870,7926630,roches noires
193872,7926632,kouilma
193873,7926633,kouilma
193876,7926636,kouilma
193877,7926667,mouassine
193878,7926670,quartier oued fes
193881,7926711,centre
193883,7926720,wilaya
193884,7926724,zinat
193885,7926733,sidi moumen
193886,7926734,sidi moumen
193887,7926745,al hoceima
193888,7926746,al hoceima
193889,7926761,berrechid
193890,7926779,cil hay salam
193891,7926782,ghazoua
193892,7926810,sidi maarouf
193894,7926818,dar bouazza
193895,7926825,route ain chkaf
193896,7926826,hay salam
193897,7926931,mghogha
193899,7926948,sidi moumen
193900,7926952,route de fez
193901,7926958,l ocean
193902,7926992,la siesta
193903,7927001,al fath
193904,7927008,tata
193906,7927035,gueliz
193907,7927036,hay mohammadi
193908,7927037,nouvelle ville
193909,7927039,saidia
193910,7927049,ain borja
193911,7927055,mhamid
193912,7927091,sidi rahhal
193913,7927107,ksar sghir
193914,7927113,gueliz
193915,7927122,gauthier
193916,7927147,azrou
193917,7927184,cente
193918,7927185,sidi yahya
193919,7927186,oued eddahab
193920,7927189,route nationale assilah n1
193922,7927197,martil
193923,7927223,californie
193925,7927252,al oioun sidi mellouk
193926,7927254,route d agadir essaouira
193927,7927257,camp al ghoul
193928,7927271,centre
193929,7927273,lala hnia hamria
193930,7927274,sidi yahya zaer
193931,7927288,route de fez
193932,7927289,sidi abed
193933,7927320,ain sebaa
193934,7927326,saidia
193935,7927329,maghreb arabi
193936,7927344,azzouzia
193937,7927351,lamharza essahel
193938,7927367,sidi allal tazi
193939,7927382,hay alfadl
193940,7927386,hay alfadl
193941,7927394,sidi abdelkrim
193942,7927397,taza
193943,7927402,gueliz
193945,7927416,wifak
193946,7927418,hay badr
193947,7927430,hamria
193948,7927436,asilah
193949,7927448,haouzia
193950,7927454,branes 2
193951,7927456,asilah
193952,7927472,bir rami est
193953,7927478,branes 2
193954,7927482,branes 2
193955,7927486,hay chrifa
193956,7927495,al azhar
193958,7927510,hamria
193959,7927511,dar bouazza
193960,7927535,route d agadir essaouira
193961,7927536,sidi harazem
193962,7927542,mhamid
193963,7927558,wilaya
193964,7927560,belvedere
193965,7927587,firdaouss
193966,7927597,racine
193968,7927604,ben serguaou
193969,7927606,al wifaq
193970,7927624,bouskoura ville
193971,7927650,iberie
193973,7927663,route de ouarzazate
193974,7927665,anfa superieur
193975,7927675,beausejour
193976,7927694,hivernage
193977,7927715,centre
193978,7927718,administratif
193979,7927733,les princesses
193981,7927767,ghazoua
193982,7927786,el matar cite aviation
193983,7927810,medina
193984,7927828,route amizmiz
193985,7927881,californie
193987,7927910,marjane
193989,7927931,al hadika
193993,7927959,route nationale assilah n1
193994,7927966,sidi allal el bahraoui
193995,7927977,hay targa
193996,7928013,medina
193997,7928015,triangle d or
193999,7928055,centre
194000,7928059,marchan
194001,7928072,route de safi
194002,7928073,gueliz
194003,7928074,ennakhil palmeraie
194004,7928082,gueliz
194005,7928087,route nationale assilah n1
194006,7928098,californie
194007,7928122,rmila
194008,7928147,mhamid
194009,7928153,ain chock
194011,7928162,derb ghalef
194012,7928181,amerchich
194013,7928185,agdal
194014,7928189,gueliz
194015,7928211,had soualem
194017,7928231,al hoceima
194018,7928233,al hoceima
194019,7928235,al hoceima
194020,7928243,hay salam
194021,7928261,gauthier
194022,7928273,dar bouazza
194023,7928280,hay essalam
194024,7928281,gauthier
194026,7928288,tacharouk hay al walaa
194027,7928295,malabata
194028,7928304,tassoultante
194029,7928306,route ain chkaf
194030,7928313,ait hani
194031,7928315,aouama gharbia
194033,7928319,oulad hassoune
194034,7928321,sidi youssef
194035,7928325,les hopitaux
194036,7928337,deroua
194038,7928343,ain aouda
194039,7928354,ben saleh
194040,7928356,haouzia
194041,7928368,centre ville
194042,7928395,californie
194043,7928407,arset el houta
194044,7928424,nouaceur
194045,7928450,branes 2
194046,7928463,bouskoura ville
194047,7928468,al bassatine
194048,7928471,route amizmiz
194049,7928482,amizmiz
194050,7928509,ain errouz
194051,7928511,place lahdim
194052,7928540,route de tahanaout
194053,7928542,maarif extension
194054,7928551,l ocean
194055,7928597,plage rose maree
194056,7928604,tit mellil
194057,7928609,les hopitaux
194058,7928631,deroua
194059,7928662,hay inara
194060,7928676,sidi hajji
194061,7928679,errahma
194062,7928691,el majd
194063,7928699,ait ourir
194064,7928707,harhoura
194065,7928720,andalous
194066,7928727,centre
194067,7928732,gueliz
194068,7928742,ait malek
194069,7928751,dar bouazza
194071,7928789,al hoceima
194072,7928809,hay mabrouka
194074,7928847,martil
194076,7928860,route de tahanaout
194077,7928861,oulad wjih
194078,7928875,hay al azhar
194079,7928882,malabata
194080,7928887,berrechid
194081,7928896,ain sebaa
194082,7928897,ain sebaa
194083,7928898,ain sebaa
194085,7928900,ain sebaa
194086,7928901,ain sebaa
194087,7928902,ain sebaa
194088,7928903,ain sebaa
194089,7928904,ain sebaa
194092,7928907,ain sebaa
194093,7928908,ain sebaa
194094,7928919,centre
194095,7928941,aouama gharbia
194096,7928963,wifak
194097,7928993,hay hassani
194098,7928995,derb ghalef
194100,7929023,maarif
194104,7929055,al hoceima
194106,7929061,oulad wjih
194107,7929062,jaidate
194108,7929063,jaidate
194109,7929071,hay haddaouia
194111,7929112,ain diab
194113,7929116,hay targa
194115,7929146,bouskoura ville
194116,7929151,deroua
194117,7929161,beni touzine
194118,7929168,al kawtar
194120,7929199,route amizmiz
194123,7929273,maarif
194124,7929288,hay al kamal
194125,7929290,lekhiam
194126,7929356,route de l ourika
194127,7929369,sidi maarouf
194128,7929390,riyad
194129,7929394,hay bensouda
194131,7929399,route de tahanaout
194132,7929409,haouzia
194133,7929420,route amizmiz
194134,7929432,bernoussi
194135,7929443,mkinssia
194138,7929456,sidi othmane
194139,7929463,mhamid
194140,7929470,martil
194141,7929478,hassania 3
194142,7929483,ras el ma
194143,7929491,ras el ma
194144,7929511,smaala
194146,7929585,mers sultan
194147,7929632,gueliz
194148,7929638,roches noires
194149,7929651,anfa superieur
194150,7929657,maarif
194151,7929659,mers sultan
194152,7929665,iberie
194153,7929683,palmier
194154,7929688,ain sebaa
194155,7929692,al hoceima
194156,7929696,roches noires
194157,7929702,al hoceima
194158,7929710,hay toummert
194159,7929753,al hoceima
194160,7929758,al hoceima
194161,7929781,saidia
194162,7929786,hay el matar
194163,7929792,hay hassani
194164,7929794,berrechid
194165,7929804,mimosas
194166,7929805,belvedere
194168,7929831,bourgogne ouest
194170,7929861,ennakhil palmeraie
194171,7929862,marrakech
194172,7929866,sidi bouknadel
194173,7929875,sidi othmane
194174,7929879,route amizmiz
194175,7929881,beausite
194176,7929903,hay chrifa
194177,7929905,beni mellal
194178,7929906,gueliz
194179,7929913,narjis
194181,7929922,hay mohammadi
194182,7929924,sidi yahya zaer
194184,7929950,al moustakbal
194186,7929957,ain diab
194187,7929993,achakar
194188,7929999,mimosas
194189,7930045,triangle d or
194190,7930047,ourika
194191,7930084,hay el qods
194192,7930092,oued laou
194193,7930154,ennakhil palmeraie
194194,7930162,ennakhil palmeraie
194195,7930165,centre
194196,7930187,dar bouazza
194197,7930196,achakar
194198,7930212,cgi
194199,7930220,bir jdid
194200,7930229,route de l ourika
194203,7930269,mhamid
194204,7930275,quartier oued fes
194205,7930277,daoudiat
194206,7930294,ville verte
194207,7930323,azli
194209,7930343,park
194211,7930355,route de l ourika
194213,7930376,route de l ourika
194214,7930386,dar bouazza
194215,7930396,plage oued cherrat
194217,7930403,sidi maarouf
194218,7930404,sidi maarouf
194219,7930409,route de l ourika
194220,7930410,tameslohte
194221,7930414,agdal
194223,7930429,val fleury
194224,7930444,hay moulay abdellah
194226,7930481,route de ouarzazate
194228,7930484,route de fez
194230,7930487,beni mellal
194231,7930498,cil hay salam
194232,7930520,jamila 4
194233,7930521,tit mellil
194234,7930524,sidi hajjaj oued hassar
194235,7930527,hay ez zaitoune
194236,7930530,m diq
194237,7930542,derb korea
194239,7930554,hay boudir
194241,7930571,route de l ourika
194243,7930593,al qods
194244,7930594,alfilline
194245,7930595,zitoune
194246,7930598,martil
194247,7930762,route de l ourika
194248,7930766,ain attig
194249,7930815,centre
194250,7930818,mozart
194251,7930853,tit mellil
194252,7930861,hassan centre ville
194254,7930896,marrakech
194257,7931069,centre
194258,7931105,maarif
194259,7931109,ain sebaa
194260,7931124,maarif
194262,7931171,saidia
194264,7931214,burger
194265,7931240,haut anza
194267,7931270,du golf
194268,7931290,iberie
194269,7931291,izdihar
194270,7931292,al hoceima
194271,7931297,samlalia
194272,7931303,oulad sbaita
194273,7931304,centre
194275,7931317,route d agadir essaouira
194276,7931334,administratif
194277,7931339,aouama gharbia
194278,7931343,iberie
194279,7931348,iberie
194280,7931350,iberie
194282,7931358,route amizmiz
194283,7931360,malabata
194284,7931367,asilah
194285,7931369,majorelle
194286,7931371,marrakech
194287,7931375,route de l ourika
194289,7931396,route d agadir essaouira
194290,7931399,ksar el kebir
194291,7931409,sidi bou amar
194292,7931411,route immouzer
194293,7931418,hay najah
194294,7931421,amsernate
194295,7931423,illigh
194296,7931540,hay hassani
194297,7931592,les princesses
194298,7931640,hay al fath
194299,7931653,hay albaraka
194300,7931657,branes 1
194301,7931689,administratif
194302,7931714,californie
194303,7931798,du golf
194304,7931803,administratif
194305,7931809,administratif
194306,7931810,hivernage
194307,7931815,route de fez
194308,7931839,du golf
194309,7931844,polo
194310,7931852,du golf
194311,7931856,centre
194312,7931858,hay houda
194313,7931862,iberie
194314,7931867,hikma i
194315,7931869,iberie
194316,7931870,californie
194317,7931885,palmier
194318,7931891,al osra
194319,7931892,el mansouria
194321,7931904,anfa superieur
194322,7931921,tahannaout
194323,7931925,bouskoura ville
194325,7931937,route d agadir essaouira
194326,7931955,m diq
194327,7931958,route ain chkaf
194329,7931974,ras el ma
194330,7931991,centre
194331,7931993,massira 1
194333,7932011,riyad
194334,7932036,quartier du parc
194335,7932044,hivernage
194336,7932062,route casablanca
194337,7932077,nassim 1
194338,7932092,ouahat sidi brahim
194339,7932154,riad al atlas
194340,7932167,hay mohammadi
194341,7932177,ouled dlim
194342,7932186,boukhalef
194343,7932194,bouaakkaz
194344,7932217,dar bouazza
194346,7932226,hermitage
194347,7932235,al karaouiyine
194348,7932242,plage oued cherrat
194349,7932257,hay najah
194350,7932271,mesnana
194351,7932284,chefchaouen
194353,7932309,m diq
194354,7932316,mediouna
194355,7932331,dar bouazza
194356,7932335,marchan
194357,7932340,saidia
194358,7932345,tameslohte
194359,7932352,wislane
194361,7932377,el menzel
194362,7932381,laymoune
194363,7932387,samlalia
194374,7932404,les hopitaux
194375,7932405,centre ville
194376,7932423,californie
194377,7932442,route nationale assilah n1
194378,7932466,dar bouazza
194379,7932505,tameslohte
194382,7932530,tameslohte
194383,7932554,oulad zidane
194384,7932558,sidi abdallah ghiat
194386,7932577,ancien combatant
194387,7932583,wislane
194388,7932601,route de tahanaout
194389,7932626,champ de course
194390,7932631,iberie
194391,7932639,la gironde
194392,7932682,cil hay salam
194393,7932699,route casablanca
194394,7932710,ain beida
194395,7932715,tilila
194396,7932720,al kawtar
194397,7932727,maarif extension
194398,7932728,ain beida
194399,7932756,hay al massar
194400,7932760,oasis
194401,7932763,deroua
194402,7932778,hay targa
194404,7932781,anfa
194405,7932794,touilaa
194406,7932800,gueliz
194407,7932801,casablanca marina
194409,7932830,malabata
194412,7932850,manar
194413,7932857,malabata
194414,7932862,lekhiam
194415,7932907,souissi
194416,7932917,zone industrielle sidi ghanem
194419,7933006,nouaceur
194420,7933011,sidi bouzid
194421,7933015,laanoussar
194423,7933025,amelkis
194424,7933028,californie
194426,7933042,californie
194427,7933059,route de ouarzazate
194428,7933062,route ain chkaf
194429,7933082,plage oued cherrat
194431,7933119,mandarona
194435,7933201,centre
194436,7933251,hay dakhla
194437,7933253,hay al massar
194438,7933282,hay saada
194439,7933293,msala
194440,7933315,berkane
194441,7933338,anfa superieur
194442,7933341,bouskoura ville
194443,7933342,racine
194444,7933347,route immouzer
194445,7933352,hay dalia
194446,7933357,ain el hayani
194447,7933359,ain sebaa
194448,7933374,sidi belyout
194449,7933401,californie
194450,7933416,oulfa
194451,7933438,iberie
194452,7933451,manar
194453,7933457,hay mabrouka
194455,7933481,sidi maarouf
194456,7933491,malabata
194457,7933496,centre
194458,7933501,asilah
194460,7933516,hermitage
194461,7933552,tanger city center
194462,7933560,el mansouria
194463,7933567,route amizmiz
194464,7933573,ait kamra
194465,7933603,agdal
194466,7933637,nassim 2
194468,7933640,yasmina
194471,7933677,beni mellal
194472,7933689,sidi rahal
194473,7933734,ouled berhil
194474,7933738,sidi ouassay
194475,7933739,tagante
194476,7933764,mers sultan
194477,7933772,medina
194478,7933775,centre ville
194479,7933777,bab doukkala
194480,7933786,beni mellal
194481,7933788,quartier industriel
194483,7933799,hay targa
194485,7933804,agdal
194486,7933814,al madina aljadida
194488,7933830,oulad rahmoune
194489,7933835,sidi maarouf
194490,7933840,bir jdid
194491,7933881,bouskoura ville
194492,7933884,ville verte
194493,7933888,inara
194494,7933889,sakani
194495,7933900,rahba kedima
194497,7933929,dar bouazza
194499,7933946,souissi
194500,7933962,iberie
194502,7933980,secteur touristique
194503,7933981,ghazoua
194504,7933987,secteur touristique
194505,7934032,ain aouda
194506,7934039,hay targa
194507,7934041,al kamra
194508,7934049,hay targa
194509,7934051,hermitage
194510,7934052,massira 1
194511,7934055,route de ouarzazate
194512,7934056,iberie
194513,7934061,errahma
194514,7934082,iberie
194515,7934086,du golf
194516,7934087,deroua
194517,7934109,iberie
194518,7934115,du golf
194519,7934132,route de tahanaout
194520,7934141,du golf
194521,7934146,du golf
194522,7934167,du golf
194524,7934223,centre
194525,7934235,almaz
194526,7934258,ouasis
194528,7934271,sidi bouzid
194529,7934279,malabata
194530,7934284,bourmana
194531,7934291,branes 1
194532,7934312,tamesna
194534,7934326,samlalia
194535,7934331,m diq
194536,7934332,aquermoud
194537,7934335,oasis
194538,7934348,hay dalia
194539,7934352,hay dalia
194540,7934353,bouskoura ville
194542,7934358,zenata
194543,7934373,triangle d or
194544,7934378,saidia
194545,7934389,mhamid
194546,7934414,ait melloul
194547,7934417,plage rose maree
194548,7934452,hay al azhar
194549,7934453,maarif extension
194550,7934456,tghat
194551,7934470,saidia
194553,7934488,nouvelle ville
194558,7934510,al qods
194559,7934549,malloussa
194560,7934552,roches noires
194561,7934562,route casablanca
194563,7934661,route casablanca
194564,7934662,ennakhil palmeraie
194565,7934666,biougra
194566,7934694,iberie
194567,7934709,ain el hayani
194568,7934719,iberie
194569,7934722,californie
194570,7934736,hay mohammadi
194573,7934790,franceville
194574,7934798,derb ghalef
194575,7934825,hay el boughaz
194576,7934834,maarif
194577,7934913,les princesses
194578,7934917,ain amiyer
194579,7934930,mhamid
194581,7934943,californie
194583,7934977,marjane
194585,7935049,iberie
194586,7935059,achakar
194588,7935066,al wifaq
194589,7935078,hay mohammadi
194590,7935092,centre
194591,7935126,centre
194593,7935129,centre
194594,7935133,bourgogne est
194596,7935147,route de l ourika
194597,7935158,val fleury
194598,7935163,route de fez
194600,7935198,sidi bouzid
194601,7935200,saidia
194603,7935251,maarif
194604,7935278,azemmour
194605,7935286,jbel kbir
194607,7935299,oasis
194608,7935314,martil
194609,7935318,fnideq
194610,7935332,sidi rahal
194612,7935347,hivernage
194613,7935349,hay el menzah
194614,7935380,gueliz
194615,7935413,taza
194617,7935517,benjdia
194619,7935547,sidi rahal chatai
194620,7935554,marjane
194621,7935565,entree sud
194622,7935575,ait melloul
194623,7935586,mimosas
194624,7935594,route casablanca
194626,7935639,ain diab
194628,7935649,ain chock
194629,7935651,asilah
194630,7935654,le boulevard mohammed v
194631,7935660,tifelt
194632,7935661,rabat
194633,7935666,ait baha
194634,7935681,maarif extension
194635,7935682,maarif extension
194639,7935691,dar bouazza
194640,7935777,boukhalef
194641,7935782,route de l ourika
194644,7935843,ain diab
194645,7935862,cente
194646,7935870,riyad
194647,7935878,centre
194648,7935887,daoudiat
194649,7935898,souissi
194650,7935914,quartier des ambassades
194651,7935962,dar bouazza
194652,7935963,asilah
194653,7935968,dar bouazza
194654,7935976,centre ville
194655,7935981,oasis
194656,7935983,oulad salah
194661,7936017,majorelle
194662,7936027,nouvelle ville
194663,7936031,berrechid
194664,7936044,medina
194665,7936047,mhamid
194666,7936063,beni mellal
194668,7936076,wafa
194669,7936084,riyad
194670,7936085,riyad
194671,7936096,route amizmiz
194672,7936105,malabata
194673,7936106,malabata
194674,7936126,cabo negro
194675,7936132,route de tahanaout
194676,7936142,azrou
194677,7936164,hay targa
194678,7936191,hensali
194679,7936198,sidi ghanem
194680,7936204,maarif extension
194681,7936267,plage oued cherrat
194682,7936277,hay annahda
194683,7936282,saidia
194684,7936304,ksar sghir
194685,7936321,jawhara
194686,7936323,route ain chkaf
194687,7936336,gueliz
194688,7936348,route de fez
194689,7936354,riad al atlas
194690,7936371,hay nahda
194691,7936375,technopolis
194692,7936415,ain aouda
194693,7936459,narjis
194694,7936461,hay mohammadi
194695,7936469,ain el hayat
194697,7936515,plage rose maree
194698,7936530,arbaa sahel
194699,7936547,hay salam
194700,7936552,lamharza essahel
194701,7936581,bir rami ouest
194702,7936616,al hoceima
194703,7936622,ain attig
194704,7936659,oulfa
194705,7936707,hay chmaou
194706,7936723,centre
194707,7936724,maghreb arabi
194708,7936726,mghogha
194709,7936741,plaisance
194710,7936743,ain sebaa
194711,7936761,route de ouarzazate
194712,7936774,agafay
194713,7936780,ain borja
194714,7936784,extension dakhla
194715,7936785,secteur touristique
194716,7936802,sidi kacem
194718,7936848,hay hassani
194720,7936857,riad zitoun
194721,7936881,maarif
194722,7936887,sefrou
194723,7936908,sidi rahal
194724,7936911,ferme bretonne hay arraha
194726,7936920,belvedere
194727,7936921,bourgogne ouest
194728,7936924,mhamid
194730,7936936,dar bouazza
194731,7936940,hermitage
194732,7936943,hay haddaouia
194734,7936946,triangle d or
194736,7936967,dcheira el jihadia
194743,7936997,centre
194746,7937014,racine
194747,7937016,hay hassani
194748,7937017,oulfa
194749,7937018,oulfa
194750,7937019,oulfa
194751,7937026,hay hassani
194752,7937027,hay hassani
194753,7937028,hay hassani
194756,7937034,hay hassani
194757,7937054,bir rami est
194758,7937061,riyad extension
194759,7937073,gueliz
194761,7937085,harhoura
194762,7937086,gueliz
194763,7937088,bir rami est
194764,7937095,azib derai
194765,7937096,al boustane
194767,7937122,bir rami est
194768,7937129,ouled moussa
194769,7937136,du golf
194770,7937152,imzouren
194771,7937178,sidi maarouf
194772,7937201,centre
194773,7937204,route se sefrou
194774,7937206,hay inbiat
194775,7937207,aharrarine
194776,7937212,casablanca
194777,7937213,benjdia
194778,7937215,casablanca
194780,7937219,taghazout
194783,7937235,oulad hassoune
194785,7937249,boutchakat
194786,7937262,gueliz
194787,7937264,gueliz
194789,7937270,gueliz
194791,7937284,route de l ourika
194792,7937299,gauthier
194793,7937307,hay targa
194794,7937323,mghogha
194796,7937360,malabata
194798,7937408,ain cheggag
194799,7937422,talaa
194800,7937433,casablanca
194801,7937447,massira 1
194802,7937452,centre ville
194804,7937477,la gironde
194806,7937479,bouskoura
194807,7937482,dar bouazza
194808,7937486,triangle d or
194809,7937499,ferme bretonne hay arraha
194811,7937503,hay al massira
194814,7937516,lusitania
194815,7937521,les princesses
194816,7937534,bouznika
194817,7937535,gauthier
194819,7937540,quartier bachkou
194820,7937543,route de safi
194823,7937546,benjdia
194824,7937548,ferme bretonne hay arraha
194859,7937788,route amizmiz
194861,7937866,wifak
194862,7937876,hay alfarah
194864,7937895,plateau
194865,7937908,la gironde
194866,7937921,gueliz
194867,7937939,hay mohammadi
194868,7937942,daoudiat
194869,7937952,gueliz
194870,7937954,route amizmiz
194871,7937960,gueliz
194872,7938002,cherkaoui marzouka
194873,7938032,dar bouazza
194874,7938038,marrakech
194875,7938042,wifak
194877,7938065,medina
194878,7938067,route amizmiz
194879,7938077,route de l ourika
194880,7938090,andalousse
194881,7938125,oulad sbih
194882,7938126,malloussa
194883,7938129,hay mabrouka
194884,7938155,route de l ourika
194885,7938166,ras el ma
194886,7938173,berrechid
194887,7938192,al boustane
194888,7938195,essaada
194889,7938198,aviation mabella
194890,7938207,medina
194891,7938226,nouaceur
194892,7938228,la belle vue
194893,7938237,ain errouz
194894,7938264,hay hassani
194895,7938265,oulfa
194896,7938266,oulfa
194897,7938267,oulfa
194898,7938268,oulfa
194899,7938269,oulfa
194900,7938270,oulfa
194901,7938271,oulfa
194904,7938318,les hopitaux
194905,7938358,fes city center
194906,7938369,de la plage
194907,7938371,azemmour
194908,7938373,tifelt
194909,7938382,ain bida
194910,7938388,el hadadda
194911,7938392,entree sud
194912,7938402,fes jdid
194913,7938433,ain atig
194914,7938438,sidi bouzid
194915,7938439,marjane
194919,7938476,les hopitaux
194922,7938529,riyad
194924,7938542,ras el ma
194925,7938553,daoudiat
194926,7938673,centre ville
194927,7938683,ksar sghir
194928,7938687,moulay lyazid
194929,7938695,el menzeh
194930,7938720,ait youssef ou ali
194931,7938721,route de safi
194932,7938728,laarassi
194933,7938755,ain sebaa
194934,7938758,selouane
194935,7938759,roches noires
194936,7938762,belvedere
194937,7938772,ait ourir
194938,7938777,camp al ghoul
194939,7938778,mers sultan
194940,7938788,agdal
194941,7938805,kasbah
194942,7938816,oulfa
194943,7938824,majorelle
194944,7938829,val fleury
194945,7938833,sebt gzoula
194946,7938840,centre
194947,7938868,medina
194948,7938871,oulad zidane
194949,7938883,riad al atlas
194950,7938911,azli
194951,7938916,riad al atlas
194952,7938921,anfa
194953,7938928,belvedere
194954,7938935,al boustane
194955,7938941,quartier aerodrome
194956,7938951,dar bouazza
194957,7938961,had soualem
194958,7938964,talaa
194959,7938981,martil
194960,7938987,bouskoura ville
194961,7938988,dyour nejjar
194962,7938990,hay ennasr
194963,7938998,imsouane
194964,7939007,harhoura
194965,7939013,route de safi
194966,7939025,harhoura
194967,7939029,massira 3
194968,7939048,adar
194969,7939049,dar bouazza
194970,7939051,talaa
194971,7939057,zekak erroumane
194972,7939064,marchan
194973,7939074,ben serguaou
194974,7939079,abattoirs
194975,7939080,secteur touristique
194976,7939082,taddart anza
194977,7939084,sidi bouknadel
194978,7939086,la gironde
194979,7939090,beausejour
194980,7939129,el mansouria
194983,7939191,plage rose maree
194984,7939229,route casablanca
194985,7939232,route de fez
194986,7939250,deroua
194987,7939259,ouislane
194988,7939272,dar bouazza
194989,7939277,sidi bouzid
194990,7939288,bir rami ouest
194991,7939299,tabouda
194992,7939309,sidi moumen
194993,7939311,bouskoura ville
194995,7939343,tamesna
194996,7939349,hamria
194997,7939362,el menzeh
194998,7939377,gueliz
194999,7939427,hay al bassatine
195000,7939438,ville verte
195001,7939441,chtouka
195002,7939449,manar
195003,7939452,ourika
195004,7939454,hay alfarah
195006,7939480,route de safi
195008,7939487,alfilline
195009,7939489,route casablanca
195010,7939502,route de safi
195011,7939506,route de safi
195012,7939517,la colline
195013,7939531,plage oued cherrat
195015,7939536,plage oued cherrat
195016,7939539,fdalate
195017,7939540,oulfa
195018,7939543,ksar sghir
195019,7939544,tanja balia
195020,7939555,mellah
195021,7939557,californie
195022,7939558,moulay abdallah
195023,7939559,tanja balia
195024,7939562,centre
195025,7939563,plage rose maree
195026,7939588,la gironde
195027,7939613,ouled teima
195028,7939618,sidi maarouf
195029,7939628,ain borja
195030,7939633,laymoune
195031,7939645,route amizmiz
195032,7939656,centre
195033,7939693,boutchakat
195035,7939695,sidi hajji
195036,7939704,oulfa
195037,7939714,les portes de marrakech
195038,7939730,imarat
195039,7939761,tit mellil
195040,7939769,aharrarine
195041,7939771,dar bouazza
195042,7939773,hay al haouz
195043,7939794,martil
195044,7939801,sidi maarouf
195045,7939803,la ville haute
195046,7939805,bouskoura ville
195047,7939839,sidi mimoun
195048,7939847,sidi moumen
195049,7939849,dar bouazza
195051,7939866,ait ourir
195052,7939875,golf de benslimane
195054,7939899,narjis
195055,7939906,ghmate
195059,7939918,sidi moussa ben ali
195060,7939935,hay chmaou
195061,7939947,berrechid
195062,7939965,oulad wjih
195064,7939984,chichaoua
195065,7939985,martil
195066,7939987,oulfa
195067,7939989,aferkat
195068,7939991,boufkrane
195070,7940016,sidi allal el bahraoui
195072,7940028,almaz
195073,7940032,route de tahanaout
195074,7940043,sidi ghanem
195075,7940044,route d agadir essaouira
195076,7940045,mghogha
195077,7940048,zemmouri
195078,7940051,route de l ourika
195081,7940122,gueliz
195082,7940134,sidi moussa
195083,7940136,gueliz
195086,7940208,haut founty
195087,7940229,ferme bretonne hay arraha
195088,7940246,la gironde
195089,7940259,talaa
195090,7940300,zone industrielle
195091,7940317,mannesmann
195092,7940321,marjane
195093,7940344,aviation mabella
195094,7940361,centre
195095,7940362,tifelt
195096,7940372,cil hay salam
195097,7940379,gueliz
195098,7940380,sidi rahal chatai
195099,7940401,hay chmaou
195101,7940434,ouarzazate
195102,7940437,martil
195103,7940440,agdal
195104,7940455,haouzia
195105,7940465,ouled teima
195106,7940466,route amizmiz
195107,7940471,ouled teima
195108,7940472,martil
195109,7940482,hay mohammadi
195110,7940484,hay mohammadi
195111,7940517,hivernage
195112,7940524,route immouzer
195113,7940528,garage allal
195114,7940530,larache
195115,7940567,al moustakbal
195116,7940569,mers sultan
195117,7940573,sidi maarouf
195118,7940575,route de fez
195119,7940598,el majjatia ouled taleb
195121,7940618,ain sebaa
195122,7940631,centre
195123,7940635,oued laou
195125,7940674,lamharza essahel
195126,7940685,tamesna
195128,7940705,mhamid
195129,7940731,aharrarine
195130,7940735,dar bouazza
195131,7940748,route casablanca
195132,7940761,bouskoura ville
195133,7940763,asilah
195136,7940788,la ville haute
195137,7940793,route amizmiz
195138,7940801,entree sud
195140,7940810,harhoura
195141,7940813,camp al ghoul
195142,7940816,plateau
195143,7940817,gueliz
195144,7940821,el hadadda
195145,7940828,mhamid
195146,7940831,bab al bahr
195147,7940837,route de tahanaout
195148,7940872,hay mohammadi
195149,7940894,ain harrouda
195150,7940906,sidi maarouf
195151,7940917,belvedere
195152,7940958,malabata
195153,7940964,malabata
195154,7940971,racine
195155,7940972,malabata
195156,7940973,bourgogne ouest
195157,7940976,tanja balia
195158,7940988,bir rami ouest
195159,7941012,racine
195160,7941049,sidi rahal
195161,7941050,hay al azhar
195162,7941069,centre ville
195164,7941090,ain atig
195165,7941098,zone industrielle
195167,7941173,ourika
195168,7941178,et taous
195169,7941182,berrechid
195170,7941190,sidi rahal chatai
195171,7941192,sidi rahal chatai
195172,7941194,riyad
195173,7941199,route amizmiz
195174,7941230,martil
195175,7941248,bled eljed
195176,7941262,plage rose maree
195177,7941313,algerie
195178,7941316,marrakech
195179,7941317,marrakech
195180,7941336,ain harrouda
195181,7941337,hay al bassatine
195183,7941361,riyad
195187,7941377,mesnana
195188,7941382,ismalia
195189,7941394,deroua
195190,7941404,marjane
195191,7941406,route se sefrou
195192,7941437,souissi
195193,7941452,route de safi
195194,7941457,oasis
195196,7941459,martil
195197,7941467,mounia
195198,7941477,agdal
195199,7941478,technopolis
195200,7941489,el majjatia ouled taleb
195201,7941500,bouaakkaz
195202,7941518,ahfir
195203,7941528,route amizmiz
195205,7941542,bab al bahr
195206,7941543,mandarona
195207,7941549,tameslohte
195208,7941575,amelkis
195209,7941577,centre
195210,7941584,mhamid
195211,7941598,secteur touristique
195212,7941601,sidi kaouki
195216,7941635,route de fez
195217,7941643,belvedere
195218,7941651,mediouna
195219,7941689,ain sebaa
195220,7941691,route d agadir essaouira
195222,7941705,mesnana
195223,7941712,ain harrouda
195224,7941719,gueliz
195225,7941730,ville verte
195226,7941767,souissi
195227,7941772,mozart
195228,7941788,gueliz
195229,7941790,gueliz
195230,7941799,plage oued cherrat
195231,7941808,route casablanca
195233,7941815,gueliz
195234,7941832,belvedere
195235,7941839,franceville
195236,7941847,gueliz
195237,7941854,franceville
195238,7941863,franceville
195239,7941871,franceville
195241,7941880,sidi maarouf
195242,7941881,sidi maarouf
195245,7941884,sidi maarouf
195246,7941885,sidi maarouf
195247,7941886,sidi maarouf
195248,7941887,sidi maarouf
195249,7941888,sidi maarouf
195251,7941890,sidi maarouf
195252,7941891,sidi maarouf
195253,7941892,sidi maarouf
195256,7941895,sidi maarouf
195257,7941896,sidi maarouf
195258,7941897,sidi maarouf
195259,7941898,sidi maarouf
195261,7941952,hay chmaou
195262,7941965,agdal
195263,7941971,had soualem
195264,7941973,bouskoura ville
195265,7941979,lahrarta
195266,7941985,les hopitaux
195267,7942032,route de tahanaout
195268,7942193,sidi maarouf
195269,7942194,sidi maarouf
195270,7942195,sidi maarouf
195272,7942197,sidi maarouf
195273,7942198,sidi maarouf
195274,7942199,sidi maarouf
195275,7942200,sidi maarouf
195276,7942202,val fleuri
195277,7942204,californie
195281,7942214,dar bouazza
195282,7942259,riyad
195284,7942280,hamria
195285,7942294,marjane
195286,7942305,wilaya
195288,7942327,amelkis
195289,7942328,gueliz
195291,7942338,marjane
195292,7942344,sidi mansour
195293,7942350,les princesses
195294,7942355,amizmiz
195295,7942367,berrechid
195296,7942394,bir rami ouest
195297,7942435,agdal
195298,7942439,bab lekhmiss
195301,7942473,bourgogne ouest
195302,7942489,ain attig
195303,7942493,ancien combatant
195304,7942499,tamesna
195305,7942536,el hajeb
195306,7942544,route de l ourika
195307,7942545,route de l ourika
195308,7942546,route de l ourika
195309,7942547,route de l ourika
195310,7942548,route de l ourika
195311,7942556,route de l ourika
195312,7942557,route de l ourika
195313,7942558,route de l ourika
195314,7942559,route de l ourika
195315,7942560,route de l ourika
195316,7942566,amerchich
195317,7942571,sidi moumen
195318,7942577,tamesna
195319,7942582,khouribga
195321,7942603,maarif extension
195322,7942608,bourgogne ouest
195323,7942626,bir rami ouest
195324,7942627,hay mohammadi
195325,7942628,bir rami est
195326,7942629,hay chrifa
195327,7942641,tilila
195328,7942642,dar touzani
195331,7942749,route casablanca
195332,7942755,achakar
195333,7942758,corniche
195334,7942791,centre
195335,7942825,smaala
195336,7942839,entree sud
195337,7942844,oulad wjih
195339,7942877,gauthier
195340,7942879,hay zobir
195341,7942893,quartier industriel
195342,7942894,dar bouazza
195343,7942905,lamharza essahel
195344,7942943,centre ville
195345,7942983,martil
195346,7942992,assanaouber
195348,7943040,hay lmkansa
195349,7943048,berrechid
195350,7943067,polo
195351,7943074,marjane
195353,7943102,dar bouazza
195354,7943108,route amizmiz
195355,7943168,samlalia
195356,7943178,achakar
195357,7943179,samlalia
195359,7943203,route casablanca
195360,7943209,atlas
195361,7943222,mhamid
195362,7943232,el mansouria
195364,7943243,centre ville
195366,7943273,route de tahanaout
195368,7943298,quartier des ambassades
195369,7943315,route ain chkaf
195370,7943326,el qods
195371,7943328,souissi
195372,7943332,ait faska
195373,7943335,amelkis
195374,7943339,majorelle
195376,7943351,oulad wjih
195377,7943352,ain harrouda
195378,7943355,achakar
195379,7943356,hay el matar
195380,7943363,oued laou
195381,7943370,ain mediouna
195382,7943393,tassoultante
195383,7943399,hay mohammadi
195384,7943447,les hopitaux
195386,7943452,oasis
195387,7943465,rabat
195388,7943478,val fleuri
195392,7943551,berrechid
195393,7943613,route de fez
195394,7943663,asilah
195396,7943691,les hopitaux
195397,7943693,hermitage
195398,7943700,hay toummert
195399,7943703,ait youssef ou ali
195400,7943707,hay toummert
195401,7943716,quartier oued fes
195402,7943721,errahma
195403,7943726,haut agdal
195404,7943727,les hopitaux
195405,7943759,sidi rahal chatai
195406,7943802,aharrarine
195408,7943839,bouskoura ville
195409,7943862,moujahidine
195412,7943919,jirrari
195414,7943935,route ain chkaf
195415,7943950,martil
195416,7943956,hay mohammadi
195417,7943957,hivernage
195419,7943967,derb chtouka
195420,7943971,moujahidine
195421,7943977,sidi ben slimane el jazouli
195422,7944014,touilaa
195423,7944019,malabata
195424,7944021,malabata
195425,7944024,malabata
195426,7944075,quartier du parc
195427,7944081,el menzeh
195428,7944083,sidi ifni
195429,7944092,salmia 2
195430,7944102,sidi ifni
195431,7944144,martil
195432,7944149,martil
195433,7944192,bouskoura ville
195434,7944193,tameslohte
195435,7944194,les princesses
195436,7944195,diour dokala
195437,7944196,ain sebaa
195438,7944199,sidi othmane
195439,7944203,derb ghalef
195440,7944220,ait melloul
195441,7944252,khouribga
195442,7944253,amelkis
195444,7944257,ait melloul
195446,7944310,hamria
195447,7944312,amelkis
195449,7944383,sidi hajjaj oued hassar
195450,7944387,gueliz
195451,7944410,hamza
195452,7944413,route de fez
195453,7944416,oulfa
195454,7944421,hay al wafaa
195455,7944460,nouaceur
195456,7944468,centre
195458,7944477,plage oued cherrat
195460,7944494,riyad
195461,7944507,malabata
195462,7944511,sidi moumen
195463,7944520,haut agdal
195464,7944527,al kawtar
195465,7944534,el beddouza
195467,7944548,route casablanca
195469,7944565,mesnana
195470,7944573,mesnana
195471,7944580,al hoceima
195472,7944582,mers sultan
195473,7944594,al qods
195474,7944601,hay al amal
195475,7944609,ait ben yacoub
195476,7944614,errahma
195477,7944618,route de tahanaout
195478,7944622,saidia
195479,7944626,aviation mabella
195480,7944629,ennakhil palmeraie
195481,7944647,had soualem
195483,7944661,hay salam
195484,7944665,bir rami ouest
195485,7944671,boukhalef
195487,7944688,hay salam
195488,7944690,dhar mehraz
195490,7944710,dar bouazza
195491,7944712,azemmour
195492,7944715,racine
195493,7944720,racine extension
195494,7944725,bd allal el fassi
195496,7944732,talaa
195497,7944741,fnideq
195498,7944744,hanaa 2
195499,7944752,m diq
195502,7944771,les princesses
195504,7944788,val d or
195505,7944848,agdal
195506,7944854,tamazouzte
195508,7944857,sidi rahal chatai
195509,7944861,biougra
195510,7944863,boulevard med 6
195511,7944876,issil
195512,7944879,touilaa
195513,7944895,oulfa
195514,7944905,al bassatine
195515,7944908,branes kdima
195517,7944949,jnane chkouri
195518,7945014,plage oued cherrat
195519,7945017,imarat
195521,7945036,azemmour
195522,7945045,entree sud
195523,7945049,mimosas
195524,7945053,nouaceur
195525,7945055,fnideq
195526,7945062,hamria
195527,7945081,hay saada
195528,7945086,hay mohammadi
195530,7945105,hay mohammadi
195531,7945111,had soualem
195532,7945115,oued fes
195533,7945116,ain sebaa
195534,7945124,hay tarik
195535,7945128,jawadi
195540,7945171,maarif
195541,7945173,moulay bousselham
195542,7945174,victoria
195543,7945179,al boustane
195544,7945181,bouskoura ville
195545,7945183,centre
195546,7945204,agdal
195548,7945278,administratif
195550,7945296,moulay youssef
195551,7945298,branes kdima
195553,7945344,route de l ourika
195554,7945348,sidi yahya zaer
195555,7945411,sidi bouknadel
195557,7945486,route de tahanaout
195558,7945559,harhoura
195559,7945581,route se sefrou
195560,7945588,sidi abbad
195561,7945598,gueliz
195562,7945605,malabata
195563,7945606,martil
195564,7945631,malabata
195565,7945643,majorelle
195566,7945651,diour jamaa
195567,7945656,la ville haute
195568,7945666,hay targa
195569,7945677,martil
195571,7945705,cente
195572,7945720,martil
195573,7945749,ain el hayat
195574,7945750,gauthier
195575,7945755,route de safi
195576,7945790,hay inara
195578,7945801,asilah
195579,7945802,la ville haute
195580,7945808,la ville haute
195581,7945819,hay salam
195582,7945840,chefchaouen
195584,7945845,m diq
195585,7945861,tamouda
195587,7945875,oulad wjih
195588,7945881,riviera
195589,7945886,plage oued cherrat
195590,7945889,les hopitaux
195593,7945914,bouskoura ville
195594,7945943,gueliz
195596,7946032,californie
195597,7946067,dar bouazza
195598,7946075,al kawtar
195600,7946099,camp al ghoul
195601,7946102,hay targa
195603,7946147,racine
195605,7946160,tifelt
195606,7946162,el gara
195607,7946167,martil
195608,7946187,centre ville
195609,7946235,ennakhil palmeraie
195610,7946249,gueliz
195611,7946253,camp al ghoul
195612,7946274,centre
195614,7946299,hay salama
195615,7946309,centre ville
195616,7946311,zaouiat sidi abdeslam
195617,7946346,sidi abdellah
195618,7946347,centre
195619,7946360,hay lmkansa
195620,7946374,hay houda
195621,7946390,castilla
195622,7946411,el mansouria
195623,7946414,oulfa
195624,7946427,tilila
195625,7946431,hay hassani
195626,7946438,fnideq
195627,7946455,marjane
195628,7946457,laymoune
195629,7946472,ismalia
195630,7946488,route de fez
195631,7946503,mediouna
195633,7946545,sidi maarouf
195634,7946553,agdal
195636,7946558,berkane
195637,7946563,agdal
195638,7946577,sidi rahal chatai
195639,7946580,azilal
195640,7946596,hay essalam
195641,7946613,sidi hajji
195642,7946616,medina
195643,7946625,el majjatia ouled taleb
195644,7946627,route de ouarzazate
195646,7946643,asilah
195648,7946647,zone industrielle moulay rachid
195649,7946648,oulad mtaa
195650,7946649,el manar el hank
195651,7946692,boustane
195652,7946706,zenata
195653,7946707,el ensanche
195654,7946718,hay mohammadi
195655,7946750,hay salam
195657,7946794,gauthier
195658,7946810,sidi maarouf
195659,7946836,roches noires
195662,7947009,hay el menzah
195664,7947042,hay dakhla
195668,7947152,martil
195669,7947156,sidi slimane
195670,7947193,sabbah
195671,7947234,hay salam
195672,7947238,maamora
195673,7947248,al andalous
195674,7947268,harhoura
195675,7947275,les portes de marrakech
195676,7947346,route casablanca
195677,7947349,skikina
195678,7947354,issil
195679,7947358,route casablanca
195681,7947368,el manar el hank
195682,7947370,oasis
195683,7947371,cil hay salam
195684,7947384,route casablanca
195685,7947387,plage oued cherrat
195686,7947388,almaz
195687,7947389,centre ville
195688,7947391,derb ghalef
195690,7947431,oulfa
195692,7947452,dar bouazza
195695,7947495,talborjt
195696,7947503,de la plage
195698,7947518,plage rose maree
195699,7947530,mozart
195700,7947533,sidi boukhalkhal
195701,7947541,marrakech
195702,7947560,boufkrane
195703,7947575,sidi allal el bahraoui
195704,7947582,deroua
195705,7947591,bouskoura ville
195706,7947593,taza
195707,7947602,hay hassani
195708,7947609,la colline
195709,7947620,centre ville
195710,7947625,tanja balia
195711,7947630,hamria
195712,7947639,la ville haute
195713,7947652,ain el hayani
195714,7947653,riad
195717,7947681,sidi rahal
195720,7947711,la siesta
195723,7947766,bouskoura ville
195725,7947784,ziaten
195726,7947792,du golf
195728,7947800,bel air val fleuri
195729,7947801,camp al ghoul
195730,7947823,tanja balia
195732,7947836,casablanca finance city
195733,7947853,centre ville
195735,7947870,michouar
195736,7947874,sidi maarouf
195737,7947888,hassan centre ville
195738,7947972,burger
195740,7948015,route de l ourika
195743,7948023,nouaceur
195744,7948034,malabata
195745,7948044,derb al madania
195747,7948064,hay targa
195748,7948072,secteur touristique
195749,7948082,bir jdid
195750,7948100,ennakhil palmeraie
195751,7948105,bled
195752,7948106,ain sebaa
195754,7948121,ain diab extension
195757,7948228,casablanca finance city
195758,7948229,khenifra
195760,7948242,palmier
195761,7948273,riad zitoun
195762,7948274,martil
195764,7948279,malabata
195765,7948281,wilaya
195766,7948288,hay hassani
195768,7948316,errahma
195769,7948319,talaa
195770,7948355,inzegan
195771,7948358,bourgogne ouest
195772,7948360,el massira
195774,7948370,route amizmiz
195776,7948392,ain diab
195777,7948433,oulad hassoune
195779,7948436,centre
195780,7948437,sidi abdallah ghiat
195783,7948451,abattoirs
195785,7948464,agdal
195786,7948468,martil
195787,7948491,mont fleuri
195789,7948504,bouargane
195790,7948511,hamza
195793,7948532,berrechid
195794,7948533,maarif
195795,7948547,azilal
195797,7948561,beausejour
195798,7948569,ouislane
195799,7948571,ain sebaa
195802,7948608,hamria
195806,7948641,anfa
195807,7948651,roches noires
195808,7948666,route amizmiz
195809,7948669,guich oudaya
195810,7948679,mers sultan
195811,7948684,guich oudaya
195812,7948685,hay chrifa
195813,7948696,gueliz
195814,7948699,route de l ourika
195870,7948974,nouaceur
195871,7948978,sidi ben slimane el jazouli
195872,7948984,hay lalla soukaina
195873,7948998,bernoussi
195935,7949414,route amizmiz
195936,7949446,centre
195937,7949449,l ocean
195938,7949450,dar bouazza
195939,7949487,sidi bouzid
195940,7949495,dar bouazza
195941,7949509,asilah
195946,7949563,sidi yahya
195962,7949728,route de fez
195973,7949794,racine
195975,7949822,centre
195976,7949848,haddad
195977,7949855,cite adrar
195978,7949864,palmier
195979,7949873,ferme bretonne hay arraha
195980,7949891,gueliz
195981,7949895,sidi bou othmane
195982,7949914,kennaria
195983,7949918,sidi rahal chatai
195984,7949941,cherkaoui marzouka
195985,7949942,route de fez
195986,7949953,ain amiyer
195987,7949960,sidi abdallah ghiat
195988,7949963,californie
195989,7949968,marrakech
195991,7949971,hay hassani
195992,7949974,beausejour
195993,7949977,berrechid
195994,7949986,hay hassani
195996,7950010,la ville haute
195997,7950016,agdal
195998,7950027,plage oued cherrat
195999,7950049,sidi maarouf
196000,7950059,sidi rahal
196002,7950061,les hopitaux
196003,7950062,mandarona
196005,7950068,amelkis
196006,7950073,maarif
196007,7950074,ain diab
196009,7950117,ain diab
196010,7950122,sala el jadida
196011,7950124,mounia
196013,7950160,azrou
196015,7950209,centre
196016,7950210,amicales
196017,7950222,gauthier
196018,7950227,sidi moussa
196019,7950238,racine
196020,7950246,riad 1
196021,7950250,castilla
196022,7950268,hay houda
196024,7950323,route de l ourika
196025,7950344,sidi kacem
196026,7950370,gueliz
196028,7950383,beausejour
196029,7950384,achakar
196030,7950389,route de ouarzazate
196032,7950434,marrakech
196033,7950437,camp al ghoul
196034,7950454,marjane
196035,7950457,malabata
196036,7950464,malabata
196037,7950484,sala el jadida
196038,7950508,mediouna
196039,7950509,centre ville
196040,7950519,souissi
196041,7950533,riyad
196042,7950556,bourgogne ouest
196043,7950588,tabant
196044,7950596,administratif
196045,7950603,hay annahda
196046,7950609,gueliz
196047,7950613,les hopitaux
196048,7950648,beni mellal
196049,7950656,ain chock
196050,7950657,ksar sghir
196051,7950661,alfilline
196052,7950671,val fleury
196053,7950673,nassim
196054,7950695,hay salam
196055,7950720,ain karma
196057,7950735,quartier oued fes
196058,7950746,asilah
196061,7950772,maarif extension
196062,7950780,hay atlas
196063,7950784,sakani
196065,7950810,ennasr
196066,7950813,dar bouazza
196067,7950821,oulad aissa
196068,7950823,hay houda
196069,7950827,bouskoura ville
196070,7950835,hay al fath
196071,7950870,bir rami est
196073,7950888,roches noires
196074,7950892,californie
196076,7950903,bourgogne ouest
196077,7950927,saidia
196078,7950932,mounia
196079,7950936,asilah
196080,7950953,hay adil
196081,7950965,mehdia
196083,7950983,route casablanca
196084,7950993,harhoura
196085,7951029,ameur seflia
196087,7951036,route de fez
196088,7951041,medina
196089,7951061,hamria
196090,7951063,berkane
196091,7951075,sidi abbad
196092,7951077,draoua
196093,7951086,el mdrassi
196094,7951104,berrechid
196095,7951110,tit mellil
196096,7951111,abbadi
196099,7951120,mhamid
196102,7951172,azemmour
196104,7951215,al anbar
196105,7951273,sidi bou amar
196108,7951298,ennakhil palmeraie
196109,7951310,samlalia
196110,7951326,les princesses
196111,7951333,asilah
196112,7951341,route de ouarzazate
196113,7951364,ourika
196114,7951366,riyad
196115,7951373,route de ceuta
196116,7951378,tanger city center
196117,7951390,sidi bouzid
196118,7951396,belvedere
196119,7951431,hay salam
196123,7951466,bir rami est
196124,7951469,oulfa
196126,7951516,sahel
196127,7951526,ain sebaa
196130,7951542,oulfa
196131,7951543,oulfa
196132,7951544,oulfa
196133,7951547,aoulouz
196134,7951560,azli
196135,7951574,centre
196136,7951583,centre
196137,7951592,loudaya
196138,7951597,jorf el melha
196139,7951627,sidi bouknadel
196140,7951632,hay massira
196141,7951650,riyad
196142,7951658,massira 1
196143,7951673,agdal
196144,7951675,route de tahanaout
196145,7951691,wilaya
196146,7951698,route de ouarzazate
196148,7951731,hay mohammadi
196149,7951741,les hopitaux
196150,7951758,taghazout
196151,7951760,hamria
196153,7951810,marjane
196155,7951832,martil
196156,7951843,wifak
196157,7951852,bouskoura ville
196158,7951861,agdal
196159,7951863,bab doukkala
196160,7951865,sidi bou othmane
196161,7951870,oulfa
196163,7951896,ain sebaa
196164,7951917,les hopitaux
196165,7951958,mhamid
196166,7951967,beausejour
196167,7951981,oulfa
196170,7951999,hay targa
196171,7952006,route de tahanaout
196172,7952011,hay zitoun
196175,7952024,oasis
196176,7952026,quartier oued fes
196177,7952052,hay targa
196182,7952103,ksar sghir
196184,7952117,zone industrielle mghogha
196185,7952118,zone industrielle mghogha
196186,7952119,zone industrielle mghogha
196187,7952120,zone industrielle mghogha
196188,7952121,zone industrielle mghogha
196189,7952122,zone industrielle mghogha
196190,7952123,zone industrielle mghogha
196191,7952124,zone industrielle mghogha
196192,7952150,agdal
196193,7952160,agdal
196194,7952186,boughriba
196195,7952205,hay el menzah
196196,7952242,martil
196198,7952262,californie
196199,7952293,chrafat
196200,7952336,sidi abderrazak
196201,7952357,sidi moumen
196202,7952369,aquouass briech
196203,7952397,sidi maarouf
196204,7952399,azrou
196205,7952425,aarid
196206,7952434,dar bouazza
196207,7952454,guercif
196214,7952545,founti
196216,7952558,ain errouz
196217,7952571,hay hassani
196218,7952584,dar bouazza
196219,7952633,marjane
196220,7952676,route de fez
196221,7952677,ben guerir
196222,7952678,casablanca finance city
196223,7952695,centre
196225,7952717,mimosas
196226,7952759,centre ville
196227,7952769,saidia
196228,7952794,sidi rahal chatai
196229,7952809,kaat ben nahid
196231,7952816,hay targa
196232,7952838,hay alamal
196233,7952842,wifak
196234,7952843,les princesses
196236,7952861,ismalia
196237,7952869,assarag
196238,7952870,guercif
196239,7952872,mimosas
196240,7952912,casablanca
196241,7952936,ijennane
196243,7952953,marrakech
196244,7952955,hay al qods
196245,7952958,polo
196246,7952959,bourgogne ouest
196248,7952968,sidi rahal
196249,7952969,dar bouazza
196250,7952975,amicales
196252,7952992,el hajeb
196253,7953041,oasis
196256,7953079,ben saleh
196258,7953107,izdihar
196260,7953135,sidi rahal
196261,7953160,massira 2
196262,7953197,aouama gharbia
196263,7953209,martil
196264,7953242,selouane
196265,7953258,sidi rahal
196266,7953262,oulad wjih
196267,7953272,ville verte
196268,7953273,martil
196269,7953281,camp al ghoul
196271,7953310,hay arrahma
196272,7953313,route amizmiz
196273,7953357,route de l ourika
196274,7953379,al kawtar
196275,7953384,beni mellal
196276,7953406,oued laou
196277,7953411,malabata
196278,7953417,assam
196280,7953469,centre ville
196281,7953472,jbilat
196282,7953474,sanaoubar
196283,7953479,belvedere
196284,7953480,gueliz
196291,7953501,saidia
196292,7953504,sidi kacem
196293,7953511,bir rami est
196294,7953527,tinghir
196295,7953548,el kindi
196296,7953569,ait melloul
196297,7953588,racine
196298,7953589,ennakhil palmeraie
196299,7953597,ain chock
196300,7953606,route de fez
196301,7953611,haddad
196302,7953612,riyad
196307,7953634,moulay bouzarqtoune
196308,7953643,massira 1
196309,7953659,talborjt
196311,7953693,bouskoura ville
196312,7953695,corniche
196313,7953696,wifak
196314,7953718,martil
196315,7953725,oulfa
196316,7953729,chefchaouen
196317,7953733,fes jdid
196318,7953735,bouskoura ville
196319,7953739,martil
196320,7953764,route de l ourika
196322,7953791,ennakhil palmeraie
196323,7953792,route de fez
196324,7953798,el menzeh
196325,7953799,al hoceima
196326,7953815,ain diab
196327,7953819,ferme bretonne hay arraha
196328,7953820,ferme bretonne hay arraha
196329,7953821,ain diab
196330,7953825,ain diab
196332,7953837,route de l ourika
196333,7953844,marjane
196335,7953868,val fleury
196336,7953885,sidi rahal
196337,7953899,cente
196338,7953900,maamora
196339,7953904,anfa superieur
196340,7953947,inzegan
196341,7953949,tifelt
196342,7953962,wifak
196344,7953970,haut founty
196345,7954010,sidi rahal
196346,7954033,route de marrakech
196347,7954035,cabo negro
196349,7954098,martil
196350,7954182,centre
196351,7954202,tacharouk hay al walaa
196352,7954206,camp al ghoul
196353,7954211,taza
196354,7954213,mers sultan
196355,7954220,route de safi
196356,7954229,ennakhil palmeraie
196357,7954262,hay chmaou
196358,7954278,centre
196359,7954287,hivernage
196360,7954300,amelkis
196361,7954301,amelkis
196362,7954327,mimosas
196364,7954364,extension dakhla
196365,7954383,abattoirs
196366,7954386,abattoirs
196367,7954403,guich oudaya
196368,7954406,sidi belyout
196369,7954408,khouribga
196370,7954427,laymoune
196371,7954440,oued laou
196372,7954453,route de tahanaout
196373,7954460,route de l ourika
196374,7954461,belvedere
196376,7954466,mont fleuri
196377,7954478,dar bouazza
196378,7954479,bernoussi
196379,7954484,hay sadri
196380,7954491,massira 2
196381,7954512,ain chock
196382,7954524,saidia
196383,7954534,dar bouazza
196384,7954535,palmier
196385,7954546,bourgogne ouest
196386,7954552,maarif
196387,7954559,ain taoujdate
196388,7954561,agdal
196389,7954599,nassim 2
196391,7954624,essaouira el jadida
196392,7954628,ahlane
196394,7954678,mandarona
196395,7954679,les cretes
196396,7954731,hay targa
196397,7954788,sala el jadida
196398,7954802,marrakech
196400,7954826,hay essalam
196401,7954832,hamza
196403,7954843,gueliz
196404,7954847,riyad
196405,7954873,centre
196406,7954877,el menzeh
196407,7954879,de la plage
196408,7954889,illigh
196409,7954893,maarif extension
196410,7954895,riviera
196411,7954923,tiznit
196412,7954929,zone industrielle
196413,7954938,riad isli
196415,7954963,val fleury
196416,7954969,lahrarta
196417,7954990,taddart
196418,7955011,mimosas
196420,7955040,oued laou
196421,7955047,hay oued dahab
196422,7955057,centre ville
196423,7955062,jbel kbir
196424,7955067,chefchaouen
196425,7955068,maarif extension
196426,7955070,narjis
196428,7955075,agdal
196429,7955100,administratif
196431,7955107,centre ville
196432,7955111,la siesta
196433,7955137,ourika
196434,7955139,nouvelle ville
196435,7955151,el mansouria
196437,7955157,castilla
196438,7955158,al kawtar
196439,7955160,had soualem
196440,7955174,larache
196443,7955198,bernoussi
196444,7955200,racine
196445,7955228,hay lalla soukaina
196446,7955237,lazaret
196447,7955277,fonciere
196448,7955279,palmier
196449,7955282,lissasfa
196450,7955293,route amizmiz
196452,7955310,khenifra
196461,7955387,hay inara
196463,7955410,route de fez
196464,7955436,mehdia
196466,7955461,bouskoura ville
196467,7955481,maarif
196468,7955495,route amizmiz
196469,7955502,tamesna
196470,7955537,centre ville
196471,7955547,boukhalef
196473,7955583,maarif extension
196475,7955607,boukar
196476,7955623,tarmigt
196477,7955630,hay tarik 1
196478,7955648,oulad aissa
196479,7955653,route de safi
196480,7955664,bournazil
196481,7955665,agdal
196482,7955686,jirrari
196483,7955711,al kawtar
196485,7955744,palmier
196486,7955748,sidi kaouki
196488,7955782,centre
196490,7955792,route de l ourika
196492,7955808,martil
196493,7955821,khouribga
196494,7955823,sidi rahal
196495,7955836,harhoura
196496,7955853,dar bouazza
196497,7955867,saidia
196498,7955886,secteur touristique
196499,7955909,dar bouazza
196500,7955913,gueliz
196501,7955914,al hoceima
196502,7955920,route de ceuta
196503,7955922,hay zitoune
196504,7955927,tahannaout
196505,7955945,hay moulay ismail
196506,7955991,ghmate
196507,7955994,ferme bretonne hay arraha
196509,7956001,assam
196510,7956005,asilah
196511,7956007,wilaya
196513,7956011,mozart
196514,7956015,quartier aerodrome
196515,7956018,martil
196516,7956028,wifak
196517,7956042,ryad dakhla
196518,7956048,riviera
196519,7956063,ennakhil palmeraie
196520,7956070,samlalia
196521,7956089,tit mellil
196522,7956091,tit mellil
196523,7956098,tantonville
196524,7956101,ville nouvelle
196525,7956124,el borouj
196527,7956153,malabata
196528,7956184,oulad hassoune
196531,7956194,andalous
196532,7956196,riyad
196533,7956203,oulad tayeb
196534,7956257,centre ville
196535,7956264,ait melloul
196536,7956281,oualidia
196537,7956295,martil
196538,7956314,racine
196539,7956320,atlas
196540,7956325,el menzeh
196541,7956326,el matar
196542,7956328,lalla zahra
196543,7956349,borj
196544,7956367,hay dakhla
196545,7956368,sidi yahya
196546,7956370,martil
196547,7956375,route de ouarzazate
196548,7956380,martil
196549,7956401,essaada
196550,7956405,al qods
196551,7956447,val fleury
196552,7956455,victoria
196553,7956487,ferme bretonne hay arraha
196554,7956506,jamaa el kbir
196555,7956509,taboula
196556,7956528,hassan centre ville
196558,7956540,mouassine
196559,7956542,racine
196560,7956558,cil hay salam
196561,7956566,rmilat
196563,7956579,sidi abdellah
196564,7956598,maarif
196565,7956605,maamora
196566,7956606,la gironde
196567,7956677,dar bouazza
196570,7956727,plage oued cherrat
196571,7956757,marrakech
196572,7956784,ain diab
196574,7956797,el mansouria
196575,7956799,centre ville
196577,7956855,quartier des ambassades
196579,7956928,ben saleh
196580,7956937,marrakech
196581,7956938,izdihar
196582,7956947,hassania 3
196583,7956950,hay fath
196584,7956951,sidi allal el bahraoui
196585,7956954,lamaachate
196586,7956958,oulfa
196587,7956961,quartier oued fes
196588,7956967,marjane
196589,7956977,route casablanca
196590,7956984,oulfa
196591,7956985,tifelt
196592,7957015,de la plage
196593,7957023,tiznit
196594,7957031,route nationale assilah n1
196595,7957038,sefrou
196596,7957039,bir rami est
196597,7957041,beni yakhlef
196598,7957045,racine
196599,7957051,route de fez
196600,7957052,hay bouhlal
196601,7957068,oasis
196602,7957070,hamria
196603,7957076,centre
196604,7957077,ain diab
196605,7957080,centre
196606,7957087,harhoura
196607,7957089,tata
196608,7957092,zouagha
196609,7957129,ait melloul
196610,7957134,sidi bouzid
196611,7957143,mers sultan
196612,7957153,rmila
196613,7957154,azemmour
196615,7957172,dar bouazza
196616,7957197,route amizmiz
196617,7957213,saidia
196619,7957222,ain aouda
196620,7957224,anfa
196621,7957263,gueliz
196622,7957267,gueliz
196623,7957272,les princesses
196624,7957273,chaabi
196626,7957290,maarif extension
196628,7957293,quartier des ambassades
196630,7957300,sidi rahal
196631,7957302,route casablanca
196632,7957308,larache
196633,7957309,hay lalla haya
196634,7957311,route nationale assilah n1
196636,7957333,haouzia
196637,7957344,hay hassani
196640,7957390,route de ouarzazate
196641,7957406,maarif
196642,7957426,plage oued cherrat
196643,7957443,ain mezouar
196644,7957453,hay hassani
196645,7957459,ville verte
196646,7957465,gueliz
196647,7957476,berrechid
196648,7957482,martil
196650,7957510,medina
196651,7957544,derb chtouka
196652,7957551,gueliz
196653,7957563,martil
196654,7957571,belvedere
196656,7957589,centre
196657,7957624,californie
196659,7957641,la ville haute
196660,7957642,harhoura
196661,7957665,sidi bouzekri
196662,7957674,tamesna
196663,7957677,val fleury
196664,7957692,californie
196665,7957697,maamora
196667,7957702,gueliz
196668,7957712,azilal
196669,7957716,route casablanca
196670,7957731,dar bouazza
196671,7957746,agdal
196672,7957758,asilah
196673,7957782,ain mezouar
196675,7957795,massira 1
196676,7957807,dar bouazza
196677,7957820,route de ouarzazate
196678,7957824,branes 1
196679,7957836,route de l ourika
196680,7957837,gueliz
196681,7957842,tilila
196683,7957852,plage rose maree
196685,7957880,marrakech
196686,7957905,medina
196687,7957933,beausejour
196689,7957953,mkinssia
196690,7957958,hay rahma
196691,7957964,nouaceur
196692,7957976,el bradaa
196693,7957983,mers sultan
196696,7958005,sidi yahya zaer
196697,7958011,bernoussi
196698,7958017,mehdia
196699,7958019,quartier bachkou
196700,7958028,abattoirs
196701,7958031,narjis
196702,7958032,riyad extension
196703,7958044,californie
196704,7958059,les hopitaux
196705,7958079,haut agdal
196707,7958156,el qods
196708,7958157,al madina aljadida
196709,7958159,sidi maarouf
196711,7958181,fes city center
196712,7958201,assam
196713,7958215,achakar
196714,7958254,al kawtar
196715,7958263,hay targa
196716,7958269,sidi abdallah ghiat
196717,7958272,route de fez
196718,7958283,sidi yahya
196719,7958306,ennakhil palmeraie
196720,7958327,route de fez
196721,7958331,al hoceima
196722,7958372,sidi rahal chatai
196723,7958386,mister khouch
196724,7958390,benkirane
196725,7958407,hay al massira
196726,7958409,route de safi
196727,7958424,route de l ourika
196728,7958426,riyad
196730,7958450,riviera
196743,7958486,californie
196744,7958493,larache
196745,7958549,la siesta
196747,7958622,palmier
196748,7958630,ain diab
196749,7958666,taounate
196750,7958669,oulad wjih
196751,7958674,marrakech
196752,7958684,centre
196753,7958699,californie
196754,7958714,marjane
196755,7958715,centre
196756,7958716,tidzi
196757,7958724,steha
196758,7958729,tit mellil
196759,7958745,asilah
196760,7958751,polo
196761,7958766,sidi youssef
196762,7958797,martil
196763,7958816,aourir
196764,7958818,al hoceima
196766,7958871,boujniba
196767,7958872,hay salama
196769,7958888,bouskoura
196770,7958894,ouled teima
196771,7958902,zemmouri
196772,7958905,tanja balia
196773,7958924,bel air val fleuri
196774,7958929,centre
196775,7958936,branes 1
196776,7958939,ville verte
196777,7958960,ras ain rhamna
196778,7958963,mediouna
196779,7958964,ait melloul
196782,7958995,anassi
196784,7959045,maamora
196785,7959094,bouskoura ville
196786,7959101,ville verte
196787,7959110,riviera
196788,7959117,gueliz
196789,7959122,taghazout
196790,7959125,gueliz
196791,7959131,route casablanca
196792,7959134,anfa superieur
196794,7959140,ville verte
196795,7959145,route casablanca
196796,7959155,centre ville
196797,7959157,bab al bahr
196798,7959159,al kawtar
196799,7959168,californie
196800,7959181,oulad salah
196801,7959183,oasis
196802,7959187,el hadadda
196805,7959247,chenguite
196806,7959253,al qods
196807,7959272,deroua
196808,7959282,burger
196809,7959295,laattaouia ech chaybia
196810,7959301,riviera
196811,7959306,hay al fath
196812,7959308,la gironde
196813,7959313,bouskoura
196815,7959337,ait melloul
196816,7959345,route de fez
196817,7959363,maghrib arabi
196818,7959364,oulad wjih
196819,7959373,guercif
196820,7959374,dar bouazza
196821,7959423,achakar
196822,7959424,sidi rahal
196823,7959432,malabata
196824,7959441,tanja balia
196825,7959485,ben serguaou
196826,7959494,oulad abbou
196827,7959517,hassan centre ville
196828,7959540,saidia
196829,7959546,agdal
196831,7959560,azilal
196832,7959566,hay essalam
196833,7959579,ouled mimoun
196834,7959583,les hopitaux
196835,7959584,dar bouazza
196837,7959599,hay zobir
196838,7959619,berkane
196839,7959620,hay chrifa
196840,7959623,abouab sala
196841,7959628,mhamid
196842,7959632,agdal
196843,7959636,ville verte
196844,7959648,ville verte
196848,7959726,ait ikkou
196849,7959730,roches noires
196850,7959731,roches noires
196851,7959732,roches noires
196855,7959736,roches noires
196856,7959757,tanja balia
196857,7959758,sala el jadida
196858,7959765,lazaret
196859,7959791,cabo negro
196860,7959796,plage rose maree
196863,7959825,illigh
196865,7959881,les hopitaux
196866,7959883,gueliz
196867,7959911,agdal
196868,7959914,nouaceur
196869,7959919,asilah
196870,7959931,massira 1
196871,7959938,hamria
196872,7959940,route casablanca
196873,7959965,wifak
196874,7959981,dar bouazza
196875,7959983,hay mesk lil
196877,7959998,dar bouazza
196878,7960002,sania
196879,7960012,route casablanca
196880,7960029,maarif extension
196882,7960051,temara plage
196883,7960055,moulay yaacoub
196884,7960061,agdal
196885,7960063,guich oudaya
196886,7960065,al qods
196887,7960067,ouislane
196889,7960087,ksar el kebir
196890,7960094,ksibat nhas
196891,7960116,du golf
196892,7960129,harhoura
196893,7960136,hay hassani
196894,7960162,masmoudi
196895,7960167,wifak
196896,7960180,marjane
196897,7960183,bouzemmour
196898,7960188,sidi rahal
196899,7960195,marjane
196900,7960196,tabriquet
196901,7960202,bouaakkaz
196902,7960225,sidi maarouf
196903,7960230,sidi maarouf
196905,7960232,el mansouria
196906,7960260,quartier bachkou
196907,7960264,taghazout
196910,7960285,route amizmiz
196911,7960294,hay el matar
196912,7960309,oulfa
196913,7960311,ait melloul
196914,7960318,sala el jadida
196915,7960326,ait kamra
196916,7960330,sidi hajjaj oued hassar
196917,7960338,saada
196919,7960360,route de l ourika
196921,7960370,hay al massar
196922,7960371,palmier
196924,7960376,racine
196925,7960394,hay annour
196926,7960400,hay mohammadi
196927,7960419,hay chrifa
196928,7960421,route de l ourika
196929,7960431,ras el ma
196930,7960436,centre ville
196931,7960439,maarif
196935,7960480,boukhalef
196936,7960483,centre ville
196937,7960539,californie
196938,7960546,les hopitaux
196939,7960562,al mouahidine
196940,7960582,route casablanca
196941,7960589,hay mohammadi
196943,7960629,ville verte
196944,7960636,lekrimat
196945,7960646,mandarona
196947,7960663,mghogha
196948,7960666,errahma
196949,7960669,al qods
196950,7960704,taza
196951,7960726,beausejour
196952,7960733,martil
196953,7960742,midelt
196954,7960748,bled
196955,7960790,azemmour
196956,7960793,boukhalef
196957,7960794,rommani
196959,7960827,route de safi
196961,7960835,plateau al batha
196962,7960857,sidi moumen
196964,7960871,sidi slimane
196965,7960877,californie
196966,7960893,marrakech
196967,7960911,asilah
196968,7960915,bourgogne ouest
196969,7960928,zone industrielle mghogha
196970,7960940,maarif
196971,7960941,maarif
196973,7961019,gueznaia
196974,7961021,hay chmaou
196975,7961028,beni mellal
196977,7961086,ksar el kebir
196978,7961087,mhamid
196979,7961092,selouane
196980,7961099,ait boubidmane
196981,7961111,dar lamane
196982,7961116,hay rmila
196983,7961126,diour jamaa
196984,7961139,daoudiat
196985,7961153,route immouzer
196986,7961155,had soualem
196988,7961163,sidi rahal chatai
196989,7961180,sidi maarouf
196990,7961212,mers sultan
196991,7961215,oued fes
196992,7961217,al hadika
196993,7961230,zone industrielle oukacha
196994,7961245,had soualem
196995,7961246,sidi maarouf
196996,7961247,val fleury
196997,7961264,val d or
196998,7961265,route d agadir essaouira
196999,7961284,zenata
197000,7961294,el hajeb
197001,7961302,asilah
197002,7961305,palmier
197003,7961307,medina
197004,7961311,habbous
197005,7961316,mghogha
197006,7961320,nouaceur
197007,7961326,oualidia
197008,7961340,wifak
197009,7961347,harhoura
197010,7961360,hay ez zaitoune
197011,7961365,el mansouria
197012,7961377,saidia
197013,7961378,centre
197015,7961391,al kawtar
197016,7961394,oulfa
197017,7961396,les hopitaux
197018,7961413,el qods
197019,7961430,ouled moussa
197020,7961446,hassan centre ville
197021,7961448,massira 2
197022,7961449,centre ville
197023,7961453,el gara
197024,7961461,had soualem
197025,7961465,branes 2
197026,7961468,oulfa
197028,7961475,ain lahsan
197029,7961483,californie
197030,7961485,yasmina
197031,7961489,selouane
197033,7961502,khenifra
197034,7961504,administratif
197035,7961513,maarif extension
197037,7961559,ourika
197038,7961562,riyad
197039,7961579,oulfa
197040,7961618,errahma
197041,7961623,dar bouazza
197042,7961649,essaada
197043,7961680,route de tahanaout
197044,7961720,route d agadir essaouira
197045,7961724,cil hay salam
197046,7961735,oulad salah
197048,7961753,el guerdane
197049,7961755,nassim 2
197050,7961790,hay al amal
197051,7961793,assanaouber
197052,7961809,drargua
197053,7961827,la siesta
197054,7961845,ville nouvelle
197055,7961850,maghrib arabi
197056,7961857,les hopitaux
197057,7961865,achakar
197058,7961875,les cretes
197059,7961889,malabata
197061,7961915,ittihad arabi
197062,7961919,oualidia
197063,7961922,lot wouroud
197065,7961972,tabriquet
197067,7961999,bouskoura ville
197068,7962001,sidi allal el bahraoui
197069,7962017,el mansouria
197070,7962021,harhoura
197071,7962036,beni mellal
197072,7962038,ville verte
197074,7962047,route amizmiz
197075,7962068,hay houda
197076,7962071,gueliz
197077,7962110,beausejour
197078,7962120,oulfa
197080,7962126,victoria
197081,7962129,sidi abdallah ghiat
197082,7962132,al osra
197083,7962133,derb loubila
197084,7962139,marrakech
197085,7962156,wifak
197086,7962164,medina
197087,7962174,dar bouazza
197088,7962177,route de meknes
197089,7962179,hay inara
197090,7962180,ahl loghlam hay assalam
197091,7962192,wifak
197092,7962197,centre
197093,7962198,lissasfa
197096,7962202,almaz
197098,7962212,californie
197100,7962216,riad
197101,7962220,al kassam
197102,7962227,riad zitoun
197103,7962228,racine
197104,7962229,ain sebaa
197105,7962251,chefchaouen
197106,7962260,aharrarine
197107,7962262,sidi rahal
197108,7962270,ain sebaa
197111,7962296,marrakech
197112,7962314,centre
197113,7962332,hay zitoune
197114,7962347,medina
197115,7962360,oulad wjih
197116,7962364,sidi rahal
197118,7962381,dar bouazza
197119,7962383,marjane
197120,7962384,route de l ourika
197121,7962389,hanaa 2
197122,7962416,driouch
197123,7962444,centre ville
197124,7962451,azib derai
197125,7962459,berrechid
197126,7962474,tahannaout
197127,7962493,route d agadir essaouira
197128,7962497,oued laou
197129,7962501,route d agadir essaouira
197130,7962504,route amizmiz
197131,7962513,nassim 2
197132,7962534,el hajeb
197133,7962544,lahsinate
197134,7962546,dar bouazza
197135,7962563,les portes de marrakech
197136,7962590,khouribga
197137,7962595,roches noires
197138,7962605,oulfa
197139,7962607,gauthier
197141,7962610,ain diab
197142,7962611,ain diab
197145,7962638,route de safi
197146,7962658,val fleury
197147,7962693,de la plage
197148,7962702,triangle d or
197149,7962718,massira 1
197150,7962722,tiznit
197151,7962725,al hadika
197152,7962731,mers sultan
197153,7962737,mers sultan
197154,7962741,hamria
197155,7962746,souissi
197156,7962759,tiznit
197157,7962761,hay mohammadi
197158,7962771,hay mabrouka
197159,7962772,dar bouazza
197160,7962792,beni mellal
197161,7962815,marrakech
197162,7962821,ismalia
197163,7962822,route de fez
197164,7962823,ain chock
197165,7962835,mandarona
197166,7962836,route amizmiz
197167,7962866,hay al fadl
197169,7962890,ain attig
197170,7962896,casablanca finance city
197171,7962914,plateau
197172,7962942,ahlane
197176,7962954,hay nahda
197177,7962966,route casablanca
197178,7962988,hay ach chbanat
197180,7963005,errahma
197181,7963006,racine
197182,7963018,gauthier
197183,7963034,ras el ma
197184,7963057,ain sebaa
197185,7963075,bd derfoufi
197186,7963091,sala el jadida
197187,7963108,jirrari
197189,7963122,les hopitaux
197191,7963134,branes kdima
197192,7963145,tafoukt
197193,7963150,route de l ourika
197194,7963155,hamria
197195,7963172,dar bouazza
197196,7963176,gueliz
197197,7963195,tamesna
197198,7963216,gueliz
197199,7963220,assam
197200,7963227,hay hassani
197201,7963237,riyad
197202,7963250,ait melloul
197204,7963297,centre ville
197205,7963304,sefrou
197206,7963306,bouskoura ville
197208,7963339,route de l ourika
197209,7963369,dar bouazza
197210,7963372,la gironde
197212,7963397,ennakhil palmeraie
197213,7963403,route nationale assilah n1
197214,7963431,berrechid
197215,7963432,drissia
197217,7963461,sidi abderrazak
197218,7963463,fonciere
197219,7963464,fonciere
197221,7963466,fonciere
197223,7963468,fonciere
197225,7963470,fonciere
197229,7963474,fonciere
197230,7963486,oulfa
197231,7963495,jbel kbir
197232,7963500,mehdia
197233,7963502,ain attig
197234,7963505,route ain chkaf
197235,7963512,les iris
197236,7963540,izdihar
197238,7963551,maarif
197239,7963555,sidi abdallah ghiat
197240,7963572,el menzeh
197242,7963574,azemmour
197243,7963615,tit mellil
197244,7963621,medina
197245,7963623,bad boujloud
197246,7963624,hay moulay abdellah
197248,7963630,nahda 2
197250,7963639,hay arsalan
197253,7963643,la gironde
197254,7963650,quartier des ambassades
197255,7963652,les hopitaux
197256,7963655,cgi
197257,7963671,route de fez
197258,7963672,route de l ourika
197259,7963685,mirleft
197260,7963711,gauthier
197261,7963713,palmier
197264,7963754,ksar sghir
197267,7963770,mesnana
197268,7963773,l ocean
197269,7963806,hay atlas
197270,7963817,route d agadir essaouira
197273,7963842,bir rami ouest
197274,7963844,mhamid
197276,7963861,mozart
197277,7963872,ain el hayani
197279,7963878,ville verte
197280,7963881,mozart
197281,7963899,du golf
197282,7963907,route de l ourika
197283,7963912,kasbah
197284,7963917,jbel kbir
197286,7963937,al hoceima
197288,7963960,el manar
197289,7963983,val fleury
197290,7963987,route de l ourika
197291,7963988,ennakhil palmeraie
197292,7964017,route ain chkaf
197295,7964045,ancienne medina
197296,7964049,hay hassani
197297,7964054,gueliz
197298,7964056,fnideq
197299,7964058,plage rose maree
197300,7964070,bourgogne ouest
197302,7964076,fonciere
197304,7964078,fonciere
197306,7964080,fonciere
197307,7964081,fonciere
197308,7964085,tanja balia
197310,7964091,derb omar
197314,7964095,derb omar
197315,7964096,derb omar
197316,7964097,derb omar
197317,7964103,tassoultante
197318,7964105,route de ouarzazate
197319,7964125,la ville haute
197320,7964142,iberie
197321,7964153,el menzeh
197322,7964156,sidi kacem
197323,7964164,el hadadda
197325,7964177,agadir melloul
197326,7964181,bourgogne ouest
197329,7964190,bir rami ouest
197330,7964192,oulad salah
197331,7964193,sidi kacem
197332,7964199,maamora
197333,7964201,marjane
197334,7964208,nouvelle ville
197335,7964209,essaada
197337,7964222,tamesna
197338,7964224,centre ville
197339,7964235,hay targa
197340,7964266,roches noires
197341,7964267,alsace lorraine
197342,7964268,ain diab
197343,7964269,anfa
197344,7964271,californie
197345,7964304,route de ceuta
197346,7964330,raounak
197347,7964336,sale
197348,7964352,hay inara
197349,7964363,sidi maarouf
197350,7964373,belvedere
197351,7964374,racine
197354,7964383,haut founty
197355,7964385,route de ouarzazate
197357,7964393,route de ouarzazate
197358,7964401,route de ouarzazate
197359,7964406,ennakhil palmeraie
197361,7964410,tafoughalt
197362,7964432,sidi abdellah
197363,7964438,administratif
197364,7964472,ville verte
197365,7964475,tamesna
197366,7964480,tabriquet
197368,7964500,taghzirt
197370,7964573,sidi rahal
197371,7964575,diour lakrai
197373,7964586,gauthier
197374,7964616,haouzia
197375,7964619,manar
197376,7964622,al kawtar
197377,7964644,casabarata
197378,7964645,maarif
197379,7964657,les portes de marrakech
197380,7964673,tilila
197381,7964678,route amizmiz
197384,7964694,racine
197385,7964759,aviation mabella
197386,7964763,ain el hayani
197387,7964772,californie
197389,7964788,agdal
197391,7964795,aida
197392,7964796,tamesna
197393,7964809,roches noires
197394,7964821,riviera
197395,7964823,ouahat sidi brahim
197396,7964833,zouagha
197398,7964846,hay oued dahab
197399,7964851,hay palestine
197400,7964864,saniat errmel
197401,7964871,asilah
197402,7964883,nouaceur
197406,7964899,nouaceur
197407,7964903,maarif
197408,7964909,gueliz
197409,7964919,ain chock
197410,7964921,ain sebaa
197411,7964955,bel air val fleuri
197412,7964958,jbel kbir
197414,7964962,deroua
197415,7964975,administratif
197416,7964990,benslimane
197417,7964997,tafoukt
197419,7965013,agdal
197421,7965037,harhoura
197424,7965077,agafay
197426,7965133,route de ouarzazate
197428,7965137,riviera
197429,7965139,maarif
197430,7965146,plateau
197431,7965154,les princesses
197432,7965157,hay targa
197433,7965159,sidi rahal chatai
197434,7965164,amelkis
197435,7965175,tinghir
197437,7965212,route de fez
197439,7965247,el hadadda
197442,7965256,hay fath
197443,7965266,route casablanca
197444,7965270,branes 2
197445,7965277,agdal
197447,7965303,quartier du parc
197448,7965304,ain chock
197449,7965343,ain diab
197451,7965346,derb ghalef
197452,7965357,zenata
197454,7965383,ain mezouar
197455,7965384,talborjt
197456,7965386,hay targa
197457,7965387,ras el ma
197458,7965394,martil
197460,7965408,route de l ourika
197461,7965429,dar bouazza
197463,7965445,al amal
197464,7965448,charaf
197465,7965452,wifak
197466,7965455,al kassam
197467,7965469,oulad wjih
197468,7965471,mirleft
197470,7965486,bel air val fleuri
197471,7965515,lissasfa
197473,7965583,martil
197474,7965616,val fleuri
197475,7965633,tit mellil
197476,7965638,oued laou
197477,7965659,route de safi
197478,7965668,hay saada
197479,7965671,sidi rahal
197480,7965674,la belle vue
197481,7965678,centre ville
197482,7965681,oulad gouaouch
197484,7965688,hermitage
197485,7965696,tit mellil
197486,7965705,casablanca marina
197487,7965706,bir rami est
197488,7965709,akniss
197489,7965740,oulfa
197490,7965750,victoria
197491,7965753,hrara
197493,7965765,bouskoura ville
197494,7965775,bourgogne ouest
197495,7965778,maarif
197497,7965796,larache
197498,7965824,les portes de marrakech
197499,7965844,hay salam
197500,7965852,wilaya
197501,7965853,route de ceuta
197503,7965870,hay chrifa
197504,7965877,les hopitaux
197505,7965883,les princesses
197507,7965903,smaala
197508,7965926,route de fez
197510,7965933,hay chrifa
197511,7965948,haouzia
197512,7965957,l ocean
197513,7965965,marjane
197514,7965971,martil
197515,7965990,gueliz
197516,7965999,hay al horria
197518,7966009,gueliz
197519,7966013,derb sid daoui
197521,7966022,gueliz
197522,7966033,maarif
197523,7966035,route ain chkaf
197525,7966040,mers sultan
197526,7966047,ville verte
197527,7966081,berrechid
197528,7966083,du golf
197530,7966096,sahel oulad h riz
197531,7966110,mannesmann
197532,7966113,al moustakbal
197533,7966115,bernoussi
197534,7966116,bernoussi
197535,7966117,bernoussi
197536,7966118,bernoussi
197537,7966119,bernoussi
197538,7966120,bernoussi
197539,7966121,bernoussi
197540,7966122,bernoussi
197541,7966123,bernoussi
197542,7966124,bernoussi
197543,7966125,bernoussi
197544,7966126,bernoussi
197545,7966130,ain harrouda
197546,7966137,saidia
197547,7966161,jbel kbir
197548,7966164,nouvelle ville
197549,7966166,kandar sidi khiar
197550,7966172,berrechid
197553,7966196,ain diab extension
197554,7966201,hay el matar
197555,7966206,route d agadir essaouira
197556,7966213,ain attig
197557,7966227,sidi moumen
197558,7966263,mesnana
197559,7966267,bourgogne ouest
197562,7966322,ouarzazate
197563,7966327,les princesses
197564,7966358,maarif extension
197565,7966367,ouarzazate
197566,7966374,iberie
197567,7966375,berrechid
197568,7966392,plage oued cherrat
197569,7966404,safi 2
197571,7966410,hay tarik 1
197572,7966421,route de fez
197573,7966436,harhoura
197574,7966438,bled
197575,7966443,bled
197576,7966447,tiznit
197577,7966467,ourika
197578,7966473,centre
197579,7966476,centre
197580,7966481,mehdia
197582,7966488,sidi kacem
197583,7966489,hay bensouda
197584,7966492,quartier bachkou
197586,7966509,chefchaouen
197587,7966512,mehdia
197588,7966513,martil
197589,7966534,sidi rahal
197590,7966537,hay houda
197592,7966543,ghazoua
197594,7966548,longchamps hay al hanaa
197596,7966556,tifelt
197597,7966558,sidi moussa ben ali
197598,7966562,errahma
197599,7966565,hay houda
197601,7966588,martil
197602,7966596,ville verte
197603,7966612,sidi mansour
197604,7966634,mediouna
197605,7966639,riad zitoun
197606,7966644,quartier bachkou
197607,7966646,centre ville
197608,7966650,hay targa
197609,7966652,hay targa
197610,7966658,centre ville
197611,7966662,centre ville
197616,7966683,sidi bou othmane
197617,7966684,ennakhil palmeraie
197618,7966707,souissi
197619,7966720,el menzeh
197620,7966724,al bassatine
197621,7966739,val fleury
197622,7966740,el hadadda
197623,7966743,ain el hayat
197624,7966755,jbel kbir
197625,7966791,malabata
197626,7966810,marjane
197627,7966830,les princesses
197628,7966836,racine
197629,7966846,sidi kacem
197630,7966848,maamora
197632,7966854,hay ach chbanat
197633,7966855,ain diab
197634,7966872,ourika
197635,7966878,les hopitaux
197636,7966879,ville verte
197637,7966887,mhamid
197638,7966898,la ville haute
197639,7966907,hay salam
197640,7966910,route de fez
197642,7966920,route immouzer
197644,7966948,lissasfa
197647,7966955,lissasfa
197648,7966957,lissasfa
197650,7966965,bab al bahr
197651,7966970,franceville
197653,7966977,izdihar
197654,7966979,route immouzer
197655,7966993,sidi rahal chatai
197656,7966995,jawhara
197659,7967006,hay atlas
197660,7967008,ghmate
197661,7967010,route de safi
197662,7967048,centre ville
197663,7967062,cil hay salam
197665,7967071,tacharouk hay al walaa
197667,7967077,oulad wjih
197668,7967086,val fleuri
197669,7967091,asilah
197670,7967092,asilah
197671,7967093,asilah
197672,7967094,asilah
197673,7967096,asilah
197674,7967101,al mandar al jamil
197675,7967104,sefrou
197676,7967123,mesnana
197677,7967133,tiznit
197678,7967155,hay al amal
197679,7967158,boustane
197680,7967172,massira 3
197681,7967174,oulfa
197682,7967177,ain chock
197683,7967181,marrakech
197684,7967182,route de ouarzazate
197685,7967190,gueliz
197686,7967195,ksar sghir
197687,7967205,centre
197688,7967210,el oued
197689,7967220,la ville haute
197690,7967253,al fath
197691,7967255,deroua
197692,7967260,tghat
197693,7967265,hay el matar
197694,7967275,sidi abdallah ghiat
197695,7967283,marjane
197696,7967285,centre ville
197697,7967288,sidi moussa
197698,7967290,el majjatia ouled taleb
197699,7967292,rmilat
197700,7967297,route de fez
197701,7967313,oulfa
197702,7967315,ait melloul
197703,7967332,gueliz
197704,7967340,abbadi
197705,7967352,gourziana
197706,7967357,quartier des ambassades
197707,7967371,oued laou
197708,7967373,ennakhil palmeraie
197709,7967378,route nationale assilah n1
197711,7967466,hay targa
197712,7967490,maarif
197713,7967494,sidi el khadir
197715,7967523,route nationale assilah n1
197717,7967537,centre
197718,7967549,medina
197721,7967558,route de rabat
197723,7967570,route de l ourika
197724,7967588,route de l ourika
197725,7967590,arset el maach
197727,7967606,el mansouria
197728,7967607,taroudant
197729,7967610,aourir
197731,7967633,de la plage
197732,7967640,asilah
197733,7967643,saidia
197734,7967650,val fleuri
197735,7967689,maarif extension
197736,7967690,ben guerir
197740,7967726,ain errouz
197741,7967727,mehdia
197742,7967729,khouribga
197743,7967730,ismalia
197744,7967745,fonciere
197745,7967746,fonciere
197746,7967773,sidi bennour
197747,7967784,casablanca marina
197748,7967795,saidia
197749,7967796,medina
197750,7967808,al hoceima
197751,7967817,maarif extension
197752,7967823,sefrou
197754,7967856,ennakhil palmeraie
197755,7967857,anfa
197756,7967861,haddada
197758,7967880,bouargane
197759,7967909,ennakhil palmeraie
197760,7967911,dar bouazza
197761,7967933,oulfa
197762,7967958,sidi rahal chatai
197763,7967964,amskroud
197764,7967975,plateau al batha
197765,7967978,derb carlotti
197766,7967980,anfa
197767,7967984,benjdia
197769,7968029,deroua
197770,7968041,bourgogne ouest
197771,7968049,el hadadda
197772,7968057,tamadroust
197773,7968067,quartier bachkou
197774,7968068,had soualem
197775,7968072,al kawtar
197776,7968075,al kawtar
197777,7968078,al kawtar
197779,7968083,route de l ourika
197780,7968096,issil
197781,7968097,tassoultante
197785,7968108,ait ourir
197786,7968130,ait faska
197787,7968179,agadir oufella
197788,7968185,hay chifa
197789,7968190,centre ville
197790,7968195,ain sebaa
197791,7968249,route de l ourika
197792,7968278,californie
197794,7968308,de la plage
197797,7968351,hay mohammadi
197798,7968358,agdal
197799,7968368,bourgogne est
197800,7968392,sefrou
197801,7968405,hay al amal
197802,7968406,dar bouazza
197803,7968418,el majd
197804,7968426,oued laou
197805,7968427,agdal
197808,7968447,agadir melloul
197809,7968472,m diq
197810,7968473,kawki
197811,7968491,berkane
197812,7968506,chefchaouen
197813,7968515,dar bouazza
197814,7968518,khenifra
197816,7968527,assouel
197817,7968541,daoudiat
197818,7968573,centre
197820,7968580,al aroui
197821,7968582,route casablanca
197822,7968592,sahtryine
197823,7968594,route de fez
197824,7968596,hay salam
197825,7968601,wifak
197826,7968614,anfa
197827,7968619,riyad
197828,7968634,gueliz
197829,7968648,marrakech
197830,7968654,maarif extension
197831,7968665,route de meknes
197832,7968679,marrakech
197833,7968684,route d agadir essaouira
197834,7968687,martil
197835,7968689,agdal
197836,7968711,saidia
197837,7968722,tantonville
197838,7968724,wifak
197839,7968728,les hopitaux
197840,7968737,dar bouazza
197841,7968739,charf
197842,7968743,beni mellal
197843,7968750,bouskoura ville
197844,7968753,hay mohammadi
197845,7968757,taghzout
197846,7968792,asilah
197847,7968793,gueznaia
197848,7968810,oulfa
197850,7968828,casablanca
197854,7968836,berrechid
197856,7968844,plage oued cherrat
197858,7968996,quods
197859,7968999,derb abdellah
197860,7969006,sidi belyout
197862,7969052,oasis
197863,7969116,mont fleuri
197865,7969128,majorelle
197866,7969132,sidi rahal
197867,7969136,berrechid
197868,7969138,oulad salah
197869,7969156,dar bouazza
197870,7969158,sidi rahal chatai
197871,7969162,franceville
197872,7969180,saniat errmel
197873,7969186,ismalia
197875,7969272,sidi yahya zaer
197876,7969282,mont fleuri
197877,7969283,maarif extension
197878,7969304,martil
197879,7969316,amelkis
197880,7969327,larache
197881,7969335,hay mabrouka
197882,7969341,cgi
197883,7969345,val fleuri
197884,7969354,dar bouazza
197885,7969355,gueliz
197887,7969362,dar bouazza
197888,7969363,saniat errmel
197889,7969365,agdal
197890,7969366,monica
197891,7969373,dar bouazza
197892,7969405,tanja balia
197893,7969433,al aalia
197894,7969439,ait ourir
197895,7969441,asilah
197896,7969444,el hadadda
197897,7969446,temsia
197898,7969456,argana
197900,7969489,gueliz
197901,7969495,route casablanca
197902,7969498,ennakhil palmeraie
197903,7969501,berkane
197904,7969508,lissasfa
197905,7969509,route de fez
197906,7969513,tamesna
197907,7969516,hay hassani
197908,7969519,hay boudir
197909,7969529,belvedere
197910,7969533,el mansouria
197911,7969540,derb ghalef
197912,7969559,wislane
197915,7969575,oulad hassoune
197916,7969580,essaouira el jadida
197917,7969591,route de safi
197918,7969632,al hadiqa
197919,7969637,mouassine
197920,7969638,route nationale assilah n1
197921,7969639,gueliz
197922,7969644,route de l ourika
197923,7969647,route de l ourika
197924,7969648,route de l ourika
197925,7969649,route de l ourika
197926,7969650,route de l ourika
197927,7969655,gueliz
197928,7969666,riad oulad mtaa
197929,7969675,aarid
197930,7969714,ain sebaa
197931,7969740,hay hassani
197932,7969744,atlas
197933,7969754,cente
197935,7969760,cite adrar
197936,7969773,l habitat
197937,7969789,bab sebta
197938,7969807,oulad wjih
197939,7969817,sidi allal el bahraoui
197940,7969821,boukhalef
197941,7969823,skikina
197942,7969847,route nationale assilah n1
197943,7969848,haouzia
197944,7969860,hay chmaou
197945,7969872,el outia
197946,7969873,centre
197947,7969875,ain chock
197948,7969890,hassan centre ville
197949,7969892,ville nouvelle
197950,7969893,sidi ghanem
197951,7969913,sidi yahya zaer
197953,7969930,massira 2
197954,7969937,mkinssia
197955,7969941,assarag
197956,7969950,ville verte
197957,7969953,jamila 5
197959,7969972,errahma
197960,7969974,daoudiat
197961,7969984,medina
197962,7969986,centre
197963,7970008,route d agadir essaouira
197964,7970011,ait melloul
197965,7970022,jahjouh
197967,7970029,city dar es salaam
197968,7970031,jahjouh
197969,7970033,al hadika
197970,7970041,les princesses
197971,7970065,sidi belyout
197972,7970069,jahjouh
197973,7970077,masmoudi
197975,7970091,hay cheikh lamfadel
197977,7970094,la floride
197978,7970125,lmechrek
197980,7970146,dar bouazza
197981,7970150,maarif
197982,7970151,martil
197983,7970172,city dar es salaam
197984,7970176,mouilha
197985,7970193,ain diab
197986,7970195,mhamid
197987,7970204,moulay bousselham
197988,7970208,moulay bousselham
197989,7970211,moulay bousselham
197990,7970224,les portes de marrakech
197991,7970233,bir jdid
197992,7970237,hay najah
197993,7970248,gauthier
197994,7970251,route de safi
197995,7970289,bourgogne ouest
197996,7970290,oualidia
197997,7970301,al kodia
197999,7970314,wislane
198001,7970333,agafay
198002,7970340,riyad
198003,7970341,route de l ourika
198004,7970343,sidi allal el bahraoui
198006,7970354,lissasfa
198007,7970363,agdal
198008,7970372,hay chmaou
198009,7970373,m diq
198010,7970390,cil hay salam
198011,7970393,ennajd
198012,7970394,oued laou
198013,7970395,golf de benslimane
198014,7970407,tifelt
198015,7970420,hamria
198016,7970466,sidi maarouf
198017,7970467,al kawtar
198018,7970476,al hoceima
198019,7970478,al hoceima
198020,7970482,boukhalef
198021,7970515,almaz
198022,7970518,bernoussi
198023,7970522,al hoceima
198024,7970523,mhamid
198025,7970528,hay al kora
198026,7970535,ain diab
198028,7970548,route immouzer
198029,7970550,ait melloul
198030,7970555,longchamps hay al hanaa
198031,7970558,maamora
198032,7970563,hamria
198033,7970577,oasis
198034,7970593,gueliz
198035,7970628,bourgogne est
198036,7970657,ain sebaa
198037,7970667,hay salam
198039,7970671,aviation mabella
198040,7970686,route de l ourika
198041,7970687,route de l ourika
198042,7970688,route de l ourika
198043,7970689,route de l ourika
198044,7970694,souani
198045,7970698,triangle d or
198046,7970703,sidi rahal chatai
198047,7970724,californie
198048,7970728,riyad extension
198049,7970745,wifak
198050,7970761,route casablanca
198052,7970767,roches noires
198055,7970804,bernoussi
198056,7970808,rmila
198058,7970818,route de safi
198059,7970855,liberte
198060,7970868,hay el menzah
198061,7970873,zemmouri
198062,7970875,manar
198064,7970889,amelkis
198066,7970909,assouel
198067,7970919,aquermoud
198068,7970927,bernoussi
198069,7970950,val fleuri
198070,7970957,haouzia
198071,7970958,haouzia
198072,7970959,haouzia
198073,7970961,haouzia
198074,7970962,haouzia
198075,7970964,hay al massira
198076,7970978,ville verte
198078,7970994,route de l ourika
198080,7971005,hay salam
198081,7971010,agdal
198082,7971022,aarid
198083,7971028,marrakech
198085,7971061,l a b c
198086,7971062,hay salam
198087,7971068,mers sultan
198089,7971071,skhirat
198090,7971072,casablanca
198091,7971073,dar bouazza
198092,7971077,wifak
198093,7971081,habbous
198094,7971084,bled
198095,7971086,al farah dar essalam
198096,7971088,tit mellil
198097,7971089,casablanca
198099,7971093,oasis
198100,7971098,ouled moussa
198101,7971114,quartier bachkou
198102,7971129,ain chock
198103,7971138,hay al amal
198104,7971148,sala el jadida
198105,7971154,mhamid
198106,7971193,route nationale assilah n1
198107,7971212,rabat
198108,7971243,sidi allal el bahraoui
198109,7971246,anfa
198110,7971257,gueliz
198111,7971269,gueliz
198112,7971275,bir rami ouest
198113,7971281,haut founty
198114,7971292,branes kdima
198115,7971295,route de l ourika
198116,7971315,khenifra
198117,7971328,ksar sghir
198118,7971330,ain diab
198119,7971331,zone industrielle
198120,7971338,bir rami ouest
198121,7971358,gueliz
198122,7971365,gueliz
198123,7971374,technopolis
198124,7971375,bir rami ouest
198125,7971376,oued laou
198126,7971379,fquih ben saleh
198127,7971380,gauthier
198128,7971399,cil hay salam
198129,7971407,ait bouyahya el hajjama
198132,7971422,taddart
198133,7971467,taddart
198135,7971475,wifak
198137,7971488,souissi
198139,7971510,ain diab
198140,7971521,el menzeh
198141,7971526,hanaa 1
198142,7971528,berkane
198143,7971534,hay idrissia
198144,7971550,centre
198145,7971563,riviera
198146,7971570,ennakhil palmeraie
198147,7971581,tamesna
198148,7971593,chichaoua
198149,7971595,nouaceur
198151,7971598,ancienne medina
198152,7971606,longchamps hay al hanaa
198153,7971612,route de rabat
198156,7971661,a c3 afn seba c3 a2
198158,7971674,centre ville
198159,7971694,hay el qods
198160,7971697,hay dakhla
198161,7971703,errahma
198162,7971707,agdal
198164,7971715,massira 2
198165,7971738,californie
198166,7971743,centre
198167,7971744,hay assafaa
198168,7971748,route immouzer
198169,7971753,al wifaq
198170,7971758,hay salam
198171,7971761,benjdia
198172,7971763,extension dakhla
198173,7971785,palmier
198174,7971804,boukhalef
198176,7971837,quartier du parc
198177,7971849,martil
198179,7971859,hay targa
198180,7971862,bouskoura ville
198182,7971874,dar bouazza
198184,7971898,route amizmiz
198186,7971903,burger
198189,7971906,burger
198194,7971994,hivernage
198195,7972002,saada
198196,7972027,ain atig
198197,7972043,mhamid
198198,7972046,centre ville
198199,7972051,mimosas
198200,7972078,oulfa
198201,7972091,agdal
198202,7972095,guelmim
198203,7972115,oasis sud
198204,7972119,ain sebaa
198205,7972120,bouznika
198206,7972125,al azhar
198207,7972129,route nationale assilah n1
198208,7972135,sidi moumen
198209,7972167,hay salam
198210,7972177,medina
198211,7972196,dar bouazza
198212,7972207,hay lalla haya
198213,7972214,inara
198214,7972217,maghrib arabi
198216,7972231,plage oued cherrat
198217,7972233,ouarzazate
198218,7972234,triangle d or
198220,7972244,chaabi
198222,7972275,al qods
198223,7972298,belvedere
198224,7972307,hay targa
198225,7972308,haut agdal
198227,7972332,maarif
198228,7972334,harhoura
198229,7972358,californie
198230,7972361,harhoura
198231,7972367,hay essalam
198232,7972373,oulfa
198233,7972383,ain diab extension
198234,7972395,centre
198235,7972398,ain diab extension
198236,7972404,ville verte
198237,7972436,medina
198238,7972440,tifelt
198239,7972446,plage oued cherrat
198241,7972459,ain aouda
198242,7972462,les princesses
198243,7972466,dar bouazza
198244,7972469,el menzeh
198246,7972489,quartier industriel
198247,7972494,atlas
198248,7972498,bouguargouh
198249,7972513,sidi rahal chatai
198250,7972523,les portes de marrakech
198251,7972535,ville verte
198252,7972539,beni mellal
198253,7972542,ennakhil palmeraie
198254,7972559,sidi rahal chatai
198255,7972566,hay tarik 1
198256,7972568,belvedere
198257,7972572,hamza
198260,7972588,les hopitaux
198263,7973400,mers sultan
198264,7973446,centre
198265,7973468,saidia
198267,7973510,zone industrielle oukacha
198268,7973511,bel air val fleuri
198269,7973531,hivernage
198270,7973542,mers sultan
198271,7973543,ferme bretonne hay arraha
198272,7973553,guelmim
198273,7973563,ferme bretonne hay arraha
198274,7973569,bourgogne est
198275,7973571,centre
198276,7973578,ain el hayani
198277,7973614,samlalia
198278,7973638,imouzzer kendar
198279,7973655,racine extension
198280,7973657,hay al kodia
198281,7973662,hay bensouda
198282,7973665,imzouren
198283,7973668,alouane
198284,7973677,harhoura
198285,7973681,californie
198286,7973694,malabata
198287,7973701,centre
198288,7973703,marjane
198289,7973707,chtouka
198290,7973712,berrechid
198291,7973735,alfilline
198292,7973740,touilaa
198293,7973747,el qods
198294,7973753,malabata
198295,7973777,mdiq
198296,7973784,el matar
198297,7973785,kandar sidi khiar
198299,7973788,lazaret
198300,7973804,quartier a c3 a9rodrome
198301,7973825,belvedere
198302,7973829,hay mohammadi
198304,7973838,aouama gharbia
198305,7973840,ain diab
198306,7973868,el hadadda
198307,7973888,oulad hassoune
198308,7973924,saidia
198309,7973928,harhoura
198311,7973934,les hopitaux
198312,7973947,ain diab
198313,7973972,sehb el ward
198315,7973998,berrechid
198316,7974006,bir jdid
198317,7974015,riyad
198318,7974018,beausite
198319,7974037,taza
198320,7974041,triangle d or
198321,7974054,route d agadir essaouira
198322,7974066,dar bouazza
198323,7974067,maarif extension
198325,7974087,haouzia
198326,7974098,dar bouazza
198327,7974138,medina
198329,7974148,hay toummert
198330,7974183,massira 1
198331,7974208,mozart
198332,7974210,marchan
198333,7974214,branes 2
198334,7974217,narjiss
198335,7974232,samlalia
198336,7974233,route ain chkaf
198337,7974246,route de ouarzazate
198338,7974259,route de l ourika
198339,7974260,route de l ourika
198340,7974271,karrakchou
198341,7974273,ferme bretonne hay arraha
198342,7974308,mandarona
198345,7974357,imouzzer kendar
198346,7974408,al aaroui
198347,7974409,beausejour
198348,7974410,beausejour
198349,7974415,cil hay salam
198350,7974416,amelkis
198352,7974428,aviation mabella
198353,7974447,moulay yaacoub
198354,7974452,administratif
198355,7974460,bab sebta
198356,7974463,gueliz
198357,7974467,maarif
198358,7974477,sidi bouzid
198359,7974478,hay mabrouka
198361,7974482,el mansouria
198365,7974498,tit mellil
198366,7974499,harhoura
198367,7974512,achakar
198368,7974519,sidi rahal chatai
198369,7974525,harhoura
198370,7974530,sidi maarouf
198371,7974534,ourika
198372,7974543,tanja balia
198373,7974547,mesnana
198374,7974548,ahlane
198375,7974549,oulad wjih
198376,7974553,bel air val fleuri
198377,7974568,hay inara
198379,7974597,sidi ouassay
198380,7974598,hay targa
198381,7974601,gauthier
198382,7974607,route de safi
198383,7974625,oulad ghanem
198384,7974630,hay mabrouka
198385,7974633,hay inara
198386,7974639,azemmour
198387,7974652,centre
198388,7974653,saidia
198390,7974695,castilla
198391,7974702,ain diab
198392,7974718,hay hassani
198393,7974728,casabarata
198394,7974729,maarif
198396,7974770,belvedere
198397,7974781,castilla
198399,7974786,bouaakkaz
198400,7974820,inara
198401,7974827,marjane
198402,7974828,laaouina
198403,7974858,andalous
198404,7974859,oulad hassoune
198405,7974863,ville verte
198406,7974866,oulad wjih
198407,7974867,beni mellal
198408,7974879,achennad
198409,7974887,ouarzazate
198410,7974890,taboula
198411,7974893,malloussa
198412,7974898,taboula
198414,7974934,m diq
198415,7974935,riyad
198416,7974951,bir rami ouest
198417,7974954,al hoceima
198419,7974963,sebt gzoula
198420,7974966,martil
198421,7974975,bouskoura ville
198422,7974981,moulay youssef
198423,7974986,bin el ouidane
198424,7975011,ksar sghir
198425,7975013,khouribga
198426,7975017,centre ville
198427,7975037,assanaouber
198428,7975043,ourika
198429,7975044,dar bouazza
198430,7975045,saidia
198431,7975054,mannesmann
198432,7975081,sakani
198433,7975083,m diq
198434,7975087,ouled boutaib
198435,7975102,harbil
198436,7975159,aarid
198437,7975164,lissasfa
198438,7975173,larache
198439,7975176,kasba tadla
198440,7975186,haj kaddour
198441,7975192,ville verte
198442,7975200,oulad hassoune
198443,7975202,dcheira el jihadia
198444,7975210,oulad wjih
198446,7975246,cabo negro
198447,7975251,dar bouazza
198448,7975258,andalous
198449,7975276,ain diab
198450,7975277,centre ville
198452,7975299,massira 1
198453,7975325,aharrarine
198454,7975326,route de l ourika
198455,7975332,lahraouiyine
198457,7975349,ancienne medina
198458,7975350,kebibat
198459,7975364,les portes de marrakech
198460,7975390,derb korea
198462,7975394,beausite
198463,7975400,el mers 2
198465,7975411,les hopitaux
198467,7975416,rmila
198468,7975430,victoria
198469,7975433,ouislane
198471,7975444,azemmour
198472,7975461,al qods
198473,7975466,sidi kacem
198474,7975467,hay karim amrani
198475,7975532,lamiaa
198477,7975557,zone industrielle
198478,7975568,alouane
198481,7975583,oasis
198482,7975588,californie
198483,7975598,gueliz
198484,7975603,californie
198485,7975604,ville verte
198486,7975610,medina
198487,7975611,val d or
198489,7975645,haut founty
198490,7975652,bir rami ouest
198491,7975656,marjane
198492,7975664,ain aouda
198493,7975689,route de l ourika
198495,7975724,ben guerir
198497,7975737,franceville
198498,7975752,palmier
198499,7975765,ville nouvelle
198502,7975775,californie
198503,7975777,sidi mimoun
198504,7975782,mouassine
198505,7975799,gueliz
198506,7975810,sania
198507,7975820,errahma
198508,7975825,les princesses
198509,7975826,les princesses
198510,7975827,les princesses
198511,7975828,les princesses
198512,7975842,tanger city center
198514,7975852,jamila 7
198515,7975861,charaf
198516,7975867,wafa
198517,7975872,ain chock
198519,7975877,boulevard med 6
198520,7975878,laanoussar
198521,7975881,mers sultan
198522,7975889,bouskoura ville
198523,7975896,sidi rahal
198524,7975900,ain el hayat
198525,7975920,hay riad
198526,7975942,kebibat
198527,7975947,saidia
198528,7975948,maarif
198529,7975956,route amizmiz
198530,7975963,sidi kacem
198531,7975965,route de safi
198532,7975977,ksar el kebir
198533,7975982,salmia 2
198534,7975986,grand boulevard ahfir
198537,7975993,saidia
198538,7976005,mers sultan
198540,7976026,tamesna
198541,7976037,marchan
198543,7976044,ville verte
198545,7976052,tifelt
198546,7976063,chichaoua
198547,7976072,bourrous
198548,7976083,racine
198549,7976086,ain sebaa
198550,7976140,les hopitaux
198551,7976176,el qods
198552,7976178,castilla
198553,7976181,ihchach
198554,7976186,sidi talha
198556,7976194,amelkis
198557,7976213,asilah
198558,7976214,ain chock
198559,7976226,hivernage
198560,7976236,ville verte
198562,7976249,hivernage
198564,7976259,annouzha
198565,7976270,mers sultan
198566,7976281,hay fath
198567,7976296,bernoussi
198568,7976303,cite militaire
198569,7976304,route de ouarzazate
198570,7976307,kouilma
198571,7976332,saniat errmel
198572,7976337,aouama gharbia
198573,7976339,maamora
198575,7976353,val fleury
198576,7976362,marchan
198577,7976368,sania
198578,7976371,ahl loghlam hay assalam
198579,7976389,quartier bachkou
198580,7976404,nouaceur
198581,7976431,marrakech
198582,7976433,marrakech
198584,7976438,hay al fath
198585,7976442,hay moulay rachid 2
198586,7976444,al aalia
198587,7976452,casablanca marina
198589,7976479,hay qods
198590,7976499,ancienne medina
198591,7976509,ahlane
198592,7976512,massira 1
198593,7976529,route nationale assilah n1
198594,7976532,azrou
198595,7976549,victoria
198596,7976551,quartier administratif
198597,7976563,cgi
198599,7976581,riad oulad mtaa
198606,7976631,branes kdima
198607,7976635,agdal
198608,7976652,les princesses
198609,7976672,agadir melloul
198610,7976686,racine extension
198611,7976708,marjane
198613,7976759,saidia
198614,7976772,sidi allal el bahraoui
198616,7976843,centre ville
198617,7976849,hamza
198618,7976850,la colline
198619,7976871,ait ourir
198622,7976897,bir rami ouest
198623,7976902,sefrou
198624,7976912,hay fath
198625,7976919,hay mohammadi
198626,7976937,hay gryou
198627,7976940,ouarzazate
198629,7976951,maihta
198630,7976976,lissasfa
198632,7977006,sala el jadida
198633,7977031,haut anza
198634,7977045,had soualem
198635,7977047,racine
198637,7977055,hikma ii
198638,7977057,ennakhil palmeraie
198639,7977059,route de safi
198640,7977066,ait melloul
198642,7977074,medina
198644,7977080,les hopitaux
198646,7977089,marjane
198647,7977095,marjane
198648,7977120,moulay abdallah
198649,7977121,sidi bouknadel
198650,7977131,agdal
198651,7977144,tabriquet
198652,7977152,hay karima
198653,7977156,tabriquet
198654,7977158,bir jdid
198655,7977159,akkari
198658,7977224,sidi moumen
198659,7977231,ennakhil palmeraie
198660,7977250,essaada
198661,7977309,sidi bouknadel
198662,7977314,el kel c3 a2a des sraghna
198663,7977319,smaala
198664,7977322,sidi rahal
198665,7977339,route casablanca
198666,7977343,oulad hassoune
198667,7977347,bouskoura ville
198668,7977356,aviation mabella
198669,7977360,alfilline
198670,7977363,racine
198671,7977398,hamria
198672,7977410,souissi
198674,7977433,maamora
198675,7977445,hay al horria
198676,7977474,had soualem
198677,7977489,oulfa
198678,7977499,franceville
198679,7977519,tiznit
198680,7977546,larache
198682,7977576,essaada
198683,7977583,sidi rahal chatai
198684,7977599,oulfa
198686,7977634,amelkis
198687,7977636,route de fez
198688,7977658,mehdia
198690,7977686,marchouch
198691,7977692,lqliaa
198692,7977694,hay ait skato
198693,7977705,mehdia
198694,7977706,hay lalla haya
198695,7977707,asilah
198696,7977708,les cretes
198697,7977714,saniat errmel
198698,7977753,oulad frej
198699,7977772,khouribga
198700,7977796,founti
198703,7977801,tinghir
198705,7977812,route de l ourika
198706,7977814,saidia
198707,7977827,ville verte
198708,7977846,zegzel
198710,7977882,mandarona
198711,7977891,route d agadir essaouira
198712,7977897,hay nejma
198713,7977910,el qods
198716,7977986,beausejour
198717,7977993,youssoufia
198719,7978002,oulad wjih
198720,7978011,moulay lyazid
198721,7978072,sala el jadida
198722,7978074,berkane
198723,7978114,sidi allal el bahraoui
198724,7978125,route de l ourika
198725,7978136,anfa
198726,7978137,abouab sala
198727,7978152,riviera
198729,7978164,berrechid
198730,7978165,berrechid
198731,7978168,iziki
198732,7978169,el qaria
198733,7978170,lamiaa
198734,7978179,val fleury
198735,7978195,martil
198736,7978197,val fleury
198737,7978209,roches noires
198738,7978210,sidi allal el bahraoui
198739,7978222,ksar el kebir
198740,7978225,bir rami est
198741,7978232,la gironde
198742,7978240,les hopitaux
198743,7978241,temara
198746,7978246,sidi allal el bahraoui
198747,7978268,sidi slimane
198748,7978285,el menzeh
198755,7978326,mimosas
198756,7978332,mediouna
198757,7978355,ouazzane
198758,7978362,grand boulevard ahfir
198759,7978375,centre
198760,7978381,kaa el machraa
198762,7978419,el matar cite aviation
198763,7978453,arset el maach
198764,7978461,sidi slimane
198765,7978465,jnan ben chagra
198766,7978478,hay al haouz
198767,7978479,centre
198768,7978480,narjis
198769,7978500,hay cheikh lamfadel
198770,7978503,kaa el machraa
198771,7978512,mers el kheir
198772,7978534,ain sebaa
198773,7978538,abouab sala
198774,7978562,el hadadda
198775,7978572,ain diab
198777,7978582,champ de course
198779,7978605,hay targa
198780,7978619,ain diab
198781,7978635,andalous
198782,7978637,al hoceima
198783,7978640,port
198784,7978641,mkinssia
198786,7978644,harhoura
198787,7978648,ben guerir
198788,7978653,route de l ourika
198790,7978657,ain attig
198791,7978660,ain sebaa
198792,7978671,hay lalla soukaina
198793,7978673,route de ouarzazate
198794,7978675,manar
198795,7978676,oued eddahab
198796,7978682,ghmate
198797,7978684,plage oued cherrat
198798,7978694,oulad wjih
198799,7978695,oulad wjih
198800,7978699,cgi
198801,7978708,quartier du parc
198802,7978712,ain mezouar
198803,7978720,martil
198804,7978724,entree sud
198805,7978727,entree sud
198806,7978730,riad al atlas
198808,7978740,route casablanca
198809,7978741,mhamid
198812,7978755,casablanca
198813,7978760,gauthier
198814,7978761,casablanca
198816,7978768,casablanca
198817,7978772,zone industrielle
198825,7978878,gauthier
198826,7978883,derb al kabir
198827,7978889,la ville haute
198828,7978900,haut anza
198829,7978909,oulfa
198830,7978914,val fleuri
198831,7978965,sala el jadida
198832,7978973,centre ville
198833,7978989,agdal
198834,7979010,aharrarine
198835,7979011,sidi belyout
198836,7979014,al aaroui
198837,7979016,al aaroui
198838,7979018,al aaroui
198839,7979022,tanja balia
198840,7979027,route de l ourika
198841,7979028,al bassatine
198842,7979053,sidi bouzid
198843,7979054,hay salam
198844,7979056,centre ville
198845,7979061,berrechid
198846,7979064,ouled moussa
198847,7979073,bouskoura ville
198848,7979091,ain diab
198849,7979094,roches noires
198850,7979097,cente
198851,7979103,al hoceima
198853,7979112,dar bouazza
198854,7979124,palmier
198855,7979126,ahlane
198856,7979148,derb omar
198857,7979149,asilah
198858,7979159,sidi moumen
198859,7979170,mghogha
198860,7979185,dar bouazza
198861,7979186,sala el jadida
198862,7979193,beni mellal
198863,7979208,najmat al janoub
198864,7979210,manar
198865,7979257,franceville
198866,7979258,ain sebaa
198868,7979260,ben guerir
198869,7979271,racine
198870,7979280,plage rose maree
198871,7979281,les rosiers
198873,7979320,oulfa
198874,7979321,al boustane
198875,7979347,mediouna
198876,7979374,khouribga
198877,7979381,ben saleh
198878,7979418,quartier administratif
198879,7979425,ouarzazate
198880,7979428,ville verte
198881,7979447,agdal
198882,7979449,administratif
198883,7979451,azzouzia
198885,7979460,laghdira
198886,7979464,ait malek
198887,7979469,el menzeh
198888,7979481,fquih ben saleh
198889,7979494,lissasfa
198890,7979505,derb loubila
198891,7979533,ain diab extension
198892,7979537,hay essalam
198894,7979556,amelkis
198895,7979560,el inara
198896,7979568,bir rami est
198897,7979570,route immouzer
198899,7979586,safi 1
198900,7979588,iberie
198901,7979589,zouagha bas
198903,7979627,hay chouhada
198904,7979628,sidi maarouf
198905,7979639,lazaret
198906,7979658,tifelt
198907,7979661,camp al ghoul
198908,7979666,hivernage
198909,7979668,beausejour
198910,7979670,al qods
198911,7979671,hay al fath
198912,7979672,agdal
198915,7979695,route de safi
198916,7979721,souissi
198917,7979726,berrechid
198919,7979759,riad 1
198920,7979765,quartier du parc
198921,7979776,hay annahda
198922,7979780,al farah dar essalam
198925,7979800,racine
198931,7979819,route amizmiz
198935,7979837,racine
198936,7979846,palmier
198937,7979849,ain diab
198938,7979852,racine
198940,7979874,gauthier
198945,7979902,racine
198947,7979909,californie
198951,7979935,casablanca
198953,7979942,casablanca
198954,7979946,port
198956,7979948,port
198958,7979958,racine
198959,7979959,centre ville
198963,7979975,ain diab
198964,7979982,centre ville
198967,7980000,casablanca
198968,7980015,ain diab
198974,7980084,sidi allal el bahraoui
198975,7980085,casablanca
198977,7980091,anfa
198979,7980101,mimosas
198980,7980102,casablanca
198981,7980104,casablanca
198982,7980105,anfa
198986,7980109,racine
198987,7980110,racine
198989,7980114,casablanca
198990,7980115,casablanca
199001,7980167,triangle d or
199002,7980169,casablanca
199003,7980177,casablanca
199005,7980181,californie
199007,7980187,triangle d or
199010,7980192,casablanca
199014,7980240,mesnana
199015,7980271,chefchaouen
199016,7980287,maihta
199017,7980321,riviera
199019,7980383,agdal
199020,7980392,ain attig
199021,7980394,route amizmiz
199022,7980400,harhoura
199023,7980401,berkane
199024,7980419,ennajd
199025,7980421,zone industrielle moulay rachid
199027,7980428,azli
199028,7980433,anassi
199029,7980444,casabarata
199032,7980469,hassan centre ville
199033,7980521,hay al fath
199034,7980525,agdal
199035,7980526,les hopitaux
199036,7980529,lissasfa
199037,7980530,lissasfa
199038,7980531,iberie
199039,7980539,daoudiat
199040,7980554,riad zitoun
199041,7980558,centre ville
199042,7980560,dar bouazza
199043,7980563,route de meknes
199044,7980581,beausejour
199045,7980583,maarif
199046,7980590,douar laarab
199047,7980592,sidi rahal chatai
199048,7980614,ain diab
199049,7980622,gueliz
199050,7980624,zone industrielle moulay rachid
199051,7980627,moulay abdallah
199052,7980628,ain diab extension
199053,7980642,secteur touristique
199054,7980643,manar
199055,7980647,manar
199056,7980661,al aalia
199057,7980679,maghrib arabi
199058,7980682,hay salam
199059,7980684,entree sud
199061,7980755,hay tissir
199062,7980762,sidi maarouf
199063,7980845,al hoceima
199064,7980848,eddir
199065,7980850,eddir
199067,7980882,route de l ourika
199069,7981057,asilah
199070,7981071,arbaoua
199071,7981555,saidia
199072,7981589,mhamid
199073,7981605,dar bouazza
199074,7981610,haut founty
199075,7981617,mhamid
199076,7981623,drargua
199077,7981628,californie
199079,7981669,oued laou
199080,7981680,casablanca finance city
199081,7981681,sidi rahal
199082,7981688,la ville haute
199083,7981727,bourgogne ouest
199085,7981753,bouargane
199086,7981757,la ville haute
199087,7981768,aharrarine
199088,7981781,hay nahda
199089,7981793,administratif
199090,7981794,arriere pays
199091,7981798,sidi moumen
199092,7981800,zeghanghane
199093,7981813,boulevard med 6
199095,7981816,m diq
199096,7981819,l habitat
199097,7981824,route de tahanaout
199098,7981826,errahma
199099,7981828,al oioun sidi mellouk
199100,7981830,hay zobir
199101,7981837,sidi rahal chatai
199102,7981873,hay annahda
199104,7981884,port tanger ville
199105,7981891,dar bouazza
199106,7981892,route de meknes
199107,7981900,hay salam
199108,7981902,bir jdid
199109,7981912,hay targa
199110,7981917,triangle d or
199111,7981919,sidi moumen
199112,7981921,youssoufia
199113,7981943,lharya
199114,7981963,riviera
199115,7981966,route de safi
199116,7981974,du golf
199119,7981988,sidi maarouf
199120,7982000,hay moulay abdellah
199121,7982003,hay mabrouka
199122,7982007,tifelt
199123,7982008,asilah
199124,7982009,aeroport
199125,7982011,belvedere
199128,7982043,harbil
199129,7982074,hay zobir
199130,7982076,ksar el kebir
199131,7982078,bel air val fleuri
199132,7982082,talborjt
199135,7982157,dar bouazza
199136,7982172,hay badr
199138,7982177,oulad said
199139,7982186,oulfa
199140,7982209,hay badr
199141,7982215,route de safi
199142,7982238,medina
199143,7982300,californie
199144,7982309,guelmim
199145,7982311,mers sultan
199146,7982315,route se sefrou
199147,7982322,racine
199149,7982331,abbadi
199150,7982335,administratif
199151,7982349,saidia
199152,7982350,sidi othmane
199153,7982393,bouaakkaz
199154,7982404,centre ville
199155,7982424,martil
199156,7982429,agdal
199159,7982440,al qods
199160,7982451,jbilat
199161,7982452,gauthier
199162,7982454,route de l ourika
199163,7982465,route de l ourika
199164,7982468,tahannaout
199166,7982502,nouaceur
199167,7982504,oasis
199169,7982521,massira 1
199170,7982529,route de l ourika
199172,7982569,saadla
199173,7982577,route amizmiz
199174,7982579,ain diab extension
199175,7982585,casablanca finance city
199176,7982589,arset sbaia
199177,7982605,agdal
199178,7982608,lissasfa
199179,7982612,industriel
199180,7982621,lalla aicha
199181,7982640,hay salama
199182,7982650,al hoceima
199183,7982655,nouvelle ville
199184,7982656,hay al fath
199185,7982664,berrechid
199186,7982670,maarif
199187,7982683,al qods
199188,7982685,racine
199189,7982691,berrechid
199190,7982692,route de l ourika
199191,7982698,route de l ourika
199193,7982722,ain amiyer
199194,7982723,nassim
199195,7982730,route casablanca
199196,7982732,route de marrakech
199200,7982819,hay firdaouss
199201,7982870,sidi rahal chatai
199202,7982873,ferme bretonne hay arraha
199203,7982886,les hopitaux
199204,7982949,entree sud
199205,7982951,oasis
199206,7982953,ain diab extension
199207,7982985,rmila
199208,7982987,cap spartel
199209,7982988,fnideq
199210,7982999,sidi rahal
199211,7983011,nouvelle ville
199213,7983047,oued laou
199214,7983049,hay mabrouka
199215,7983052,cil hay salam
199216,7983075,derb ghalef
199217,7983086,lamharza essahel
199218,7983095,mhamid
199221,7983126,hay moulay abdellah
199222,7983130,majorelle
199223,7983132,camp al ghoul
199224,7983144,mghogha
199225,7983146,hassan centre ville
199226,7983162,zone industrielle mghogha
199227,7983163,moujahidine
199228,7983167,azemmour
199229,7983169,route de ouarzazate
199230,7983171,mimosas
199231,7983173,route amizmiz
199232,7983177,tabriquet
199233,7983181,hay alfalah
199234,7983190,hay nassim
199235,7983196,al qods
199236,7983218,route amizmiz
199237,7983224,bouarfa
199238,7983238,oulfa
199240,7983257,oulfa
199241,7983265,zouagha bas
199242,7983271,plage oued cherrat
199243,7983274,hay oued dahab
199244,7983276,les hopitaux
199245,7983281,camp al ghoul
199246,7983284,sidi kacem
199247,7983286,hay el qods
199248,7983295,azib derai
199249,7983298,malabata
199251,7983307,la siesta
199255,7983312,eddir
199256,7983313,eddir
199257,7983314,hamria
199258,7983325,harbil
199259,7983333,iziki
199261,7983428,ennakhil palmeraie
199262,7983466,californie
199263,7983484,ain sebaa
199264,7983486,beausejour
199265,7983495,route de l ourika
199266,7983503,azrou
199267,7983521,riyad
199268,7983523,californie
199269,7983560,triangle d or
199270,7983563,essaada
199272,7983569,marjane
199273,7983578,massira 1
199274,7983606,daoudiat
199275,7983607,berrechid
199276,7983611,riyad
199277,7983640,californie
199278,7983656,hay dakhla
199279,7983673,mannesmann
199280,7983675,tassoultante
199281,7983690,route d agadir essaouira
199282,7983702,rabat
199284,7983706,sala el jadida
199285,7983711,ksar el kebir
199287,7983728,asilah
199288,7983730,la ville haute
199289,7983735,imarat
199290,7983737,route d agadir essaouira
199291,7983754,andalousse
199292,7983755,plage oued cherrat
199293,7983772,khenifra
199299,7983797,sidi moumen
199300,7983815,route de l ourika
199302,7983868,oulad m barek
199303,7983887,oulad tayeb
199304,7983888,route de safi
199305,7983890,farkhana
199306,7983912,camp al ghoul
199307,7983915,sala el jadida
199308,7983920,marjane
199309,7983923,de la plage
199310,7983929,beausite
199311,7983935,sala el jadida
199312,7983951,sidi allal el bahraoui
199313,7983953,centre
199314,7983956,les hopitaux
199315,7983958,tit mellil
199317,7983983,berrechid
199318,7983987,anfa
199320,7984001,champ de course
199321,7984003,gueliz
199322,7984010,koudia
199324,7984027,maarif
199325,7984033,boukhalef
199326,7984042,el mansouria
199327,7984061,ouarzazate
199328,7984067,douar lareich
199329,7984069,amelkis
199330,7984094,ait melloul
199331,7984097,centre
199333,7984140,gueliz
199334,7984141,route de fez
199335,7984142,hay rahma
199338,7984152,hay bensouda
199339,7984158,al hoceima
199340,7984168,ben serguaou
199341,7984185,itzer
199342,7984186,dar bouazza
199343,7984200,hassan centre ville
199344,7984208,mers sultan
199345,7984218,temara plage
199346,7984268,chichaoua
199347,7984281,el qods
199349,7984311,issil
199350,7984321,beausite
199351,7984344,route de ouarzazate
199352,7984393,centre ville
199353,7984400,la gironde
199354,7984408,beausejour
199355,7984409,gauthier
199356,7984427,massira 2
199357,7984443,hay chmaou
199358,7984444,bir jdid
199359,7984458,centre ville
199360,7984463,siusse
199361,7984494,najd
199362,7984519,hay salam
199363,7984531,les hopitaux
199364,7984546,mont fleuri
199365,7984552,polo
199366,7984562,quods
199367,7984603,val fleury
199369,7984614,route casablanca
199370,7984630,hivernage
199371,7984640,imzouren
199372,7984657,la ville haute
199374,7984674,el mansouria
199375,7984677,oulfa
199376,7984696,californie
199377,7984700,ghiata al gharbia
199378,7984704,ait melloul
199380,7984713,ben dibane
199381,7984718,chefchaouen
199383,7984726,wilaya
199385,7984732,ounagha
199386,7984733,saniat errmel
199387,7984741,sidi talha
199388,7984744,centre ville
199389,7984751,bir rami est
199390,7984772,abi horaira
199391,7984780,lamaachate
199392,7984784,dar bouazza
199394,7984800,amsernate
199395,7984802,miftah el kheir
199396,7984807,azzinate
199397,7984823,ouahat sidi brahim
199398,7984829,casablanca finance city
199401,7984841,hay al mohammadi
199402,7984851,maamora
199403,7984855,ain sebaa
199404,7984859,sahel chamali
199408,7984867,riad isli
199409,7984870,essaada
199410,7984877,gauthier
199411,7984890,nouaceur
199412,7984892,roches noires
199413,7984902,bir jdid
199415,7984911,hay badr
199416,7984918,route ain chkaf
199419,7984966,tit mellil
199420,7984973,gueliz
199421,7984990,berrechid
199422,7984999,bni ansar
199423,7985045,racine
199424,7985057,al aalia
199425,7985062,sidi maarouf
199426,7985078,hamria
199427,7985087,racine
199428,7985095,tamesna
199429,7985101,hay mohammadi
199432,7985120,tit mellil
199433,7985133,agdal
199434,7985135,sidi maarouf
199435,7985165,riad zitoun
199436,7985178,rmila
199437,7985190,rmila
199438,7985204,boumalne dades
199439,7985227,martil
199440,7985240,route de fez
199441,7985290,derb el mitre
199444,7985313,californie
199445,7985315,al boustane
199446,7985319,mimosas
199447,7985330,racine
199449,7985336,mimosas
199450,7985341,maarif extension
199451,7985370,oulad hassoune
199452,7985376,quartier des ambassades
199453,7985386,azemmour
199454,7985387,hay ach chbanat
199455,7985391,bouaakkaz
199456,7985392,essaada
199457,7985404,imouzzer kendar
199460,7985435,l ocean
199461,7985437,val fleury
199462,7985461,aviation mabella
199463,7985468,al bassatine
199466,7985499,lahrarta
199467,7985512,cil hay salam
199469,7985533,hay mohammadi
199471,7985544,ahlane
199473,7985555,khouribga
199474,7985570,fnideq
199475,7985576,oulfa
199476,7985615,roches noires
199477,7985616,sania
199478,7985651,dar bouazza
199479,7985652,tit mellil
199481,7985732,laarassi
199482,7985743,jbel kbir
199483,7985778,polo
199485,7985790,harhoura
199486,7985796,sidi maarouf
199487,7985807,bab al bahr
199488,7985813,bourmana
199489,7985859,assam
199490,7985875,tit mellil
199491,7985877,polo
199492,7985886,saidia
199493,7985890,hivernage
199494,7985891,laymoune
199495,7985924,maghrib arabi
199497,7985931,tizgane
199498,7985960,centre
199499,7985967,souissi
199500,7985975,maarif extension
199502,7985993,palmier
199503,7986000,al karaouiyine
199504,7986005,haut agdal
199505,7986018,bourgogne ouest
199506,7986019,maarif extension
199507,7986022,agdal
199508,7986027,centre
199509,7986047,gueliz
199510,7986053,hay mohammadi
199511,7986075,les hopitaux
199512,7986077,gauthier
199514,7986099,oulad wjih
199515,7986110,asilah
199516,7986121,hay al wahda
199517,7986129,asilah
199518,7986137,sidi bou othmane
199519,7986142,centre ville
199520,7986151,harhoura
199521,7986152,tamesna
199522,7986155,roches noires
199523,7986163,hay chmaou
199524,7986167,el mansouria
199525,7986170,sidi moussa
199526,7986176,taboula
199528,7986184,maarif
199529,7986196,tamesna
199530,7986211,benjdia
199532,7986221,plage oued cherrat
199534,7986251,oasis
199537,7986275,roches noires
199540,7986350,mandarona
199541,7986358,sidi maarouf
199542,7986373,derb chtouka
199543,7986378,sidi bou amar
199545,7986388,racine
199547,7986391,les hopitaux
199548,7986393,ain borja
199549,7986401,dar bouazza
199551,7986438,khouribga
199553,7986494,saidia
199554,7986536,ain johra
199555,7986544,hay palestine
199556,7986546,berrechid
199557,7986553,oulfa
199558,7986554,zone industrielle mghogha
199559,7986563,sala el jadida
199560,7986574,hay targa
199562,7986579,deroua
199564,7986596,dar bouazza
199565,7986598,wilaya
199566,7986611,plateau al batha
199567,7986619,route d agadir essaouira
199568,7986633,sala el jadida
199569,7986634,hay kassam
199570,7986644,hay targa
199571,7986655,massira 1
199572,7986695,tamesna
199573,7986710,zenata
199574,7986717,berrechid
199575,7986718,cil hay salam
199576,7986720,hivernage
199577,7986743,hay mabrouka
199578,7986748,hay zitoune
199579,7986763,tiznit
199580,7986768,hay el menzah
199581,7986775,abouab sala
199582,7986790,saidia
199583,7986801,aharrarine
199584,7986811,sidi bouknadel
199589,7986835,ain sebaa
199590,7986862,hay dakhla
199591,7986898,hay hassani
199592,7986899,route de fez
199593,7986943,entree sud
199594,7986961,bouskoura ville
199595,7986982,nassim 1
199596,7986985,ait melloul
199598,7986990,la ville haute
199601,7987018,sidi allal el bahraoui
199602,7987024,oulfa
199603,7987025,ancienne medina
199604,7987026,issil
199606,7987033,oulfa
199607,7987037,lalla zahra
199608,7987042,racine
199609,7987043,racine
199611,7987047,centre
199613,7987049,michouar
199614,7987053,maghrib arabi
199615,7987065,dar bouazza
199616,7987071,moujahidine
199617,7987100,quartier du soleil
199618,7987105,sidi hajjaj
199619,7987111,route ain chkaf
199620,7987114,agdal
199621,7987116,belvedere
199623,7987123,abouab sala
199624,7987126,al bahraoyine
199625,7987128,hay hassani
199626,7987131,samlalia
199627,7987139,ismalia
199628,7987143,plage oued cherrat
199629,7987161,hay oued dahab
199630,7987175,bir el ghazi
199632,7987223,mghogha
199633,7987227,route de rabat
199634,7987234,sakani
199635,7987244,ouarzazate
199636,7987261,tarmigt
199637,7987264,el mdrassi
199638,7987273,el menzeh
199639,7987279,harhoura
199640,7987285,plage oued cherrat
199641,7987290,drissia
199642,7987313,al amal
199644,7987333,hay al farah
199646,7987337,guich oudaya
199647,7987345,sidi rahal chatai
199649,7987355,deroua
199650,7987358,route casablanca
199651,7987366,hay fath
199652,7987388,sidi belyout
199653,7987409,tit mellil
199654,7987412,sidi bouzid
199655,7987435,mesnana
199656,7987441,ain borja
199657,7987454,marjane
199658,7987456,amtar
199659,7987459,anfa
199661,7987463,route de safi
199662,7987464,hay ach chbanat
199663,7987470,ain diab
199664,7987472,drargua
199665,7987483,martil
199666,7987498,oasis
199668,7987564,administratif
199669,7987577,route de fez
199671,7987617,route casablanca
199672,7987620,les hopitaux
199673,7987622,les princesses
199674,7987624,lahrarta
199675,7987673,el qaria
199677,7987685,oasis
199678,7987689,centre ville
199679,7987709,martil
199680,7987725,saidia
199681,7987734,sidi maarouf
199682,7987738,al madina aljadida
199683,7987740,mhamid
199684,7987741,beni mellal
199685,7987743,riyad
199686,7987761,al kawtar
199687,7987762,massira 2
199688,7987763,narjiss
199689,7987764,plage oued cherrat
199690,7987766,berrechid
199692,7987787,ouled teima
199693,7987792,route de fez
199694,7987815,ait kamra
199695,7987833,bourgogne ouest
199696,7987855,al qods
199697,7987864,tafraout
199698,7987875,ghmate
199699,7987881,al hoceima
199700,7987883,ghmate
199701,7987886,hay rahma
199702,7987904,tit mellil
199703,7987917,hay hassani
199704,7987930,ourika
199705,7987932,wislane
199707,7987950,hay el menzah
199708,7987959,les princesses
199709,7987970,ksar sghir
199710,7987985,les princesses
199711,7987994,les princesses
199712,7987999,oasis
199713,7988003,casablanca finance city
199714,7988008,ghmate
199715,7988026,du golf
199716,7988031,bouskoura ville
199717,7988038,hay al azhar
199718,7988080,ferme bretonne hay arraha
199719,7988090,al kawtar
199720,7988092,alouane
199721,7988109,taboula
199722,7988114,hay massira
199724,7988133,quartier bachkou
199725,7988134,m diq
199726,7988137,roches noires
199727,7988138,golf de benslimane
199728,7988159,route de tahanaout
199729,7988168,route casablanca
199730,7988172,anfa
199731,7988175,sidi bouzekri
199732,7988183,centre
199733,7988190,larache
199734,7988194,souissi
199735,7988205,sidi abbad
199736,7988229,chefchaouen
199737,7988239,racine
199738,7988253,khouribga
199739,7988261,zaouia sidi ghalem
199740,7988265,l ocean
199741,7988266,hay targa
199743,7988271,ahfir
199744,7988285,assaka
199745,7988307,chefchaouen
199746,7988325,cgi
199747,7988329,laayoune
199748,7988330,hay qods
199749,7988336,imsouane
199750,7988339,oulad frej
199751,7988343,route de l ourika
199753,7988356,marjane
199754,7988360,amerchich
199755,7988361,marjane
199756,7988368,marjane
199757,7988374,omar
199758,7988377,mers sultan
199759,7988381,bouskoura ville
199760,7988414,californie
199761,7988419,martil
199762,7988430,arset ihiri
199763,7988439,gauthier
199764,7988440,la ville haute
199765,7988441,casablanca
199766,7988442,dar bouazza
199768,7988447,port
199769,7988448,sidi taibi
199771,7988452,oulfa
199772,7988481,hay jdid
199773,7988489,les hopitaux
199774,7988507,centre ville
199775,7988509,route de l ourika
199777,7988531,msala
199778,7988543,hamza
199779,7988560,berrechid
199780,7988579,route immouzer
199781,7988594,dar bouazza
199782,7988599,route casablanca
199783,7988606,garage allal
199784,7988628,ziana
199785,7988635,selouane
199787,7988668,tassoultante
199788,7988692,mouassine
199789,7988700,maamora
199790,7988702,asni
199791,7988741,haouzia
199792,7988758,gueliz
199793,7988761,al boustane
199794,7988763,oued laou
199795,7988764,al qods
199796,7988767,hay salam
199797,7988805,route casablanca
199798,7988822,oued laou
199799,7988827,racine
199801,7988856,derb ghalef
199802,7988864,centre
199803,7988893,oulfa
199806,7988940,najd
199807,7988956,bouargane
199808,7989085,cil hay salam
199810,7989190,hay saada 1
199811,7989193,temara
199813,7989196,bouznika
199814,7989197,la gironde
199815,7989199,el mansouria
199816,7989200,route de fez
199817,7989216,zone industrielle
199818,7989219,medina
199819,7989220,berrechid
199820,7989229,boukhalef
199821,7989233,mesnana
199822,7989248,boukar
199823,7989249,quartier industriel
199824,7989252,inara
199825,7989253,oulfa
199826,7989254,route amizmiz
199827,7989261,racine extension
199828,7989265,tanja balia
199829,7989266,ait ourir
199831,7989298,sidi rahal chatai
199832,7989299,hay chmaou
199833,7989310,martil
199844,7989353,californie
199845,7989407,ain atig
199846,7989430,riyad
199847,7989482,laymoune
199848,7989487,maarif
199849,7989492,malabata
199850,7989523,ain sebaa
199853,7989526,ain sebaa
199854,7989532,berrechid
199856,7989551,almaz
199857,7989560,al kawtar
199858,7989592,haut agdal
199859,7989602,du golf
199860,7989603,khouribga
199862,7989606,port
199863,7989617,ain chock
199864,7989621,les princesses
199865,7989655,haut founty
199866,7989667,quartier aerodrome
199867,7989671,palmier
199868,7989688,beausejour
199869,7989706,ville nouvelle
199870,7989736,hay bensouda
199872,7989768,azla
199873,7989775,route de ouarzazate
199874,7989814,lqliaa
199875,7989830,hay mohammadi
199876,7989868,ennakhil palmeraie
199880,7989906,almaz
199881,7989923,azli
199882,7989942,riad oulad mtaa
199884,7989960,hay hassani
199886,7989963,la gironde
199887,7989967,mhamid
199888,7989977,plage oued cherrat
199889,7989994,casablanca
199891,7990006,sefrou
199893,7990020,tassoultante
199896,7990042,sidi maarouf
199897,7990060,quartier bachkou
199898,7990065,guich oudaya
199899,7990073,route nationale assilah n1
199900,7990074,du golf
199902,7990081,hay alamal
199903,7990086,souissi
199904,7990089,el moukef
199905,7990102,centre
199907,7990113,berrechid
199908,7990120,martil
199909,7990124,casablanca
199910,7990133,tilila
199911,7990142,centre ville
199912,7990145,derb lahjar
199913,7990178,triangle d or
199914,7990202,belkhir
199915,7990220,a c3 afn seba c3 a2
199916,7990221,hassan centre ville
199917,7990231,hay hassani
199919,7990238,hay hassani
199922,7990305,mhamid
199924,7990369,gueliz
199925,7990376,sidi rahal
199926,7990387,amerchich
199927,7990404,ait kamra
199928,7990419,casablanca finance city
199929,7990420,nouvelle ville
199930,7990433,ouahat sidi brahim
199931,7990460,la ville haute
199932,7990462,route nationale assilah n1
199933,7990469,malabata
199934,7990472,tanja balia
199935,7990477,route amizmiz
199936,7990482,gueliz
199937,7990485,sidi maarouf
199939,7990524,hay lalla meriem
199940,7990527,sidi bou amar
199941,7990535,plage oued cherrat
199942,7990548,centre ville
199943,7990573,anjra
199944,7990594,route d agadir essaouira
199946,7990649,azzouzia
199947,7990661,quartier des ambassades
199948,7990700,les princesses
199949,7990710,secteur touristique
199951,7990732,route d agadir essaouira
199952,7990733,hay targa
199953,7990745,hay chmaou
199954,7990751,hay chmaou
199955,7990759,ben guerir
199956,7990760,el moukef
199957,7990761,errahma
199959,7990780,dar touzani
199960,7990790,batha
199961,7990801,oasis
199962,7990809,bd allal el fassi
199963,7990815,sala el jadida
199964,7990823,oulfa
199969,7990837,meknassa al gharbia
199970,7990840,guercif
199971,7990857,zouagha
199972,7990868,route de fez
199973,7990869,la ville haute
199976,7990913,zone industrielle sidi ghanem
199977,7990920,maarif
199979,7990930,port tanger ville
199980,7990951,zouagha
199981,7990963,el massira
199982,7990972,dar bouazza
199983,7990978,oulfa
199984,7990983,ain diab extension
199985,7990984,imarat
199987,7990996,ain sebaa
199988,7990997,marjane
199990,7991013,roches noires
199991,7991016,maarif extension
199992,7991025,hay al fath
199993,7991037,mhamid
199994,7991051,mrir t
199995,7991062,lissasfa
199996,7991077,essaada
199998,7991109,garage allal
199999,7991135,centre ville
200000,7991136,route de ouarzazate
200001,7991138,errahma
200002,7991145,route de l ourika
200003,7991147,nouaceur
200004,7991163,ennakhil palmeraie
200005,7991170,bd derfoufi
200006,7991175,ourika
200007,7991186,hay salam
200008,7991189,berrechid
200009,7991213,hay al fath
200010,7991222,al kawtar
200013,7991242,harhoura
200014,7991246,gauthier
200015,7991276,ferme bretonne hay arraha
200016,7991324,roches noires
200017,7991344,harhoura
200018,7991349,route de fez
200019,7991374,route nationale assilah n1
200020,7991386,gueznaia
200022,7991437,saidia
200023,7991439,berrechid
200024,7991442,longchamps hay al hanaa
200025,7991444,hamria
200026,7991451,nassim 1
200027,7991461,hay al azhar
200028,7991468,route de l ourika
200029,7991479,anfa
200032,7991499,route immouzer
200033,7991500,massira 2
200034,7991503,ferme bretonne hay arraha
200035,7991513,el mansouria
200037,7991524,ait malek
200038,7991532,bhibah
200039,7991539,sidi brahim
200041,7991543,route casablanca
200042,7991545,argana
200044,7991560,zaouia sidi ghalem
200045,7991567,racine
200046,7991587,casablanca
200048,7991642,bouskoura ville
200049,7991645,bouskoura ville
200050,7991650,ain sebaa
200051,7991672,anfa
200052,7991683,el manar el hank
200054,7991703,californie
200055,7991732,beni mellal
200056,7991737,nassim 1
200057,7991747,haut founty
200058,7991784,l ocean
200059,7991795,ennakhil palmeraie
200060,7991845,route de fez
200061,7991869,asni
200062,7991880,route nationale assilah n1
200063,7991888,malloussa
200064,7991909,gueliz
200065,7991918,dar bouazza
200066,7991920,hay targa
200067,7991933,sidi kacem
200068,7991959,ennakhil palmeraie
200069,7991960,martil
200070,7991969,hay saada
200071,7991973,route de l ourika
200072,7991976,val d or
200073,7991996,ennakhil palmeraie
200074,7992000,cente
200076,7992014,sidi moumen
200077,7992015,sala el jadida
200079,7992027,belvedere
200080,7992040,ain sebaa
200081,7992088,benslimane
200082,7992090,gauthier
200083,7992092,californie
200084,7992099,oulfa
200085,7992118,souissi
200086,7992119,had soualem
200087,7992126,taghazout
200088,7992133,charf
200089,7992155,centre
200090,7992156,guigou
200092,7992162,boulemane
200093,7992171,mghogha
200096,7992179,al kawtar
200098,7992186,hay al kamal
200099,7992189,martil
200100,7992227,ville verte
200102,7992237,bir rami ouest
200103,7992239,centre
200104,7992245,gauthier
200105,7992255,la floride
200106,7992287,route de marrakech
200107,7992290,casablanca
200108,7992297,wafa
200109,7992305,tabriquet
200110,7992318,hay annassim
200111,7992328,ain diab
200112,7992353,rahba kedima
200114,7992361,agdal
200115,7992384,dar bouazza
200116,7992406,route de fez
200117,7992410,guisser
200118,7992426,sidi yahya zaer
200119,7992428,belvedere
200120,7992450,bouaakkaz
200121,7992454,cente
200122,7992459,el matar
200123,7992464,quartier oued fes
200124,7992472,saniat errmel
200126,7992500,hay hassani
200127,7992503,l ocean
200128,7992504,route nationale assilah n1
200129,7992513,ferme bretonne hay arraha
200130,7992514,sidi moumen
200131,7992521,centre
200132,7992529,maamora
200133,7992532,maamora
200134,7992550,hay al barid
200135,7992565,lissasfa
200136,7992576,sidi bou amar
200137,7992590,akkari
200139,7992601,maghrib arabi
200140,7992605,samlalia
200141,7992614,sidi abdallah ghiat
200142,7992617,laymoune
200143,7992644,agdal
200144,7992656,berrima
200145,7992674,hay massira
200146,7992675,zone industrielle sidi brahim
200147,7992698,saidia
200148,7992700,gueznaia
200149,7992743,mandarona
200150,7992751,hay zobir
200151,7992756,corniche
200152,7992758,sidi kacem
200153,7992771,bel air val fleuri
200154,7992773,hay targa
200155,7992780,sala el jadida
200156,7992782,ain sebaa
200157,7992785,route immouzer
200158,7992822,mimosas
200159,7992838,cabo negro
200160,7992840,sidi maarouf
200161,7992855,ain chock
200162,7992871,founti
200163,7992873,hivernage
200165,7992880,oulfa
200167,7992910,hay oued dahab
200169,7992919,ennakhil palmeraie
200170,7992928,administratif
200171,7992970,triangle d or
200172,7992972,marjane
200173,7992976,riad oulad mtaa
200174,7993009,victoria
200175,7993017,azemmour
200176,7993060,bouskoura ville
200177,7993065,branes kdima
200178,7993067,agdal
200179,7993087,route amizmiz
200180,7993090,centre
200181,7993094,ain diab
200182,7993095,ferme bretonne hay arraha
200183,7993096,khouribga
200184,7993102,hay annasr
200186,7993157,bir jdid
200187,7993197,centre ville
200189,7993208,haut founty
200192,7993250,errahma
200193,7993254,tenoukchet
200195,7993256,tenoukchet
200199,7993260,tenoukchet
200202,7993264,tenoukchet
200203,7993265,tenoukchet
200204,7993268,hay mohammadi
200205,7993273,route de safi
200206,7993274,ville verte
200207,7993301,secteur touristique
200208,7993325,dar bouazza
200209,7993336,msala
200210,7993343,lusitania
200211,7993349,hay targa
200212,7993365,sakani
200213,7993366,abi ragrag
200215,7993390,nassim 2
200216,7993398,anza
200217,7993451,el mansouria
200218,7993459,boukhalef
200219,7993491,secteur touristique
200220,7993497,sidi hajjaj oued hassar
200221,7993498,racine
200222,7993507,secteur touristique
200223,7993521,route de fez
200224,7993522,bouchentouf
200227,7993536,hay mabrouka
200229,7993543,berrechid
200230,7993546,medina
200231,7993549,route de tahanaout
200232,7993556,bel air val fleuri
200234,7993573,boulevard med 6
200235,7993584,racine
200236,7993588,route de safi
200237,7993598,belvedere
200239,7993606,ouazzane
200240,7993608,les hopitaux
200241,7993612,imarat
200242,7993630,route de l ourika
200243,7993640,diour jamaa
200244,7993644,racine
200245,7993650,maarif extension
200246,7993651,tifelt
200247,7993655,kouilma
200248,7993667,massira 1
200249,7993674,bab doukkala
200250,7993697,tikiouine
200255,7993732,hay ez zaitoune
200256,7993735,hay palestine
200258,7993764,agdal
200259,7993766,centre ville
200260,7993770,secteur touristique
200262,7993798,siusse
200263,7993799,asilah
200264,7993800,wislane
200268,7993823,hay annour
200269,7993836,hay targa
200271,7993893,ferme bretonne hay arraha
200272,7993896,illigh
200273,7993931,almaz
200274,7993932,aguerd
200276,7993951,camp al ghoul
200277,7993961,camp al ghoul
200278,7993972,val fleury
200279,7993973,route de tahanaout
200280,7993984,route de tahanaout
200281,7993994,dar bouazza
200282,7994004,mandarona
200283,7994029,racine
200284,7994046,bouskoura ville
200286,7994059,hay dakhla
200288,7994080,tamesna
200290,7994115,ville verte
200293,7994125,marrakech
200294,7994136,route amizmiz
200295,7994145,route ain chkaf
200296,7994156,route de fez
200298,7994159,route de tahanaout
200299,7994161,route immouzer
200300,7994162,souissi
200301,7994168,ain aouda
200302,7994178,route de tahanaout
200304,7994190,sidi othmane
200305,7994210,hay essalam
200308,7994232,kennaria
200309,7994236,sidi ben slimane el jazouli
200310,7994241,massira 3
200311,7994248,zone industrielle
200312,7994257,agdal
200313,7994269,el hadadda
200314,7994277,lekrimat
200315,7994283,hay kassam
200316,7994284,ain diab
200317,7994317,riad salam
200318,7994322,mghogha
200320,7994340,cabo negro
200321,7994356,boumalne dades
200322,7994377,cabo negro
200323,7994380,roches noires
200324,7994383,nahda
200326,7994405,oulfa
200327,7994420,m diq
200328,7994424,marjane
200336,7994443,plateau al batha
200337,7994457,assam
200338,7994470,hay oued dahab
200339,7994473,cherkaoui marzouka
200340,7994476,hay oued dahab
200341,7994484,el mansouria
200342,7994485,wifak
200343,7994486,sidi rahal
200344,7994487,lalla zahra
200345,7994489,hay houda
200346,7994497,la ville haute
200348,7994507,mesnana
200349,7994513,berrechid
200350,7994515,hay moulay rachid 3
200351,7994517,bettana
200352,7994524,izdihar
200353,7994529,route amizmiz
200354,7994530,el kelaa des sraghna
200355,7994539,marjane
200356,7994547,route casablanca
200358,7994554,route de tahanaout
200359,7994557,sidi bouknadel
200360,7994574,racine
200361,7994593,daoudiat
200364,7994608,agdal
200365,7994618,sala el jadida
200366,7994629,mers sultan
200367,7994631,ain atig
200368,7994673,cil hay salam
200369,7994676,tiznit
200370,7994700,bouskoura ville
200371,7994706,el mansouria
200372,7994722,centre ville
200373,7994747,bni ansar
200374,7994771,diour jamaa
200375,7994775,route amizmiz
200376,7994794,hay inara
200377,7994795,amelkis
200378,7994797,anza
200379,7994806,route amizmiz
200380,7994824,lissasfa
200381,7994829,al amal
200382,7994836,bni ansar
200384,7994873,dar assalam
200385,7994874,route de safi
200386,7994898,harhoura
200387,7994919,el kelaa des sraghna
200388,7994933,azrou
200391,7995004,souissi
200393,7995014,hivernage
200394,7995019,al kawtar
200396,7995024,hay targa
200397,7995031,hay mohammadi
200398,7995037,centre
200399,7995041,marrakech
200400,7995048,jawhara
200401,7995059,samlalia
200402,7995067,victoria
200403,7995110,ouislane
200404,7995113,diour jamaa
200405,7995121,ait melloul
200406,7995132,cgi
200407,7995133,dar bouazza
200408,7995134,had soualem
200409,7995135,hay al bahja
200410,7995136,route amizmiz
200413,7995145,hay al azhar
200414,7995147,ouasis
200415,7995148,hay lalla haya
200416,7995154,riad oulad mtaa
200417,7995159,malabata
200418,7995163,administratif
200419,7995174,sidi rahhal
200420,7995200,l ocean
200421,7995205,chefchaouen
200422,7995206,de la plage
200423,7995207,souissi
200424,7995209,bourgogne ouest
200425,7995222,hivernage
200426,7995231,quartier bachkou
200428,7995245,centre
200429,7995255,errahma
200432,7995270,berrechid
200433,7995271,ain diab
200435,7995281,errahma
200436,7995282,dar bouazza
200437,7995283,les portes de marrakech
200441,7995307,route de l ourika
200442,7995311,cap spartel
200443,7995312,gueliz
200444,7995315,centre ville
200445,7995318,les princesses
200446,7995325,hay targa
200447,7995335,centre
200448,7995359,route amizmiz
200449,7995380,souissi
200450,7995444,illigh
200451,7995445,les princesses
200452,7995451,mghogha
200453,7995455,route de tahanaout
200454,7995504,route de tahanaout
200457,7995553,riyad
200458,7995570,la ville haute
200459,7995607,dar bouazza
200460,7995618,plateau al batha
200461,7995625,les princesses
200462,7995635,errahma
200463,7995655,manar
200464,7995656,route de tahanaout
200465,7995664,lakhmis
200466,7995666,ain sebaa
200467,7995671,hay inara
200468,7995674,route de l ourika
200470,7995718,route de tahanaout
200471,7995720,hay essalam
200472,7995725,dar bouazza
200473,7995748,deroua
200474,7995753,harhoura
200477,7995824,centre
200478,7995827,sania
200479,7995828,mehdia
200480,7995838,roches noires
200481,7995847,kouilma
200482,7995851,sania
200483,7995853,sania
200484,7995861,les princesses
200485,7995862,beausite
200486,7995870,tilila
200487,7995883,l ocean
200488,7995897,ait sebaa lajrouf
200490,7995907,centre ville
200491,7995908,maarif
200493,7995910,plateau al batha
200495,7995920,les oudayas
200496,7995954,ait ourir
200498,7995974,tahla
200500,7996003,bitit
200501,7996020,hay salam
200502,7996047,agdal
200503,7996048,tifelt
200506,7996074,saidia
200507,7996075,saidia
200508,7996076,ain amiyer
200509,7996078,martil
200510,7996098,sidi maarouf
200511,7996099,ain chock
200512,7996100,belvedere
200513,7996104,maarif
200514,7996114,chtouka
200515,7996118,agdal
200516,7996119,ksar el k c3 a9bir
200517,7996120,aviation mabella
200518,7996123,guisser
200519,7996133,route de fez
200520,7996140,marjane
200521,7996142,aviation mabella
200522,7996227,bni ansar
200523,7996242,jamaa el kbir
200524,7996259,riad essalam
200525,7996275,hay targa
200526,7996280,bouskoura
200528,7996322,ain chock
200529,7996332,centre
200530,7996349,moulay lyazid
200531,7996353,quartier aerodrome
200534,7996377,ain diab
200535,7996383,hay lalla haya
200536,7996385,ain lahsan
200537,7996407,hay hassani
200538,7996409,route de fez
200539,7996421,hay zaytoun
200540,7996429,martil
200541,7996440,la siesta
200542,7996445,derb ghalef
200543,7996448,midelt
200544,7996470,ain diab
200545,7996475,route amizmiz
200546,7996476,sidi bibi
200547,7996496,racine
200549,7996500,hay targa
200550,7996511,hay mohammadi
200551,7996522,route amizmiz
200552,7996535,swinia
200553,7996544,hay almassira 3
200555,7996556,moulay lyazid
200556,7996563,administratif
200557,7996581,marrakech
200558,7996590,mozart
200560,7996602,ain sebaa
200562,7996622,ain sebaa
200563,7996630,sidi slimane
200564,7996671,corniche
200565,7996675,larache
200566,7996679,corniche
200567,7996689,harhoura
200568,7996697,benjdia
200569,7996701,sidi maarouf
200570,7996706,dar bouazza
200572,7996709,sidi bouzid
200573,7996716,ennakhil palmeraie
200574,7996722,larache
200575,7996737,route casablanca
200576,7996752,ouislane
200577,7996756,aouama gharbia
200578,7996774,maamora
200592,7996813,oasis
200593,7996828,marrakech
200595,7996852,gueliz
200596,7996865,moujahidine
200598,7996952,riad oulad mtaa
200599,7996961,harhoura
200600,7996968,azli
200601,7996974,castilla
200602,7996981,castilla
200604,7997007,deroua
200605,7997049,souissi
200608,7997081,quartier oued fes
200609,7997099,nouvelle ville
200610,7997113,bettana
200611,7997127,gueliz
200612,7997132,moulay lyazid
200613,7997138,lallamaryem
200614,7997140,bouaakkaz
200615,7997142,plage oued cherrat
200616,7997149,quartier des ambassades
200617,7997150,gueliz
200618,7997151,medina
200619,7997189,bni ayat
200620,7997193,hay mohammadi
200621,7997206,de la plage
200622,7997212,essaada
200623,7997217,al hoceima
200624,7997229,mdiq
200625,7997230,al osra
200626,7997242,benyara
200627,7997257,sidi rahal
200629,7997268,ain diab extension
200633,7997286,berkane
200634,7997294,berrechid
200636,7997299,la cienda
200637,7997304,mhamid
200638,7997309,ksar sghir
200639,7997312,tacharouk hay al walaa
200640,7997325,maarif
200642,7997377,route de l ourika
200643,7997384,route de marrakech
200644,7997408,zekak erroumane
200645,7997420,boukhalef
200646,7997423,ain sebaa
200647,7997424,tafraouten
200649,7997443,bouaakkaz
200650,7997456,derb meknes
200651,7997483,mghogha
200653,7997502,bni sidel louta
200654,7997516,asilah
200655,7997538,extension dakhla
200656,7997541,berrechid
200657,7997552,al madina aljadida
200658,7997556,gueliz
200659,7997560,hay el matar
200660,7997569,route de meknes
200661,7997576,sidi moumen
200663,7997592,administratif
200664,7997597,la siesta
200665,7997599,daoudiat
200666,7997603,el mansouria
200670,7997615,hay chrifa
200671,7997629,dar bouazza
200672,7997723,assarag
200673,7997754,hay mohammadi
200674,7997761,meknassa al gharbia
200675,7997790,quartier du parc
200676,7997802,bouskoura ville
200677,7997803,moujahidine
200678,7997806,sania
200680,7997834,mirleft
200681,7997837,route nationale assilah n1
200682,7997839,nouaceur
200684,7997847,maarif
200685,7997849,assam
200686,7997861,oulmes
200687,7997862,azemmour
200688,7997868,guich oudaya
200689,7997880,wifak
200690,7997937,les princesses
200691,7997985,californie
200692,7998006,arset sbaia
200694,7998048,sidi ahmed ou amar
200695,7998055,targuist
200696,7998056,el menzeh
200697,7998068,taza
200698,7998069,laymoune
200699,7998075,route de l ourika
200700,7998109,sidi bouzid
200701,7998114,centre
200702,7998127,route amizmiz
200703,7998130,branes kdima
200704,7998148,azla
200705,7998151,oasis sud
200708,7998176,hay essalam
200709,7998182,centre ville
200710,7998210,almaz
200711,7998227,driouch
200712,7998269,oued fes
200714,7998304,la gironde
200715,7998319,lablalia
200716,7998324,centre
200717,7998345,boukhalef
200718,7998350,bouhout 1
200719,7998358,sidi mimoun
200720,7998359,beni mellal
200721,7998364,kennaria
200723,7998402,tamesna
200724,7998409,sala el jadida
200725,7998431,belvedere
200726,7998464,mehdia
200727,7998465,les hopitaux
200729,7998471,azemmour
200730,7998497,berkane
200732,7998508,bouskoura ville
200733,7998512,gueliz
200734,7998520,essaada
200735,7998522,maihta
200736,7998528,martil
200737,7998532,ahfir
200738,7998543,sidi youssef
200739,7998559,lekhiam
200740,7998580,sidi hajji
200742,7998607,gueliz
200743,7998610,marrakech
200744,7998611,marrakech
200745,7998613,marrakech
200746,7998615,marrakech
200747,7998616,marrakech
200749,7998638,cite adrar
200750,7998657,sania
200751,7998686,hay chmaou
200752,7998694,cgi
200753,7998698,maarif extension
200755,7998704,derb ghalef
200756,7998708,derb carlotti
200757,7998713,la gironde
200758,7998719,racine
200760,7998726,ahfir
200761,7998728,tamesna
200762,7998745,hay moulay rachid 2
200763,7998746,ghmate
200764,7998753,biranzarane
200765,7998754,hamria
200766,7998756,sidi bouzid
200767,7998759,hay massira
200769,7998761,route de l ourika
200770,7998771,ziaten
200771,7998775,ourika
200772,7998777,derb ghalef
200773,7998781,jnane colonne 1 et 2
200774,7998784,zenata
200776,7998792,lalla zahra
200777,7998802,agdal
200778,7998806,oulfa
200782,7998841,route de marrakech
200784,7998884,gauthier
200785,7998902,moulay lyazid
200786,7998907,les princesses
200787,7998926,narjis
200789,7999005,khouribga
200790,7999011,beausejour
200791,7999022,talborjt
200793,7999044,cherkaoui marzouka
200794,7999059,founti
200795,7999064,sidi maarouf
200796,7999067,ville verte
200797,7999081,oulfa
200798,7999091,sahtryine
200799,7999120,biougra
200802,7999136,hay zobir
200803,7999159,mediouna
200804,7999190,route d agadir essaouira
200805,7999194,ait melloul
200806,7999198,roches noires
200807,7999214,nassim
200808,7999225,hay mohammadi
200810,7999252,al manzla
200811,7999255,alsace lorraine
200812,7999257,la siesta
200813,7999262,les hopitaux
200815,7999268,route de l ourika
200816,7999272,bghaghza
200817,7999276,arfoud
200818,7999291,harhoura
200819,7999292,martil
200820,7999303,route de l ourika
200822,7999347,gueliz
200823,7999413,casablanca marina
200825,7999434,bourgogne ouest
200826,7999452,hay haddaouia
200827,7999469,port
200828,7999471,riad oulad mtaa
200829,7999475,riad oulad mtaa
200830,7999477,sidi ali ben hamdouche
200831,7999508,sidi bouzid
200832,7999514,belvedere
200833,7999524,oulad abbou
200835,7999533,route casablanca
200836,7999538,medina
200837,7999543,racine
200839,7999561,hay mohammadi
200841,7999564,nouvelle ville
200844,7999594,sidi hajjaj oued hassar
200845,7999616,lahraouyine
200846,7999617,azemmour
200847,7999634,errahma
200849,7999664,route de fez
200850,7999706,mannesmann
200851,7999707,hassan centre ville
200852,7999715,cil hay salam
200853,7999730,itzer
200855,7999738,ziaten
200857,7999761,ziaten
200858,7999767,anfa
200859,7999773,centre
200861,7999785,californie
200862,7999786,bouskoura ville
200863,7999797,sidi maarouf
200865,7999823,hassan centre ville
200866,7999835,de la plage
200867,7999865,les orangers
200868,7999866,midelt
200869,7999872,beausejour
200870,7999874,el kelaa des sraghna
200871,7999888,sidi bou amar
200872,7999892,ferme bretonne hay arraha
200873,7999940,belvedere
200874,7999994,berrechid
200876,8000023,route de ceuta
200877,8000028,hay hassani
200878,8000030,route de ouarzazate
200879,8000032,hamria
200880,8000034,maamora
200882,8000042,hivernage
200883,8000044,port tanger ville
200884,8000047,berrechid
200885,8000059,marjane
200886,8000068,oulfa
200887,8000077,riyad
200888,8000080,route de ouarzazate
200889,8000096,maarif
200891,8000134,la ville haute
200892,8000139,hivernage
200893,8000155,hivernage
200895,8000185,cente
200896,8000193,souissi
200897,8000196,tabriquet
200898,8000197,martil
200899,8000198,el menzel
200900,8000202,el menzel
200901,8000207,sefrou
200902,8000216,derb omar
200903,8000223,kenitra
200904,8000227,gueliz
200905,8000234,les hopitaux
200906,8000238,ismalia
200907,8000239,tahannaout
200908,8000247,l a b c
200909,8000260,laymoune
200910,8000276,bel air val fleuri
200911,8000280,mdiq
200912,8000288,route ain chkaf
200913,8000292,sidi allal el bahraoui
200914,8000297,horria
200915,8000304,zekak erroumane
200916,8000305,itissal
200922,8000337,hamria
200924,8000350,eddir
200925,8000351,eddir
200926,8000357,bir el ghazi
200927,8000358,hay alqods
200928,8000361,ain diab extension
200929,8000389,had soualem
200930,8000391,bourgogne ouest
200933,8000434,hay najah
200935,8000446,deroua
200936,8000458,sidi el aidi
200937,8000474,hermitage
200938,8000478,taza
200939,8000489,maarif extension
200940,8000517,hay targa
200943,8000524,ain sebaa
200944,8000530,californie
200946,8000539,hay mohammadi
200948,8000546,maarif
200949,8000591,ain diab extension
200950,8000613,harhoura
200951,8000616,gauthier
200952,8000617,mhamid
200953,8000623,hay chmaou
200954,8000636,route de l ourika
200955,8000645,medina
200956,8000648,route de l ourika
200957,8000659,aviation mabella
200958,8000663,al qods
200960,8000683,val fleury
200961,8000684,bir el ghazi
200962,8000686,centre
200964,8000703,deroua
200965,8000706,asilah
200966,8000708,taza
200967,8000724,taghazout
200970,8000771,belvedere
200971,8000807,lekrimat
200973,8000819,maarif
200974,8000836,tiznit
200975,8000852,el hadadda
200976,8000862,ain borja
200977,8000870,ben saleh
200978,8000874,maarif
200980,8000901,hay al horria
200981,8000909,touilaa
200982,8000920,hay al fath
200985,8000924,tamesna
200986,8000929,lekrimat
200987,8000931,mallalienne
200988,8000934,belvedere
200990,8000936,la gironde
200992,8000982,el hadadda
200993,8000990,martil
200994,8001017,had soualem
200997,8001034,anjra
200999,8001036,nassim
201000,8001072,route de fez
201001,8001075,hay targa
201002,8001092,sidi yahya zaer
201004,8001133,centre ville
201005,8001135,ain borja
201007,8001203,abattoirs
201008,8001236,samlalia
201009,8001241,benslimane
201010,8001246,racine
201011,8001251,route de l ourika
201013,8001255,agdal
201014,8001258,route casablanca
201015,8001263,route casablanca
201016,8001303,bourgogne ouest
201018,8001318,agdal
201019,8001335,centre
201020,8001341,ben guerir
201021,8001347,sala el jadida
201022,8001351,centre
201023,8001357,asilah
201024,8001365,sidi ouassay
201025,8001366,oualidia
201026,8001385,abbadi
201027,8001388,route casablanca
201028,8001406,chtouka
201030,8001416,chellalate
201031,8001425,hamza
201032,8001430,riad al atlas
201033,8001433,californie
201034,8001442,route amizmiz
201037,8001465,agdal
201038,8001467,beausejour
201039,8001468,bouitate
201040,8001469,route amizmiz
201041,8001470,cap spartel
201043,8001487,tamesna
201044,8001492,kouilma
201045,8001496,al kawtar
201046,8001498,sahel oulad h riz
201047,8001500,massira 1
201048,8001503,riyad
201049,8001508,guercif
201050,8001523,martil
201051,8001534,beausejour
201052,8001548,hay al fath
201053,8001549,route de l ourika
201054,8001552,hamria
201055,8001565,grand boulevard ahfir
201056,8001572,ourika
201059,8001601,tilila
201060,8001605,lablalia
201061,8001612,saidia
201063,8001623,mers sultan
201064,8001636,la ville haute
201065,8001659,ain taoujdate
201066,8001661,les princesses
201067,8001662,ain sebaa
201068,8001678,bourrous
201069,8001680,sidi hajjaj oued hassar
201070,8001697,hay chmaou
201071,8001701,ville verte
201072,8001703,had soualem
201073,8001710,belvedere
201074,8001717,anjra
201075,8001732,sidi rahal
201076,8001738,ahfir
201077,8001742,tiznit
201078,8001745,sidi ali ben hamdouche
201080,8001788,gueznaia
201081,8001795,mimosas
201082,8001812,mijik
201084,8001831,maamora
201085,8001843,mhamid
201086,8001866,dar bouazza
201087,8001884,racine
201088,8001888,cente
201089,8001895,iberie
201090,8001902,sidi bouzid
201091,8001905,corniche
201092,8001911,sidi abdellah
201093,8001913,hay nahda
201094,8001915,beni yakhlef
201095,8001920,oulad said
201096,8001926,hay chrifa
201097,8001936,el hajeb
201098,8001937,massira 1
201100,8001953,abouab sala
201101,8001956,habbous
201102,8001961,route amizmiz
201103,8001962,saada
201104,8001969,zouagha
201106,8001996,castilla
201108,8002013,errahma
201109,8002015,agafay
201110,8002024,route de ouarzazate
201111,8002025,ennakhil palmeraie
201112,8002028,bouskoura ville
201113,8002035,dar bouazza
201114,8002038,les portes de marrakech
201115,8002049,agdal
201116,8002059,les princesses
201117,8002062,medina
201118,8002074,bouskoura ville
201119,8002076,ennakhil palmeraie
201120,8002079,agdal
201121,8002088,taghazout
201122,8002097,hamria
201123,8002099,route de safi
201124,8002128,route de ouarzazate
201125,8002130,bernoussi
201126,8002142,had soualem
201127,8002159,les hopitaux
201128,8002166,anfa
201129,8002172,racine
201131,8002196,victoria
201132,8002198,izdihar
201133,8002199,dar bouazza
201135,8002216,mellah
201136,8002217,boukhalef
201137,8002229,azzouzia
201138,8002231,ben dibane
201139,8002232,ain el hayat
201140,8002234,sahel oulad h riz
201141,8002245,daoudiat
201142,8002248,hay targa
201143,8002252,hay atlas
201144,8002257,tassoultante
201145,8002272,lot almouna
201146,8002279,casablanca marina
201147,8002290,les hopitaux
201148,8002295,ennakhil palmeraie
201151,8002324,belbekkar
201152,8002335,les hopitaux
201153,8002355,beni mellal
201154,8002359,souissi
201156,8002378,liberte
201157,8002380,hay targa
201159,8002401,maarif extension
201162,8002444,laayoune
201163,8002450,al wifaq
201164,8002459,route de l ourika
201165,8002468,madwaz
201166,8002476,ait kamra
201167,8002494,route de fez
201168,8002511,cabo negro
201169,8002518,fnideq
201172,8002561,talborjt
201173,8002575,administratif
201175,8002618,sidi boukhalkhal
201176,8002620,maihta
201177,8002627,route de tahanaout
201178,8002630,asilah
201179,8002642,agdal
201180,8002659,hivernage
201181,8002671,route de fez
201182,8002675,bourgogne ouest
201183,8002680,port
201184,8002682,hay essalam
201185,8002683,mandarona
201186,8002690,azzouzia
201190,8002706,quartier oued fes
201191,8002713,quartier oued fes
201193,8002719,al moustakbal
201194,8002721,beni yakhlef
201195,8002725,hay mabrouka
201197,8002746,souissi
201198,8002748,route de meknes
201200,8002758,val fleury
201201,8002766,les hopitaux
201202,8002767,route de tahanaout
201203,8002768,ville nouvelle
201208,8002787,bir rami ouest
201209,8002790,ouislane
201210,8002796,dkhissa
201211,8002798,dar bni karrich
201213,8002803,medina
201215,8002818,ain diab
201216,8002831,tamesna
201217,8002836,oulfa
201218,8002844,mghogha
201219,8002854,marrakech
201220,8002857,route de l ourika
201221,8002868,casablanca finance city
201222,8002879,ben guerir
201223,8002898,abattoirs
201224,8002917,les portes de marrakech
201225,8002920,massira 2
201227,8002937,ait faska
201229,8002946,ben serguaou
201230,8002951,casablanca finance city
201231,8002963,majorelle
201232,8002968,nassim
201233,8002971,route de fez
201235,8002989,gueliz
201237,8003004,sidi ben slimane el jazouli
201238,8003019,ouahat sidi brahim
201240,8003089,tanja balia
201241,8003093,harhoura
201242,8003095,berrechid
201243,8003102,route de l ourika
201244,8003104,talborjt
201245,8003105,wafa
201246,8003107,port
201249,8003134,sania
201250,8003152,les princesses
201251,8003156,mghogha
201252,8003157,moulay lyazid
201253,8003165,ancienne medina
201254,8003184,entree sud
201255,8003202,plage rose maree
201256,8003228,palmier
201260,8003266,centre
201262,8003287,marrakech
201263,8003289,de la plage
201264,8003299,gueliz
201265,8003313,ourika
201266,8003328,de la plage
201267,8003333,route casablanca
201268,8003346,bouskoura ville
201269,8003354,abattoirs
201270,8003355,abattoirs
201271,8003365,haut founty
201272,8003369,laanoussar
201275,8003400,hay al kamal
201276,8003415,massira 3
201277,8003417,cil hay salam
201279,8003426,sehb el ward
201281,8003437,assarag
201282,8003440,ourika
201283,8003441,samlalia
201284,8003444,hay alfadl
201285,8003450,roches noires
201286,8003459,route ain chkaf
201287,8003477,berrechid
201289,8003494,route ain chkaf
201290,8003500,hay houda
201293,8003519,nassim 2
201296,8003535,azrou
201297,8003539,chtouka
201298,8003545,tahannaout
201299,8003547,ain diab
201301,8003563,boutaaa
201303,8003566,les portes de marrakech
201304,8003568,dar bouazza
201305,8003570,route casablanca
201306,8003578,bouskoura ville
201307,8003592,ain diab
201308,8003597,tabriquet
201309,8003598,agdal
201310,8003599,izdihar
201311,8003603,californie
201312,8003604,hay moulay ismail
201313,8003611,oued zem
201314,8003616,michouar
201315,8003617,palmier
201316,8003623,oulfa
201317,8003628,ville verte
201318,8003632,gueliz
201319,8003633,gueliz
201320,8003634,gueliz
201321,8003669,ville verte
201322,8003678,oasis sud
201323,8003690,les portes de marrakech
201324,8003703,rmila
201325,8003712,zouagha
201326,8003720,ville nouvelle
201327,8003722,mers sultan
201328,8003738,route amizmiz
201330,8003761,malabata
201331,8003770,belvedere
201332,8003771,bernoussi
201333,8003772,centre ville
201334,8003782,casablanca marina
201336,8003822,malabata
201337,8003825,dar bouazza
201338,8003847,laaouina
201339,8003866,route nationale assilah n1
201340,8003868,route de fez
201341,8003887,taghazout
201342,8003890,msala
201343,8003896,gueliz
201344,8003898,msala
201345,8003900,route nationale assilah n1
201346,8003915,hay mohammadi
201347,8003924,hivernage
201348,8003925,dar bouazza
201350,8003959,souissi
201351,8003967,zone industrielle
201353,8003988,centre
201354,8003989,triangle d or
201356,8004015,a c3 afn seba c3 a2
201357,8004062,ben serguaou
201358,8004066,ain sebaa
201359,8004067,gueliz
201361,8004085,riyad
201362,8004086,marrakech
201363,8004087,marrakech
201365,8004117,sidi abdallah ghiat
201366,8004121,hrara
201367,8004132,la vilette
201368,8004143,marjane
201369,8004147,port
201370,8004149,les princesses
201371,8004150,city dar es salaam
201372,8004157,bourgogne ouest
201376,8004161,kouilma
201377,8004162,bourgogne ouest
201378,8004176,burger
201379,8004179,les chenes
201380,8004183,plateau al batha
201381,8004189,jbel kbir
201382,8004217,oulfa
201383,8004231,racine
201384,8004247,ahlane
201395,8004262,ville nouvelle
201396,8004277,taghazout
201397,8004279,taghazout
201398,8004280,centre ville
201399,8004286,hay al massira
201400,8004296,hay houda
201402,8004300,tiznit
201403,8004304,riad zitoun
201404,8004305,hay al farah
201405,8004309,belvedere
201406,8004317,tilila
201410,8004339,al kodia
201411,8004341,tilila
201412,8004342,founti
201413,8004356,hay hassani
201414,8004357,hay hassani
201415,8004358,hay hassani
201416,8004359,hay hassani
201417,8004360,hay hassani
201418,8004361,hay hassani
201419,8004362,hay hassani
201420,8004363,hay hassani
201421,8004365,zone industrielle moulay rachid
201422,8004367,tilila
201423,8004377,al wifaq
201424,8004404,haut founty
201425,8004414,cite adrar
201426,8004417,hay mohammadi
201427,8004429,tilila
201428,8004432,sidi moumen
201429,8004433,daoudiat
201430,8004458,berrechid
201431,8004466,souissi
201432,8004467,polo
201433,8004468,bourgogne ouest
201434,8004469,berrechid
201436,8004479,souissi
201437,8004493,berrechid
201438,8004496,route ain chkaf
201439,8004497,quartier du parc
201440,8004510,ain diab
201441,8004513,bled
201442,8004522,bir rami ouest
201443,8004529,hay dakhla
201444,8004533,les portes de marrakech
201445,8004535,hay salam
201446,8004540,hay mohammadi
201447,8004562,hay houda
201448,8004567,hay houda
201449,8004569,hay al farah
201450,8004570,ben guerir
201451,8004575,assaka
201452,8004578,hay al farah
201453,8004610,el menzeh
201454,8004611,route de l ourika
201455,8004617,khouribga
201456,8004639,racine extension
201457,8004641,sidi abdallah ghiat
201458,8004642,cente
201459,8004644,administratif
201460,8004662,gueliz
201461,8004668,hay najah
201462,8004691,ain chock
201464,8004699,samlalia
201466,8004741,michouar
201467,8004770,ain diab
201468,8004771,abattoirs
201469,8004772,abattoirs
201470,8004773,abattoirs
201471,8004774,marrakech
201472,8004775,victoria
201473,8004777,marrakech
201474,8004784,gueliz
201475,8004791,ben maachou
201476,8004794,diour jamaa
201477,8004829,tanja balia
201479,8004843,massira 1
201482,8004850,nassim
201483,8004859,al bassatine
201484,8004860,hamria
201485,8004869,bettana
201487,8004886,lot almouna
201488,8004893,hamria
201489,8004909,bab al bahr
201491,8004925,polo
201492,8004931,wilaya
201493,8004936,had soualem
201494,8004938,boukhalef
201495,8004944,l ocean
201496,8004948,wislane
201501,8004968,ennakhil palmeraie
201502,8004971,hay targa
201503,8004987,centre ville
201504,8004998,hivernage
201505,8005015,ain harrouda
201507,8005027,illigh
201509,8005052,assif
201510,8005069,iberie
201511,8005077,martil
201512,8005080,riyad
201513,8005082,asilah
201514,8005111,haut founty
201515,8005114,oulfa
201516,8005115,casablanca marina
201519,8005147,iberie
201520,8005168,el matar cite aviation
201522,8005187,sidi ben slimane el jazouli
201526,8005199,route nationale assilah n1
201528,8005224,gueliz
201529,8005231,agdal
201531,8005243,burger
201532,8005255,les princesses
201533,8005256,centre ville
201534,8005285,berrechid
201535,8005301,triangle d or
201537,8005323,azli
201538,8005324,dar bouazza
201540,8005330,chefchaouen
201541,8005334,californie
201542,8005355,plage rose maree
201543,8005362,jamila 2
201544,8005363,marchan
201545,8005375,cherkaoui marzouka
201546,8005393,maarif extension
201548,8005426,martil
201551,8005456,sidi maarouf
201552,8005464,zone industrielle oukacha
201554,8005477,bouskoura ville
201555,8005498,asilah
201556,8005505,quartier du soleil
201557,8005525,haut founty
201558,8005532,sidi abbad
201559,8005560,castilla
201560,8005575,saidia
201561,8005591,ville verte
201562,8005594,les princesses
201563,8005616,hay mabrouka
201564,8005654,route de l ourika
201565,8005655,al fath
201567,8005661,sidi rahal
201568,8005662,oasis sud
201569,8005666,californie
201570,8005673,californie
201571,8005678,mouassine
201575,8005707,tghat
201576,8005709,sidi moumen
201577,8005715,maarif extension
201583,8005774,triangle d or
201584,8005784,ait ikkou
201586,8005811,racine
201588,8005817,anfa
201589,8005821,hay el menzah
201590,8005822,malabata
201592,8005850,les hopitaux
201593,8005863,itzer
201594,8005866,route de ceuta
201596,8005878,centre
201597,8005903,ben smim
201598,8005908,aeroport
201599,8005909,laymoune
201600,8005918,hay chmaou
201601,8005930,harhoura
201602,8005941,medina
201603,8005943,taza
201604,8005947,polo
201605,8005952,sidi bou amar
201606,8005969,castilla
201607,8005972,hay mabrouka
201608,8005977,izdihar
201609,8005980,castilla
201610,8005989,dar bouazza
201611,8006004,californie
201612,8006007,nouaceur
201613,8006020,les hopitaux
201614,8006025,tacharouk hay al walaa
201615,8006033,marrakech
201616,8006034,ennakhil palmeraie
201618,8006059,tiznit
201619,8006061,bettana
201620,8006062,tanger
201621,8006063,sidi bouknadel
201622,8006069,mers sultan
201623,8006077,casablanca finance city
201624,8006098,sidi hajji
201625,8006103,route de tahanaout
201626,8006109,hay essalam
201627,8006152,route casablanca
201628,8006156,centre
201629,8006158,branes 2
201630,8006164,iberie
201631,8006170,oulfa
201633,8006180,diour jamaa
201634,8006197,les hopitaux
201635,8006198,ait melloul
201637,8006239,el mansouria
201638,8006252,hay salam
201639,8006254,achakar
201640,8006267,akniss
201642,8006294,route de l ourika
201643,8006311,daoudiat
201644,8006316,arbaoua
201645,8006317,sakani
201646,8006325,mont fleuri
201647,8006326,hay anas
201648,8006337,malabata
201649,8006354,al boustane
201650,8006356,hay idrissia
201651,8006361,palmier
201652,8006367,martil
201653,8006398,hay riad
201654,8006403,berkane
201655,8006405,californie
201656,8006407,ain diab
201657,8006433,larache
201658,8006437,mghogha
201659,8006441,malabata
201660,8006446,oulad wjih
201661,8006447,agdal
201662,8006448,mers sultan
201663,8006459,sidi bouzid
201664,8006469,tamesna
201665,8006513,hay lalla haya
201666,8006514,route de rabat
201667,8006518,sala el jadida
201669,8006538,azzouzia
201670,8006548,gueliz
201671,8006554,route de tahanaout
201672,8006556,larache
201674,8006568,plage oued cherrat
201675,8006569,corniche
201676,8006572,souissi
201677,8006578,centre ville
201678,8006586,hay targa
201679,8006588,mghogha
201680,8006589,hay atlas
201681,8006592,tanja balia
201682,8006595,had soualem
201683,8006600,nouaceur
201684,8006602,wifak
201685,8006612,al azhar
201687,8006619,liberte
201688,8006625,route de l ourika
201690,8006647,bir jdid
201691,8006657,californie
201693,8006668,tiznit
201694,8006710,la colline
201696,8006735,mont fleuri
201697,8006788,guich oudaya
201699,8006808,riad isli
201700,8006809,maarif
201701,8006812,agdal
201702,8006819,oulfa
201703,8006826,triangle d or
201704,8006827,racine extension
201705,8006852,maarif
201707,8006868,dar bouazza
201709,8006906,al qods
201710,8006910,taza
201711,8006921,selouane
201712,8006943,oasis
201714,8006954,hay essalam
201715,8006962,itzer
201716,8006964,biougra
201717,8006979,la floride
201718,8006982,riyad
201719,8006991,les jardins d ifrane
201720,8006996,ain sebaa
201721,8007003,route amizmiz
201722,8007011,riad isli
201723,8007044,fnideq
201724,8007047,route casablanca
201725,8007060,l ocean
201726,8007076,racine
201727,8007100,palmier
201728,8007121,casabarata
201729,8007128,les princesses
201730,8007134,el majd
201731,8007158,roches noires
201732,8007159,roches noires
201733,8007182,centre ville
201734,8007183,oulfa
201735,8007193,ain diab
201736,8007194,ain diab
201737,8007195,ain diab
201739,8007197,ain diab
201744,8007202,ain diab
201745,8007203,ain diab
201747,8007209,akniss
201748,8007224,gueliz
201749,8007237,harhoura
201750,8007257,route amizmiz
201751,8007262,majorelle
201752,8007263,majorelle
201753,8007270,ennakhil palmeraie
201754,8007273,la siesta
201756,8007278,les hopitaux
201757,8007280,bouznika
201758,8007283,racine
201759,8007289,berrechid
201760,8007291,plateau al batha
201761,8007297,maarif
201762,8007301,tabriquet
201763,8007322,secteur touristique
201764,8007328,el mers 2
201765,8007334,selouane
201766,8007339,mohammedia
201767,8007343,moulay bousselham
201768,8007345,laymoune
201769,8007349,achakar
201772,8007362,masmoudi
201773,8007369,centre
201774,8007373,bir jdid
201775,8007377,ain sebaa
201779,8007383,agadir melloul
201780,8007388,route casablanca
201781,8007393,majorelle
201783,8007405,laarassi
201784,8007426,sidi moumen
201786,8007446,mehdia
201787,8007477,hay hassani
201788,8007486,beausejour
201789,8007526,route casablanca
201790,8007544,riyad
201791,8007597,nouaceur
201792,8007607,riyad
201794,8007615,sale
201797,8007631,oulfa
201798,8007636,palmier
201799,8007637,mediouna
201800,8007646,racine
201801,8007658,ville verte
201802,8007659,jamila 5
201803,8007671,cherrat
201804,8007672,ourika
201805,8007677,maarif extension
201807,8007694,dar bouazza
201808,8007695,mers sultan
201809,8007700,les princesses
201810,8007702,californie
201811,8007713,asilah
201813,8007720,asilah
201814,8007731,diour jamaa
201815,8007732,val fleury
201817,8007767,triangle d or
201818,8007802,dar bouazza
201819,8007804,had soualem
201820,8007817,oulfa
201821,8007829,dar bouazza
201822,8007833,mhamid
201823,8007845,agdal
201824,8007854,malabata
201826,8007879,samlalia
201827,8007890,harhoura
201828,8007904,hermitage
201829,8007912,selouane
201830,8007921,maarif extension
201831,8007922,maarif extension
201833,8007932,plage oued cherrat
201834,8007941,moulay lyazid
201835,8007943,hay albaraka
201836,8007955,alouane
201838,8007968,medina
201839,8007969,castilla
201840,8007970,tilila
201843,8008016,medina
201844,8008020,route amizmiz
201846,8008027,victoria
201849,8008078,mimosas
201850,8008085,les portes de marrakech
201852,8008092,marrakech
201853,8008093,maarif
201854,8008097,derb carlotti
201860,8008153,berrechid
201861,8008154,anfa
201862,8008158,ahl agadir
201864,8008184,anfa
201865,8008187,al madina aljadida
201866,8008190,hay nejma
201867,8008192,route de tahanaout
201868,8008193,ain chock
201879,8008218,ourika
201880,8008238,beni mellal
201881,8008241,californie
201882,8008243,derb chtouka
201886,8008263,casablanca
201888,8008267,nassim
201889,8008269,marrakech
201891,8008284,mhamid
201893,8008302,californie
201894,8008307,bouskoura ville
201895,8008312,ennakhil palmeraie
201896,8008331,gauthier
201897,8008332,hay nahda
201900,8008361,samlalia
201901,8008364,souissi
201902,8008367,nassim 1
201903,8008374,el qaria
201904,8008382,cil hay salam
201905,8008386,gueliz
201906,8008393,californie
201907,8008397,berrechid
201908,8008405,bouskoura ville
201909,8008414,palmier
201910,8008419,ville verte
201912,8008442,oulfa
201914,8008454,illigh
201915,8008462,mandarona
201916,8008472,ennakhil palmeraie
201917,8008477,almaz
201920,8008508,el ksiba
201924,8008564,route de safi
201925,8008568,entree sud
201926,8008576,route de l ourika
201927,8008583,ain diab extension
201928,8008603,ennakhil palmeraie
201929,8008604,riyad
201930,8008606,route de ouarzazate
201931,8008608,sidi abdallah ghiat
201934,8008635,zone industrielle mghogha
201935,8008637,les hopitaux
201938,8008660,burger
201939,8008674,route nationale assilah n1
201941,8008701,hay annour
201943,8008713,mandarona
201944,8008727,dar bouazza
201945,8008728,oued eddahab
201946,8008761,cil hay salam
201947,8008762,founti
201949,8008774,bourgogne est
201950,8008799,sidi yahya zaer
201952,8008809,route de l ourika
201953,8008817,gauthier
201954,8008844,wifak
201955,8008940,talaa
201956,8008954,hay lmkansa
201957,8009023,route casablanca
201960,8009037,el matar cite aviation
201961,8009039,boukhalef
201962,8009047,oulad wjih
201963,8009049,izdihar
201964,8009061,gauthier
201965,8009063,la siesta
201967,8009074,malabata
201968,8009075,tikiouine
201969,8009081,oulfa
201970,8009092,daoudiat
201971,8009095,ville verte
201973,8009106,driba lamziwka
201975,8009112,amelkis
201978,8009139,dar bouazza
201979,8009163,ain aouda
201980,8009166,a c3 afn seba c3 a2
201982,8009168,bouskoura ville
201983,8009175,bouskoura ville
201986,8009235,ain diab extension
201987,8009243,ain harrouda
201989,8009286,hassan centre ville
201990,8009288,la ville haute
201991,8009307,ain borja
201992,8009321,bourgogne ouest
201994,8009355,racine
201995,8009371,ksibat nhas
201996,8009397,ksibat nhas
201997,8009427,ain borja
201998,8009433,gueliz
201999,8009441,route de tahanaout
202000,8009443,horria
202001,8009451,route de fez
202002,8009464,route d agadir essaouira
202003,8009468,californie
202004,8009477,hay zitoune
202005,8009478,sidi moumen
202006,8009480,route amizmiz
202008,8009524,longchamps hay al hanaa
202009,8009536,val fleury
202010,8009548,hay salama
202011,8009569,quartier du parc
202012,8009577,mehdia
202013,8009580,palmier
202014,8009591,gueliz
202015,8009616,ait melloul
202016,8009625,marrakech
202017,8009629,asilah
202018,8009644,bni hilal
202019,8009671,gueliz
202020,8009682,marrakech
202021,8009683,marrakech
202022,8009684,marrakech
202023,8009685,marrakech
202024,8009687,marrakech
202025,8009706,sidi bennour
202026,8009735,gueliz
202027,8009738,hay targa
202028,8009741,derb omar
202029,8009746,bir rami est
202032,8009763,californie
202033,8009764,route casablanca
202034,8009765,sidi maarouf
202035,8009769,tabriquet
202036,8009774,triangle d or
202037,8009775,marrakech
202038,8009813,boulevard med 6
202039,8009825,hay mabrouka
202040,8009842,route de fez
202041,8009843,amelkis
202044,8009853,souk tlet el gharb
202045,8009858,kaat ben nahid
202047,8009870,al bassatine
202048,8009883,route d agadir
202049,8009887,kebibat
202050,8009888,el qods
202051,8009893,sidi allal el bahraoui
202055,8009930,ennajd
202056,8009931,saidia
202057,8009943,haut agdal
202058,8009956,victoria
202059,8009971,ismalia
202060,8009977,route amizmiz
202063,8010012,wislane
202064,8010022,anfa
202065,8010039,ain diab
202066,8010044,gueliz
202067,8010068,ghazoua
202068,8010073,hay el menzah
202069,8010090,les hopitaux
202071,8010103,ahlane
202072,8010109,bab lhmar
202074,8010148,saidia
202075,8010154,gueliz
202076,8010155,hay najah
202077,8010158,issil
202078,8010170,route de ouarzazate
202079,8010176,fonciere
202081,8010209,abattoirs
202082,8010210,dar bouazza
202083,8010235,dcheira el jihadia
202084,8010257,amelkis
202086,8010309,medina
202087,8010312,route amizmiz
202090,8010354,izdihar
202092,8010356,ain diab extension
202093,8010357,ain diab extension
202094,8010358,ain diab extension
202095,8010359,ain diab extension
202096,8010360,ain diab extension
202098,8010377,bourgogne est
202099,8010391,sidi moussa
202100,8010398,ain diab
202101,8010413,bourgogne ouest
202102,8010417,sidi abdallah ghiat
202103,8010425,harhoura
202104,8010432,racine extension
202106,8010441,asilah
202107,8010442,zone industrielle oukacha
202109,8010451,route ain chkaf
202110,8010467,ennakhil palmeraie
202111,8010470,souissi
202112,8010482,route de ouarzazate
202113,8010488,hay alfadl
202114,8010507,sidi belyout
202115,8010510,hay zobir
202116,8010523,hay salam
202119,8010562,du golf
202120,8010570,bni ftah
202121,8010572,bhalil
202122,8010574,ben debbab
202123,8010581,mannesmann
202124,8010589,al wifaq
202125,8010597,agdal
202126,8010606,al hadika
202127,8010611,maihta
202128,8010618,wafa
202134,8010646,hay hassani
202135,8010662,sidi maarouf
202136,8010665,assaka
202137,8010668,gauthier
202138,8010671,larache
202139,8010673,medina
202140,8010675,souissi
202141,8010682,ferme bretonne hay arraha
202142,8010687,medina
202143,8010712,agdal
202144,8010719,ain diab
202145,8010723,route de l ourika
202146,8010725,sidi rahal chatai
202147,8010758,route amizmiz
202148,8010770,marchan
202149,8010803,taghazout
202150,8010814,maarif
202153,8010833,tifelt
202154,8010854,aouama gharbia
202155,8010868,errahma
202156,8010883,hay al azhar
202158,8010894,route nationale assilah n1
202159,8010899,el manar el hank
202160,8010902,californie
202161,8010904,victoria
202164,8010940,les portes de marrakech
202165,8010944,route amizmiz
202166,8010950,zaouia sidi ghalem
202167,8010981,malabata
202168,8011001,massira 2
202169,8011002,tanger city center
202170,8011004,iberie
202171,8011018,ben guerir
202172,8011028,route se sefrou
202173,8011031,taza
202174,8011037,centre
202175,8011040,roches noires
202176,8011050,berkane
202177,8011053,azemmour
202178,8011059,oasis
202179,8011105,cap spartel
202182,8011113,californie
202183,8011118,ain chock
202184,8011152,lallamaryem
202185,8011153,hay fath
202186,8011177,saidia
202187,8011186,sidi moussa lhamri
202188,8011189,sidi allal el bahraoui
202189,8011194,michouar
202190,8011197,arekmane
202192,8011202,souissi
202193,8011203,sidi maarouf
202195,8011228,triangle d or
202196,8011233,sidi rahal chatai
202197,8011237,ain sebaa
202199,8011246,ennajd
202200,8011249,place lahdim
202201,8011264,route de l ourika
202202,8011273,oulfa
202203,8011279,anza
202204,8011284,dar el lhamra
202205,8011285,maamora
202206,8011287,hay mohammadi
202208,8011297,alfilline
202209,8011303,oualidia
202210,8011305,hay chrifa
202211,8011308,oasis
202212,8011314,route casablanca
202213,8011317,moulay yaacoub
202214,8011321,wislane
202216,8011332,nassim
202217,8011369,medina
202218,8011373,tahla
202219,8011375,mghogha
202220,8011395,khouribga
202222,8011400,route de fez
202223,8011418,khemisset chaouia
202224,8011422,hay fath
202225,8011435,saidia
202226,8011452,ksar el kebir
202228,8011504,hay inara
202229,8011514,el mansouria
202230,8011527,saidia
202231,8011532,guelmim
202233,8011550,ville verte
202234,8011566,samlalia
202235,8011600,massira 1
202236,8011608,route nationale assilah n1
202237,8011609,derb ghalef
202238,8011613,dar bouazza
202240,8011643,hay al massar
202241,8011680,bir rami est
202242,8011710,derb khalid
202243,8011730,centre
202245,8011757,oulad hassoune
202246,8011758,val fleuri
202247,8011832,gueliz
202248,8011845,moualine el oued
202249,8011848,oulad wjih
202250,8011879,zagora
202252,8011892,hay almassira 2
202253,8011900,amelkis
202254,8011902,route amizmiz
202256,8011950,ras tabouda
202257,8011958,al qods
202258,8011963,sidi bou amar
202260,8012006,anfa
202261,8012012,al osra
202264,8012056,bir jdid
202265,8012057,city dar es salaam
202267,8012095,maarif extension
202269,8012126,sidi hajji
202270,8012127,guercif
202272,8012131,ennakhil palmeraie
202273,8012134,rabat
202274,8012141,mkinssia
202275,8012152,andalousse
202276,8012160,route casablanca
202277,8012163,centre ville
202283,8012185,bir jdid
202286,8012190,maarif extension
202288,8012204,dar bouazza
202289,8012207,souissi
202290,8012266,racine
202291,8012272,anfa
202292,8012280,agafay
202293,8012290,al qods
202294,8012313,achbar
202295,8012334,harhoura
202296,8012345,harhoura
202297,8012390,daoudiat
202298,8012392,hay dakhla
202299,8012407,administratif
202300,8012427,val fleury
202302,8012433,nouaceur
202303,8012438,mers sultan
202304,8012440,medina
202305,8012456,plage oued cherrat
202306,8012457,maarif extension
202307,8012462,medina
202308,8012470,nouaceur
202310,8012503,ahlane
202313,8012520,martil
202314,8012538,aourir
202321,8012585,cil hay salam
202322,8012591,bled
202323,8012613,anjra
202325,8012625,centre
202326,8012631,ville verte
202327,8012650,saidia
202328,8012661,beni touzine
202329,8012680,hay dakhla
202330,8012681,castilla
202331,8012692,hay dakhla
202332,8012704,route casablanca
202333,8012707,les princesses
202334,8012711,route de l ourika
202336,8012724,castilla
202338,8012752,massira 1
202339,8012779,gauthier
202340,8012785,amelkis
202341,8012786,amelkis
202343,8012797,route de tahanaout
202344,8012798,gueliz
202345,8012807,gauthier
202346,8012809,route d agadir essaouira
202347,8012813,hay hassani
202348,8012814,gueliz
202349,8012818,sidi rahal chatai
202350,8012825,rahba kedima
202351,8012840,achbar
202352,8012848,hay mohammadi
202353,8012854,kenitra
202354,8012858,centre ville
202355,8012860,centre ville
202356,8012862,maarif extension
202358,8012898,jnane chkouri
202360,8012906,saidia
202361,8012909,sefrou
202362,8012910,gueliz
202363,8012919,tahannaout
202364,8012930,route d agadir essaouira
202365,8012948,entree sud
202366,8012960,hay targa
202367,8012976,errahma
202368,8012981,mghogha
202369,8012982,el youssoufia
202377,8013004,hay essalam
202378,8013006,les hopitaux
202379,8013022,mimosas
202380,8013036,sidi kacem
202381,8013044,hassania 3
202383,8013064,al bassatine
202384,8013066,cil hay salam
202385,8013067,centre ville
202386,8013068,gueliz
202387,8013069,route de l ourika
202388,8013098,assarag
202389,8013118,route de tahanaout
202390,8013122,ennakhil palmeraie
202391,8013142,mimosas
202393,8013161,racine extension
202394,8013167,victoria
202395,8013173,el hadadda
202397,8013181,gueliz
202399,8013205,riad al atlas
202400,8013212,route casablanca
202402,8013220,maarif
202404,8013231,mers sultan
202405,8013235,sidi rahal
202406,8013236,sidi boumoussa
202407,8013246,el menzeh
202408,8013262,ma c3 a2rif extension
202409,8013279,hay mohammadi
202410,8013286,sidi rahal
202411,8013291,ksar sghir
202412,8013324,sidi allal el bahraoui
202414,8013347,la gironde
202415,8013390,bouskoura ville
202416,8013399,ain diab
202417,8013400,saidia
202418,8013407,riviera
202419,8013409,les hopitaux
202420,8013420,sidi moumen
202421,8013440,riad oulad mtaa
202422,8013445,ville verte
202423,8013452,m diq
202424,8013456,camp al ghoul
202425,8013472,maarif extension
202426,8013482,deroua
202427,8013496,amelkis
202428,8013509,agdal
202429,8013524,m diq
202430,8013560,iberie
202431,8013561,al qods
202432,8013571,iberie
202433,8013586,iberie
202434,8013589,port
202435,8013591,iberie
202436,8013592,belvedere
202437,8013599,jamila 3
202438,8013613,malabata
202440,8013628,al aaroui
202441,8013656,gauthier
202443,8013695,mghogha
202444,8013696,martil
202445,8013713,quartier administratif
202447,8013716,route amizmiz
202450,8013723,hamria
202457,8013746,azzouzia
202458,8013759,route de ouarzazate
202459,8013779,founti
202460,8013784,maarif extension
202461,8013788,kaa el machraa
202462,8013819,ben serguaou
202463,8013830,cabo negro
202464,8013831,aourir
202465,8013840,samlalia
202466,8013852,harhoura
202467,8013857,ain diab
202468,8013870,victoria
202469,8013873,tacharouk hay al walaa
202470,8013882,moujahidine
202472,8013895,dar bouazza
202473,8013907,oasis
202474,8013911,ville verte
202475,8013916,wifak
202476,8013922,bab al bahr
202477,8013924,wifak
202479,8013934,riyad
202480,8013936,ait oum el bekht
202482,8013955,californie
202483,8013956,sidi maarouf
202484,8013958,sidi maarouf
202485,8013959,palmier
202486,8013960,el jadida
202487,8013966,al boustane
202488,8013982,ouasis
202489,8014013,riyad
202490,8014024,dar bouazza
202491,8014028,sidi ifni
202492,8014039,harhoura
202493,8014044,riyad
202496,8014064,route amizmiz
202497,8014065,souissi
202500,8014101,wifak
202504,8014136,belvedere
202505,8014140,riyad
202506,8014159,hay targa
202508,8014190,ferme bretonne hay arraha
202509,8014204,ennakhil palmeraie
202510,8014205,agdal
202511,8014211,route de l ourika
202512,8014215,iberie
202513,8014227,iberie
202514,8014231,les princesses
202515,8014241,ain diab
202516,8014252,hay salam
202517,8014260,ain diab extension
202518,8014261,ain diab extension
202520,8014263,ain diab extension
202522,8014265,ain diab extension
202523,8014266,ouled teima
202525,8014289,taghazout
202527,8014312,racine
202530,8014335,sidi maarouf
202534,8014345,californie
202535,8014348,route casablanca
202536,8014352,dar bouazza
202537,8014355,ville verte
202538,8014357,port
202539,8014360,had soualem
202540,8014362,plateau al batha
202541,8014365,route de safi
202542,8014368,imarat
202543,8014371,el hajeb
202544,8014383,oulfa
202546,8014403,taza
202547,8014427,ain aouda
202548,8014436,malabata
202549,8014445,saidia
202550,8014447,bel air val fleuri
202553,8014473,souissi
202554,8014488,ferme bretonne hay arraha
202558,8014523,ain diab
202560,8014580,plage oued cherrat
202561,8014593,hay najah
202562,8014594,medina
202563,8014595,route de l ourika
202565,8014605,oasis
202566,8014606,ennakhil palmeraie
202568,8014626,maarif
202569,8014640,route de l ourika
202570,8014645,camp al ghoul
202571,8014672,amelkis
202572,8014674,nassim
202573,8014690,maamora
202574,8014695,samlalia
202575,8014735,dar bouazza
202577,8014766,route de rabat
202578,8014787,route de fez
202579,8014809,ghrablia
202580,8014859,dar touzani
202581,8014866,sidi hajji
202582,8014869,la prairie
202583,8014873,arset ihiri
202584,8014878,maarif
202585,8014879,polo
202586,8014894,taza
202588,8014923,sidi maarouf
202589,8014948,nassim
202590,8014956,essaada
202591,8014959,riyad
202592,8014961,route de l ourika
202593,8014969,gueliz
202595,8014988,route de fez
202596,8015008,route casablanca
202597,8015021,les princesses
202598,8015022,al bassatine
202599,8015023,maarif extension
202601,8015025,belvedere
202602,8015026,ferme bretonne hay arraha
202603,8015031,tiznit
202604,8015037,maarif
202606,8015054,hay hassani
202608,8015061,el kelaa des sraghna
202609,8015078,ennakhil palmeraie
202610,8015098,taddart anza
202611,8015101,oualidia
202612,8015105,mimosas
202620,8015150,guich oudaya
202622,8015182,mhamid
202623,8015187,souissi
202624,8015190,route tayret
202625,8015191,mhamid
202627,8015203,racine
202628,8015205,anfa
202629,8015206,racine
202630,8015214,racine
202631,8015225,sakani
202632,8015284,arset el houta
202633,8015304,mandarona
202634,8015305,touilaa foqia
202638,8015398,bouskoura ville
202639,8015400,dar assalam
202641,8015424,oulfa
202644,8015432,gueliz
202645,8015433,gueliz
202646,8015449,souissi
202647,8015451,mers sultan
202648,8015454,abbadi
202649,8015459,al osra
202650,8015461,harhoura
202651,8015477,hay nahda
202652,8015483,route de ouarzazate
202653,8015488,gueznaia
202654,8015491,bourgogne est
202655,8015510,hay zobir
202656,8015539,les hopitaux
202659,8015562,route d agadir essaouira
202660,8015569,al wifaq
202661,8015585,hay salam
202662,8015592,hay mohammadi
202663,8015620,hassania 3
202664,8015632,route de ouarzazate
202665,8015633,sidi rahal
202666,8015638,wifak
202667,8015640,wifak
202668,8015645,racine
202669,8015648,iberie
202670,8015660,administratif
202671,8015666,centre
202672,8015668,oasis
202673,8015690,route amizmiz
202674,8015691,sidi bouknadel
202675,8015703,oulfa
202676,8015711,ennakhil palmeraie
202677,8015718,sidi bibi
202678,8015720,casablanca finance city
202679,8015738,plage rose maree
202680,8015754,ras el ma
202682,8015761,sidi abdellah
202683,8015766,azemmour
202684,8015777,ain sebaa
202685,8015781,hermitage
202686,8015791,gauthier
202689,8015822,majorelle
202690,8015831,beni mellal
202691,8015847,dar bouazza
202692,8015849,oulad wjih
202693,8015869,maarif
202694,8015871,derb loubila
202696,8015890,riad essalam
202697,8015903,tacharouk hay al walaa
202698,8015920,ain sebaa
202699,8015933,martil
202700,8015939,azrou
202701,8015942,bir jdid
202702,8015944,roches noires
202703,8015948,ksar sghir
202705,8015976,najmat al janoub
202706,8015977,beni mellal
202707,8015990,sidi allal el bahraoui
202708,8015996,sala el jadida
202709,8016006,hay dakhla
202710,8016010,souissi
202711,8016021,tahannaout
202712,8016022,essaada
202713,8016029,essaada
202714,8016033,el ensanche
202715,8016045,maarif extension
202716,8016046,zone industrielle mghogha
202717,8016050,asilah
202718,8016060,tanger city center
202719,8016068,ville verte
202720,8016071,quartier bachkou
202721,8016072,maarif
202722,8016078,al wifaq
202723,8016102,les hopitaux
202724,8016120,route casablanca
202725,8016157,hay ennasr
202726,8016160,mimosas
202727,8016168,la vilette
202728,8016170,bouskoura ville
202729,8016172,mediouna
202730,8016181,hay al massar
202731,8016199,el menzeh
202732,8016200,hay targa
202733,8016202,californie
202734,8016219,hassan centre ville
202735,8016229,oulfa
202736,8016232,kouilma
202737,8016235,route d agadir essaouira
202738,8016242,les hopitaux
202739,8016244,riyad
202741,8016267,dar bouazza
202742,8016285,nassim 2
202743,8016304,port tanger ville
202744,8016305,ksar sghir
202746,8016325,route de l ourika
202747,8016327,malabata
202748,8016328,imarat
202749,8016330,mkinssia
202750,8016339,malabata
202751,8016345,malabata
202752,8016351,route amizmiz
202754,8016380,sidi allal el bahraoui
202755,8016381,racine
202756,8016384,oasis
202757,8016401,harhoura
202758,8016408,boustane
202760,8016422,hay hassani
202761,8016427,centre ville
202762,8016430,derb ghalef
202763,8016445,riyad
202764,8016449,maarif extension
202770,8016477,branes kdima
202771,8016483,tabriquet
202772,8016486,medina
202773,8016499,riyad
202774,8016500,azrou
202775,8016523,hermitage
202776,8016555,racine extension
202777,8016556,had soualem
202779,8016565,souissi
202780,8016566,route de l ourika
202781,8016585,centre
202782,8016609,ville verte
202783,8016615,racine extension
202784,8016620,les hopitaux
202785,8016644,monica
202786,8016645,oualidia
202787,8016677,larache
202788,8016692,agdal
202789,8016704,riad zitoun
202790,8016708,harhoura
202791,8016716,agdal
202792,8016730,mediouna
202794,8016744,hay ait skato
202798,8016750,sidi maarouf
202799,8016756,khouribga
202800,8016769,bir rami est
202801,8016770,amelkis
202802,8016782,centre ville
202803,8016794,bouskoura ville
202805,8016804,agdal
202806,8016806,ville verte
202807,8016808,mhamid
202808,8016809,route casablanca
202810,8016815,larache
202811,8016824,quartier des ambassades
202819,8016889,bouskoura
202820,8016895,route de tahanaout
202821,8016905,gueliz
202822,8016932,route de tahanaout
202823,8016950,beni mellal
202825,8016960,gueliz
202826,8016962,centre
202827,8016968,oasis
202828,8016983,maarif
202829,8016987,essaouira
202830,8016991,ain sebaa
202831,8016993,sidi rahal
202832,8016996,route casablanca
202833,8017006,agdal
202835,8017037,centre
202836,8017041,route amizmiz
202837,8017052,kaat ben nahid
202839,8017065,souissi
202840,8017080,centre ville
202841,8017094,route amizmiz
202843,8017117,port
202844,8017118,ain aouda
202845,8017120,agdal
202846,8017121,deroua
202847,8017125,mouassine
202848,8017144,harhoura
202849,8017166,gauthier
202850,8017168,deroua
202851,8017174,dcheira el jihadia
202852,8017175,riyad
202853,8017189,route de ouarzazate
202854,8017214,les princesses
202855,8017216,centre
202856,8017227,les cretes
202857,8017231,illigh
202858,8017234,palmier
202859,8017251,quartier des ambassades
202860,8017270,sanaoubar
202861,8017273,sania
202862,8017276,asilah
202863,8017282,nouaceur
202864,8017299,benjdia
202865,8017315,les princesses
202866,8017329,dar bouazza
202867,8017331,dar bouazza
202868,8017334,drargua
202869,8017343,branes 2
202870,8017350,hay al farah
202871,8017354,route de ouarzazate
202873,8017381,ain mezouar
202874,8017401,ait m hamed
202875,8017418,ain diab extension
202876,8017433,ain diab
202877,8017440,les hopitaux
202878,8017459,errahma
202879,8017465,hay targa
202880,8017477,anfa
202881,8017479,blue bay
202882,8017482,tahannaout
202883,8017483,les princesses
202884,8017488,plage oued cherrat
202885,8017489,ain harrouda
202886,8017495,ain harrouda
202887,8017502,hassan centre ville
202889,8017524,benjdia
202890,8017529,ahfir
202891,8017534,oasis
202892,8017545,route de l ourika
202893,8017550,route amizmiz
202894,8017553,ain attig
202895,8017576,riyad
202898,8017604,tamesna
202901,8017640,ain attig
202902,8017653,laayoune
202903,8017654,ain sebaa
202905,8017667,berrechid
202906,8017669,hermitage
202907,8017690,mehdia
202908,8017694,ville verte
202909,8017695,dar assalam
202910,8017697,beausejour
202911,8017707,gueliz
202913,8017737,hay hassani
202915,8017750,al osra
202916,8017752,val fleury
202917,8017764,mellah
202918,8017770,oulad wjih
202919,8017773,mellah
202920,8017779,mellah
202922,8017785,oulad wjih
202923,8017796,bourgogne est
202924,8017817,racine
202925,8017854,route casablanca
202927,8017867,oulfa
202929,8017900,ain diab extension
202931,8017902,ain diab extension
202932,8017903,ain diab extension
202933,8017907,hay targa
202934,8017909,champ de course
202935,8017910,hay essalam
202936,8017912,route de tahanaout
202937,8017932,ahlane
202940,8017966,aourir
202941,8017974,el menzeh
202942,8017975,agdal
202943,8017981,marrakech
202945,8018015,hay mohammadi
202946,8018020,route de safi
202947,8018029,centre
202950,8018052,ain diab extension
202951,8018053,ain diab extension
202953,8018101,hay inbiat
202954,8018102,sidi bouknadel
202955,8018122,bouskoura ville
202956,8018124,route casablanca
202957,8018136,racine
202958,8018151,du golf
202959,8018161,mouassine
202960,8018172,tit mellil
202961,8018173,hivernage
202962,8018177,centre ville
202963,8018179,el menzeh
202964,8018182,riad oulad mtaa
202965,8018189,el menzeh
202966,8018197,hay chmaou
202967,8018216,hay al azhar
202968,8018222,dar bouazza
202970,8018230,derb korea
202971,8018246,maarif extension
202972,8018274,hay mabrouka
202974,8018281,maarif extension
202975,8018297,medina
202976,8018299,anfa
202977,8018306,la siesta
202978,8018315,mimosas
202979,8018323,rabat
202980,8018325,bel air val fleuri
202981,8018326,izdihar
202982,8018329,asilah
202983,8018331,wislane
202984,8018347,maarif extension
202985,8018351,el menzeh
202986,8018355,oulfa
202987,8018362,nouaceur
202988,8018365,quartier oued fes
202989,8018368,bouskoura ville
202995,8018409,agdal
202996,8018417,el menzeh
202998,8018434,ain diab
202999,8018441,bouskoura ville
203000,8018458,tit mellil
203002,8018467,assif
203006,8018495,el menzeh
203007,8018499,el menzeh
203008,8018504,mhamid
203009,8018506,route de tahanaout
203010,8018507,cgi
203011,8018520,oulfa
203012,8018522,gauthier
203013,8018526,al bassatine
203014,8018534,hay inara
203015,8018551,californie
203017,8018602,tamouda
203018,8018606,ville verte
203019,8018620,oulfa
203020,8018621,wifak
203021,8018625,gueliz
203022,8018636,el menzeh
203023,8018638,route de ceuta
203024,8018642,de la plage
203026,8018660,medina
203027,8018665,harhoura
203028,8018667,harhoura
203029,8018705,hay zobir
203030,8018708,les princesses
203032,8018733,medina
203033,8018737,tabriquet
203034,8018741,maarif
203035,8018743,racine
203036,8018744,ain diab extension
203038,8018753,riad zitoun
203041,8018760,sale
203042,8018765,ain amiyer
203043,8018793,nassim 1
203045,8018810,oasis
203046,8018844,nouaceur
203048,8018852,sidi moumen
203049,8018855,malabata
203050,8018862,el hadadda
203051,8018864,souissi
203052,8018868,mehdia
203053,8018904,ain sebaa
203055,8018919,ain sebaa
203056,8018957,les jardins d ifrane
203059,8019004,founti
203060,8019013,mkinssia
203062,8019029,chichaoua
203063,8019049,sidi bouknadel
203064,8019060,dar bouazza
203066,8019065,berkane
203067,8019071,ain diab
203068,8019078,cite militaire
203069,8019100,souissi
203070,8019111,ville verte
203071,8019112,el menzeh
203072,8019117,ain aouda
203073,8019122,harhoura
203074,8019125,plage rose maree
203075,8019139,oulfa
203076,8019141,derb khalid
203077,8019161,rhat a rih
203078,8019165,camp al ghoul
203079,8019168,dar bouazza
203080,8019194,route de fez
203081,8019196,val fleury
203082,8019203,haut agdal
203083,8019210,assarag
203086,8019218,ville verte
203087,8019229,sidi rahal
203088,8019261,medina
203090,8019286,berrechid
203091,8019291,sidi maarouf
203094,8019305,bouskoura ville
203095,8019315,medina
203096,8019318,hivernage
203097,8019361,essaada
203098,8019362,ain diab extension
203099,8019375,maarif extension
203100,8019383,bettana
203102,8019404,firdaouss
203103,8019411,hay chmaou
203104,8019412,azrou
203105,8019422,ville verte
203106,8019424,martil
203107,8019465,hay saada
203108,8019467,ain diab
203109,8019470,plage oued cherrat
203110,8019487,hay saada
203111,8019490,riad 2
203112,8019499,bir rami ouest
203113,8019513,m diq
203114,8019522,larache
203115,8019553,triangle d or
203118,8019565,tit mellil
203119,8019568,beaus c3 a9jour
203121,8019590,ain cheggag
203122,8019601,zone industrielle moulay rachid
203123,8019603,oued laou
203124,8019625,californie
203125,8019642,medina
203126,8019656,ville verte
203127,8019668,al adarissa
203128,8019676,gueliz
203129,8019680,la siesta
203131,8019690,massira 1
203132,8019695,belvedere
203133,8019698,centre ville
203134,8019702,bourgogne est
203135,8019721,beausejour
203136,8019732,dar bouazza
203137,8019734,oulfa
203138,8019746,m diq
203139,8019756,zenata
203140,8019759,hay moulay abdellah
203142,8019794,larache
203144,8019802,zenata
203145,8019807,route casablanca
203147,8019811,la ville haute
203148,8019812,route de ouarzazate
203149,8019815,zenata
203150,8019818,ennakhil palmeraie
203151,8019837,mhamid
203152,8019843,gueliz
203153,8019864,boulevard med 6
203154,8019871,dar bouazza
203155,8019911,mers sultan
203156,8019928,route de l ourika
203157,8019941,val fleury
203158,8019958,gueliz
203159,8019962,belvedere
203160,8019975,el hadadda
203161,8020006,tanja balia
203162,8020007,el hadadda
203163,8020011,sidi allal el bahraoui
203164,8020019,illigh
203165,8020034,founti
203167,8020063,souissi
203169,8020079,belvedere
203170,8020080,souissi
203171,8020085,sidi kacem
203172,8020087,hay karima
203174,8020096,mozart
203175,8020106,hay zitoune
203176,8020113,hamria
203177,8020137,amelkis
203178,8020139,majorelle
203179,8020163,kebibat
203180,8020181,hay essalam
203181,8020184,route casablanca
203182,8020210,bourgogne ouest
203183,8020212,tit mellil
203184,8020223,bouskoura ville
203185,8020230,route de tahanaout
203186,8020258,ain attig
203188,8020271,majorelle
203190,8020290,kouilma
203191,8020295,victoria
203192,8020312,route nationale assilah n1
203193,8020320,racine
203194,8020325,bourgogne est
203195,8020327,hay targa
203196,8020334,sala el jadida
203197,8020343,sala el jadida
203199,8020347,inzegan
203200,8020349,zone industrielle agadir
203202,8020370,benjdia
203203,8020372,aviation mabella
203204,8020373,aviation mabella
203205,8020381,casablanca finance city
203206,8020387,azrou
203207,8020392,centre
203208,8020399,val fleuri
203209,8020405,malabata
203210,8020407,fnideq
203211,8020408,ziaten
203213,8020431,ennakhil palmeraie
203215,8020451,ait ourir
203216,8020455,port tanger ville
203217,8020456,draoua
203221,8020480,ain sebaa
203222,8020481,mediouna
203223,8020487,gourziana
203224,8020490,mediouna
203226,8020501,al kawtar
203227,8020520,quartier oued fes
203228,8020521,gueliz
203229,8020525,ennakhil palmeraie
203230,8020533,medina
203231,8020546,martil
203232,8020556,bernoussi
203233,8020566,tabriquet
203235,8020573,amicales
203237,8020605,skikina
203238,8020608,sidi rahal chatai
203240,8020618,massira 2
203242,8020629,hay targa
203243,8020631,ait said
203244,8020633,alfilline
203245,8020646,racine extension
203246,8020656,tamesna
203247,8020657,siusse
203249,8020665,les hopitaux
203250,8020666,derb ghalef
203251,8020687,fnideq
203252,8020694,sidi rahal chatai
203253,8020698,route amizmiz
203254,8020715,ziaten
203255,8020726,al kawtar
203256,8020731,taboula
203257,8020737,al osra
203258,8020740,de la plage
203259,8020751,sidi yahya zaer
203260,8020752,hay hassani
203261,8020757,triangle d or
203262,8020762,gauthier
203263,8020773,hay chmaou
203264,8020778,ait melloul
203265,8020786,hay al amal
203266,8020805,zenata
203267,8020816,tamesna
203268,8020832,racine extension
203269,8020834,gueliz
203270,8020852,souissi
203271,8020868,tarmigt
203272,8020890,al bassatine
203273,8020896,californie
203274,8020904,had soualem
203275,8020932,ville verte
203276,8020936,ain attig
203277,8020946,maarif
203278,8020947,mers el kheir
203279,8020949,mers el kheir
203280,8020952,oualidia
203282,8020957,ain diab extension
203284,8020959,ain diab extension
203285,8020960,ain diab extension
203286,8020962,mers el kheir
203287,8020969,ain diab extension
203288,8020970,ain diab extension
203289,8020995,route de fez
203290,8021000,hassan centre ville
203291,8021006,les hopitaux
203292,8021009,mers el kheir
203293,8021016,dar bouazza
203294,8021023,mers el kheir
203295,8021025,amizmiz
203296,8021026,boukhalef
203297,8021034,administratif
203298,8021042,laakarta
203299,8021043,el hadadda
203300,8021047,route de ouarzazate
203301,8021060,el hadadda
203302,8021067,triangle d or
203303,8021070,palmier
203305,8021078,douar laarab
203308,8021094,izdihar
203311,8021117,souissi
203312,8021118,laayoune
203313,8021122,ahlane
203314,8021123,lissasfa
203315,8021142,aviation mabella
203316,8021144,guercif
203317,8021152,amelkis
203318,8021158,lazaret
203319,8021193,medina
203320,8021209,ourika
203322,8021229,sala el jadida
203323,8021242,ghmate
203324,8021248,route de safi
203325,8021259,riyad
203327,8021283,route de l ourika
203328,8021298,centre ville
203329,8021307,souissi
203330,8021317,gauthier
203331,8021319,route casablanca
203332,8021330,route de safi
203334,8021360,ain harrouda
203335,8021365,dar bouazza
203336,8021386,route de ouarzazate
203337,8021390,salmia 2
203338,8021392,les princesses
203340,8021410,hay ach chbanat
203341,8021418,maarif extension
203342,8021432,tabriquet
203343,8021446,izdihar
203344,8021453,martil
203345,8021454,taza
203346,8021456,saidia
203347,8021460,hivernage
203348,8021461,riyad extension
203350,8021492,route de tahanaout
203353,8021537,agafay
203355,8021543,sidi maarouf
203357,8021548,hay alfadl
203360,8021564,maarif
203361,8021568,wislane
203362,8021569,wislane
203363,8021577,harhoura
203364,8021578,talborjt
203365,8021581,wilaya
203366,8021583,mediouna
203367,8021599,route amizmiz
203368,8021600,beni yakhlef
203369,8021615,anfa superieur
203371,8021628,hay alamal
203373,8021636,gueliz
203374,8021647,ennakhil palmeraie
203375,8021651,gueliz
203376,8021670,route de fez
203377,8021677,oulfa
203378,8021689,casablanca marina
203379,8021694,place lahdim
203380,8021702,hivernage
203381,8021711,route de l ourika
203383,8021721,route de tahanaout
203385,8021732,marrakech
203386,8021760,route de l ourika
203387,8021767,zone industrielle agadir
203388,8021809,route casablanca
203389,8021814,dar bouazza
203390,8021815,oulad wjih
203391,8021859,les hopitaux
203392,8021860,hivernage
203393,8021870,jawhar
203395,8021880,harhoura
203397,8021910,massira 1
203398,8021921,cherrat
203399,8021922,oulad hassoune
203400,8021930,riyad
203401,8021944,medina
203402,8021945,route de safi
203403,8021990,massira 2
203404,8021996,ahlane
203406,8022017,hay hassani
203407,8022025,kenitra
203409,8022061,achakar
203410,8022073,route de l ourika
203411,8022075,mhamid
203412,8022076,hay karima
203413,8022087,essebtiyen
203414,8022088,khouribga
203415,8022097,route de safi
203416,8022098,m diq
203418,8022111,plateau
203419,8022118,hay targa
203420,8022119,ennakhil palmeraie
203421,8022140,marjane
203422,8022144,centre
203423,8022148,golf de benslimane
203424,8022149,maarif extension
203425,8022151,bourgogne ouest
203426,8022163,racine
203428,8022221,belvedere
203429,8022231,centre ville
203430,8022244,les hopitaux
203433,8022297,sidi hajji
203434,8022320,ennakhil palmeraie
203437,8022354,hay mabrouka
203438,8022357,benjdia
203439,8022362,route de l ourika
203440,8022406,ain diab
203441,8022440,route amizmiz
203442,8022446,maamora
203443,8022450,administratif
203444,8022469,route de l ourika
203445,8022489,al fath
203446,8022499,amelkis
203447,8022506,al hoceima
203449,8022521,lissasfa
203450,8022527,ain borja
203451,8022534,sidi youssef
203452,8022547,gueliz
203455,8022576,belvedere
203456,8022583,route de l ourika
203457,8022592,ben maachou
203458,8022593,marrakech
203459,8022601,sidi maarouf
203461,8022608,gueliz
203462,8022611,ait ourir
203464,8022632,ait ourir
203467,8022666,hay inara
203468,8022669,hay mohammadi
203469,8022671,aharrarine
203470,8022679,belvedere
203471,8022686,californie
203472,8022692,victoria
203473,8022693,riad zitoun
203474,8022710,ville verte
203475,8022720,abattoirs
203476,8022723,belvedere
203477,8022736,californie
203478,8022737,maarif
203479,8022757,administratif
203480,8022794,triangle d or
203483,8022808,sidi moussa
203484,8022842,souissi
203485,8022848,ain diab
203486,8022850,diour lakrai
203487,8022861,hay zobir
203488,8022866,derb carlotti
203489,8022872,sidi maarouf
203490,8022874,ma c3 a2rif extension
203492,8022882,route de l ourika
203496,8022905,cite portugaise
203499,8022912,saidia
203503,8022943,jamila 5
203504,8022944,mhamid
203508,8022971,val d or
203512,8022996,al madina aljadida
203513,8023042,anfa
203515,8023097,hay saada
203516,8023099,bouskoura ville
203517,8023135,bir rami est
203518,8023136,les princesses
203519,8023137,ismalia
203523,8023156,belvedere
203524,8023161,la ville haute
203526,8023169,dar bouazza
203527,8023176,racine
203528,8023178,dar bouazza
203530,8023182,gauthier
203531,8023183,la ville haute
203534,8023274,route de l ourika
203537,8023279,bab ghmat
203538,8023291,sidi rahal chatai
203539,8023306,azrou
203540,8023320,ain diab
203541,8023323,fnideq
203542,8023335,riyad
203543,8023350,riyad
203544,8023362,hay targa
203545,8023363,souissi
203546,8023365,hivernage
203547,8023372,riyad
203548,8023394,mister khouch
203549,8023395,riyad
203550,8023400,mehdia
203553,8023427,maarif
203554,8023433,riyad
203555,8023445,maarif
203556,8023453,ville verte
203557,8023463,centre
203558,8023478,hay salam
203560,8023522,route amizmiz
203562,8023556,zouagha
203563,8023570,amelkis
203564,8023571,marrakech
203565,8023572,al boustane
203567,8023598,gueliz
203569,8023610,palmier
203570,8023634,ain sebaa
203571,8023635,ain sebaa
203572,8023636,ain sebaa
203573,8023637,ain sebaa
203574,8023638,ain sebaa
203575,8023641,cil hay salam
203577,8023646,agdal
203579,8023650,hay al farah
203580,8023652,route de ouarzazate
203581,8023785,sidi allal el bahraoui
203583,8023800,hamria
203584,8023802,founti
203600,8023910,tamesna
203601,8023932,ain diab
203602,8023944,centre ville
203603,8023946,californie
203604,8023960,victoria
203605,8023968,marrakech
203606,8023972,ferme bretonne hay arraha
203607,8024002,les princesses
203608,8024004,gueliz
203610,8024013,plage rose maree
203611,8024017,hay el matar
203613,8024032,route de l ourika
203614,8024035,casablanca
203619,8024055,riad oulad mtaa
203620,8024060,centre ville
203621,8024070,el mansouria
203622,8024089,route de l ourika
203624,8024098,sidi allal el bahraoui
203625,8024122,tamesna
203626,8024125,martil
203627,8024141,sidi youssef
203628,8024144,ennakhil palmeraie
203631,8024165,route de fez
203632,8024174,hay karim amrani
203633,8024179,riyad
203634,8024186,taboula
203635,8024190,tamouda
203636,8024216,route de l ourika
203637,8024232,cente
203638,8024266,californie
203639,8024286,khouribga
203640,8024297,raounak
203641,8024323,sidi mimoun
203642,8024324,tamesna
203643,8024327,tamesna
203644,8024333,route de safi
203645,8024334,route de safi
203646,8024349,agdal
203647,8024351,burger
203648,8024361,route de ouarzazate
203649,8024369,route de l ourika
203650,8024371,dar bouazza
203651,8024377,riviera
203652,8024386,alia
203653,8024387,port
203654,8024406,route nationale assilah n1
203655,8024423,route de l ourika
203656,8024430,hay mabrouka
203657,8024463,sidi hajjaj
203661,8024476,agdal
203662,8024487,raounak
203663,8024488,medina
203664,8024495,agdal
203665,8024520,casablanca finance city
203666,8024529,gueliz
203667,8024537,route amizmiz
203668,8024538,route de ouarzazate
203669,8024584,deroua
203670,8024589,tanja balia
203671,8024618,route de tahanaout
203674,8024631,martil
203675,8024650,agdal
203676,8024656,agdal
203677,8024701,sakani
203678,8024704,hay nahda
203679,8024705,belvedere
203680,8024716,ennakhil palmeraie
203681,8024724,gauthier
203682,8024728,martil
203684,8024754,alouane
203685,8024787,had soualem
203686,8024801,quartier industriel
203687,8024833,agdal
203688,8024853,lamzoudia
203689,8024874,sidi youssef
203690,8024919,ennakhil palmeraie
203691,8024936,les iris
203692,8024941,hamria
203694,8024959,ennakhil palmeraie
203695,8024968,dar bouazza
203696,8024969,mediouna
203697,8024975,la gironde
203698,8024987,el menzeh
203699,8024999,route de l ourika
203700,8025011,mhamid
203701,8025015,harhoura
203702,8025018,gueliz
203703,8025021,ait melloul
203704,8025024,ennakhil palmeraie
203705,8025029,guich oudaya
203706,8025036,ain sebaa
203707,8025037,mers el kheir
203708,8025038,harhoura
203709,8025039,harhoura
203710,8025047,guich oudaya
203711,8025049,ourika
203712,8025055,sidi moumen
203713,8025056,dcheira el jihadia
203715,8025070,dar bouazza
203716,8025100,nassim 1
203717,8025115,bourgogne ouest
203718,8025128,ksar sghir
203719,8025135,mehdia
203720,8025156,hay riad
203721,8025168,anfa
203722,8025172,saidia
203723,8025173,zenata
203724,8025190,casablanca finance city
203725,8025198,dar bni karrich
203726,8025200,maarif extension
203727,8025214,route de l ourika
203728,8025228,amelkis
203729,8025264,el qaria
203730,8025291,assouel
203732,8025311,el kelaa des sraghna
203733,8025326,ain aouda
203734,8025330,riad salam
203736,8025342,roches noires
203737,8025351,al andalous
203738,8025358,bejaad
203739,8025361,hay houda
203740,8025366,anfa
203742,8025380,centre ville
203743,8025384,abbadi
203744,8025391,medina
203746,8025452,route d agadir essaouira
203747,8025455,bourgogne ouest
203748,8025462,massira 1
203749,8025466,aviation mabella
203750,8025468,ain chock
203751,8025476,arset moulay moussa
203752,8025490,al kawtar
203753,8025511,hermitage
203754,8025514,route de tahanaout
203755,8025523,derb chtouka
203756,8025530,el menzeh
203757,8025558,les princesses
203758,8025559,ahlane
203759,8025562,el moukef
203760,8025569,route de tahanaout
203761,8025599,mehdia
203762,8025605,ain el hayat
203763,8025629,bourgogne ouest
203765,8025652,route de l ourika
203767,8025712,jbel kbir
203770,8025764,secteur touristique
203771,8025776,ennakhil palmeraie
203773,8025812,route de tahanaout
203774,8025822,guich oudaya
203775,8025823,sidi yahya zaer
203776,8025843,val fleury
203777,8025851,route de safi
203778,8025863,route de l ourika
203779,8025864,marrakech
203780,8025865,itissal
203781,8025867,aeroport
203782,8025873,al kawtar
203783,8025884,marjane
203784,8025906,errahma
203785,8025910,route de fez
203786,8025935,hay haddaouia
203788,8025942,maarif extension
203789,8025964,corniche
203790,8025973,ennakhil palmeraie
203791,8026002,ville verte
203792,8026003,les portes de marrakech
203794,8026010,ain aouda
203803,8026028,ksar sghir
203804,8026034,route de l ourika
203808,8026081,blue bay
203809,8026090,route de fez
203810,8026094,mehdia
203811,8026098,burger
203812,8026101,ain attig
203813,8026158,dar bouazza
203815,8026186,raounak
203817,8026208,rmila
203819,8026223,hay hassani
203820,8026241,hay targa
203822,8026247,gauthier
203823,8026249,mghogha
203824,8026252,la colline
203825,8026264,hay hassani
203826,8026281,hay hassani
203827,8026296,route de safi
203828,8026299,belvedere
203829,8026309,bel air val fleuri
203830,8026316,la floride
203831,8026322,route de ouarzazate
203832,8026326,californie
203833,8026327,route casablanca
203836,8026356,tamesna
203838,8026373,hay lalla haya
203839,8026406,hay mabrouka
203840,8026433,medina
203842,8026500,ain diab extension
203843,8026501,maghrib arabi
203844,8026513,souissi
203846,8026570,martil
203847,8026573,centre ville
203848,8026575,medina
203849,8026584,mounia
203850,8026605,centre
203854,8026639,cite militaire
203855,8026642,kasbah
203856,8026648,tameslohte
203857,8026653,beni yakhlef
203858,8026657,agdal
203859,8026663,dar bouazza
203860,8026664,bouskoura ville
203861,8026666,errachidia
203862,8026668,el menzeh
203864,8026683,sidi hajji
203866,8026703,hassan centre ville
203867,8026705,triangle d or
203869,8026736,agdal
203873,8026763,ziaten
203874,8026767,essalam
203875,8026786,gauthier
203876,8026795,roches noires
203877,8026806,triangle d or
203878,8026820,haut agdal
203879,8026831,ain borja
203880,8026837,harhoura
203881,8026845,centre ville
203883,8026860,el qods
203884,8026879,drissia
203885,8026883,skikina
203887,8026898,port
203888,8026914,azzouzia
203889,8026920,les princesses
203890,8026923,quartier bachkou
203891,8026931,ain diab
203894,8026964,ville verte
203895,8026968,ahl loghlam hay assalam
203896,8026977,ville verte
203897,8026992,tantonville
203901,8026996,tantonville
203902,8026997,tantonville
203904,8026999,tantonville
203905,8027000,tantonville
203906,8027001,tantonville
203908,8027003,tantonville
203909,8027016,bouaakkaz
203910,8027021,bouaakkaz
203911,8027026,hay ennasr
203912,8027035,agdal
203913,8027037,sakani
203914,8027045,racine
203916,8027057,racine
203917,8027059,ras el ma
203918,8027061,gueliz
203919,8027082,route de fez
203920,8027099,ben saleh
203923,8027134,derb ghalef
203924,8027149,oulfa
203926,8027179,plage oued cherrat
203927,8027181,al ahd al jadid
203928,8027184,hay targa
203929,8027203,sidi hajji
203931,8027219,bouskoura ville
203932,8027252,boukhalef
203933,8027258,marrakech
203934,8027261,gueliz
203937,8027288,casablanca finance city
203938,8027289,ain borja
203942,8027304,gueliz
203943,8027307,hay hassani
203944,8027320,gueliz
203945,8027322,hay targa
203946,8027325,sidi slimane
203948,8027342,route de l ourika
203949,8027356,hay targa
203950,8027363,issil
203951,8027385,bourgogne ouest
203952,8027387,hay mabrouka
203953,8027388,salmia 2
203954,8027390,agdal
203955,8027393,route de l ourika
203956,8027394,route amizmiz
203966,8027437,beausejour
203968,8027445,amelkis
203969,8027447,ain diab
203971,8027458,tabriquet
203972,8027459,tanja balia
203973,8027462,achakar
203974,8027476,harhoura
203975,8027484,centre ville
203976,8027487,assarag
203977,8027534,essaada
203978,8027547,centre ville
203979,8027549,al qods
203980,8027555,agdal
203981,8027582,polo
203982,8027587,rommani
203983,8027610,route de l ourika
203984,8027615,rommani
203985,8027624,polo
203986,8027635,gueliz
203987,8027662,souissi
203989,8027682,la ville haute
203990,8027692,la ville haute
203991,8027696,route de l ourika
203992,8027703,ain aouda
203993,8027710,hay chmaou
203995,8027725,oulad hassoune
203999,8027765,oulfa
204000,8027766,oulfa
204001,8027767,oulfa
204002,8027768,oulfa
204003,8027773,oulfa
204004,8027774,oulfa
204005,8027775,oulfa
204006,8027776,oulfa
204008,8027792,agdal
204009,8027796,had soualem
204011,8027823,route casablanca
204012,8027830,lissasfa
204013,8027835,hay targa
204014,8027837,maghrib arabi
204015,8027841,route casablanca
204016,8027887,californie
204017,8027889,secteur touristique
204018,8027892,gueliz
204021,8027907,al moustakbal
204022,8027929,hivernage
204024,8027938,sidi maarouf
204029,8027974,beausejour
204031,8027979,hay annasr
204032,8027987,sidi bouknadel
204033,8028001,hay salam
204034,8028005,champ de course
204035,8028007,camp al ghoul
204036,8028013,hay mohammadi
204038,8028018,route de safi
204039,8028025,hay hassani
204041,8028031,assarag
204043,8028036,hay dakhla
204044,8028039,maihta
204045,8028045,hay annasr
204051,8028061,bouskoura ville
204052,8028065,oued laou
204054,8028090,alsace lorraine
204055,8028091,alsace lorraine
204056,8028092,alsace lorraine
204057,8028093,alsace lorraine
204058,8028094,alsace lorraine
204060,8028096,alsace lorraine
204061,8028098,sidi allal el bahraoui
204062,8028117,hay chrifa
204064,8028131,route amizmiz
204065,8028157,guich oudaya
204066,8028160,centre ville
204067,8028162,maarif
204068,8028188,route de tahanaout
204069,8028223,route de meknes
204071,8028227,ghazoua
204072,8028242,rmila
204073,8028246,ras el ma
204074,8028282,ain diab extension
204075,8028290,centre
204076,8028291,route de l ourika
204078,8028301,route de l ourika
204079,8028302,el menzeh
204080,8028304,tanja balia
204081,8028324,moujahidine
204082,8028337,agdal
204085,8028344,al qods
204087,8028349,val fleury
204088,8028354,agdal
204089,8028369,route casablanca
204090,8028370,souissi
204091,8028377,route casablanca
204093,8028413,ennakhil palmeraie
204094,8028414,gueliz
204096,8028434,souissi
204097,8028436,camp al ghoul
204098,8028438,mers sultan
204099,8028451,ain sebaa
204100,8028465,nassim
204102,8028477,sidi maarouf
204103,8028533,bir rami est
204104,8028550,gueliz
204105,8028551,sidi bou othmane
204106,8028555,lahraouyine
204107,8028564,route amizmiz
204108,8028571,riyad
204110,8028579,hay el boughaz
204111,8028584,golf de benslimane
204112,8028585,administratif
204114,8028593,mozart
204115,8028601,val d or
204116,8028605,martil
204117,8028609,belvedere
204118,8028645,idaougard
204120,8028657,michouar
204123,8028675,maarif extension
204125,8028678,hay houda
204126,8028688,lalla takarkoust
204127,8028724,amelkis
204128,8028731,haut founty
204129,8028741,tit mellil
204130,8028743,hay mohammadi
204131,8028746,hay mohammadi
204132,8028766,tamesna
204133,8028781,zouagha
204134,8028818,riyad
204135,8028819,narjis
204137,8028824,dar bouazza
204138,8028825,ziaten
204139,8028834,les cretes
204140,8028848,azrou
204141,8028850,riyad
204142,8028879,gueliz
204143,8028884,gueliz
204145,8028891,gueliz
204146,8028892,beausejour
204147,8028899,centre
204148,8028900,bel air val fleuri
204149,8028914,sidi kacem
204150,8028918,amelkis
204151,8028919,route de tahanaout
204152,8028920,route amizmiz
204153,8028923,marrakech
204154,8028930,route amizmiz
204155,8028934,skikina
204157,8028959,benjdia
204159,8028982,malabata
204160,8028991,derb sid daoui
204161,8029000,assif el mal
204162,8029009,tifelt
204163,8029016,maarif extension
204164,8029028,tikiouine
204165,8029034,alfilline
204166,8029036,centre ville
204167,8029064,hay essalam
204168,8029071,salmia 2
204169,8029073,bourgogne ouest
204170,8029077,route de l ourika
204172,8029107,hay dakhla
204173,8029129,saidia
204175,8029159,bd hassan ii
204176,8029174,al qods
204177,8029183,hay al fath
204178,8029188,el hadadda
204179,8029189,m diq
204180,8029198,route de safi
204181,8029200,mirleft
204182,8029201,hay alamal
204183,8029205,berrechid
204184,8029207,fnideq
204185,8029226,sidi bouknadel
204186,8029233,bir jdid
204187,8029238,ennakhil palmeraie
204188,8029243,jbel kbir
204189,8029260,sidi allal el bahraoui
204190,8029272,val fleuri
204191,8029274,secteur touristique
204192,8029288,route de ouarzazate
204193,8029297,daoudiat
204194,8029303,habbous
204196,8029314,aourir
204197,8029316,sidi rahal chatai
204198,8029327,agdal
204202,8029374,berrechid
204203,8029377,had soualem
204204,8029379,casablanca marina
204205,8029387,iberie
204206,8029389,iberie
204207,8029403,maihta
204208,8029404,sidi abdellah
204209,8029405,hay arsalan
204211,8029416,tabriquet
204212,8029420,kasbah
204213,8029423,saidia
204215,8029444,sidi bouknadel
204216,8029446,dar bouazza
204217,8029462,dar bouazza
204218,8029473,ain diab
204219,8029499,haut founty
204220,8029592,zouagha
204221,8029599,centre
204223,8029670,hay chmaou
204225,8029674,el manar
204226,8029676,al kawtar
204227,8029682,quartier aerodrome
204228,8029688,hay inara
204229,8029693,dar bouazza
204230,8029696,hay targa
204231,8029701,midelt
204232,8029704,centre
204233,8029705,saidia
204234,8029729,el firdaws
204235,8029736,bouskoura ville
204236,8029752,mannesmann
204237,8029763,wifak
204238,8029779,ville nouvelle
204239,8029781,quartier des ambassades
204240,8029793,route ain chkaf
204241,8029796,hassan centre ville
204243,8029799,quartier des ambassades
204244,8029825,sala el jadida
204245,8029828,sidi bou amar
204247,8029838,gauthier
204249,8029848,secteur touristique
204250,8029857,centre
204251,8029860,oulfa
204252,8029871,hay el menzah
204253,8029874,mhamid
204254,8029881,martil
204256,8029906,assaka
204257,8029910,ennakhil palmeraie
204259,8029955,lahrarta
204261,8029969,agdal
204262,8029973,abbadi
204263,8029980,tnine aglou
204264,8029996,hay najah
204266,8030040,dar bouazza
204268,8030048,ain diab
204269,8030050,les hopitaux
204270,8030059,val fleury
204271,8030062,route casablanca
204272,8030065,oulad wjih
204273,8030073,hay al farah
204274,8030079,bouaakkaz
204275,8030093,el kelaa des sraghna
204276,8030096,kouilma
204277,8030099,belvedere
204278,8030107,imarat
204279,8030118,hay lalla haya
204280,8030124,anfa
204281,8030127,centre
204282,8030128,narjiss
204283,8030129,hay al horria
204284,8030133,centre
204285,8030141,la ville haute
204287,8030166,ancienne medina
204288,8030172,larache
204291,8030199,racine
204293,8030206,al kawtar
204295,8030232,sidi yahya zaer
204298,8030286,oulad wjih
204299,8030303,bouaakkaz
204300,8030320,ville nouvelle
204301,8030339,souissi
204302,8030346,hay targa
204303,8030356,souissi
204304,8030361,gauthier
204307,8030390,bir rami ouest
204308,8030396,bourgogne ouest
204309,8030401,bourgogne ouest
204310,8030402,administratif
204311,8030405,zaouiat lahdar
204313,8030412,bourgogne ouest
204314,8030418,beni makada lakdima
204315,8030425,sidi hajji
204316,8030427,sidi maarouf
204317,8030443,al boustane
204319,8030478,route de ouarzazate
204320,8030479,bir rami ouest
204321,8030487,agdal
204322,8030492,casablanca finance city
204323,8030496,route de l ourika
204325,8030528,oulad hamdane
204326,8030529,ourika
204327,8030530,les portes de marrakech
204328,8030533,bourgogne ouest
204329,8030556,tassoultante
204330,8030566,hay targa
204331,8030581,hay targa
204333,8030590,marrakech
204334,8030605,ain borja
204335,8030616,la gironde
204336,8030617,sidi youssef
204337,8030622,route de tahanaout
204339,8030630,hay alamal
204340,8030640,route casablanca
204341,8030642,route de ouarzazate
204344,8030669,monica
204345,8030676,cil hay salam
204346,8030677,tanja balia
204347,8030679,agdal
204348,8030689,gueliz
204349,8030703,riyad
204351,8030718,route de fez
204352,8030748,route de ouarzazate
204353,8030752,sidi bou amar
204354,8030753,route de l ourika
204355,8030755,el qods
204356,8030763,ennakhil palmeraie
204357,8030790,centre ville
204358,8030833,sidi bouzid
204359,8030861,cil hay salam
204360,8030878,les iris
204361,8030882,route de tahanaout
204362,8030883,hay al amal
204363,8030895,route de tahanaout
204364,8030903,kasbah
204365,8030905,quartier du parc
204366,8030912,route de ceuta
204367,8030917,assarag
204368,8030921,gueliz
204369,8030956,diour jamaa
204371,8030967,hay al amal
204373,8030973,route de l ourika
204375,8030998,hay mohammadi
204377,8031011,founti
204378,8031016,achbar
204379,8031017,triangle d or
204380,8031021,alouane
204381,8031037,had soualem
204382,8031048,had soualem
204383,8031093,marrakech
204384,8031098,marrakech
204385,8031148,tabriquet
204386,8031150,m diq
204387,8031173,hay al fath
204388,8031191,hay lamiaa
204389,8031202,gueliz
204390,8031205,amerchich
204391,8031206,hivernage
204392,8031245,mesnana
204393,8031249,sania
204394,8031250,beni mellal
204395,8031258,ville verte
204397,8031265,ain diab
204398,8031284,val fleury
204399,8031285,hamria
204400,8031301,ain sebaa
204401,8031304,ennakhil palmeraie
204402,8031332,mediouna
204403,8031338,californie
204405,8031344,tassoultante
204406,8031347,marjane
204407,8031354,californie
204408,8031383,tinghir
204410,8031403,hamria
204411,8031409,hay chmaou
204412,8031419,plage oued cherrat
204413,8031427,el majjatia ouled taleb
204414,8031438,marrakech
204415,8031457,centre
204416,8031472,route de safi
204417,8031474,bourgogne ouest
204418,8031475,oulfa
204419,8031480,sidi mimoun
204420,8031482,wifak
204421,8031487,sti fadma
204422,8031489,martil
204423,8031495,izdihar
204424,8031497,palmier
204425,8031507,hay tarik 1
204427,8031520,hassan centre ville
204428,8031549,hay zitoune
204429,8031552,zenata
204430,8031554,nouaceur
204431,8031564,beausejour
204432,8031567,les portes de marrakech
204433,8031574,hrara
204434,8031577,skoura ahl el oust
204435,8031580,chtouka
204437,8031601,hay palestine
204438,8031604,ait ourir
204439,8031614,victoria
204441,8031652,les princesses
204442,8031662,ain diab
204444,8031678,californie
204445,8031680,bernoussi
204446,8031690,al madina aljadida
204447,8031699,route de fez
204448,8031713,martil
204450,8031743,saidia
204451,8031757,route de fez
204452,8031766,mimosas
204453,8031808,hay toummert
204454,8031820,la siesta
204455,8031849,hay salam
204456,8031850,bournazil
204457,8031851,amelkis
204458,8031884,lahrarta
204459,8031886,oukaimden
204460,8031890,malabata
204462,8031925,souissi
204463,8031955,dar bouazza
204464,8031959,gueliz
204465,8031964,hay ach chbanat
204467,8031978,al qods
204468,8031985,marrakech
204470,8032007,marjane
204472,8032013,de la plage
204473,8032029,ain aouda
204474,8032037,riyad
204475,8032040,al wifaq
204476,8032051,californie
204477,8032063,sania
204478,8032066,hay mohammadi
204479,8032086,casablanca finance city
204480,8032094,harhoura
204481,8032128,californie
204482,8032129,californie
204483,8032130,californie
204484,8032131,californie
204485,8032132,californie
204486,8032134,californie
204487,8032135,californie
204488,8032136,californie
204489,8032137,californie
204490,8032145,centre
204491,8032156,anfa superieur
204492,8032166,wifak
204493,8032167,ennakhil palmeraie
204494,8032174,khouribga
204495,8032175,ain harrouda
204497,8032225,saada
204498,8032234,gueliz
204499,8032250,quartier oued fes
204500,8032254,nassim 2
204501,8032260,ahl loghlam hay assalam
204502,8032274,la siesta
204503,8032275,gueliz
204504,8032280,route de tahanaout
204505,8032281,akniss
204506,8032296,lekrimat
204508,8032300,errahma
204509,8032308,agdal
204511,8032314,guich oudaya
204512,8032334,mers sultan
204516,8032354,sidi bouknadel
204518,8032358,hay salam
204521,8032386,oulfa
204523,8032408,plage rose maree
204524,8032425,camp al ghoul
204527,8032474,maarif
204528,8032487,aida
204529,8032488,arriere pays
204530,8032509,bouskoura ville
204532,8032527,plage rose maree
204533,8032535,harhoura
204534,8032544,quartier du soleil
204535,8032550,hay targa
204537,8032583,maamora
204538,8032602,sidi bouzekri
204539,8032610,hay al fath
204540,8032621,route de l ourika
204541,8032627,ville verte
204542,8032631,ville verte
204543,8032634,anfa
204544,8032635,ville verte
204545,8032643,hay albaraka
204546,8032653,riyad
204547,8032659,malabata
204548,8032677,arset ihiri
204549,8032684,derb ghalef
204550,8032685,derb ghalef
204551,8032686,derb ghalef
204552,8032687,derb ghalef
204553,8032688,derb ghalef
204554,8032689,derb ghalef
204558,8032693,derb ghalef
204559,8032694,derb ghalef
204561,8032706,l ocean
204562,8032717,quartier oued fes
204564,8032747,moulay youssef
204565,8032770,anfa superieur
204566,8032773,route de l ourika
204567,8032778,ain sebaa
204568,8032784,souissi
204569,8032788,derb sid daoui
204571,8032811,nouaceur
204572,8032816,centre ville
204573,8032824,sidi yahya zaer
204574,8032837,ferme bretonne hay arraha
204575,8032841,ain mezouar
204576,8032842,sidi hajjaj oued hassar
204577,8032845,riviera
204580,8032860,les hopitaux
204582,8032864,hassania 2
204583,8032872,sidi rahal
204585,8032876,ennakhil palmeraie
204586,8032879,tamesna
204587,8032883,casablanca
204588,8032885,arriere pays
204590,8032912,el moukef
204591,8032917,hay al fath
204592,8032926,nouvelle ville
204594,8032932,had soualem
204597,8032939,californie
204598,8032948,arriere pays
204599,8032952,iberie
204600,8032967,tamallalt
204601,8032968,les princesses
204602,8032978,dar bouazza
204603,8033008,ain diab extension
204605,8033038,route de l ourika
204606,8033052,tassoultante
204608,8033074,martil
204609,8033086,berrechid
204611,8033104,dar bouazza
204612,8033110,tit mellil
204613,8033128,belkhir
204615,8033138,route de l ourika
204616,8033139,plage rose maree
204617,8033141,agdal
204620,8033155,marrakech
204621,8033163,casablanca
204623,8033184,du golf
204624,8033191,dar bouazza
204625,8033213,ain sebaa
204626,8033214,el kelaa des sraghna
204628,8033234,sala el jadida
204630,8033241,route de safi
204631,8033246,longchamps hay al hanaa
204632,8033278,racine
204633,8033279,hay al fath
204634,8033288,ain diab
204635,8033297,plage oued cherrat
204636,8033303,sala el jadida
204637,8033316,al aalia
204638,8033321,malabata
204639,8033327,malabata
204640,8033330,anassi
204641,8033333,route de l ourika
204642,8033334,hay chmaou
204643,8033336,city dar es salaam
204644,8033340,bourgogne ouest
204645,8033341,bourgogne ouest
204646,8033349,hivernage
204648,8033360,mhamid
204649,8033363,benyara
204650,8033366,tamouda
204651,8033371,anassi
204652,8033372,marjane
204653,8033385,agdal
204654,8033386,route de l ourika
204655,8033392,beni mellal
204657,8033400,sidi maarouf
204658,8033414,les hopitaux
204660,8033430,californie
204661,8033438,bir rami est
204662,8033453,hassan centre ville
204663,8033456,zone industrielle
204664,8033457,el menzeh
204665,8033467,maarif extension
204666,8033483,medina
204668,8033485,ville verte
204669,8033487,gauthier
204671,8033497,hay mabrouka
204673,8033512,saidia
204675,8033523,hay ez zaitoune
204677,8033528,californie
204678,8033534,sidi moumen
204680,8033546,val fleury
204681,8033549,sidi bouzid
204682,8033572,dar bouazza
204685,8033608,maarif extension
204686,8033610,riyad
204687,8033615,plage oued cherrat
204688,8033617,haut agdal
204689,8033631,derb korea
204691,8033637,ouislane
204692,8033648,wislane
204693,8033650,hay chmaou
204694,8033661,oulfa
204695,8033672,marrakech
204697,8033685,fath el kheir
204698,8033692,taza
204699,8033712,ksar sghir
204703,8033736,bouskoura ville
204704,8033737,maihta
204705,8033749,el massira
204706,8033758,ghazoua
204707,8033760,al qods
204708,8033761,hay zaytoun
204709,8033764,les hopitaux
204710,8033782,nouaceur
204711,8033790,souissi
204712,8033820,franceville
204713,8033837,gueliz
204714,8033839,benjdia
204715,8033850,souissi
204717,8033871,laghdira
204718,8033877,mandarona
204719,8033879,had soualem
204720,8033894,ennakhil palmeraie
204721,8033912,gueliz
204722,8033916,ain sebaa
204723,8033917,anza
204724,8033919,nassim
204725,8033925,el kelaa des sraghna
204727,8033937,sidi kaouki
204728,8033942,asilah
204729,8033946,mounia
204732,8033953,errahma
204733,8033955,hay mohammadi
204735,8033967,alouane
204737,8033984,castilla
204738,8034000,route amizmiz
204739,8034002,les hopitaux
204743,8034034,mesnana
204744,8034038,amelkis
204745,8034049,abouab sala
204746,8034063,val fleury
204747,8034069,victoria
204749,8034088,sidi slimane
204750,8034089,roches noires
204751,8034090,hay mabrouka
204752,8034099,les princesses
204753,8034115,route de l ourika
204757,8034154,hassan centre ville
204758,8034168,oulfa
204759,8034179,sidi maarouf
204760,8034183,mers sultan
204761,8034192,gauthier
204762,8034195,zaouiat lahdar
204763,8034197,gueliz
204764,8034200,gueliz
204765,8034202,gueliz
204766,8034203,gueliz
204767,8034204,gueliz
204768,8034207,gueliz
204769,8034208,gueliz
204770,8034222,les h c3 b4pitaux
204772,8034246,hay mabrouka
204774,8034269,sidi youssef
204776,8034290,agdal
204777,8034294,mehdia
204778,8034296,oulad hassoune
204779,8034304,rahba kedima
204780,8034306,gueliz
204781,8034315,ennakhil palmeraie
204782,8034318,msala
204783,8034320,route amizmiz
204784,8034328,gauthier
204785,8034329,ville verte
204788,8034352,hay salam
204789,8034381,wilaya
204790,8034383,sidi el khadir
204791,8034386,nouaceur
204792,8034402,oualidia
204794,8034419,ait ourir
204795,8034444,dar bouazza
204796,8034477,dar bouazza
204797,8034482,ennakhil palmeraie
204798,8034494,racine
204799,8034512,zenata
204800,8034522,route de l ourika
204801,8034537,medina
204802,8034540,californie
204803,8034541,lagfifat
204805,8034555,belvedere
204806,8034568,sidi rahal chatai
204807,8034574,anfa
204808,8034579,souissi
204809,8034587,ouled moussa
204810,8034588,agdal
204811,8034590,oasis
204812,8034591,sidi rahal
204814,8034604,route de fez
204815,8034608,centre ville
204816,8034620,route de safi
204817,8034659,maamora
204818,8034664,centre
204819,8034667,maarif
204820,8034677,firdaouss
204821,8034699,haut founty
204822,8034702,ain diab extension
204823,8034706,route de fez
204824,8034707,guich oudaya
204826,8034732,moujahidine
204827,8034735,deroua
204828,8034742,sidi bou othmane
204829,8034743,al kawtar
204830,8034746,route de ouarzazate
204831,8034748,hay targa
204832,8034752,gueliz
204833,8034764,gueliz
204835,8034785,tikiouine
204836,8034795,el menzeh
204837,8034798,gueliz
204838,8034812,sala el jadida
204839,8034822,bir rami ouest
204840,8034827,bir rami ouest
204841,8034838,route amizmiz
204842,8034840,berrechid
204843,8034844,route de safi
204846,8034859,administratif
204847,8034861,malabata
204848,8034869,gueliz
204849,8034875,drissia
204850,8034880,route de l ourika
204851,8034915,belvedere
204852,8034917,hay albaraka
204853,8034933,sidi yahya
204854,8034950,mhamid
204855,8034960,hay hassani
204856,8034963,tiznit
204857,8034965,secteur touristique
204858,8034966,quartier du parc
204859,8034967,sidi maarouf
204860,8034968,ain mezouar
204861,8034969,oulad wjih
204862,8034973,ain chock
204863,8034974,drissia
204864,8034987,gueliz
204865,8034990,route de fez
204866,8034997,route de safi
204867,8034999,val fleuri
204868,8035008,route de tahanaout
204869,8035012,errahma
204870,8035019,dar bouazza
204871,8035025,boulevard med 6
204872,8035028,alsace lorraine
204874,8035046,ahlane
204877,8035071,centre
204878,8035073,achakar
204879,8035103,route casablanca
204880,8035112,founti
204881,8035117,ain taoujdate
204882,8035120,mediouna
204883,8035129,saidia
204884,8035133,cabo negro
204885,8035138,mehdia
204886,8035139,hay targa
204888,8035144,sidi youssef
204890,8035180,mghogha
204892,8035194,route casablanca
204893,8035215,asilah
204894,8035216,sidi bou amar
204895,8035250,sidi maarouf
204896,8035251,maarif
204897,8035257,hay houda
204899,8035264,tnine aglou
204900,8035269,route casablanca
204901,8035274,gueliz
204902,8035281,haddad
204903,8035283,hay al farah
204905,8035290,bourgogne ouest
204906,8035295,nassim 2
204907,8035297,asilah
204908,8035320,ain diab extension
204909,8035327,kaa el machraa
204910,8035328,mesnana
204912,8035384,hay mabrouka
204913,8035386,agdal
204915,8035402,el mers 2
204916,8035419,tinghir
204917,8035425,ait melloul
204918,8035429,les portes de marrakech
204919,8035430,quartier des ambassades
204920,8035433,nouaceur
204921,8035437,larache
204922,8035439,essaada
204923,8035446,maarif
204924,8035458,racine
204925,8035461,hay targa
204926,8035467,gueliz
204927,8035470,ben saleh
204928,8035473,al hoceima
204929,8035480,dar bouazza
204930,8035485,maihta
204931,8035494,marrakech
204932,8035495,agdal
204933,8035502,ennakhil palmeraie
204934,8035503,hay dakhla
204935,8035510,amelkis
204936,8035518,casablanca finance city
204937,8035539,rmila
204938,8035559,jnan ben chagra
204939,8035560,wifak
204940,8035577,sakani
204941,8035592,route de ouarzazate
204942,8035594,arset ben chebli
204943,8035604,gueliz
204944,8035616,aharrarine
204947,8035664,martil
204949,8035681,drargua
204950,8035682,palmier
204951,8035683,ferme bretonne hay arraha
204952,8035689,centre ville
204953,8035700,racine
204955,8035706,mandarona
204956,8035709,belvedere
204957,8035713,gauthier
204958,8035734,samlalia
204959,8035739,maarif extension
204960,8035747,les hopitaux
204962,8035755,les portes de marrakech
204963,8035756,nassim 1
204965,8035760,hay targa
204968,8035778,gueznaia
204969,8035810,agdal
204970,8035815,derb omar
204972,8035817,ville verte
204973,8035820,majorelle
204974,8035849,hamza
204979,8035884,el mansouria
204980,8035892,hivernage
204981,8035909,cap spartel
204985,8035950,racine
204986,8035951,port
204987,8035952,cil hay salam
204989,8035955,racine
204990,8035966,ain diab extension
204991,8035968,hermitage
204992,8035970,anfa
204993,8035985,centre ville
204995,8036003,gauthier
204996,8036012,oulfa
204997,8036019,tacharouk hay al walaa
204998,8036031,les princesses
205002,8036081,mesnana
205003,8036091,ras el ma
205004,8036119,saada
205005,8036135,les hopitaux
205006,8036150,ain sebaa
205007,8036156,gueliz
205008,8036184,marjane
205009,8036193,quartier industriel
205010,8036207,sidi maarouf
205011,8036220,ville verte
205012,8036252,harhoura
205013,8036256,asni
205014,8036272,dar bouazza
205015,8036274,ville nouvelle
205017,8036278,ennakhil palmeraie
205018,8036281,casablanca finance city
205019,8036285,el menzeh
205021,8036289,marjane
205022,8036295,medina
205023,8036298,route de l ourika
205024,8036301,malabata
205025,8036304,ain diab
205026,8036316,agdal
205027,8036320,tan tan
205028,8036336,bir rami ouest
205029,8036350,marjane
205030,8036351,dcheira el jihadia
205031,8036353,ferme bretonne hay arraha
205032,8036362,sidi rahal chatai
205033,8036378,hay targa
205034,8036381,maarif
205035,8036384,sala el jadida
205036,8036391,sala el jadida
205037,8036398,arset ben chebli
205038,8036403,laarassi
205039,8036446,tifelt
205040,8036455,rmilat
205041,8036458,hay mohammadi
205042,8036460,oulfa
205044,8036475,tanja balia
205046,8036477,ennakhil palmeraie
205047,8036481,tanja balia
205048,8036483,gueliz
205049,8036491,tanja balia
205050,8036495,racine
205051,8036497,riyad
205052,8036521,assarag
205053,8036526,route de tahanaout
205054,8036530,douar laarab
205056,8036547,route amizmiz
205057,8036549,lalla takarkoust
205058,8036557,el mansouria
205059,8036569,route de ouarzazate
205060,8036574,hay houda
205062,8036608,achakar
205063,8036609,gauthier
205066,8036612,taza
205067,8036615,dar bouazza
205068,8036620,les princesses
205070,8036638,oulfa
205071,8036641,gueliz
205072,8036662,tahla
205073,8036663,agdal
205074,8036668,derb sid daoui
205075,8036676,bella vista
205076,8036682,casablanca finance city
205077,8036707,entree sud
205083,8036727,branes 2
205091,8036753,founti
205093,8036759,route d agadir essaouira
205101,8036775,bouskoura
205102,8036791,route de ouarzazate
205103,8036794,bouskoura ville
205104,8036825,medina
205105,8036833,larache
205106,8036836,massira 2
205107,8036841,assanaouber
205108,8036847,route d agadir essaouira
205109,8036860,ain diab
205110,8036862,centre
205111,8036864,val fleuri
205112,8036879,malabata
205113,8036893,centre
205114,8036897,hay moulay abdellah
205115,8036898,bir rami est
205118,8036907,tantonville
205119,8036908,majorelle
205120,8036933,les princesses
205121,8036942,route de fez
205122,8036948,ennakhil palmeraie
205123,8036954,la ville haute
205124,8036973,azzouzia
205125,8036975,route casablanca
205129,8036998,amelkis
205131,8037001,palmier
205133,8037008,essaouira el jadida
205136,8037092,mesnana
205137,8037095,gueliz
205138,8037102,fdalate
205139,8037103,route amizmiz
205140,8037104,roches noires
205141,8037107,victoria
205142,8037114,les hopitaux
205143,8037121,kouilma
205144,8037140,laymoune
205145,8037148,mhamid
205147,8037167,agdal
205150,8037174,route amizmiz
205151,8037185,martil
205152,8037195,asilah
205153,8037196,de la plage
205155,8037230,californie
205157,8037232,californie
205159,8037234,californie
205160,8037235,californie
205163,8037238,californie
205164,8037239,californie
205166,8037241,californie
205167,8037242,californie
205168,8037243,californie
205169,8037244,californie
205170,8037246,californie
205171,8037247,californie
205172,8037261,polo
205174,8037270,route de l ourika
205175,8037275,ville verte
205177,8037297,centre
205178,8037302,harhoura
205179,8037304,marrakech
205182,8037473,ain chock
205183,8037481,al hoceima
205184,8037483,martil
205185,8037484,rmila
205187,8037491,selouane
205188,8037493,beni yakhlef
205189,8037499,al hoceima
205190,8037501,wafa
205193,8037513,bouskoura ville
205194,8037515,jawhara
205195,8037520,ouasis
205196,8037523,assam
205197,8037527,al aalia
205206,8037552,route amizmiz
205207,8037563,route nationale assilah n1
205208,8037570,ryad dakhla
205209,8037577,casablanca
205212,8037591,lusitania
205213,8037593,bourgogne ouest
205214,8037605,route de l ourika
205215,8037636,marrakech
205217,8037664,al hoceima
205218,8037682,maghrib arabi
205219,8037694,bouskoura ville
205220,8037704,hay targa
205221,8037711,wafa
205222,8037713,diour jamaa
205224,8037725,ferme bretonne hay arraha
205225,8037729,ferme bretonne hay arraha
205226,8037733,marrakech
205227,8037734,ferme bretonne hay arraha
205229,8037742,les princesses
205230,8037746,ferme bretonne hay arraha
205231,8037754,val fleury
205233,8037759,ferme bretonne hay arraha
205234,8037763,mehdia
205236,8037805,moulay youssef
205237,8037829,ain borja
205238,8037835,sala el jadida
205240,8037847,ain errouz
205241,8037849,touilaa
205242,8037858,gueznaia
205243,8037860,californie
205244,8037866,jawhara
205245,8037867,wifak
205246,8037878,hay essalam
205247,8037882,izdihar
205248,8037886,route de ceuta
205249,8037895,errahma
205250,8037897,roches noires
205251,8037898,maarif
205254,8037903,bourgogne ouest
205256,8037905,casablanca
205257,8037909,dar bouazza
205259,8037943,asilah
205260,8037958,touabel
205261,8037969,hay hassani
205266,8037986,deroua
205267,8037991,bouskoura ville
205268,8037994,ismalia
205271,8038025,hay targa
205272,8038031,benjdia
205273,8038036,dar bouazza
205274,8038050,azilal
205275,8038068,sidi maarouf
205276,8038080,casablanca finance city
205277,8038092,marjane
205278,8038110,hamria
205280,8038134,administratif
205281,8038139,marjane
205282,8038143,bouskoura ville
205283,8038147,agdal
205284,8038154,haouzia
205285,8038155,bourgogne ouest
205286,8038161,mhamid
205287,8038162,izdihar
205288,8038167,nouvelle ville
205289,8038174,marchan
205290,8038183,agdal
205292,8038213,quartier oued fes
205293,8038216,azrou
205294,8038222,aarid
205295,8038223,anfa
205297,8038229,el mansouria
205299,8038243,bourrous
205300,8038249,sidi moussa lhamri
205301,8038260,centre ville
205302,8038261,sefrou
205303,8038264,sidi moumen
205304,8038265,tit mellil
205305,8038284,californie
205306,8038296,nassim 2
205307,8038309,hay palestine
205308,8038315,bourgogne est
205309,8038323,ville verte
205310,8038331,dar bouazza
205311,8038341,malabata
205312,8038344,ferme bretonne hay arraha
205313,8038348,maarif extension
205314,8038351,ain harrouda
205315,8038356,berrechid
205317,8038389,dar assalam
205318,8038400,tamesna
205321,8038476,harhoura
205322,8038544,hay tasahol
205323,8038553,l ocean
205324,8038619,masmoudi
205325,8038631,ville verte
205326,8038650,hay targa
205327,8038660,el mansouria
205328,8038663,fes city center
205329,8038667,gueliz
205330,8038675,ourika
205332,8038683,boukhalef
205333,8038689,el hadadda
205334,8038701,californie
205335,8038714,mimosas
205336,8038722,amelkis
205337,8038732,ville verte
205338,8038758,marchan
205339,8038759,les princesses
205341,8038785,gauthier
205342,8038790,al hoceima
205343,8038803,sidi maarouf
205344,8038815,mhamid
205346,8038818,route de fez
205347,8038849,riyad
205349,8038856,al bassatine
205350,8038857,hay targa
205351,8038861,sidi maarouf
205352,8038866,ziana
205353,8038870,taddart anza
205354,8038879,racine
205355,8038888,maghrib arabi
205356,8038894,route d agadir essaouira
205359,8038921,errahma
205360,8038925,californie
205361,8038926,wislane
205363,8038931,les portes de marrakech
205364,8038948,berrechid
205365,8038953,hay hassani
205366,8038957,nouaceur
205367,8038975,centre
205368,8038977,amizmiz
205369,8038978,anfa
205370,8038982,anfa
205371,8039011,la floride
205372,8039023,dar bouazza
205373,8039039,oasis
205374,8039045,oasis
205375,8039048,oasis
205376,8039060,ras el ma
205377,8039073,gueznaia
205378,8039095,alfilline
205379,8039102,manar
205380,8039104,oulad wjih
205381,8039108,gueliz
205382,8039109,martil
205383,8039115,belvedere
205384,8039119,sidi hajji
205385,8039130,route d agadir essaouira
205387,8039132,ben saleh
205389,8039152,izdihar
205390,8039177,route de tahanaout
205391,8039178,derb espagnol
205392,8039184,laymoune
205393,8039199,ain diab
205395,8039215,agdal
205397,8039240,administratif
205399,8039259,oulfa
205400,8039264,el hadadda
205402,8039298,route d agadir essaouira
205403,8039300,tacharouk hay al walaa
205405,8039316,longchamps hay al hanaa
205406,8039332,gauthier
205407,8039345,tifelt
205408,8039351,val fleuri
205409,8039355,hay targa
205410,8039361,burger
205411,8039371,les cretes
205412,8039375,sala el jadida
205413,8039377,hay mohammadi
205414,8039380,mesnana
205416,8039384,mesnana
205418,8039394,route de l ourika
205419,8039397,racine
205420,8039403,maarif
205422,8039411,ennakhil palmeraie
205423,8039443,ville verte
205424,8039458,ait melloul
205425,8039460,ain diab
205426,8039461,route immouzer
205427,8039465,plateau
205428,8039466,hay zobir
205429,8039473,route de tahanaout
205430,8039480,ville verte
205432,8039484,route de l ourika
205433,8039488,beni mellal
205435,8039501,route de tahanaout
205436,8039504,benjdia
205437,8039506,route de ouarzazate
205438,8039516,bouskoura ville
205439,8039528,polo
205440,8039530,route casablanca
205441,8039545,sidi moussa
205442,8039552,al aroui
205444,8039565,gauthier
205445,8039572,agdal
205447,8039574,gauthier
205448,8039593,founti
205449,8039596,malabata
205450,8039602,agdal
205451,8039605,souk l qolla
205452,8039606,riyad
205454,8039616,hay dalia
205456,8039634,californie
205457,8039636,quartier cheminots
205458,8039640,hay fath
205460,8039645,casablanca finance city
205461,8039654,sidi rahal chatai
205462,8039657,amerchich
205463,8039660,les hopitaux
205464,8039661,triangle d or
205468,8039680,route de l ourika
205476,8039729,racine
205486,8039740,route de tahanaout
205489,8039774,bouskoura ville
205491,8039794,route de ouarzazate
205492,8039800,route de l ourika
205493,8039827,californie
205494,8039853,hay dakhla
205495,8039857,maarif extension
205496,8039865,route amizmiz
205497,8039876,berrechid
205498,8039883,ain sebaa
205499,8039889,gueliz
205500,8039909,gueliz
205501,8039910,route de fez
205502,8039958,oasis
205503,8039962,had soualem
205504,8039964,taounate
205505,8039970,bab aylan
205507,8039978,bled
205509,8039988,dar bouazza
205510,8039999,oulfa
205511,8040001,les princesses
205512,8040006,anassi
205513,8040016,hay alfoqara
205514,8040019,maghrib arabi
205515,8040032,gauthier
205516,8040044,sidi ben slimane el jazouli
205517,8040050,al qods
205519,8040073,oulad yaich
205520,8040080,agdal
205522,8040089,mers sultan
205525,8040143,centre ville
205526,8040146,centre ville
205527,8040175,secteur touristique
205529,8040183,route ain chkaf
205530,8040247,oulad hassoune
205531,8040256,bourgogne ouest
205532,8040261,iberie
205534,8040295,hay salam
205535,8040296,had soualem
205536,8040314,el bradaa
205537,8040321,sidi mimoun
205538,8040347,ville verte
205539,8040356,mehdia
205540,8040361,hay hassani
205541,8040371,wifak
205543,8040378,saidia
205544,8040379,riyad
205545,8040397,sidi youssef
205546,8040403,gueliz
205547,8040406,route amizmiz
205548,8040413,hay al fath
205550,8040421,casablanca
205552,8040424,route amizmiz
205553,8040429,al madina aljadida
205554,8040430,route amizmiz
205555,8040434,belvedere
205557,8040444,lissasfa
205558,8040469,route de l ourika
205559,8040476,hay al kamal
205560,8040481,mannesmann
205561,8040484,quartier du parc
205562,8040485,el mansouria
205563,8040493,plage oued cherrat
205564,8040500,gueliz
205565,8040509,wifak
205567,8040512,mesnana
205568,8040519,chrafat
205569,8040521,hay al falah
205582,8040553,deroua
205583,8040555,dar bouazza
205585,8040558,dar bouazza
205587,8040570,berrechid
205588,8040571,medina
205589,8040581,cente
205590,8040585,ihchach
205591,8040590,route de tahanaout
205592,8040622,al aalia
205593,8040635,la floride
205595,8040660,hay al fadl
205596,8040671,dar bouazza
205597,8040686,sidi hajjaj oued hassar
205598,8040688,plage oued cherrat
205599,8040690,wilaya
205602,8040746,oasis
205603,8040751,wilaya
205604,8040755,les hopitaux
205605,8040760,errahma
205606,8040766,oasis sud
205607,8040779,riyad
205609,8040784,roches noires
205610,8040828,harhoura
205611,8040834,nouaceur
205612,8040835,route de safi
205613,8040854,massira 1
205614,8040856,ville verte
205615,8040863,route de l ourika
205616,8040865,iziki
205617,8040869,berrechid
205618,8040873,californie
205619,8040886,route de ceuta
205620,8040888,berrechid
205621,8040898,mandarona
205622,8040905,hay nahda
205623,8040907,hay hassani
205624,8040910,mghogha
205625,8040927,al hadika
205626,8040932,al kodia
205627,8040943,ghazoua
205628,8040944,beausejour
205629,8040951,founti
205630,8040973,alfilline
205631,8041013,gueliz
205632,8041019,triangle d or
205637,8041036,tabriquet
205638,8041045,les princesses
205640,8041053,jbel kbir
205642,8041071,oulad hassoune
205643,8041072,sidi ifni
205644,8041076,l habitat
205645,8041104,tameslohte
205646,8041113,gueliz
205648,8041124,bouskoura ville
205649,8041148,triangle d or
205650,8041157,berrechid
205652,8041167,gauthier
205653,8041168,administratif
205656,8041181,gourziana
205657,8041184,oasis
205659,8041187,route de ouarzazate
205660,8041199,route de l ourika
205661,8041202,riyad
205662,8041204,agdal
205663,8041205,gueliz
205664,8041208,wafa
205665,8041218,gueliz
205666,8041230,derb korea
205667,8041241,hay targa
205668,8041265,route de marrakech
205669,8041270,narjis
205670,8041271,malabata
205671,8041276,oulad yahya louta
205672,8041279,oulad wjih
205673,8041284,agdal
205674,8041285,martil
205675,8041289,ennakhil palmeraie
205676,8041292,ain el hayani
205680,8041298,nouaceur
205682,8041306,franceville
205685,8041318,riyad
205687,8041322,gueliz
205688,8041323,hay targa
205690,8041335,riad zitoun
205691,8041342,du golf
205692,8041346,al kawtar
205694,8041353,gauthier
205695,8041368,bourgogne est
205699,8041412,gueliz
205700,8041413,ferme bretonne hay arraha
205701,8041461,beni mellal
205702,8041464,route de tahanaout
205703,8041466,route casablanca
205704,8041470,saidia
205705,8041479,hermitage
205706,8041480,had soualem
205707,8041481,martil
205708,8041499,gueliz
205709,8041501,gueliz
205710,8041505,route de tahanaout
205711,8041507,centre ville
205712,8041514,wifak
205713,8041523,souissi
205714,8041529,narjiss
205715,8041535,bouaakkaz
205717,8041575,dar bouazza
205718,8041581,aeroport
205719,8041582,californie
205720,8041583,californie
205721,8041587,californie
205722,8041588,californie
205723,8041589,californie
205724,8041622,hay targa
205725,8041627,casablanca
205726,8041640,belvedere
205727,8041657,tamesna
205728,8041668,ain chock
205729,8041681,plage oued cherrat
205730,8041683,dar bouazza
205731,8041684,tabriquet
205732,8041700,ennakhil palmeraie
205733,8041701,marrakech
205734,8041725,hay mohammadi
205735,8041727,agdal
205736,8041734,hay chmaou
205737,8041754,founti
205739,8041760,tinghir
205740,8041772,hay el menzah
205741,8041775,route casablanca
205743,8041805,tamesna
205745,8041818,souissi
205746,8041824,hay mohammadi
205747,8041839,bab ghmat
205748,8041840,agdal
205749,8041857,medina
205750,8041866,asilah
205751,8041873,hay rahma
205752,8041882,izdihar
205753,8041890,hay targa
205754,8041896,ksibat nhas
205755,8041900,hay el matar
205757,8041910,ain diab
205758,8041917,izdihar
205759,8041923,centre ville
205760,8041935,gueliz
205761,8041940,laymoune
205762,8041941,asilah
205763,8041942,les hopitaux
205766,8041957,hay targa
205767,8041966,dar bouazza
205768,8041970,samlalia
205769,8041974,ouahat sidi brahim
205770,8041977,tit mellil
205774,8041995,oasis
205775,8042011,ain harrouda
205776,8042021,ain sebaa
205777,8042022,ain sebaa
205780,8042025,ain sebaa
205781,8042026,ain sebaa
205782,8042027,ain sebaa
205783,8042038,bab ghmat
205784,8042041,sidi rahal
205789,8042084,casablanca marina
205795,8042114,oasis
205796,8042116,racine
205797,8042129,camp al ghoul
205798,8042132,dar bouazza
205799,8042136,californie
205800,8042139,sidi moumen
205801,8042143,hamria
205802,8042157,route amizmiz
205803,8042191,hay mabrouka
205804,8042196,palmier
205805,8042210,mimosas
205806,8042224,massira 2
205807,8042251,nassim 1
205808,8042260,bouskoura ville
205810,8042287,gueliz
205811,8042335,dar bouazza
205812,8042336,majorelle
205813,8042340,ain harrouda
205814,8042345,quartier du parc
205815,8042382,bourgogne ouest
205816,8042411,amerchich
205817,8042435,triangle d or
205818,8042437,gauthier
205819,8042456,ounagha
205821,8042480,oulfa
205823,8042490,riyad
205824,8042496,bir el ghazi
205825,8042497,derb sid daoui
205826,8042507,souissi
205827,8042515,hamria
205829,8042524,ghazoua
205830,8042526,maarif extension
205831,8042527,bouskoura ville
205832,8042528,sidi el khadir
205833,8042539,ourika
205834,8042543,el hadadda
205835,8042548,el hadadda
205837,8042564,raounak
205838,8042566,riad oulad mtaa
205839,8042581,ain sebaa
205840,8042582,route de tahanaout
205843,8042593,centre ville
205844,8042596,ancien combatant
205845,8042598,hivernage
205846,8042623,sidi rahal chatai
205848,8042646,route amizmiz
205849,8042678,al qods
205851,8042687,racine
205852,8042701,massira 3
205853,8042706,route de fez
205854,8042715,oulfa
205855,8042718,belvedere
205856,8042724,nouvelle ville
205857,8042727,harbil
205858,8042766,centre ville
205859,8042768,golf de benslimane
205860,8042775,hay targa
205861,8042784,azemmour
205862,8042789,berkane
205863,8042791,maamora
205864,8042792,el hadadda
205865,8042812,khouribga
205866,8042819,hay targa
205867,8042821,oulfa
205868,8042823,route de ouarzazate
205869,8042824,dar bouazza
205870,8042836,marjane
205871,8042839,imintanoute
205872,8042848,dar bouazza
205874,8042866,dar bouazza
205875,8042868,issil
205876,8042871,dar bouazza
205877,8042873,selouane
205878,8042878,sidi slimane
205879,8042888,samlalia
205880,8042906,oulad salah
205881,8042917,hay alfarah
205882,8042925,hay alfarah
205883,8042927,route amizmiz
205884,8042937,habbous
205885,8042938,ville verte
205886,8042939,marjane
205887,8042944,mers sultan
205888,8042946,maihta
205889,8042948,marjane
205890,8042950,el menzeh
205891,8042958,azrou
205892,8042960,route de tahanaout
205893,8042962,deroua
205894,8042965,route amizmiz
205895,8042978,gueliz
205896,8042983,souissi
205897,8042999,zaouiat sidi abdeslam
205898,8043000,gueliz
205899,8043015,fquih ben saleh
205900,8043039,gueliz
205901,8043045,centre ville
205902,8043048,californie
205903,8043049,hay al horria
205904,8043050,al hadika
205906,8043060,tanja balia
205909,8043075,route amizmiz
205910,8043078,sidi moumen
205911,8043079,route casablanca
205913,8043084,al aalia
205915,8043093,plage oued cherrat
205916,8043097,val fleury
205917,8043100,californie
205918,8043107,tassoultante
205919,8043108,maarif extension
205920,8043112,nassim 2
205921,8043116,hay essalam
205922,8043135,bourgogne ouest
205923,8043144,route de tahanaout
205924,8043157,sidi taibi
205925,8043160,diour jamaa
205926,8043162,route nationale assilah n1
205927,8043164,hay alamal
205929,8043180,les princesses
205930,8043191,entree sud
205931,8043197,massira 2
205933,8043229,ferme bretonne hay arraha
205934,8043239,route de tahanaout
205936,8043245,ferme bretonne hay arraha
205937,8043246,izdihar
205938,8043266,agdal
205939,8043274,bouaakkaz
205940,8043275,ville verte
205941,8043277,ain attig
205943,8043297,gueliz
205944,8043309,anfa
205945,8043311,hay riad
205946,8043316,sidi othmane
205947,8043317,sidi othmane
205948,8043318,sidi othmane
205949,8043319,sidi othmane
205951,8043321,sidi othmane
205952,8043322,sidi othmane
205953,8043323,sidi othmane
205954,8043327,sidi bouzid
205955,8043328,el ensanche
205956,8043361,riviera
205958,8043401,lissasfa
205959,8043415,gauthier
205960,8043418,iberie
205961,8043425,nouaceur
205962,8043439,oulfa
205964,8043456,hay moulay abdellah
205966,8043480,californie
205967,8043481,m diq
205968,8043488,al hadika
205969,8043490,inara
205970,8043491,hay targa
205971,8043495,oulad yahya louta
205972,8043512,centre
205973,8043516,boukhalef
205974,8043517,ennakhil palmeraie
205975,8043521,sidi bouknadel
205977,8043533,gueliz
205978,8043535,gueliz
205979,8043537,al osra
205981,8043556,agdal
205982,8043563,centre
205983,8043566,hay qods
205984,8043568,roches noires
205985,8043569,casablanca finance city
205986,8043573,les hopitaux
205987,8043576,bouskoura ville
205988,8043580,agdal
205990,8043585,bourgogne ouest
205991,8043588,maamora
205992,8043590,maihta
205993,8043593,sidi el khadir
205994,8043594,plage oued cherrat
205995,8043605,quartier du parc
205996,8043608,bouznika
205997,8043611,sidi rahal chatai
205998,8043618,roches noires
205999,8043620,ain chock
206000,8043623,sidi belyout
206001,8043638,zaouia sidi ghalem
206003,8043648,bernoussi
206004,8043652,ain diab
206005,8043664,el mansouria
206006,8043672,ain diab
206007,8043673,plage oued cherrat
206008,8043678,plage oued cherrat
206009,8043679,route de l ourika
206012,8043697,bouskoura ville
206014,8043711,majorelle
206015,8043718,alouane
206016,8043719,golf de benslimane
206018,8043726,ain chock
206019,8043727,californie
206020,8043728,californie
206021,8043731,malabata
206023,8043765,souissi
206024,8043769,les hopitaux
206025,8043775,mers sultan
206026,8043776,centre ville
206027,8043788,route amizmiz
206029,8043807,gauthier
206030,8043830,hassan centre ville
206031,8043843,secteur touristique
206033,8043857,ourika
206034,8043875,ain diab
206035,8043877,route d agadir essaouira
206036,8043894,malabata
206037,8043899,oulad slama
206040,8043916,gueliz
206041,8043934,maarif
206042,8043940,hay targa
206043,8043950,racine
206044,8043966,mister khouch
206045,8043985,sidi bettache
206047,8044008,tit mellil
206049,8044016,al kawtar
206050,8044021,al boustane
206051,8044022,bab aylan
206052,8044025,oulad wjih
206053,8044037,palmier
206054,8044060,el qaria
206055,8044061,sidi maarouf
206056,8044074,mkinssia
206057,8044075,bourrous
206058,8044078,narjis
206059,8044082,cite portugaise
206060,8044102,samlalia
206061,8044110,route de l ourika
206062,8044112,ennakhil palmeraie
206063,8044114,route de l ourika
206064,8044127,centre ville
206065,8044158,centre ville
206066,8044164,gueliz
206067,8044169,la gironde
206068,8044179,oasis
206069,8044190,mesnana
206070,8044191,mesnana
206071,8044202,mandarona
206072,8044209,la colline
206073,8044211,ville nouvelle
206074,8044221,ville nouvelle
206075,8044228,route de l ourika
206076,8044231,palmier
206077,8044246,dar bouazza
206078,8044247,laaouama
206079,8044256,el majjatia ouled taleb
206082,8044266,ain diab
206083,8044278,beausite
206084,8044289,hay targa
206085,8044295,centre
206086,8044301,sala el jadida
206087,8044314,malabata
206088,8044317,ouled teima
206089,8044343,hay dalia
206090,8044370,route casablanca
206092,8044381,ain amiyer
206093,8044384,bir chifa
206097,8044397,hivernage
206099,8044402,rabat
206101,8044405,riad isli
206102,8044406,plateau
206103,8044424,essaada
206104,8044433,essaada
206105,8044446,racine
206106,8044448,route de ceuta
206108,8044458,californie
206110,8044487,maarif
206111,8044491,gueliz
206112,8044500,route de tahanaout
206114,8044507,plage oued cherrat
206119,8044524,hay idari
206122,8044542,route de fez
206123,8044546,mdiq
206126,8044630,hamria
206127,8044640,ville nouvelle
206139,8044659,alsace lorraine
206140,8044678,plage oued cherrat
206141,8044679,plage oued cherrat
206142,8044681,route ain chkaf
206143,8044684,tilila
206144,8044685,gueliz
206145,8044691,route de ouarzazate
206146,8044693,sidi ghanem
206147,8044697,mers sultan
206148,8044702,sidi ghanem
206149,8044704,plage oued cherrat
206150,8044708,martil
206151,8044710,ain diab
206152,8044730,hay mabrouka
206153,8044731,hay mabrouka
206154,8044743,casablanca finance city
206155,8044777,cil hay salam
206156,8044808,bouskoura ville
206157,8044817,route amizmiz
206158,8044836,oulad wjih
206159,8044843,route de l ourika
206160,8044869,route de ouarzazate
206161,8044891,bourgogne est
206162,8044892,tahannaout
206163,8044906,route de l ourika
206164,8044912,riyad
206165,8044916,route casablanca
206166,8044923,tahannaout
206168,8044943,bir rami ouest
206170,8044983,nassim
206171,8044989,champ de course
206173,8045024,les princesses
206175,8045044,gueliz
206176,8045048,gueliz
206177,8045067,mhamid
206178,8045072,haut agdal
206179,8045074,ville verte
206180,8045080,sala el jadida
206181,8045104,aviation mabella
206182,8045121,moulay lyazid
206183,8045137,tanmiya
206186,8045147,majorelle
206187,8045163,deroua
206188,8045182,burger
206190,8045225,sala el jadida
206191,8045227,kbour chou
206192,8045231,route de l ourika
206193,8045234,beausejour
206194,8045246,route de fez
206196,8045279,dar bouazza
206197,8045289,centre
206198,8045299,centre
206199,8045300,route de fez
206200,8045309,malabata
206201,8045317,route de fez
206202,8045319,hay mabrouka
206204,8045322,sidi rahal
206205,8045326,tetouan
206206,8045328,errahma
206207,8045330,administratif
206208,8045341,gueliz
206209,8045351,hay targa
206210,8045359,racine
206211,8045368,tanger city center
206212,8045371,gueliz
206213,8045378,sidi rahal
206214,8045382,rmila
206215,8045384,ghazoua
206216,8045385,hay targa
206217,8045389,tiznit
206220,8045399,dar bouazza
206221,8045403,maarif extension
206222,8045417,gueliz
206223,8045418,ain sebaa
206224,8045420,les princesses
206225,8045421,martil
206226,8045422,hay salam
206229,8045432,amelkis
206231,8045434,dar bouazza
206234,8045442,route casablanca
206238,8045455,gueliz
206239,8045462,la vilette
206240,8045472,route de l ourika
206242,8045500,anfa
206243,8045507,ain diab extension
206244,8045524,maamora
206245,8045533,maarif
206246,8045534,harhoura
206248,8045580,la ville haute
206249,8045598,harhoura
206250,8045604,hay salam
206251,8045640,ain sebaa
206252,8045663,agdal
206253,8045664,gueliz
206254,8045668,tamesna
206256,8045689,kennaria
206257,8045700,founti
206258,8045708,gueliz
206259,8045721,les hopitaux
206260,8045724,hassania 1
206261,8045727,oued eddahab
206262,8045732,val fleury
206263,8045737,harhoura
206264,8045745,marjane
206265,8045753,marjane
206266,8045761,sidi maarouf
206267,8045772,palmier
206268,8045773,hay hassani
206270,8045783,sidi maarouf
206271,8045791,hay mohammadi
206272,8045798,mghogha
206273,8045811,nassim 1
206274,8045836,les princesses
206275,8045838,ben maachou
206276,8045844,sidi moussa lhamri
206277,8045870,secteur touristique
206278,8045872,sidi ahmed ou amar
206279,8045879,gueliz
206280,8045881,almaz
206281,8045884,lissasfa
206282,8045940,asilah
206283,8045972,berrechid
206284,8045976,oualidia
206285,8045981,ville verte
206286,8045982,sidi badhaj
206287,8045983,longchamps hay al hanaa
206288,8045990,route de fez
206289,8046008,oulfa
206291,8046018,hassan centre ville
206292,8046033,ain sebaa
206293,8046034,ain sebaa
206295,8046036,ain sebaa
206298,8046048,route de tahanaout
206299,8046065,founti
206300,8046069,secteur touristique
206301,8046085,boumesmar
206302,8046093,hay moulay rachid 4
206304,8046096,sidi rahal
206305,8046097,ferme bretonne hay arraha
206307,8046099,route de ouarzazate
206309,8046117,hay targa
206312,8046129,belvedere
206313,8046144,hay rahma
206314,8046146,tabriquet
206315,8046154,centre
206316,8046156,mhamid
206317,8046158,ahammar
206320,8046176,riviera
206321,8046188,tilila
206326,8046204,beausejour
206327,8046212,marjane
206332,8046230,ain sebaa
206333,8046278,casablanca finance city
206336,8046292,maarif
206337,8046296,gauthier
206338,8046298,arset sbaia
206339,8046300,route de tahanaout
206342,8046320,racine
206344,8046330,sidi maarouf
206345,8046335,ain diab
206346,8046347,jamaa el kbir
206347,8046354,hay ennasr
206348,8046417,ain sebaa
206349,8046418,ain sebaa
206350,8046419,ain sebaa
206351,8046420,ain sebaa
206352,8046421,ain sebaa
206354,8046423,ain sebaa
206355,8046424,ain sebaa
206356,8046425,ain sebaa
206357,8046426,ain sebaa
206358,8046427,ain sebaa
206359,8046428,ain sebaa
206360,8046432,aharrarine
206361,8046436,zone industrielle oukacha
206363,8046438,zone industrielle oukacha
206364,8046439,zone industrielle oukacha
206365,8046440,zone industrielle oukacha
206366,8046441,zone industrielle oukacha
206368,8046443,zone industrielle oukacha
206369,8046444,zone industrielle oukacha
206370,8046445,zone industrielle oukacha
206371,8046455,marjane
206372,8046457,laghdira
206373,8046462,hermitage
206374,8046463,hermitage
206375,8046464,hermitage
206377,8046466,hermitage
206378,8046467,hermitage
206379,8046468,hermitage
206383,8046499,zone industrielle oukacha
206386,8046502,zone industrielle oukacha
206389,8046505,zone industrielle oukacha
206391,8046507,zone industrielle oukacha
206392,8046508,zone industrielle oukacha
206394,8046510,dcheira el jihadia
206395,8046513,franceville
206397,8046515,franceville
206398,8046516,franceville
206399,8046517,franceville
206400,8046536,malabata
206402,8046558,l ocean
206403,8046564,les portes de marrakech
206404,8046565,marrakech
206405,8046568,ain sebaa
206406,8046569,ain sebaa
206407,8046579,hay lalla soukaina
206408,8046582,bab al bahr
206409,8046585,amelkis
206410,8046602,souissi
206411,8046604,les oudayas
206412,8046614,hay al horria
206413,8046615,hivernage
206414,8046622,cente
206415,8046624,gueliz
206416,8046634,sidi allal el bahraoui
206417,8046637,achakar
206418,8046639,ain diab
206420,8046673,wifak
206421,8046681,route de l ourika
206422,8046684,sidi rahal
206423,8046688,entree sud
206424,8046691,zouagha bas
206425,8046695,hay lmkansa
206426,8046703,guich oudaya
206427,8046726,route de l ourika
206428,8046727,nahda 1
206429,8046754,route de l ourika
206430,8046771,californie
206431,8046772,californie
206432,8046773,casablanca finance city
206433,8046783,alouane
206434,8046786,centre ville
206435,8046791,corniche
206436,8046807,hay targa
206437,8046810,al fath
206438,8046818,jawhara
206439,8046827,l ocean
206442,8046832,sidi el khadir
206443,8046833,sidi el khadir
206445,8046835,les hopitaux
206446,8046850,anfa
206447,8046862,gueliz
206449,8046877,anassi
206450,8046880,alfilline
206451,8046898,lot boubia
206452,8046905,el hadadda
206454,8046927,route de safi
206456,8046931,quartier des ambassades
206461,8046955,hassan centre ville
206463,8046983,route de tahanaout
206464,8047001,cil hay salam
206465,8047002,maamora
206466,8047016,dar assalam
206467,8047017,gauthier
206469,8047031,sidi bouzid
206470,8047042,victoria
206472,8047058,les princesses
206473,8047059,dar bouazza
206475,8047078,salmia 2
206476,8047081,la gironde
206478,8047087,riyad
206479,8047092,route de tahanaout
206480,8047101,route de tahanaout
206481,8047102,route de safi
206482,8047105,centre ville
206483,8047114,ville verte
206484,8047122,route de tahanaout
206485,8047124,gueliz
206487,8047129,racine
206488,8047130,hay alfadl
206489,8047143,bourgogne ouest
206491,8047168,route casablanca
206492,8047174,azilal
206493,8047181,gueliz
206494,8047203,gauthier
206495,8047207,oulad wjih
206496,8047211,les hopitaux
206497,8047214,beausejour
206498,8047218,maarif extension
206499,8047229,medina
206500,8047235,oulad wjih
206501,8047263,route de safi
206503,8047273,martil
206504,8047274,centre ville
206505,8047293,chefchaouen
206507,8047297,al qods
206508,8047320,route amizmiz
206509,8047322,cabo negro
206510,8047327,mhamid
206511,8047341,city dar es salaam
206512,8047347,dar bouazza
206513,8047359,azrou
206514,8047360,ain aouda
206515,8047361,casablanca
206516,8047363,casablanca
206517,8047365,lazaret
206518,8047372,route casablanca
206519,8047373,harhoura
206520,8047375,mediouna
206521,8047376,zaouia sidi ghalem
206522,8047377,saidia
206525,8047404,boukhalef
206526,8047411,hay annahda
206528,8047431,sidi yahya zaer
206532,8047436,tassoultante
206533,8047437,benyara
206535,8047445,tamazouzte
206536,8047446,route de l ourika
206537,8047448,route de tahanaout
206538,8047456,ghmate
206539,8047460,sidi youssef
206540,8047463,taboula
206541,8047472,kaat ben nahid
206542,8047478,souissi
206545,8047503,les hopitaux
206547,8047522,route ain chkaf
206548,8047532,dar bouazza
206549,8047544,anfa
206551,8047548,sidi rahal chatai
206552,8047564,hay mohammadi
206553,8047575,mister khouch
206554,8047583,azzouzia
206555,8047587,oued laou
206556,8047590,agdal
206557,8047603,timahdite
206558,8047610,hay maamoura
206559,8047614,berrechid
206560,8047615,ain aouda
206561,8047616,oasis
206562,8047620,jamila 4
206563,8047622,hamria
206564,8047627,had soualem
206566,8047637,route casablanca
206567,8047638,derb rbat
206568,8047639,californie
206569,8047644,centre
206570,8047647,bel air val fleuri
206571,8047670,route de tahanaout
206572,8047676,route casablanca
206573,8047683,mkinssia
206574,8047685,centre ville
206575,8047688,sala el jadida
206576,8047689,el hadadda
206577,8047690,sidi moumen
206578,8047691,ville verte
206579,8047696,palmier
206580,8047698,sidi allal el bahraoui
206581,8047709,ancienne medina
206582,8047713,route de marrakech
206584,8047717,sidi bouknadel
206585,8047722,ain sebaa
206587,8047736,hay hassani
206588,8047740,la cienda
206589,8047743,al moustakbal
206590,8047744,quartier oued fes
206591,8047753,errahma
206592,8047762,bir rami est
206593,8047765,beausejour
206594,8047774,hamria
206595,8047778,berrechid
206596,8047794,route se sefrou
206597,8047795,medina
206598,8047801,el mansouria
206599,8047804,medina
206601,8047819,medina
206602,8047820,daoudiat
206603,8047823,hay targa
206605,8047828,hay targa
206606,8047830,hay targa
206607,8047832,les portes de marrakech
206611,8047866,tassoultante
206612,8047907,nouaceur
206613,8047913,dar bouazza
206615,8047929,hay nahda
206617,8047958,bouskoura ville
206618,8047969,hay mabrouka
206619,8047979,korat essba
206620,8048028,jemaa shaim
206621,8048046,dar bouazza
206622,8048056,route de ouarzazate
206623,8048095,route de l ourika
206624,8048111,ain diab
206625,8048113,amelkis
206626,8048115,les cretes
206627,8048129,hay targa
206629,8048149,gueliz
206630,8048162,tiznit
206631,8048166,val fleury
206632,8048170,diour jamaa
206633,8048173,had soualem
206634,8048196,chefchaouen
206635,8048216,route amizmiz
206636,8048228,sidi ben slimane el jazouli
206637,8048237,tassoultante
206638,8048240,harhoura
206640,8048247,route casablanca
206641,8048251,mouassine
206642,8048263,les hopitaux
206643,8048265,tahannaout
206644,8048272,corniche
206645,8048273,oulfa
206646,8048323,ain sebaa
206648,8048328,hay zitoune
206649,8048333,argana
206650,8048337,centre ville
206651,8048340,chtouka
206652,8048349,chtouka
206653,8048357,californie
206654,8048358,californie
206655,8048374,californie
206656,8048375,californie
206657,8048376,californie
206658,8048377,californie
206659,8048378,californie
206660,8048379,californie
206661,8048390,californie
206662,8048391,californie
206664,8048412,tantonville
206665,8048414,boulevard med 6
206666,8048422,iberie
206667,8048424,sidi ben slimane el jazouli
206669,8048426,sidi othmane
206670,8048427,sidi othmane
206671,8048428,sidi othmane
206673,8048430,sidi othmane
206674,8048431,sidi othmane
206675,8048432,sidi othmane
206676,8048453,agdal
206677,8048455,belvedere
206678,8048465,centre
206679,8048467,gueliz
206681,8048505,la ville haute
206682,8048506,souissi
206683,8048512,sebt gzoula
206684,8048517,anfa
206685,8048527,californie
206689,8048534,wafa
206690,8048540,ksibat nhas
206691,8048544,roches noires
206692,8048550,californie
206693,8048562,hay rajaa
206695,8048567,deroua
206697,8048583,de la plage
206698,8048590,mohammedia
206699,8048591,la colline
206700,8048592,hay houda
206701,8048593,oulad wjih
206702,8048610,gueliz
206703,8048617,hay essalam
206705,8048625,ain sebaa
206706,8048632,ville verte
206707,8048639,bel air val fleuri
206708,8048641,ville verte
206709,8048642,assarag
206710,8048660,ain borja
206711,8048661,mandarona
206712,8048663,ain borja
206713,8048670,centre ville
206714,8048671,les hopitaux
206715,8048682,ounagha
206716,8048683,centre ville
206717,8048684,ounagha
206718,8048695,plage oued cherrat
206719,8048696,laaouama
206722,8048708,sanaoubar
206723,8048715,tabriquet
206725,8048726,gauthier
206727,8048746,oulfa
206728,8048770,rmila
206729,8048772,riad 2
206730,8048806,gueliz
206731,8048813,boukhalef
206732,8048822,route de l ourika
206733,8048824,dar bouazza
206734,8048831,hassan centre ville
206735,8048852,route casablanca
206736,8048857,belvedere
206737,8048861,les princesses
206738,8048863,port
206739,8048865,port
206740,8048870,route casablanca
206741,8048879,martil
206742,8048885,ain sebaa
206743,8048912,gueliz
206744,8048916,la ville haute
206745,8048917,hay salam
206746,8048926,hay hassani
206747,8048928,asilah
206748,8048935,oasis
206749,8048942,sidi bouknadel
206750,8048949,route casablanca
206751,8048950,rmila
206752,8048956,hay mohammadi
206753,8048983,quartier industriel
206754,8048987,riad zitoun
206755,8048994,camp al ghoul
206756,8048995,zone industrielle
206759,8049021,amelkis
206761,8049032,al kawtar
206762,8049039,route amizmiz
206763,8049040,route amizmiz
206764,8049041,route amizmiz
206765,8049042,route amizmiz
206766,8049043,route amizmiz
206767,8049050,sidi abdallah ghiat
206768,8049055,route de l ourika
206770,8049063,amelkis
206771,8049078,roches noires
206772,8049081,mers sultan
206773,8049091,ennakhil palmeraie
206774,8049098,administratif
206776,8049133,route immouzer
206777,8049143,hay inara
206778,8049148,bernoussi
206779,8049156,ennakhil palmeraie
206781,8049162,el manar el hank
206782,8049170,riyad
206784,8049175,agdal
206785,8049184,racine
206786,8049188,bourgogne est
206787,8049198,kbour chou
206789,8049220,californie
206790,8049230,californie
206791,8049231,saniat errmel
206792,8049257,route de tahanaout
206794,8049265,quartier oued fes
206795,8049279,riyad
206796,8049282,derb omar
206798,8049309,majorelle
206799,8049318,dar bouazza
206800,8049326,gueliz
206801,8049327,riyad
206802,8049330,malabata
206804,8049345,oasis
206805,8049346,derb chtouka
206806,8049347,anfa
206807,8049351,anfa
206808,8049355,hay mabrouka
206809,8049362,medina
206810,8049363,almaz
206811,8049367,maamora
206812,8049414,gueliz
206814,8049471,hay targa
206815,8049489,gueliz
206816,8049492,al qods
206817,8049497,quartier du soleil
206818,8049510,sidi el ghandour
206819,8049514,derb ghalef
206821,8049529,ismalia
206824,8049541,ben dibane
206827,8049553,hay chrifa
206828,8049554,rabat
206837,8049576,lahrarta
206839,8049584,mhamid
206840,8049595,route de tahanaout
206843,8049608,errachidia
206844,8049613,ennakhil palmeraie
206845,8049619,sidi youssef
206846,8049620,mediouna
206850,8049642,polo
206851,8049653,ain attig
206853,8049661,bourgogne ouest
206854,8049664,cheminoits
206855,8049677,route de fez
206856,8049683,bouskoura ville
206857,8049687,agdal
206860,8049721,cgi
206862,8049753,belvedere
206864,8049760,hivernage
206865,8049761,kouilma
206866,8049780,taghzout
206867,8049782,agdal
206868,8049799,berrima
206869,8049820,agdal
206870,8049823,ain sebaa
206872,8049837,camp al ghoul
206873,8049850,ain chock
206874,8049854,gueliz
206875,8049861,casablanca finance city
206876,8049867,oasis
206877,8049869,gueliz
206878,8049870,route de ouarzazate
206881,8049883,sidi rahal
206883,8049887,dcheira el jihadia
206884,8049893,route de ouarzazate
206886,8049928,gueliz
206887,8049930,arset ben chebli
206888,8049945,hassan centre ville
206889,8049946,tanmiya
206890,8049949,ain diab
206891,8049968,centre
206892,8049984,racine
206893,8049987,route casablanca
206894,8049988,californie
206895,8049992,hay mohammadi
206896,8050004,gueliz
206899,8050038,bettana
206900,8050054,habbous
206901,8050060,maarif
206902,8050063,gueliz
206903,8050072,gueliz
206904,8050073,branes kdima
206905,8050075,chenguite
206906,8050076,camp al ghoul
206908,8050097,ksar sghir
206909,8050127,route de l ourika
206910,8050130,hamria
206912,8050144,riyad
206914,8050150,tassoultante
206916,8050182,route de l ourika
206917,8050190,berkane
206918,8050200,la ville haute
206919,8050201,bella vista
206920,8050208,route casablanca
206921,8050209,sidi abdallah ghiat
206922,8050210,oulad hassoune
206923,8050212,plateau
206925,8050226,berrechid
206926,8050231,sakani
206927,8050240,route de l ourika
206928,8050243,hivernage
206930,8050251,mellah
206931,8050261,beni mellal
206932,8050267,saidia
206933,8050273,martil
206934,8050279,oulad wjih
206936,8050300,route de l ourika
206937,8050303,hay saada
206938,8050304,al bassatine
206939,8050313,camp al ghoul
206942,8050325,route de fez
206944,8050341,ain diab
206946,8050357,agdal
206947,8050362,route de fez
206948,8050367,route de l ourika
206949,8050369,hassan centre ville
206950,8050379,route de fez
206951,8050381,corniche
206952,8050385,moulay youssef
206953,8050386,racine
206954,8050408,les hopitaux
206956,8050426,route de l ourika
206957,8050430,les hopitaux
206958,8050456,les princesses
206959,8050457,route de safi
206960,8050471,oulfa
206961,8050475,oasis
206962,8050479,ain diab
206964,8050490,hay targa
206966,8050523,centre
206967,8050527,bourgogne ouest
206968,8050531,martil
206969,8050540,agdal
206970,8050558,kalaat m gouna
206972,8050573,ouarzazate
206973,8050576,mozart
206974,8050580,ain diab
206975,8050583,sidi ghanem
206976,8050587,hay mohammadi
206977,8050590,derb ghalef
206978,8050592,administratif
206979,8050604,riad salam
206980,8050610,route de l ourika
206981,8050618,boulevard med 6
206983,8050661,marchan
206984,8050682,gueliz
206986,8050706,bab aylan
206987,8050707,de la plage
206988,8050712,route de l ourika
206989,8050715,gueliz
206991,8050726,marrakech
206992,8050733,hivernage
206993,8050805,route de l ourika
206995,8050829,route de fez
206996,8050830,beausejour
206997,8050833,maamora
206998,8050844,ismalia
206999,8050854,ferme bretonne hay arraha
207000,8050860,hivernage
207001,8050862,riad zitoun
207002,8050864,mimosas
207003,8050879,marrakech
207005,8050908,ain diab
207006,8050911,agafay
207007,8050913,bernoussi
207008,8050932,tameslohte
207009,8050940,m diq
207010,8050941,mozart
207011,8050951,gueliz
207012,8050956,tameslohte
207013,8050957,riyad
207014,8050958,tameslohte
207015,8050960,anza
207016,8050969,route amizmiz
207017,8050983,sidi moussa
207018,8050985,maihta
207019,8050986,amelkis
207020,8050993,maarif
207022,8050999,californie
207023,8051003,lissasfa
207025,8051034,al madina aljadida
207026,8051035,agdal
207027,8051045,route de safi
207028,8051055,hay targa
207029,8051060,derb ghalef
207033,8051099,route de l ourika
207037,8051110,gueliz
207039,8051112,riad al atlas
207045,8051127,ain diab
207047,8051136,gueliz
207048,8051163,daoudiat
207049,8051165,racine
207052,8051173,route immouzer
207053,8051181,bouskoura ville
207054,8051183,marrakech
207055,8051198,administratif
207056,8051219,riyad
207057,8051230,sidi bou amar
207058,8051233,agdal
207059,8051238,oulfa
207060,8051242,sidi bou amar
207062,8051244,racine
207064,8051253,amelkis
207065,8051257,route d agadir essaouira
207068,8051262,medina
207069,8051265,hay inara
207070,8051268,route d agadir essaouira
207071,8051275,tiznit
207072,8051279,les princesses
207074,8051301,route de rabat
207075,8051308,bourgogne ouest
207077,8051319,berrechid
207078,8051322,settat
207079,8051331,talborjt
207080,8051345,hay targa
207081,8051363,amelkis
207082,8051373,ahmar laglalcha
207083,8051396,maarif
207084,8051406,ennakhil palmeraie
207085,8051433,racine extension
207086,8051448,harhoura
207087,8051455,harhoura
207088,8051456,mimosas
207090,8051468,agdal
207091,8051496,oulfa
207092,8051497,cil hay salam
207093,8051523,route casablanca
207094,8051524,bourgogne est
207095,8051537,tifelt
207096,8051546,riyad
207097,8051568,ville verte
207098,8051573,oulfa
207099,8051584,bourrous
207101,8051605,la gironde
207104,8051631,rmila
207105,8051638,bel air val fleuri
207107,8051647,route de tahanaout
207108,8051694,roches noires
207109,8051700,bella vista
207110,8051712,roches noires
207111,8051723,hay hassani
207112,8051724,route de fez
207114,8051749,route de l ourika
207116,8051754,kalaat m gouna
207117,8051756,samlalia
207118,8051763,harhoura
207119,8051791,chtouka
207120,8051793,route casablanca
207121,8051817,martil
207122,8051820,administratif
207124,8051834,quartier oued fes
207125,8051836,had soualem
207131,8051846,had soualem
207135,8051852,gueliz
207136,8051856,izdihar
207137,8051860,hay chmaou
207139,8051862,hay targa
207141,8051864,route casablanca
207142,8051872,sidi abbad
207143,8051876,belvedere
207144,8051878,agdal
207145,8051879,el hara
207146,8051881,route de tahanaout
207147,8051891,malabata
207149,8051895,anfa
207150,8051905,riviera
207152,8051922,route de tahanaout
207153,8051933,technopolis
207156,8051938,ville verte
207157,8051978,route de l ourika
207158,8051983,palmier
207159,8051984,route de ouarzazate
207160,8051986,ain atig
207162,8051997,hay saada
207163,8052000,hivernage
207165,8052004,al manzla
207166,8052020,arset el houta
207167,8052055,selouane
207168,8052063,derb el mitre
207169,8052070,sidi rahal
207171,8052081,dar bouazza
207173,8052086,dar bouazza
207174,8052095,dar bouazza
207175,8052096,najmat al janoub
207176,8052101,ourika
207177,8052112,maamora
207178,8052115,hivernage
207179,8052120,amelkis
207180,8052121,les hopitaux
207182,8052138,route de l ourika
207184,8052163,route de l ourika
207185,8052164,imarat
207188,8052180,azzouzia
207189,8052182,bel air val fleuri
207192,8052202,les princesses
207193,8052212,rommani
207194,8052217,centre
207195,8052234,ziana
207196,8052248,mhamid
207197,8052253,souissi
207198,8052255,gueliz
207200,8052270,wafa
207201,8052283,mellah
207202,8052299,hay hassani
207203,8052304,agdal
207206,8052316,dar bouazza
207207,8052320,dar bouazza
207208,8052327,majorelle
207209,8052337,sidi kacem
207210,8052355,guich oudaya
207211,8052363,oasis
207212,8052364,route de safi
207213,8052369,ait melloul
207214,8052374,bettana
207215,8052380,californie
207216,8052402,lalla chafia
207217,8052417,selouane
207218,8052424,sidi abdallah ghiat
207219,8052425,sidi abdallah ghiat
207220,8052432,malloussa
207221,8052436,marjane
207222,8052445,tit mellil
207223,8052449,ksar el kebir
207224,8052461,quartier aerodrome
207225,8052469,monica
207227,8052496,al fath
207228,8052498,val fleury
207229,8052503,amelkis
207230,8052516,hay chmaou
207231,8052523,bab al bahr
207232,8052527,tilila
207233,8052538,el menzeh
207234,8052542,medina
207235,8052553,oulfa
207236,8052556,wislane
207237,8052570,souissi
207238,8052571,imzouren
207239,8052581,harhoura
207240,8052584,route de tahanaout
207242,8052595,route ain chkaf
207244,8052618,ain diab
207246,8052636,asilah
207247,8052639,cil hay salam
207248,8052652,hay riyad
207249,8052669,sala el jadida
207250,8052676,zone industrielle
207251,8052680,les princesses
207252,8052697,centre ville
207253,8052723,maarif
207254,8052736,route immouzer
207255,8052737,ain attig
207257,8052762,maarif
207259,8052779,berrechid
207260,8052784,gauthier
207261,8052787,bouskoura ville
207262,8052814,racine
207264,8052830,dar bouazza
207265,8052842,route de fez
207266,8052849,amelkis
207267,8052855,californie
207268,8052882,centre ville
207269,8052903,ancienne medina
207270,8052911,maarif extension
207271,8052917,ben saleh
207272,8052923,malabata
207274,8052932,route de ouarzazate
207275,8052940,el mansouria
207276,8052944,el kelaa des sraghna
207277,8052946,golf de benslimane
207278,8052995,ville verte
207280,8053026,route de ouarzazate
207281,8053030,maarif
207282,8053031,route amizmiz
207283,8053048,centre
207284,8053067,ksar sghir
207285,8053071,bouskoura ville
207286,8053073,ville verte
207287,8053074,casablanca marina
207288,8053088,racine
207289,8053102,kebibat
207290,8053112,dar bouazza
207291,8053118,cabo negro
207292,8053126,hay bensouda
207293,8053127,aviation mabella
207294,8053129,ennakhil palmeraie
207295,8053137,asilah
207296,8053145,hay mabrouka
207297,8053150,route de l ourika
207298,8053163,dar bouazza
207299,8053167,centre
207300,8053183,gueliz
207301,8053187,route casablanca
207302,8053193,ben saleh
207303,8053214,racine extension
207304,8053238,el hajeb
207305,8053240,racine
207306,8053256,hay alfadl
207307,8053271,roches noires
207308,8053273,boufkrane
207309,8053290,route casablanca
207310,8053304,route de tahanaout
207311,8053310,benjdia
207312,8053311,riyad
207313,8053313,riyad
207314,8053319,oulfa
207315,8053329,route de meknes
207316,8053357,riyad
207317,8053366,ferme bretonne hay arraha
207318,8053373,agdal
207319,8053402,tinghir
207320,8053403,oulad wjih
207321,8053406,route casablanca
207322,8053432,rmila
207323,8053433,route de ouarzazate
207324,8053436,jnan ben chagra
207325,8053455,sidi slimane
207326,8053458,al irfane
207327,8053472,ville verte
207328,8053487,wifak
207330,8053535,californie
207331,8053557,alouane
207332,8053588,route de safi
207333,8053602,harhoura
207334,8053606,cap spartel
207335,8053617,racine
207336,8053621,moujahidine
207337,8053658,route de l ourika
207338,8053663,route de l ourika
207340,8053705,quartier al woroud
207341,8053737,nassim 1
207342,8053745,casablanca finance city
207343,8053749,route amizmiz
207344,8053782,branes kdima
207345,8053788,hay targa
207346,8053794,hay alfadl
207347,8053802,les princesses
207348,8053818,centre
207349,8053827,mesnana
207350,8053829,centre
207351,8053847,gauthier
207352,8053851,sidi maarouf
207353,8053906,route amizmiz
207354,8053942,route de l ourika
207356,8053977,route de fez
207357,8053979,maarif
207358,8053985,hay el menzah
207359,8053990,l ocean
207360,8053992,centre
207361,8054003,bourgogne ouest
207362,8054004,quartier oued fes
207363,8054021,agafay
207364,8054025,berrima
207365,8054027,el argoub
207366,8054048,californie
207367,8054052,talborjt
207368,8054074,corniche
207369,8054091,marrakech
207370,8054092,marrakech
207371,8054095,route amizmiz
207372,8054096,sidi bennour
207373,8054098,al massira
207374,8054110,hay m barka
207375,8054114,sidi belyout
207376,8054132,route de l ourika
207378,8054143,victoria
207379,8054149,route de l ourika
207380,8054151,sidi slimane
207381,8054155,azla
207382,8054156,m diq
207384,8054178,jbel kbir
207385,8054200,racine
207386,8054201,belvedere
207387,8054203,aarid
207388,8054216,alsace lorraine
207389,8054219,alsace lorraine
207391,8054221,alsace lorraine
207392,8054233,tiznit
207393,8054251,harhoura
207394,8054256,californie
207395,8054261,ain diab
207396,8054274,route de safi
207398,8054290,les princesses
207400,8054308,maarif
207401,8054322,oasis
207402,8054324,route de fez
207403,8054325,souissi
207404,8054362,harhoura
207405,8054398,agdal
207406,8054410,hay targa
207407,8054411,sidi mimoun
207408,8054416,route de l ourika
207409,8054427,sidi mimoun
207410,8054431,route de ouarzazate
207411,8054453,ennakhil palmeraie
207412,8054457,samlalia
207413,8054476,ourika
207414,8054498,zaouia sidi ghalem
207415,8054518,cente
207416,8054519,route de ouarzazate
207417,8054526,ennakhil palmeraie
207418,8054528,hivernage
207419,8054535,bouskoura ville
207420,8054541,ville nouvelle
207421,8054564,mesnana
207422,8054578,gueliz
207423,8054580,malabata
207424,8054583,ville verte
207425,8054591,mouassine
207426,8054620,bir rami est
207427,8054626,bir rami est
207428,8054629,rmilat
207429,8054656,ennakhil palmeraie
207430,8054658,malabata
207431,8054662,sidi moumen
207432,8054665,pepiniere
207433,8054669,sidi abdallah ghiat
207434,8054671,sakani
207435,8054702,saada
207436,8054703,alfilline
207437,8054713,bourgogne ouest
207438,8054722,martil
207439,8054725,agdal
207440,8054726,gauthier
207441,8054731,maarif
207442,8054738,bouskoura ville
207443,8054746,ain harrouda
207444,8054747,sidi yahya
207445,8054765,chbanat
207446,8054768,agdal
207447,8054769,route de safi
207448,8054783,had soualem
207449,8054826,maamora
207450,8054835,hermitage
207451,8054841,sidi allal el bahraoui
207452,8054843,taounate
207453,8054860,samlalia
207454,8054865,massira 2
207455,8054877,bouskoura ville
207456,8054882,ryad dakhla
207458,8054897,quartier des ambassades
207459,8054906,bouskoura ville
207460,8054908,val fleury
207461,8054909,maarif
207462,8054919,sidi maarouf
207463,8054937,tinghir
207464,8054965,hassan centre ville
207465,8054974,palmier
207466,8054977,val fleury
207467,8054979,du golf
207468,8054985,triangle d or
207469,8055021,sania
207470,8055023,ville verte
207471,8055028,ain diab
207472,8055035,maarif
207473,8055083,bir rami est
207474,8055087,jbel kbir
207475,8055092,atlas
207476,8055097,ville verte
207477,8055128,errahma
207478,8055129,hay mohammadi
207479,8055131,martil
207480,8055145,berrechid
207481,8055162,wilaya
207483,8055169,martil
207484,8055172,ben saleh
207485,8055190,kbour chou
207486,8055191,abouab sala
207487,8055192,la ville haute
207488,8055194,hay inara
207489,8055201,bir chairi
207490,8055202,agdal
207491,8055228,laghnimyine
207492,8055236,al massira
207493,8055268,route de ouarzazate
207494,8055272,sidi boukhalkhal
207495,8055291,ouazguita
207496,8055299,hay ach chbanat
207497,8055301,palmier
207499,8055304,al hoceima
207500,8055309,oulad wjih
207501,8055320,malabata
207502,8055348,route casablanca
207503,8055350,bourgogne ouest
207504,8055354,nouvelle ville
207505,8055363,ait melloul
207506,8055364,gueliz
207508,8055396,laattaouia
207509,8055404,anfa
207510,8055406,victoria
207511,8055416,racine
207512,8055417,hay al hassani
207513,8055418,belvedere
207514,8055419,belbekkar
207515,8055421,racine
207516,8055427,casablanca
207517,8055428,hay al massar
207518,8055430,camp al ghoul
207519,8055432,gueliz
207520,8055433,ain harrouda
207521,8055437,les hopitaux
207522,8055439,had soualem
207523,8055440,bouskoura ville
207524,8055442,city dar es salaam
207525,8055448,racine
207526,8055450,fonciere
207527,8055453,casablanca
207528,8055457,racine
207529,8055460,sidi rahal
207530,8055464,hivernage
207531,8055465,les hopitaux
207532,8055470,benjdia
207533,8055475,derb ghalef
207534,8055476,bourgogne ouest
207535,8055486,mimosas
207536,8055493,racine
207537,8055498,ville verte
207538,8055501,bernoussi
207539,8055503,route casablanca
207540,8055517,centre ville
207541,8055518,bab ghmat
207542,8055524,hamria
207543,8055534,ville verte
207544,8055539,route nationale assilah n1
207545,8055593,riad
207546,8055597,route de l ourika
207547,8055607,gueliz
207548,8055609,hay al fadl
207549,8055621,almaz
207550,8055622,bouskoura
207552,8055648,ville verte
207553,8055660,tikiouine
207554,8055675,ennakhil palmeraie
207555,8055677,majorelle
207556,8055681,hay al amal
207557,8055689,hay targa
207558,8055692,gueliz
207559,8055693,centre
207560,8055713,amelkis
207561,8055723,ennakhil palmeraie
207562,8055725,aharrarine
207563,8055749,gueliz
207564,8055752,majorelle
207565,8055755,bouskoura ville
207566,8055773,route de l ourika
207567,8055789,casablanca finance city
207568,8055792,tifelt
207569,8055805,sidi bou amar
207570,8055809,ain diab extension
207571,8055825,les princesses
207574,8055855,tameslohte
207575,8055857,sidi hajji
207576,8055860,belvedere
207577,8055861,samlalia
207578,8055868,ville verte
207579,8055880,mouassine
207580,8055902,chtouka
207581,8055905,route amizmiz
207583,8055909,berrechid
207584,8055912,mesnana
207585,8055916,berrechid
207587,8055946,asilah
207588,8055951,quartier bachkou
207589,8055953,douar laarab
207590,8055957,ain sebaa
207591,8055971,route de fez
207592,8055973,loudaya
207593,8055974,al massira
207594,8055978,assouel
207595,8055999,hay salam
207596,8056010,route amizmiz
207597,8056011,samlalia
207598,8056012,hay mohammadi
207599,8056019,el hadadda
207600,8056020,ourika
207601,8056040,mimosas
207602,8056046,el majd
207603,8056052,route de fez
207604,8056056,massira 1
207605,8056060,maarif
207606,8056069,malabata
207608,8056098,route de tahanaout
207609,8056099,sidi ben slimane el jazouli
207610,8056103,hay mohammadi
207611,8056106,marjane
207612,8056107,el argoub
207613,8056113,route de l ourika
207614,8056117,mhamid
207615,8056133,tifelt
207616,8056135,bir rami est
207617,8056143,centre
207618,8056146,had soualem
207619,8056148,bourgogne ouest
207620,8056168,route de l ourika
207621,8056174,moulay youssef
207622,8056177,tit mellil
207623,8056192,gueliz
207625,8056234,amerchich
207626,8056257,triangle d or
207627,8056268,berrechid
207628,8056288,riad oulad mtaa
207629,8056299,el mansouria
207630,8056300,belvedere
207631,8056306,sidi maarouf
207632,8056308,oulad wjih
207633,8056317,abbadi
207634,8056322,agdal
207635,8056334,anassi
207636,8056338,agdal
207637,8056363,golf de benslimane
207638,8056368,racine
207639,8056406,hay mohammadi
207640,8056429,errachidia
207642,8056444,amelkis
207643,8056514,cherkaoui marzouka
207644,8056526,zaouiat lahdar
207645,8056528,du golf
207646,8056535,les princesses
207647,8056539,agdal
207648,8056545,casablanca finance city
207649,8056564,riyad
207650,8056567,hay mohammadi
207651,8056581,sidi slimane
207653,8056586,marrakech
207654,8056587,hivernage
207655,8056588,hivernage
207657,8056616,ain chock
207658,8056623,harbil
207659,8056638,hay annahda
207660,8056648,taliouine
207661,8056654,route casablanca
207662,8056656,val fleuri
207663,8056657,route amizmiz
207664,8056660,aeroport
207665,8056662,bir rami ouest
207666,8056663,asilah
207667,8056678,guercif
207668,8056695,wifak
207669,8056712,skhirat
207670,8056713,mandarona
207671,8056727,route nationale assilah n1
207672,8056743,agdal
207673,8056753,mabroka
207674,8056765,route amizmiz
207675,8056775,oasis
207676,8056808,hivernage
207677,8056816,ville verte
207678,8056841,saka
207679,8056844,assam
207680,8056846,saka
207681,8056847,bir rami ouest
207682,8056849,el hadadda
207683,8056856,nouaceur
207684,8056857,sidi kacem
207685,8056864,sidi abdellah
207686,8056892,bouskoura ville
207687,8056896,hay targa
207689,8056921,jbel kbir
207690,8056922,berrechid
207691,8056939,lagfifat
207692,8056965,hay el boughaz
207693,8056967,selouane
207694,8056971,sidi moumen
207695,8056979,route immouzer
207696,8056984,guelmim
207697,8056993,burger
207698,8056998,dar bouazza
207699,8057015,ouled teima
207700,8057024,el menzeh
207701,8057028,route casablanca
207702,8057044,izdihar
207703,8057052,sidi allal el bahraoui
207704,8057053,dar bouazza
207705,8057063,tamesna
207706,8057065,anfa superieur
207707,8057067,zone industrielle
207708,8057072,gauthier
207709,8057074,maarif
207710,8057075,moujahidine
207711,8057079,agdal
207712,8057083,route de tahanaout
207713,8057090,sanaoubar
207714,8057091,marrakech
207715,8057095,quartier des ambassades
207716,8057101,souissi
207717,8057125,gauthier
207718,8057126,route de l ourika
207719,8057132,mers sultan
207720,8057141,route de l ourika
207721,8057144,al kawtar
207722,8057156,route amizmiz
207723,8057163,gauthier
207724,8057178,oulad salah
207725,8057190,route de tahanaout
207726,8057201,essaada
207727,8057203,agdal
207728,8057209,ouled lahcen
207729,8057219,boulevard med 6
207730,8057220,azzouzia
207731,8057240,samlalia
207732,8057241,oulfa
207733,8057250,deroua
207734,8057253,cil hay salam
207735,8057256,hermitage
207736,8057259,berrechid
207737,8057266,nouaceur
207738,8057281,agdal
207739,8057302,souissi
207740,8057313,moulay lyazid
207742,8057333,medina
207743,8057354,sala el jadida
207744,8057363,gueliz
207745,8057364,taghzout
207746,8057365,hay moulay abdellah
207747,8057369,ain chock
207748,8057391,tamesna
207749,8057405,talborjt
207750,8057408,l ocean
207752,8057418,berrima
207753,8057445,maarif extension
207754,8057456,gueliz
207756,8057476,iberie
207757,8057478,hay moulay abdellah
207758,8057479,route d agadir essaouira
207759,8057481,sidi badhaj
207760,8057484,hay salam
207761,8057486,riad oulad mtaa
207762,8057500,marchan
207763,8057512,akniss
207764,8057515,riyad
207765,8057522,aouama gharbia
207766,8057524,hivernage
207767,8057529,riyad
207768,8057530,centre
207769,8057531,riyad
207770,8057534,riyad
207771,8057538,riyad
207772,8057540,franceville
207773,8057548,el manar el hank
207774,8057552,victoria
207775,8057565,route casablanca
207776,8057568,harhoura
207777,8057575,ville verte
207778,8057581,bouskoura ville
207779,8057589,derb ghalef
207780,8057610,al irfane
207781,8057624,harhoura
207782,8057628,beni mellal
207783,8057631,ouasis
207784,8057647,les princesses
207786,8057654,bouskoura ville
207787,8057669,route amizmiz
207788,8057672,wafa
207789,8057677,lissasfa
207790,8057695,centre
207791,8057701,val fleuri
207792,8057705,agafay
207793,8057710,nzaha
207794,8057713,gueliz
207795,8057717,mesnana
207796,8057727,essalam
207797,8057731,riyad
207798,8057761,riad al atlas
207799,8057762,hay essalam
207800,8057764,hay targa
207801,8057770,agdal
207802,8057777,hay massira
207803,8057779,gueliz
207805,8057810,iberie
207806,8057849,agdal
207807,8057851,gueliz
207808,8057870,oulfa
207809,8057875,ain johra
207810,8057890,nouvelle ville
207811,8057939,val fleury
207813,8057967,tit mellil
207814,8057971,samlalia
207815,8057975,bourgogne ouest
207816,8057979,les hopitaux
207817,8057986,ain diab
207818,8057991,saidia
207819,8058004,assouel
207820,8058005,riyad
207821,8058006,gueliz
207822,8058024,sidi allal el bahraoui
207823,8058031,sidi bou amar
207824,8058032,berrechid
207825,8058043,arset moulay moussa
207827,8058061,route casablanca
207828,8058062,dar el lhamra
207829,8058066,bled el gharbi
207830,8058075,route de l ourika
207831,8058076,amelkis
207832,8058080,azemmour
207833,8058085,benjdia
207834,8058086,al qods
207835,8058094,zone industrielle sidi ghanem
207836,8058099,de la plage
207837,8058100,maarif
207838,8058109,saidia
207839,8058116,amizmiz
207840,8058120,ourika
207841,8058121,agdal
207842,8058122,centre
207843,8058131,al mandar al jamil
207844,8058133,errahma
207845,8058136,agdal
207846,8058151,sidi abdallah ghiat
207847,8058160,hay hassani
207848,8058162,deroua
207849,8058170,sidi maarouf
207850,8058183,hay hassani
207851,8058186,route d agadir essaouira
207852,8058199,ismalia
207853,8058205,racine
207854,8058207,agdal
207855,8058218,hay achchabab
207856,8058225,harhoura
207857,8058242,tassoultante
207858,8058258,harhoura
207859,8058264,hivernage
207860,8058266,asilah
207861,8058276,maarif
207862,8058277,mimosas
207863,8058284,wilaya
207864,8058303,quartier aerodrome
207865,8058305,hay mohammadi
207866,8058312,ahlane
207867,8058317,medina
207868,8058325,corniche
207869,8058343,sidi mansour
207870,8058348,route de tahanaout
207871,8058352,tabriquet
207872,8058377,beni mellal
207873,8058383,administratif
207874,8058390,hivernage
207875,8058402,administratif
207876,8058406,sidi allal el bahraoui
207877,8058411,roches noires
207878,8058414,takadoum
207879,8058415,el argoub
207880,8058417,ryad dakhla
207881,8058427,berrechid
207882,8058432,route de l ourika
207883,8058433,lissasfa
207884,8058446,hamria
207885,8058449,bourgogne ouest
207886,8058450,hamria
207887,8058453,hamria
207888,8058455,maarif
207889,8058482,bourgogne est
207890,8058483,californie
207892,8058495,marjane
207893,8058505,massira 2
207896,8058520,souissi
207897,8058531,californie
207898,8058598,agdal
207899,8058613,safi
207900,8058616,safi
207901,8058622,maarif extension
207902,8058627,route de fez
207903,8058628,hay mabrouka
207904,8058642,harhoura
207905,8058651,ifriquia
207906,8058665,derb chtouka
207907,8058667,l ocean
207908,8058680,hamria
207909,8058686,hamria
207910,8058692,al azhar
207911,8058706,arset ben chebli
207912,8058708,mandarona
207913,8058715,hamria
207914,8058717,errahma
207915,8058720,ennakhil palmeraie
207916,8058726,marjane
207917,8058728,hamria
207918,8058731,centre ville
207919,8058733,medina
207920,8058734,longchamps hay al hanaa
207921,8058736,agdal
207922,8058737,amelkis
207923,8058739,amelkis
207924,8058744,ville verte
207925,8058745,route de fez
207926,8058767,derb ghalef
207927,8058773,majorelle
207928,8058778,gueliz
207929,8058779,errahma
207930,8058783,champ de course
207931,8058788,riyad
207932,8058792,route immouzer
207933,8058796,route de tahanaout
207934,8058797,agdal
207935,8058802,route se sefrou
207936,8058804,maarif extension
207937,8058805,cap spartel
207938,8058811,marjane
207939,8058812,route de l ourika
207940,8058820,route amizmiz
207941,8058857,gueliz
207942,8058858,gueliz
207943,8058859,gueliz
207944,8058860,gueliz
207945,8058861,gueliz
207946,8058862,gueliz
207947,8058863,gueliz
207948,8058864,gueliz
207949,8058865,gueliz
207950,8058866,gueliz
207951,8058867,gueliz
207952,8058868,gueliz
207953,8058891,marrakech
207954,8058894,marrakech
207955,8058899,marrakech
207956,8058905,marrakech
207957,8058938,boulevard med 6
207958,8058940,tifelt
207959,8058973,ville verte
207960,8058979,riviera
207961,8058989,guercif
207962,8058990,gueliz
207963,8058992,champ de course
207964,8058997,gauthier
207965,8059000,hay mabrouka
207966,8059005,quartier oued fes
207967,8059019,tit mellil
207969,8059049,tanja balia
207970,8059051,zone industrielle moulay rachid
207971,8059062,gueliz
207972,8059069,taghazout
207973,8059071,route de l ourika
207974,8059073,route de fez
207975,8059074,route de fez
207976,8059077,assarag
207977,8059078,agdal
207978,8059079,casablanca
207979,8059080,marjane
207980,8059105,dar bouazza
207981,8059120,el matar cite aviation
207982,8059133,anfa
207983,8059142,la ville haute
207984,8059145,aharrarine
207985,8059151,route de fez
207986,8059162,drissia
207987,8059168,dar bouazza
207988,8059172,rmila
207989,8059178,route de l ourika
207991,8059185,port
207992,8059199,gueliz
207993,8059220,gueliz
207994,8059226,gueliz
207995,8059238,takadoum
207996,8059241,harbil
207997,8059242,hassan centre ville
207998,8059247,route d agadir essaouira
207999,8059261,gueliz
208000,8059275,route de l ourika
208001,8059283,tit mellil
208002,8059293,bel air val fleuri
208003,8059296,route amizmiz
208004,8059299,hivernage
208005,8059308,sala el jadida
208006,8059310,hamria
208007,8059315,hamria
208008,8059317,gueliz
208009,8059318,route de tahanaout
208011,8059325,hamria
208012,8059331,secteur touristique
208013,8059359,centre ville
208014,8059362,gueliz
208015,8059364,amelkis
208016,8059376,route de fez
208018,8059387,ain diab
208021,8059401,hivernage
208022,8059422,route de fez
208023,8059423,ennakhil palmeraie
208024,8059424,souissi
208025,8059434,route de l ourika
208026,8059445,hamria
208027,8059447,hamria
208028,8059452,racine
208029,8059466,smaala
208030,8059515,gauthier
208031,8059523,mers sultan
208033,8059534,bhalil
208034,8059537,gueliz
208035,8059542,casablanca marina
208036,8059562,la siesta
208037,8059575,bouskoura ville
208038,8059581,hamria
208039,8059590,had soualem
208040,8059597,riyad
208041,8059605,hay targa
208042,8059607,les portes de marrakech
208043,8059608,amelkis
208044,8059632,riad zitoun
208045,8059637,racine
208046,8059638,agdal
208047,8059644,maamora
208048,8059648,victoria
208049,8059657,agdal
208050,8059666,haut founty
208051,8059675,riad zitoun
208052,8059677,fnideq
208053,8059690,ain diab extension
208054,8059697,route de fez
208055,8059715,roches noires
208056,8059721,berrechid
208057,8059728,hay toummert
208058,8059731,ain diab
208059,8059734,les princesses
208060,8059737,harhoura
208061,8059739,amelkis
208062,8059746,el mers 1
208063,8059749,harhoura
208064,8059752,riyad
208065,8059756,boulevard med 6
208066,8059771,berrechid
208067,8059773,zaio
208068,8059774,el manar el hank
208069,8059775,selouane
208070,8059791,maarif extension
208071,8059794,route casablanca
208072,8059804,founti
208073,8059810,quartier du parc
208074,8059833,route casablanca
208075,8059846,gueliz
208076,8059847,jawhar
208077,8059852,skhirat
208078,8059853,skhirat
208079,8059854,polo
208080,8059865,route de l ourika
208081,8059875,el mansouria
208082,8059891,azli
208083,8059893,el mdrassi
208084,8059906,larache
208085,8059907,sidi belyout
208086,8059917,medina
208087,8059918,racine
208088,8059923,el menzeh
208089,8059927,el menzeh
208090,8059931,souissi
208091,8059937,gueliz
208092,8059938,gueliz
208093,8059946,beausite
208094,8059950,palmier
208095,8059951,centre ville
208096,8059953,gueliz
208097,8059954,gueliz
208098,8059955,gueliz
208099,8059956,gueliz
208100,8059957,gueliz
208101,8059958,gueliz
208102,8059959,gueliz
208103,8059960,gueliz
208104,8059961,gueliz
208105,8059967,route de fez
208107,8059999,riad zitoun
208108,8060000,les princesses
208109,8060005,route de l ourika
208110,8060021,tit mellil
208111,8060023,maarif extension
208112,8060026,tanja balia
208113,8060065,gueliz
208114,8060075,hassan centre ville
208115,8060085,dar bouazza
208116,8060089,centre
208117,8060090,amelkis
208118,8060094,lusitania
208119,8060105,arriere pays
208120,8060114,mehdia
208121,8060118,riyad
208122,8060129,ziaten
208123,8060152,samlalia
208124,8060172,agdal
208125,8060177,martil
208126,8060194,samlalia
208127,8060199,larache
208128,8060207,dar bouazza
208129,8060209,hay chmaou
208130,8060222,route de l ourika
208131,8060223,route de l ourika
208133,8060232,agdal
208134,8060251,marjane
208135,8060260,corniche
208136,8060270,mellah
208137,8060272,route de fez
208138,8060273,belvedere
208139,8060276,al boustane
208140,8060278,centre ville
208141,8060279,la ville haute
208142,8060287,harhoura
208143,8060292,asilah
208144,8060293,asilah
208145,8060300,kebibat
208146,8060317,racine
208147,8060319,route de marrakech
208148,8060331,kaat ben nahid
208149,8060339,arset ben chebli
208150,8060342,gueliz
208151,8060345,azzouzia
208152,8060354,hay riad
208153,8060367,centre
208154,8060375,kennaria
208155,8060378,hay essalam
208156,8060412,hay salam
208157,8060416,gueliz
208158,8060418,tiznit
208159,8060429,issil
208160,8060432,gueliz
208161,8060438,route amizmiz
208162,8060451,gueliz
208163,8060452,gueliz
208164,8060456,route de fez
208165,8060457,daoudiat
208166,8060458,agdal
208167,8060462,sidi abdelkarim
208168,8060478,el menzeh
208169,8060482,ain diab
208170,8060510,route de l ourika
208171,8060511,lalla takarkoust
208173,8060541,souissi
208174,8060579,ain sebaa
208175,8060583,assam
208176,8060594,abattoirs
208177,8060607,kennaria
208178,8060613,tiznit
208179,8060622,centre
208180,8060713,harhoura
208181,8060717,daoudiat
208182,8060758,mouassine
208183,8060763,al boustane
208184,8060770,hay anas
208185,8060777,club onicl
208186,8060779,ain sebaa
208187,8060786,derb omar
208188,8060789,deroua
208189,8060791,bouskoura ville
208190,8060795,route de l ourika
208191,8060801,derb ghalef
208192,8060808,dar bouazza
208193,8060813,oulad hamdane
208195,8060833,hay targa
208196,8060860,gueliz
208197,8060861,gueliz
208198,8060862,touilaa
208199,8060866,beni makada lakdima
208200,8060875,route de l ourika
208201,8060884,mghogha
208202,8060891,route de l ourika
208203,8060907,oulfa
208204,8060911,mesnana
208205,8060923,sidi allal el bahraoui
208206,8060925,camp al ghoul
208207,8060927,racine
208208,8060937,route casablanca
208209,8060942,ain harrouda
208210,8060946,laayoune
208211,8060947,rmila
208212,8060948,mehdia
208213,8060981,racine
208214,8060982,bourgogne ouest
208215,8060986,hay atlas
208216,8060994,route casablanca
208217,8060995,dar bouazza
208218,8060998,chaibate
208219,8061017,el argoub
208220,8061035,malabata
208221,8061045,boukhalef
208222,8061070,beausejour
208223,8061075,route de fez
208224,8061079,beausejour
208225,8061081,maarif extension
208226,8061085,hivernage
208227,8061090,gueliz
208228,8061100,sidi rahal
208229,8061103,martil
208232,8061126,jbel kbir
208233,8061128,centre
208234,8061129,souissi
208235,8061142,agdal
208236,8061143,salmia 2
208237,8061150,route nationale assilah n1
208239,8061168,al bassatine
208240,8061180,dar bouazza
208241,8061186,malabata
208242,8061191,berkane
208243,8061193,hivernage
208244,8061208,souissi
208245,8061216,centre ville
208246,8061217,bir jdid
208247,8061238,ville verte
208248,8061247,maghrib arabi
208249,8061251,route de fez
208250,8061265,bir rami est
208251,8061266,ville verte
208252,8061268,bernoussi
208253,8061281,ain harrouda
208254,8061298,amelkis
208255,8061304,golf de benslimane
208256,8061308,khenifra
208257,8061327,centre
208258,8061331,cil hay salam
208259,8061349,sidi bou amar
208260,8061351,tinghir
208261,8061393,saidia
208263,8061405,route de safi
208264,8061430,mhamid
208265,8061435,riyad
208266,8061442,sidi yahya
208267,8061445,saidia
208268,8061450,marjane
208269,8061456,mont fleuri
208270,8061481,riyad
208271,8061488,benjdia
208272,8061512,chtouka
208273,8061547,route de tahanaout
208274,8061561,dar bouazza
208275,8061566,takadoum
208276,8061567,riyad
208277,8061577,benjdia
208278,8061580,administratif
208279,8061593,route de safi
208280,8061595,aviation mabella
208281,8061603,saaida 1 et 2
208282,8061607,centre
208284,8061619,maarif extension
208285,8061621,benjdia
208286,8061622,racine
208287,8061626,hay chmaou
208288,8061631,californie
208289,8061641,derb ghalef
208290,8061647,racine
208292,8061651,ville verte
208293,8061664,sidi rahal
208294,8061681,ain attig
208295,8061685,harhoura
208296,8061714,gueliz
208297,8061718,route de l ourika
208298,8061732,val fleury
208299,8061756,souissi
208300,8061814,hay zobir
208301,8061815,harhoura
208302,8061822,route casablanca
208303,8061834,les hopitaux
208304,8061859,roches noires
208305,8061864,el menzeh
208306,8061868,barakia
208307,8061870,route de safi
208308,8061874,route de ceuta
208309,8061879,val fleuri
208310,8061885,bouskoura ville
208311,8061891,quartier des ambassades
208312,8061897,route de ceuta
208313,8061902,biranzarane
208314,8061911,cil hay salam
208315,8061917,route de l ourika
208316,8061921,el hadadda
208317,8061930,centre
208318,8061935,midar
208319,8061936,guich oudaya
208320,8061946,hamria
208321,8061950,sidi maarouf
208322,8061955,ahlane
208323,8061957,al osra
208324,8061958,haut founty
208325,8061960,medina
208326,8061966,ain diab
208327,8061971,amelkis
208328,8061972,amelkis
208329,8061973,centre ville
208330,8061985,al hoceima
208331,8061993,bni bouayach
208332,8061998,assam
208333,8062006,secteur touristique
208334,8062009,oulfa
208335,8062016,cil hay salam
208336,8062027,hivernage
208337,8062039,medina
208338,8062050,souissi
208339,8062051,souissi
208340,8062056,route casablanca
208341,8062060,racine
208342,8062066,hay hassani
208343,8062072,sidi kaouki
208344,8062090,tamouda
208345,8062092,route se sefrou
208349,8062123,gueliz
208350,8062126,el hadadda
208351,8062129,bettana
208353,8062137,ben saleh
208354,8062168,berrechid
208355,8062187,centre
208356,8062199,arset sbaia
208357,8062204,centre
208358,8062208,ennakhil palmeraie
208359,8062214,kharouba
208360,8062217,boulevard med 6
208361,8062227,mers sultan
208362,8062242,tenoukchet
208363,8062245,tiznit
208364,8062246,centre
208365,8062281,sidi maarouf
208366,8062289,ait faska
208367,8062297,majorelle
208368,8062306,oulad salah
208369,8062308,maghrib arabi
208370,8062309,hay moulay abdellah
208371,8062321,el mansouria
208372,8062323,oulad dahou
208373,8062330,gueliz
208374,8062359,had soualem
208376,8062369,ksar sghir
208377,8062409,sale
208379,8062412,maarif
208380,8062414,californie
208381,8062415,bir rami est
208382,8062422,hay chouhada
208383,8062428,gauthier
208386,8062434,gauthier
208387,8062440,californie
208388,8062443,mhamid
208389,8062450,hay lalla haya
208390,8062459,racine
208391,8062461,quartier des ambassades
208392,8062464,plateau al batha
208393,8062469,dar bouazza
208394,8062471,martil
208395,8062472,benjdia
208396,8062474,gueliz
208397,8062490,centre
208398,8062502,marrakech
208399,8062503,sidi rahal
208400,8062512,el gara
208401,8062515,bouskoura ville
208402,8062519,massira 3
208403,8062522,camp al ghoul
208404,8062538,wifak
208405,8062551,sidi bou amar
208406,8062558,maamora
208407,8062569,sidi moumen
208408,8062581,racine
208409,8062584,mimosas
208410,8062587,quartier oued fes
208411,8062590,assarag
208412,8062591,du golf
208413,8062592,gueliz
208414,8062594,centre ville
208415,8062603,sidi rahal
208416,8062604,ben guerir
208417,8062611,abattoirs
208419,8062619,ben dibane
208420,8062622,centre
208421,8062628,centre
208422,8062632,route de l ourika
208423,8062647,racine
208425,8062654,ville nouvelle
208426,8062663,agafay
208427,8062667,al hoceima
208428,8062684,oulad dahou
208429,8062687,hay el menzah
208430,8062702,route amizmiz
208431,8062704,tamri
208432,8062706,beausejour
208433,8062710,cil hay salam
208434,8062713,route amizmiz
208435,8062724,medina
208436,8062729,fnideq
208437,8062733,hassan centre ville
208438,8062739,hay targa
208439,8062752,haut founty
208440,8062775,gueliz
208441,8062788,el menzeh
208442,8062790,racine extension
208443,8062808,agdal
208444,8062809,el mansouria
208445,8062814,souissi
208446,8062825,bouskoura ville
208447,8062833,californie
208448,8062848,route de l ourika
208449,8062852,secteur touristique
208450,8062868,gueliz
208451,8062885,rmilat
208452,8062900,route d agadir essaouira
208453,8062902,hivernage
208455,8062907,route de l ourika
208456,8062915,al aaroui
208458,8062941,ferme bretonne hay arraha
208459,8062942,manar
208460,8062943,ferme bretonne hay arraha
208461,8062947,route de tahanaout
208462,8062948,hay chmaou
208463,8062960,riad zitoun
208464,8062961,agdal
208465,8062962,amelkis
208466,8062983,ben saleh
208467,8062992,martil
208468,8062994,l ocean
208469,8063021,ain diab
208470,8063037,bourrous
208471,8063038,hamria
208472,8063058,agdal
208473,8063059,bourgogne ouest
208474,8063069,riad al atlas
208475,8063070,tanger city center
208476,8063072,ourika
208477,8063074,plateau al batha
208478,8063076,ait kamra
208479,8063079,administratif
208480,8063088,hivernage
208481,8063097,hivernage
208482,8063098,m c3 a9dina
208483,8063099,lahrarta
208484,8063104,ain sebaa
208485,8063109,lahrarta
208486,8063112,route de fez
208487,8063116,route de ouarzazate
208488,8063117,agdal
208489,8063121,oulad wjih
208490,8063123,larache
208491,8063125,sidi rahal chatai
208492,8063127,route casablanca
208493,8063129,sidi ifni
208494,8063130,gueliz
208495,8063135,martil
208496,8063153,secteur touristique
208497,8063160,les princesses
208498,8063168,hamria
208499,8063172,hivernage
208500,8063181,ouarzazate
208501,8063183,ait melloul
208502,8063186,azemmour
208503,8063189,souissi
208504,8063206,hay hassani
208505,8063208,belvedere
208506,8063212,riyad
208507,8063216,khenifra
208508,8063223,aharrarine
208509,8063227,bella vista
208510,8063238,hay mohammadi
208511,8063240,kaat ben nahid
208512,8063250,racine
208513,8063257,kennaria
208514,8063261,casabarata
208515,8063277,californie
208516,8063282,ain diab
208517,8063283,racine
208518,8063284,maarif
208519,8063286,racine
208520,8063288,centre ville
208521,8063290,beausejour
208522,8063293,cite adrar
208523,8063343,dar bouazza
208524,8063376,arset el maach
208525,8063398,route amizmiz
208526,8063415,californie
208527,8063422,imintanoute
208528,8063427,gueliz
208529,8063437,majorelle
208530,8063452,gueliz
208531,8063453,el mansouria
208532,8063454,gueliz
208533,8063457,ville verte
208534,8063458,sidi abdelkarim
208535,8063483,les iris
208536,8063492,medina
208537,8063499,el mdrassi
208538,8063515,mesnana
208539,8063522,sidi moumen
208540,8063530,du golf
208541,8063533,diour jamaa
208542,8063535,agdal
208543,8063542,sidi moumen
208544,8063544,nouaceur
208545,8063553,route amizmiz
208546,8063567,manar
208547,8063572,sidi abdallah ghiat
208548,8063573,hay targa
208549,8063586,saidate
208550,8063587,maarif
208552,8063594,tanja balia
208553,8063620,centre
208554,8063623,route immouzer
208555,8063625,gueliz
208556,8063630,malabata
208557,8063631,bd derfoufi
208558,8063643,bernoussi
208559,8063650,ennakhil palmeraie
208560,8063660,riyad
208561,8063669,amicales
208562,8063676,bir jdid
208563,8063685,californie
208564,8063694,tamesna
208565,8063697,les princesses
208566,8063714,gueliz
208567,8063721,gueliz
208568,8063725,tiznit
208569,8063726,champ de course
208570,8063734,route casablanca
208571,8063756,gueliz
208572,8063762,marjane
208573,8063766,hay essalam
208574,8063771,gueliz
208576,8063782,route casablanca
208577,8063797,had soualem
208578,8063806,aglif
208579,8063812,oulfa
208580,8063817,nouaceur
208581,8063822,route amizmiz
208582,8063827,camp al ghoul
208583,8063830,hay hassani
208584,8063832,route casablanca
208585,8063837,agdal
208586,8063838,de la plage
208587,8063844,derb al madania
208588,8063849,hay targa
208589,8063860,les portes de marrakech
208590,8063877,oulfa
208591,8063881,oasis
208592,8063884,gauthier
208593,8063887,massira 3
208594,8063900,riad oulad mtaa
208595,8063901,les princesses
208596,8063905,route casablanca
208597,8063913,agdal
208598,8063918,route de ouarzazate
208599,8063924,arset el maach
208600,8063926,camp al ghoul
208601,8063933,camp al ghoul
208602,8063944,ain amiyer
208603,8063955,souissi
208605,8063973,bourgogne ouest
208606,8064003,quartier aerodrome
208607,8064009,mers el kheir
208608,8064031,al aalia
208609,8064037,centre ville
208610,8064047,burger
208611,8064056,route de tahanaout
208612,8064073,hivernage
208613,8064081,mhamid
208614,8064087,cente
208615,8064093,californie
208616,8064095,maarif extension
208617,8064096,hay salam
208618,8064107,kaat ben nahid
208619,8064109,anfa superieur
208620,8064116,centre ville
208622,8064127,massira 1
208623,8064130,champ de course
208624,8064149,samlalia
208625,8064161,route de l ourika
208626,8064195,centre
208627,8064202,tetouan
208628,8064222,centre
208629,8064225,al wifaq
208630,8064226,casablanca finance city
208631,8064230,les princesses
208632,8064233,casablanca
208633,8064235,arset moulay bouaazza
208634,8064237,dar bouazza
208635,8064239,hivernage
208636,8064243,charaf
208637,8064245,racine
208638,8064246,arset ben chebli
208639,8064258,harhoura
208640,8064259,martil
208641,8064273,gueznaia
208642,8064282,hay hassani
208643,8064288,sania
208644,8064291,californie
208645,8064293,ville verte
208646,8064300,hay salam
208647,8064306,taghzout
208648,8064308,harhoura
208649,8064309,gueliz
208650,8064330,la cienda
208651,8064351,mhamid
208652,8064352,jawhar
208653,8064353,oasis
208654,8064360,maihta
208655,8064363,saidia
208656,8064365,azzouzia
208657,8064366,marjane
208658,8064368,hay targa
208659,8064369,douar laarab
208660,8064370,route d agadir
208661,8064374,sidi hajji
208662,8064375,tassoultante
208663,8064381,gueliz
208664,8064387,centre ville
208665,8064399,marrakech
208666,8064400,zaouiat sidi kacem
208667,8064410,hay saada
208668,8064417,sidi ben slimane el jazouli
208669,8064441,sidi rahal
208670,8064462,route de tahanaout
208671,8064472,route de l ourika
208672,8064484,plage oued cherrat
208673,8064488,hay mohammadi
208675,8064499,bourgogne est
208676,8064507,martil
208677,8064520,route de ouarzazate
208678,8064524,sidi abdelkrim
208679,8064527,hay targa
208680,8064534,agdal
208681,8064535,sefrou
208682,8064538,dar bouazza
208683,8064550,les hopitaux
208684,8064555,tanmiya
208685,8064560,hivernage
208686,8064561,route de tahanaout
208687,8064562,beausejour
208688,8064589,la cienda
208689,8064595,maarif extension
208690,8064608,la ville haute
208692,8064614,hay chmaou
208693,8064626,bouskoura ville
208694,8064628,wifak
208695,8064636,tetouan
208696,8064641,harhoura
208697,8064651,les princesses
208699,8064656,hay al falah
208700,8064664,nassim 2
208701,8064675,racine
208702,8064678,belvedere
208703,8064680,ain diab
208704,8064696,ouarzazate
208705,8064697,route de tahanaout
208706,8064709,route de ouarzazate
208707,8064714,centre
208708,8064716,had soualem
208709,8064721,marchan
208710,8064722,medina
208711,8064726,el youssoufia
208712,8064727,haut agdal
208713,8064728,quartier oued fes
208714,8064729,hassan centre ville
208715,8064731,hay zobir
208716,8064734,souissi
208717,8064777,ait amira
208718,8064778,nouvelle ville
208719,8064785,zone industrielle bensouda
208720,8064786,oulfa
208721,8064787,el mansouria
208722,8064789,oulad rahmoune
208723,8064793,polo
208724,8064797,marjane
208725,8064801,mimosas
208726,8064802,route ain chkaf
208727,8064806,les princesses
208728,8064807,sidi moumen
208729,8064811,bourgogne ouest
208730,8064817,hassania 3
208731,8064833,alouane
208732,8064834,hay almasjid
208733,8064844,route de ouarzazate
208734,8064854,asilah
208735,8064855,marjane
208736,8064875,oulad hamdane
208737,8064876,administratif
208738,8064877,centre ville
208740,8064881,mehdia
208741,8064891,malabata
208742,8064892,ghmate
208743,8064901,sidi maarouf
208744,8064906,gueliz
208745,8064907,had soualem
208746,8064916,selouane
208747,8064923,belvedere
208748,8064927,route immouzer
208749,8064933,bouskoura ville
208750,8064940,ancienne medina
208751,8064961,hay dakhla
208752,8064967,m diq
208753,8064979,riyad
208754,8064983,plage rose maree
208755,8064991,hay chouhada
208756,8064993,anfa
208757,8064994,mhamid
208758,8064995,route de tahanaout
208759,8064996,akkari
208760,8065021,aourir
208761,8065023,zone industrielle
208762,8065027,skikina
208763,8065041,al kawtar
208764,8065044,gueliz
208765,8065052,m diq
208766,8065059,messrour 2
208767,8065065,moulay bousselham
208768,8065101,californie
208769,8065104,moulay yaacoub
208770,8065105,moulay yaacoub
208771,8065114,centre
208772,8065115,argana
208773,8065121,dar bouazza
208774,8065142,riad al atlas
208775,8065150,gueliz
208777,8065189,route casablanca
208778,8065190,mhamid
208779,8065204,mandarona
208780,8065218,ain sebaa
208781,8065220,mehdia
208782,8065222,maarif extension
208783,8065227,route de safi
208784,8065249,taza
208785,8065260,mhamid
208787,8065266,had soualem
208788,8065268,al boustane
208789,8065270,victoria
208790,8065277,route casablanca
208791,8065280,gueliz
208792,8065282,route de tahanaout
208793,8065285,taza
208794,8065290,hay el menzah
208795,8065307,plage oued cherrat
208796,8065308,souissi
208797,8065310,quartier du parc
208798,8065320,zone industrielle mghogha
208799,8065329,les chenes
208800,8065332,arset el maach
208801,8065336,andalous
208803,8065344,hay salam
208805,8065350,mimosas
208807,8065372,gueliz
208808,8065373,bernoussi
208809,8065375,abattoirs
208811,8065400,hivernage
208812,8065411,cabo negro
208813,8065420,tanja balia
208814,8065437,riyad
208815,8065444,al boustane
208816,8065450,route de marrakech
208817,8065461,nouvelle ville
208818,8065464,hay chrifa
208819,8065465,centre
208820,8065475,bir rami est
208821,8065478,sidi abbad
208822,8065479,gueliz
208823,8065483,hay essaada
208824,8065491,azib haj kaddour
208825,8065501,camp al ghoul
208826,8065511,charf
208827,8065517,souissi
208828,8065525,ziaten
208829,8065529,wislane
208830,8065536,riad oulad mtaa
208831,8065540,hay al wifaq
208832,8065542,dar bouazza
208833,8065548,lot hakamate
208834,8065551,el hadadda
208835,8065552,administratif
208836,8065561,skikina
208837,8065565,route de fez
208838,8065566,skikina
208839,8065571,souissi
208840,8065580,amelkis
208841,8065582,val d or
208842,8065594,agdal
208843,8065599,majorelle
208844,8065604,bourgogne ouest
208845,8065607,ain mezouar
208846,8065616,casablanca
208847,8065617,casablanca
208848,8065622,ain diab
208849,8065632,hay al kora
208850,8065649,bouchentouf
208851,8065667,al aalia
208852,8065670,ain diab extension
208853,8065672,bab doukkala
208854,8065677,route de l ourika
208855,8065682,nouvelle ville
208856,8065685,nouvelle ville
208857,8065694,nouvelle ville
208858,8065697,andalous
208859,8065698,medina
208860,8065699,medina
208861,8065703,sidi maarouf
208862,8065706,tiznit
208863,8065717,el youssoufia
208864,8065720,martil
208865,8065732,tabriquet
208866,8065754,sidi maarouf
208867,8065757,branes kdima
208868,8065771,arset ihiri
208869,8065774,route de tahanaout
208870,8065779,harhoura
208871,8065782,marjane
208872,8065802,al qods
208873,8065826,gueliz
208874,8065846,ain amiyer
208875,8065850,ferme bretonne hay arraha
208876,8065851,malabata
208877,8065856,el majd
208878,8065889,route amizmiz
208879,8065892,les orangers
208880,8065903,tiznit
208881,8065905,derb ghalef
208882,8065906,gueliz
208883,8065908,route de l ourika
208884,8065915,les hopitaux
208885,8065922,m diq
208886,8065923,hay ach chbanat
208887,8065925,tikiouine
208888,8065927,ennakhil palmeraie
208889,8065937,ennakhil palmeraie
208890,8065940,gueliz
208891,8065943,gueliz
208892,8065948,tit mellil
208893,8065950,sidi mansour
208894,8065953,guelmim
208895,8065954,lazaret
208896,8065955,nassim 2
208897,8065962,imarat
208898,8065974,bernoussi
208899,8065978,arbaa sahel
208900,8065984,sidi moussa el majdoub
208901,8065994,gueliz
208903,8066010,nouaceur
208904,8066013,route amizmiz
208905,8066021,agdal
208906,8066030,centre ville
208907,8066035,centre ville
208908,8066047,bettana
208909,8066049,founti
208910,8066082,guich oudaya
208911,8066088,taghazout
208913,8066129,secteur touristique
208914,8066133,mkinssia
208915,8066137,la floride
208916,8066145,kebibat
208917,8066151,route de l ourika
208918,8066167,narjis
208919,8066175,route de ouarzazate
208920,8066180,casabarata
208921,8066187,route de ceuta
208922,8066189,cabo negro
208923,8066197,ain sebaa
208924,8066198,aouama gharbia
208925,8066199,hay targa
208926,8066207,jamila 5
208927,8066209,mhamid
208928,8066216,anza
208929,8066218,les princesses
208930,8066219,tikiouine
208931,8066222,plage rose maree
208932,8066234,la gironde
208933,8066237,boulevard med 6
208934,8066239,saidia
208935,8066240,mhamid
208937,8066247,gueliz
208938,8066258,errahma
208939,8066261,mesnana
208940,8066263,bourgogne ouest
208941,8066265,ben saleh
208942,8066269,ain sebaa
208943,8066287,martil
208944,8066290,ennakhil palmeraie
208945,8066306,hamria
208946,8066310,gueliz
208947,8066311,tamesna
208948,8066323,route de l ourika
208949,8066334,tanja balia
208950,8066336,massira 2
208951,8066337,dar bouazza
208952,8066341,route de l ourika
208953,8066342,tahannaout
208954,8066352,branes 1
208955,8066355,bir rami est
208956,8066356,branes 2
208957,8066357,route de l ourika
208958,8066363,hay houda
208959,8066367,hay el boughaz
208960,8066370,gueliz
208961,8066394,route de ouarzazate
208962,8066398,oulfa
208963,8066403,maghrib arabi
208964,8066442,zone industrielle saniat sbihi
208965,8066444,secteur touristique
208966,8066447,gauthier
208967,8066452,ain diab extension
208968,8066455,massira 1
208969,8066471,ain sebaa
208970,8066478,agdal
208971,8066495,wifak
208972,8066498,maamora
208973,8066500,ennakhil palmeraie
208974,8066520,route casablanca
208975,8066563,les princesses
208976,8066585,had soualem
208977,8066640,centre ville
208978,8066646,californie
208979,8066659,tiznit
208980,8066661,mhamid
208981,8066664,ahammar
208982,8066672,amelkis
208983,8066673,selouane
208984,8066674,sala el jadida
208985,8066679,mesnana
208986,8066688,dar bouazza
208987,8066689,al hoceima
208988,8066694,al hoceima
208989,8066701,ryad dakhla
208990,8066703,centre ville
208991,8066707,route casablanca
208992,8066716,oasis
208993,8066721,amelkis
208994,8066729,mehdia
208995,8066739,sidi maarouf
208996,8066742,bourgogne ouest
208998,8066747,route de ouarzazate
208999,8066752,oued laou
209000,8066760,technopolis
209001,8066764,hay al bassatine
209002,8066786,achakar
209003,8066788,route d agadir essaouira
209004,8066794,centre ville
209005,8066797,plateau al batha
209006,8066798,mehdia
209007,8066805,quartier bachkou
209008,8066807,sidi maarouf
209009,8066809,chtouka
209010,8066812,ihchach
209011,8066815,gueliz
209012,8066818,mehdia
209013,8066838,ben guerir
209015,8066857,bourgogne ouest
209016,8066879,ain diab
209017,8066880,ain attig
209019,8066897,gueliz
209020,8066904,route casablanca
209021,8066908,samlalia
209022,8066909,dar bouazza
209023,8066918,sidi ben slimane el jazouli
209024,8066939,tilila
209025,8066941,sanaoubar
209026,8066943,al kawtar
209027,8066958,diour chouhada
209028,8066975,ain sebaa
209029,8066977,marrakech
209030,8066978,settat
209031,8066980,settat
209032,8067000,assouel
209033,8067002,sidi allal el bahraoui
209034,8067017,guelmim
209036,8067035,riyad
209037,8067044,hay salam
209038,8067048,bab lekhmiss
209039,8067059,ancienne medina
209040,8067069,plaisance
209041,8067093,ennakhil palmeraie
209042,8067151,hassan centre ville
209043,8067152,bir el ghazi
209044,8067163,les hopitaux
209045,8067178,bouskoura ville
209046,8067187,sala el jadida
209047,8067193,el outia
209048,8067195,route casablanca
209049,8067197,medina
209050,8067201,tit mellil
209051,8067206,bab doukkala
209052,8067207,belvedere
209053,8067210,hassan centre ville
209054,8067217,route casablanca
209055,8067219,racine extension
209056,8067220,zaouia sidi ghalem
209057,8067226,mouassine
209058,8067239,cabo negro
209059,8067262,sidi abdelkarim
209060,8067263,sidi abdelkarim
209061,8067264,mehdia
209062,8067266,tifelt
209063,8067267,hivernage
209065,8067282,dar bouazza
209066,8067287,rmila
209067,8067300,had soualem
209068,8067301,riad isli
209069,8067303,medina
209070,8067313,hay m barka
209072,8067328,fnideq
209073,8067339,essaada
209074,8067347,gueliz
209075,8067363,gueliz
209076,8067366,souissi
209077,8067367,riyad
209078,8067374,ben saleh
209079,8067380,gueliz
209080,8067382,souissi
209081,8067384,gueliz
209082,8067395,zenata
209083,8067401,benjdia
209084,8067402,hay al bahja
209086,8067428,azrou
209087,8067438,hay chrifa
209088,8067443,saidia
209089,8067446,saidia
209090,8067448,saidia
209091,8067449,saidia
209092,8067450,la siesta
209093,8067451,medina
209094,8067453,beni mellal
209095,8067457,malabata
209096,8067459,val fleury
209097,8067463,route de ouarzazate
209098,8067468,gueliz
209100,8067471,route de ouarzazate
209101,8067484,al bassatine
209102,8067492,derb chorfa
209103,8067498,dar bouazza
209104,8067499,moujahidine
209105,8067505,bouargane
209106,8067508,hay mohammadi
209107,8067510,hay najah
209108,8067511,mhamid
209109,8067517,tifelt
209110,8067553,gueliz
209111,8067555,wislane
209112,8067560,laymoune
209113,8067563,ain diab
209114,8067572,belvedere
209115,8067573,errahma
209116,8067576,route de l ourika
209117,8067597,berrechid
209118,8067604,hay mohammadi
209119,8067648,tiznit
209120,8067649,route de tahanaout
209121,8067651,sidi ben slimane el jazouli
209122,8067676,route de safi
209123,8067692,azemmour
209124,8067694,moujahidine
209125,8067705,amelkis
209126,8067707,amelkis
209127,8067708,amelkis
209128,8067712,dar bouazza
209129,8067718,guich oudaya
209130,8067723,les jardins d ifrane
209131,8067726,de la plage
209132,8067727,skikina
209133,8067739,haouzia
209134,8067743,beni mellal
209135,8067747,iberie
209136,8067758,dar bouazza
209137,8067760,gueliz
209138,8067775,amelkis
209140,8067795,harhoura
209141,8067796,dar bouazza
209142,8067823,racine
209143,8067832,hay al kamal
209144,8067834,cap spartel
209145,8067835,nouvelle ville
209146,8067836,californie
209147,8067850,centre
209148,8067888,gueliz
209149,8067892,lissasfa
209150,8067893,palmier
209151,8067911,diour dokala
209152,8067915,hay salam
209154,8067918,ourika
209155,8067932,hay salam
209157,8067942,ain diab
209158,8067943,maghrib arabi
209159,8067958,hay mabrouka
209160,8067976,rabat
209161,8067978,agdal
209162,8067980,bouskoura ville
209163,8067998,route de ouarzazate
209164,8068000,moqrisset
209165,8068008,casabarata
209166,8068013,maarif extension
209167,8068015,route amizmiz
209168,8068018,hay saada
209169,8068019,sidi moussa lhamri
209170,8068020,sidi yahya
209171,8068021,triangle d or
209172,8068040,al kawtar
209173,8068051,al kawtar
209174,8068053,al kawtar
209175,8068057,casablanca
209176,8068063,hay salam
209177,8068067,lalla takarkoust
209178,8068068,sidi abdelkarim
209179,8068071,mers sultan
209180,8068073,souissi
209182,8068103,agdal
209183,8068105,guich oudaya
209184,8068113,route casablanca
209185,8068114,harhoura
209186,8068125,route nationale assilah n1
209187,8068142,nouaceur
209188,8068144,bel air val fleuri
209189,8068148,anfa
209190,8068156,abbadi
209191,8068159,wifak
209192,8068170,mehdia
209193,8068175,hay zobir
209194,8068180,ain borja
209195,8068184,hay inara
209197,8068205,californie
209199,8068209,centre
209200,8068216,mehdia
209201,8068220,martil
209202,8068230,route amizmiz
209203,8068231,mehdia
209204,8068236,mehdia
209205,8068240,harhoura
209207,8068256,medina
209208,8068265,ahl loghlam hay assalam
209211,8068299,bab ighli
209212,8068301,champ de course
209213,8068307,takadoum
209214,8068308,anfa
209216,8068312,taddart anza
209217,8068329,bouskoura ville
209218,8068343,hay al haouz
209219,8068347,centre
209220,8068351,agdal
209221,8068367,californie
209222,8068375,hay riad
209223,8068381,riyad
209224,8068382,hay mohammadi
209225,8068386,sidi ghanem
209226,8068387,ain harrouda
209227,8068468,bernoussi
209228,8068478,bourgogne ouest
209229,8068480,riyad
209230,8068487,maarif
209231,8068490,plage oued cherrat
209232,8068497,de la plage
209233,8068501,rmilat
209234,8068521,drissia
209235,8068533,mandarona
209236,8068540,martil
209237,8068541,ain el hayani
209238,8068543,ain diab
209240,8068558,boulevard med 6
209241,8068581,nouvelle ville
209242,8068583,castilla
209243,8068591,hay chmaou
209244,8068596,agdal
209245,8068598,quartier aerodrome
209246,8068599,hay houda
209247,8068600,narjis
209249,8068614,jbel kbir
209250,8068615,belvedere
209251,8068626,quartier aerodrome
209254,8068650,jbel kbir
209255,8068655,gauthier
209256,8068657,les hopitaux
209257,8068665,tit mellil
209258,8068670,ferme bretonne hay arraha
209259,8068673,amelkis
209260,8068677,marchan
209261,8068679,route casablanca
209262,8068690,sidi maarouf
209263,8068702,hamria
209264,8068705,sidi allal el bahraoui
209265,8068714,bourgogne ouest
209266,8068722,ville verte
209267,8068740,oulad salah
209268,8068741,agdal
209269,8068748,lahraouyine
209270,8068750,bouskoura ville
209271,8068751,bir rami ouest
209272,8068756,technopolis
209273,8068761,sidi yahya zaer
209274,8068767,sidi othmane
209275,8068781,wifak
209276,8068785,wifak
209277,8068803,hay annour
209278,8068809,route amizmiz
209279,8068822,hay targa
209280,8068823,agdal
209281,8068832,route de ouarzazate
209282,8068837,ksibat nhas
209283,8068838,lamharza essahel
209284,8068840,ain diab
209285,8068852,tit mellil
209286,8068856,tamesna
209287,8068861,hay houda
209288,8068865,jamila 3
209289,8068866,marjane
209290,8068876,haut founty
209291,8068883,riyad
209292,8068888,marjane
209293,8068917,lalla chafia
209294,8068920,ennakhil palmeraie
209295,8068924,castilla
209296,8068929,izdihar
209297,8068941,nouaceur
209298,8068948,gueliz
209299,8068958,alsace lorraine
209300,8068959,route amizmiz
209301,8068963,agdal
209302,8068973,khenifra
209303,8068983,ben serguaou
209304,8068992,izdihar
209305,8068999,hay al azhar
209306,8069001,burger
209308,8069020,gueliz
209309,8069023,quartier aerodrome
209310,8069026,al boustane
209311,8069033,ain sebaa
209312,8069034,quartier aerodrome
209313,8069039,agdal
209314,8069044,ain diab
209315,8069047,gauthier
209316,8069054,mandarona
209317,8069055,agdal
209318,8069059,ras ain rhamna
209319,8069072,ennajd
209320,8069074,agdal
209321,8069087,massira 2
209323,8069118,la gironde
209324,8069123,bourgogne ouest
209325,8069124,fes
209326,8069131,bab aylan
209327,8069141,zone industrielle agadir
209328,8069156,el youssoufia
209329,8069157,marjane
209330,8069160,casablanca finance city
209331,8069180,illigh
209332,8069207,gueliz
209333,8069225,berrechid
209335,8069240,les hopitaux
209336,8069246,saidia
209338,8069266,saidia
209339,8069269,rmila
209340,8069270,saidia
209341,8069277,anfa
209342,8069279,boulevard med 6
209343,8069282,maarif
209345,8069293,sidi bou amar
209346,8069300,route casablanca
209347,8069307,derb chtouka
209348,8069323,casablanca finance city
209349,8069336,bouaakkaz
209350,8069343,route de fez
209351,8069346,beni said
209352,8069357,hay essalam
209353,8069360,zaouiat lahdar
209354,8069361,ennakhil palmeraie
209355,8069369,corniche
209356,8069375,hay targa
209357,8069376,sidi ben slimane el jazouli
209358,8069380,safi 1
209359,8069394,hivernage
209360,8069412,saada
209361,8069416,gueliz
209362,8069420,gueliz
209363,8069425,founti
209364,8069442,al bassatine
209365,8069445,jamila 3
209366,8069456,hivernage
209367,8069469,gueliz
209368,8069475,hay nahda
209369,8069484,sidi maarouf
209370,8069532,medina
209371,8069542,benjdia
209372,8069553,harhoura
209373,8069554,hay targa
209374,8069556,sidi rahal
209375,8069561,agdal
209376,8069572,route de l ourika
209377,8069583,ennakhil palmeraie
209379,8069593,victoria
209380,8069596,tassoultante
209381,8069601,souissi
209382,8069608,route de l ourika
209383,8069611,larache
209384,8069613,zouagha
209386,8069618,ain diab
209387,8069621,mehdia
209388,8069622,derb chtouka
209389,8069626,massira 1
209390,8069629,boutchakat
209391,8069670,ouled moussa
209392,8069673,gueliz
209393,8069692,centre
209394,8069695,amerchich
209395,8069696,centre
209396,8069697,m diq
209397,8069703,val fleuri
209398,8069708,cil hay salam
209399,8069718,selouane
209401,8069726,belvedere
209402,8069727,derb sid daoui
209403,8069729,chefchaouen
209404,8069731,tassoultante
209405,8069732,hay essalam
209406,8069745,technopolis
209407,8069756,maarif extension
209408,8069761,route de ouarzazate
209409,8069762,route de l ourika
209410,8069765,izdihar
209411,8069773,harhoura
209412,8069794,racine
209413,8069803,agdal
209414,8069804,marrakech
209416,8069817,nouaceur
209417,8069818,la ville haute
209418,8069819,al fath
209419,8069824,les princesses
209420,8069833,entree sud
209421,8069834,administratif
209422,8069837,ain diab
209423,8069841,samlalia
209424,8069842,izdihar
209426,8069857,anfa
209428,8069863,gueliz
209429,8069864,longchamps hay al hanaa
209430,8069865,el argoub
209431,8069874,dar bouazza
209432,8069878,boulevard med 6
209433,8069886,bourgogne est
209434,8069891,sidi othmane
209435,8069925,ain diab
209436,8069927,dar bouazza
209437,8069935,hassan centre ville
209438,8069946,wifak
209439,8069960,bin el ouidane
209440,8069977,bin el ouidane
209441,8069986,casablanca finance city
209442,8069987,michouar
209443,8069988,taboula
209446,8070025,drissia
209447,8070038,sidi abdellah
209448,8070044,m c3 a9dina
209449,8070055,hay mohammadi
209450,8070056,amelkis
209451,8070078,gueliz
209452,8070083,bin el ouidane
209453,8070084,martil
209454,8070094,route d agadir essaouira
209456,8070102,route de fez
209457,8070109,ennakhil palmeraie
209458,8070111,palmier
209459,8070116,agdal
209460,8070118,ksibat nhas
209461,8070125,administratif
209462,8070131,harhoura
209463,8070132,gueliz
209464,8070141,ennakhil palmeraie
209465,8070142,hay hassani
209466,8070144,hivernage
209468,8070148,deroua
209469,8070151,alouidane
209470,8070161,bin el ouidane
209471,8070197,sidi rahal
209472,8070199,tassoultante
209473,8070210,route de l ourika
209474,8070218,route de l ourika
209475,8070245,samlalia
209476,8070260,ville verte
209477,8070261,errahma
209478,8070271,ziaten
209479,8070275,ville verte
209480,8070291,sidi maarouf
209481,8070305,siusse
209482,8070307,maarif
209483,8070309,inzegan
209484,8070315,ben guerir
209485,8070326,hay mohammadi
209486,8070333,route de l ourika
209487,8070337,oulad h cine
209488,8070340,route de fez
209490,8070351,arset ihiri
209491,8070379,hay salam
209492,8070411,gueliz
209493,8070412,skikina
209495,8070445,camp al ghoul
209496,8070447,camp al ghoul
209497,8070449,oasis
209498,8070459,echemmaia
209499,8070466,maarif extension
209500,8070487,hamria
209501,8070490,route casablanca
209502,8070511,hay saada 1
209503,8070515,burger
209504,8070532,ouled teima
209505,8070533,hay massira
209506,8070535,hay almassira 2
209507,8070536,hay qods
209508,8070550,taza
209509,8070556,hay badr
209510,8070563,oulfa
209511,8070565,boulevard med 6
209512,8070567,belvedere
209513,8070574,sidi mimoun
209514,8070577,jnan ben chagra
209515,8070578,racine
209516,8070580,route d agadir essaouira
209517,8070584,dar bouazza
209518,8070586,taghazout
209519,8070603,la ville haute
209520,8070606,bni rzine
209521,8070627,bouskoura ville
209522,8070638,tassoultante
209523,8070640,belvedere
209524,8070642,route immouzer
209525,8070652,sidi moumen
209526,8070659,lazaret
209527,8070673,al kawtar
209528,8070674,lazaret
209529,8070686,ras el ma
209530,8070690,ferme bretonne hay arraha
209531,8070700,laymoune
209532,8070711,boulevard med 6
209533,8070716,dar bouazza
209534,8070718,dar bouazza
209535,8070724,ferme bretonne hay arraha
209536,8070734,gueliz
209537,8070738,ennakhil palmeraie
209538,8070739,dar bouazza
209539,8070741,kebibat
209540,8070750,californie
209541,8070766,gueliz
209542,8070773,route de tahanaout
209543,8070796,hay al fath
209544,8070797,route de tahanaout
209545,8070808,gueliz
209546,8070814,route de tahanaout
209547,8070815,roches noires
209548,8070821,ben saleh
209549,8070832,agdal
209550,8070839,hay targa
209551,8070840,bir rami est
209552,8070841,ville verte
209553,8070842,route de l ourika
209554,8070851,anassi
209555,8070857,martil
209556,8070860,administratif
209557,8070863,gueliz
209558,8070864,hay toummert
209559,8070876,gueliz
209560,8070878,hay targa
209561,8070891,bir rami ouest
209562,8070902,riyad
209563,8070904,bir jdid
209564,8070911,riyad
209565,8070913,manar
209566,8070922,route casablanca
209567,8070936,sidi youssef
209568,8070938,medina
209569,8070945,casablanca finance city
209570,8070968,triangle d or
209571,8070976,gueliz
209572,8070979,route nationale assilah n1
209573,8070982,riad salam
209574,8070987,martil
209575,8071002,racine
209576,8071015,oulfa
209577,8071017,triangle d or
209578,8071022,administratif
209579,8071031,triangle d or
209580,8071032,hay el matar
209581,8071035,route casablanca
209582,8071037,achakar
209583,8071043,hamria
209584,8071049,la cienda
209585,8071051,route de l ourika
209586,8071055,californie
209587,8071060,val fleury
209588,8071068,mister khouch
209589,8071083,de la plage
209590,8071103,berrechid
209591,8071105,gauthier
209592,8071107,sidi maarouf
209593,8071111,route de tahanaout
209594,8071119,bourgogne ouest
209595,8071126,bourgogne ouest
209596,8071132,hamria
209597,8071139,hamria
209598,8071141,hamria
209599,8071142,quartier oued fes
209600,8071156,quartier oued fes
209601,8071157,aharrarine
209602,8071161,la gironde
209603,8071163,triangle d or
209604,8071172,mounia
209605,8071174,oulfa
209606,8071182,ahl angad
209607,8071183,tamesna
209608,8071186,hay al amal
209609,8071194,hay al amal
209610,8071196,amerchich
209611,8071203,inzegan
209612,8071210,martil
209613,8071215,route de ouarzazate
209615,8071225,ville verte
209616,8071229,rahma
209617,8071232,sidi maarouf
209618,8071262,tizgane
209619,8071267,hivernage
209620,8071286,les hopitaux
209621,8071287,de la plage
209622,8071288,gauthier
209623,8071293,hay targa
209624,8071296,amelkis
209625,8071297,hay houda
209627,8071301,amelkis
209628,8071306,gueliz
209629,8071317,beausite
209630,8071323,hamria
209631,8071330,ain attig
209632,8071331,agdal
209633,8071332,maarif
209634,8071334,route de ouarzazate
209635,8071337,azemmour
209636,8071349,de la plage
209637,8071350,oulfa
209638,8071352,route de l ourika
209639,8071356,l ocean
209640,8071359,route nationale assilah n1
209641,8071363,route de tahanaout
209642,8071364,route de tahanaout
209643,8071370,essania
209644,8071379,casablanca
209645,8071380,racine
209646,8071383,ain diab
209647,8071413,bouaakkaz
209648,8071432,gueliz
209649,8071439,dar bouazza
209651,8071446,hermitage
209652,8071450,benjdia
209653,8071458,val fleury
209654,8071459,route de tahanaout
209655,8071460,centre ville
209656,8071486,route amizmiz
209657,8071488,ghazoua
209658,8071527,sala el jadida
209659,8071528,burger
209660,8071533,gueliz
209661,8071540,hay salam
209662,8071542,roches noires
209663,8071544,les princesses
209664,8071545,rahba kedima
209665,8071549,hay targa
209666,8071551,riyad
209667,8071552,hay targa
209668,8071556,mouassine
209669,8071557,zone industrielle
209670,8071558,gueliz
209671,8071559,gueliz
209672,8071562,mouassine
209673,8071566,route de l ourika
209674,8071568,mouassine
209675,8071592,agdal
209676,8071599,gueliz
209677,8071606,oulfa
209678,8071609,route amizmiz
209679,8071612,el hadadda
209680,8071615,bir rami ouest
209681,8071632,gueliz
209682,8071636,amelkis
209683,8071637,route de fez
209684,8071642,mghogha
209685,8071652,samlalia
209686,8071654,les hopitaux
209687,8071666,sidi maarouf
209688,8071667,dar bouazza
209689,8071674,gueliz
209690,8071676,zouagha bas
209691,8071684,sidi moumen
209692,8071693,hay al amal
209693,8071694,sala el jadida
209694,8071699,centre ville
209695,8071702,anza
209696,8071707,najmat al janoub
209697,8071708,ain diab extension
209698,8071711,route de safi
209699,8071730,ain diab extension
209700,8071745,essebtiyen
209701,8071747,sidi allal el bahraoui
209703,8071765,hay salam
209704,8071767,dar el lhamra
209705,8071768,route de l ourika
209706,8071775,hay el menzah
209707,8071778,errahma
209708,8071808,souissi
209709,8071809,maarif extension
209710,8071830,les hopitaux
209711,8071842,belvedere
209712,8071853,route de safi
209713,8071855,achbar
209714,8071873,hay salam
209715,8071885,medina
209716,8071918,val fleury
209717,8071924,bir jdid
209718,8071948,harhoura
209719,8071952,belbekkar
209720,8071953,marjane
209721,8071954,marjane
209722,8071965,nemsia
209723,8071969,sidi maarouf
209724,8071979,agdal
209725,8071987,palmier
209726,8071998,souissi
209727,8072003,centre ville
209728,8072010,bouskoura
209729,8072012,palmier
209731,8072038,polo
209732,8072050,gueliz
209733,8072057,route de l ourika
209735,8072067,dar bouazza
209736,8072068,gauthier
209738,8072076,gueliz
209739,8072088,hay targa
209740,8072094,ain diab
209741,8072097,castilla
209742,8072100,bourgogne est
209743,8072115,gueliz
209744,8072125,souissi
209745,8072141,maamora
209746,8072164,massira 1
209747,8072180,sania
209748,8072196,gueliz
209749,8072198,sidi mimoun
209750,8072200,ville verte
209751,8072220,hay targa
209752,8072231,val fleury
209753,8072250,manar
209754,8072254,quartier des ambassades
209755,8072259,polo
209756,8072262,route de l ourika
209757,8072264,route de l ourika
209758,8072266,hay mohammadi
209759,8072268,oued laou
209760,8072271,centre
209761,8072281,sidi maarouf
209762,8072293,hay mohammadi
209763,8072298,ennasr
209764,8072301,hay targa
209765,8072307,ennakhil palmeraie
209768,8072319,ain diab
209770,8072325,marrakech
209771,8072326,maarif extension
209772,8072327,koudia
209773,8072329,ain diab
209774,8072331,bella vista
209775,8072333,guich oudaya
209776,8072335,founti
209777,8072336,marrakech
209778,8072346,jbel kbir
209779,8072347,mandarona
209780,8072352,bourgogne est
209781,8072365,casablanca
209782,8072368,camp al ghoul
209783,8072378,abouab sala
209784,8072389,hamria
209785,8072392,al bassatine
209786,8072404,inzegan
209787,8072405,grand boulevard ahfir
209788,8072425,anfa
209789,8072430,lamiaa
209790,8072432,hay el matar
209791,8072448,diour jamaa
209792,8072449,route casablanca
209793,8072452,gueliz
209794,8072453,boustane
209795,8072454,oulfa
209796,8072462,centre ville
209797,8072465,hay al qods
209798,8072468,gueliz
209799,8072469,ourika
209800,8072472,hay salam
209801,8072474,michouar
209802,8072475,azzouzia
209803,8072480,sidi abdellah
209804,8072487,hay targa
209805,8072500,harhoura
209806,8072502,riad oulad mtaa
209807,8072503,boukhalef
209808,8072516,almaz
209809,8072521,gueliz
209810,8072538,saada
209811,8072555,essaada
209812,8072556,kennaria
209813,8072557,imsouane
209814,8072586,les hopitaux
209815,8072610,route amizmiz
209816,8072616,anfa
209817,8072625,ville verte
209818,8072629,iberie
209819,8072634,roches noires
209820,8072644,route de l ourika
209821,8072646,al kawtar
209822,8072647,abattoirs
209823,8072649,hay hassani
209824,8072653,route de l ourika
209825,8072656,centre ville
209826,8072671,hay hassani
209827,8072707,marjane
209828,8072714,californie
209829,8072726,derb ghalef
209830,8072733,gueliz
209831,8072734,castilla
209832,8072743,korat essba
209833,8072749,bouskoura ville
209835,8072755,route de fez
209836,8072762,riad al atlas
209837,8072797,racine
209838,8072806,hay moulay el kamel
209839,8072808,route amizmiz
209840,8072814,fquih ben saleh
209841,8072817,riyad
209842,8072821,agdal
209843,8072838,tamesna
209844,8072842,frougui
209845,8072847,hay zaytoun
209846,8072854,les portes de marrakech
209847,8072855,hay moulay rachid 1
209848,8072856,ville verte
209849,8072866,val fleuri
209850,8072868,anfa
209851,8072872,route amizmiz
209852,8072875,route amizmiz
209853,8072877,taddart anza
209854,8072879,centre
209855,8072913,gueliz
209856,8072915,agdal
209857,8072920,gueliz
209858,8072950,el menzeh
209860,8072979,malabata
209861,8072981,almaz
209863,8072993,souissi
209864,8072996,souissi
209865,8073011,sidi maarouf
209867,8073015,oulfa
209868,8073022,tilila
209869,8073025,el manar el hank
209870,8073048,plage oued cherrat
209871,8073063,ain sebaa
209872,8073068,plage oued cherrat
209873,8073079,tacharouk hay al walaa
209874,8073082,route de tahanaout
209875,8073083,tamesna
209876,8073111,gueliz
209877,8073116,el moukef
209878,8073118,oasis
209879,8073143,harhoura
209880,8073150,boulevard med 6
209881,8073174,idaougard
209882,8073185,maghrib arabi
209883,8073195,martil
209884,8073198,gueliz
209885,8073210,hay salam
209886,8073212,gueliz
209887,8073220,centre ville
209888,8073228,agdal
209889,8073252,la ville haute
209890,8073258,ain mezouar
209891,8073267,route casablanca
209892,8073268,hay targa
209893,8073271,errahma
209894,8073272,gueliz
209895,8073280,ain sebaa
209896,8073285,bourrous
209897,8073286,marrakech
209898,8073287,marjane
209899,8073297,hamza
209900,8073330,malabata
209901,8073335,bel air val fleuri
209902,8073337,tanja balia
209903,8073344,route de fez
209904,8073351,bourgogne ouest
209905,8073354,tanja balia
209906,8073369,racine
209907,8073370,oued eddahab
209908,8073373,riad zitoun
209909,8073375,cil hay salam
209910,8073376,palmier
209911,8073377,laayoune
209912,8073381,riyad
209913,8073388,riviera
209914,8073389,bouskoura ville
209915,8073391,les princesses
209916,8073396,oulfa
209917,8073409,founti
209918,8073412,marrakech
209919,8073422,administratif
209920,8073449,azemmour
209921,8073450,route de fez
209922,8073456,californie
209923,8073466,ben guerir
209924,8073467,beni mellal
209925,8073475,marchan
209927,8073494,route de l ourika
209928,8073501,tacharouk hay al walaa
209929,8073502,hamria
209930,8073507,maihta
209931,8073517,hamria
209932,8073521,hassan centre ville
209933,8073524,quartier oued fes
209934,8073537,de la plage
209935,8073538,racine
209936,8073541,route de fez
209937,8073549,sidi moumen
209938,8073561,biougra
209939,8073562,les portes de marrakech
209940,8073577,grand boulevard ahfir
209941,8073579,amelkis
209942,8073580,ain diab
209943,8073588,les hopitaux
209944,8073589,la gironde
209945,8073594,anfa
209946,8073600,had soualem
209947,8073661,bettana
209948,8073663,hay mabrouka
209949,8073682,beausejour
209950,8073693,riyad
209951,8073702,harhoura
209952,8073720,marjane
209953,8073725,bourgogne ouest
209954,8073747,ain diab
209955,8073751,zaouia sidi ghalem
209956,8073754,route amizmiz
209957,8073764,berrechid
209958,8073787,les hopitaux
209959,8073792,oasis
209960,8073798,moujahidine
209961,8073800,les princesses
209962,8073805,sidi rahal chatai
209963,8073811,route amizmiz
209964,8073820,berrechid
209965,8073822,gueliz
209966,8073823,hay targa
209967,8073825,hay zaytoun
209969,8073840,masmoudi
209970,8073841,oulad salah
209971,8073856,route de l ourika
209972,8073868,izdihar
209973,8073876,route de safi
209974,8073896,aharrarine
209975,8073901,entree sud
209976,8073904,el manar el hank
209977,8073905,ain sebaa
209978,8073906,ain diab
209979,8073910,racine
209980,8073911,mouassine
209981,8073915,agdal
209982,8073919,azli
209983,8073920,mhamid
209984,8073923,ain diab
209985,8073944,manar
209986,8073955,centre
209987,8073968,manar
209988,8073977,centre ville
209989,8073979,kawki
209990,8073984,mesnana
209991,8073988,ain diab
209992,8073995,bourgogne ouest
209993,8074004,de la plage
209994,8074005,les hopitaux
209995,8074006,gueliz
209996,8074010,oulfa
209997,8074013,de la plage
209998,8074018,sidi bou amar
209999,8074022,de la plage
210000,8074023,zaouia sidi ghalem
210002,8074034,ben guerir
210003,8074038,skikina
210004,8074045,boufkrane
210005,8074052,loudaya
210006,8074053,palmier
210007,8074055,tantonville
210008,8074057,route casablanca
210009,8074075,zaouia sidi ghalem
210010,8074099,mghayer
210011,8074105,al hadika
210012,8074106,hay targa
210013,8074114,route de fez
210014,8074119,gauthier
210015,8074130,hay moulay el kamel
210016,8074135,al adarissa
210017,8074139,hay salam
210018,8074141,bouaakkaz
210019,8074142,ain sebaa
210020,8074146,drissia
210021,8074158,tifelt
210022,8074162,hivernage
210023,8074164,tighassaline
210024,8074166,route casablanca
210025,8074173,maarif extension
210026,8074176,had soualem
210027,8074182,al wifaq
210028,8074185,moujahidine
210029,8074195,route de l ourika
210030,8074208,amelkis
210031,8074210,la belle vue
210032,8074212,route de fez
210033,8074218,route casablanca
210034,8074229,route casablanca
210035,8074231,hermitage
210036,8074235,founti
210037,8074236,route de fez
210038,8074237,route d agadir essaouira
210039,8074247,agdal
210040,8074259,riad zitoun
210041,8074270,bourgogne ouest
210042,8074286,administratif
210043,8074295,derb omar
210044,8074303,al kawtar
210046,8074346,moujahidine
210047,8074347,moujahidine
210049,8074355,anfa
210050,8074363,amelkis
210051,8074372,bouskoura ville
210052,8074385,sidi abdelkarim
210053,8074390,cil hay salam
210054,8074392,agdal
210055,8074393,aourir
210056,8074408,centre
210057,8074416,touilaa foqia
210058,8074430,marrakech
210059,8074432,les princesses
210060,8074436,boulevard med 6
210061,8074442,bouskoura ville
210062,8074448,el menzeh
210063,8074475,riyad
210064,8074478,wilaya
210065,8074483,californie
210066,8074492,iberie
210067,8074496,bouskoura ville
210068,8074497,ghazoua
210069,8074502,berrechid
210070,8074506,martil
210071,8074522,malabata
210072,8074526,aouama gharbia
210074,8074528,castilla
210075,8074544,agdal
210076,8074545,centre
210078,8074554,maarif
210079,8074556,agdal
210080,8074563,dar bouazza
210081,8074564,dar bouazza
210082,8074571,route de l ourika
210083,8074591,marjane
210084,8074594,tifelt
210085,8074610,maarif extension
210086,8074616,mkinssia
210088,8074639,agdal
210089,8074641,azzouzia
210090,8074643,marjane
210091,8074645,gueliz
210093,8074668,quartier bachkou
210094,8074684,tantonville
210095,8074689,hay hassani
210097,8074697,martil
210098,8074699,souissi
210099,8074701,ain diab
210100,8074706,la siesta
210101,8074707,branes 1
210102,8074713,hivernage
210103,8074715,route de fez
210104,8074725,moulay yaacoub
210105,8074739,hay hassani
210106,8074748,bab sbaa
210107,8074749,casablanca finance city
210108,8074777,kebibat
210109,8074778,belvedere
210110,8074781,port
210111,8074787,harbil
210112,8074793,riyad
210113,8074796,agdal
210114,8074800,marjane
210115,8074802,hivernage
210116,8074808,de la plage
210117,8074813,abbadi
210118,8074822,les hopitaux
210119,8074839,hassan centre ville
210120,8074861,samlalia
210121,8074862,tamri
210122,8074875,el youssoufia
210123,8074892,route nationale assilah n1
210124,8074895,route nationale assilah n1
210125,8074900,route nationale assilah n1
210126,8074904,agdal
210127,8074906,oulad hcine
210128,8074913,route nationale assilah n1
210129,8074915,route de tahanaout
210130,8074919,route nationale assilah n1
210131,8074923,dar bouazza
210132,8074936,ben maachou
210133,8074942,riyad
210134,8074944,sidi kacem
210136,8074952,al hoceima
210137,8074953,lazaret
210138,8074955,nassim 1
210139,8074957,route de l ourika
210140,8074959,ennakhil palmeraie
210141,8074962,port
210142,8074963,route tayret
210143,8074971,bouskoura ville
210144,8074977,route de ouarzazate
210145,8074979,route de l ourika
210146,8074982,martil
210147,8074983,gueliz
210148,8074993,selouane
210149,8074998,californie
210150,8074999,californie
210151,8075032,haut anza
210153,8075043,massira 1
210154,8075050,gueliz
210155,8075070,gueliz
210156,8075104,agdal
210158,8075118,hay hassani
210159,8075119,route de l ourika
210160,8075123,mers sultan
210161,8075125,sidi rahal
210162,8075136,les princesses
210163,8075149,dar bouazza
210164,8075154,hay nahda
210165,8075160,hay dakhla
210166,8075164,wilaya
210167,8075165,hay essalam
210168,8075182,el hadadda
210169,8075183,centre
210170,8075186,tinghir
210171,8075194,camp al ghoul
210172,8075206,route de rabat
210173,8075209,al wifaq
210174,8075213,route de l ourika
210175,8075231,tahannaout
210176,8075252,ben serguaou
210177,8075255,medina
210178,8075264,centre ville
210179,8075265,hay zaytoun
210180,8075281,haut founty
210182,8075305,boujdour
210183,8075318,route de ouarzazate
210185,8075331,route de l ourika
210186,8075335,nassim 2
210188,8075338,sidi allal el bahraoui
210189,8075339,benyara
210190,8075342,hay saada
210191,8075353,amelkis
210192,8075355,saidia
210193,8075356,marrakech
210194,8075358,bourgogne ouest
210196,8075365,de la plage
210197,8075367,hay hassani
210198,8075370,ennakhil palmeraie
210199,8075371,zone industrielle mghogha
210200,8075375,ain chock
210202,8075385,boulevard med 6
210203,8075391,ahlane
210204,8075393,iberie
210206,8075408,route nationale assilah n1
210207,8075409,maarif
210208,8075412,ville verte
210209,8075417,hay hassani
210210,8075418,laayoune
210211,8075423,riad zitoun
210212,8075433,sidi rahal
210213,8075435,harhoura
210214,8075436,al azhar
210215,8075438,riyad
210216,8075440,arset el houta
210217,8075441,el menzeh
210218,8075452,mghogha
210219,8075455,sidi abdallah ghiat
210220,8075461,zone industrielle agadir
210221,8075468,sidi yahya zaer
210222,8075472,gueliz
210224,8075479,anfa
210225,8075486,souissi
210226,8075491,cente
210227,8075499,route de l ourika
210228,8075501,gueliz
210229,8075507,gueliz
210230,8075508,casablanca finance city
210231,8075509,gueliz
210232,8075513,maarif
210233,8075517,route de tahanaout
210234,8075519,souissi
210235,8075522,gueliz
210236,8075531,maarif
210237,8075534,route de fez
210238,8075535,hay haddaouia
210239,8075538,hay lalla haya
210240,8075541,les hopitaux
210241,8075544,derb carlotti
210242,8075550,agdal
210243,8075571,hamza
210244,8075573,ryad dakhla
210245,8075574,les hopitaux
210246,8075578,riyad
210247,8075587,hay al hassani
210248,8075592,aharrarine
210249,8075597,aharrarine
210250,8075598,hay targa
210251,8075600,hay salam
210252,8075610,amelkis
210253,8075623,berkane
210254,8075627,imarat
210255,8075634,gauthier
210256,8075648,triangle d or
210257,8075654,hay hassani
210258,8075659,sidi moumen
210259,8075667,ryad dakhla
210260,8075670,ouled dlim
210261,8075673,route immouzer
210262,8075676,route de ouarzazate
210263,8075678,tahla
210264,8075690,mister khouch
210265,8075696,fes city center
210266,8075697,branes kdima
210267,8075699,hay boudir
210268,8075702,route de ouarzazate
210269,8075706,ville verte
210270,8075708,abattoirs
210271,8075716,ville verte
210272,8075720,ancienne medina
210273,8075723,hivernage
210274,8075730,diour jamaa
210275,8075742,riad oulad mtaa
210276,8075772,ain diab
210277,8075782,assouel
210278,8075788,hay najah
210279,8075796,hay ach chbanat
210280,8075812,derb loubila
210281,8075816,route de ouarzazate
210282,8075828,gueliz
210283,8075829,souissi
210284,8075830,route amizmiz
210285,8075831,laymoune
210286,8075834,gueliz
210287,8075844,abbadi
210288,8075845,m diq
210289,8075850,route casablanca
210290,8075859,californie
210291,8075872,route casablanca
210292,8075877,riyad extension
210293,8075898,ennakhil palmeraie
210294,8075902,route de tahanaout
210295,8075910,hassania 2
210296,8075911,riyad
210297,8075912,route de l ourika
210298,8075917,gueliz
210299,8075943,route de l ourika
210300,8075952,tit mellil
210301,8075956,gueliz
210302,8075957,beni mellal
210303,8075961,hay mohammadi
210304,8075965,route casablanca
210305,8075968,agdal
210306,8075979,franceville
210308,8076005,route de l ourika
210309,8076014,rmila
210310,8076027,californie
210312,8076029,hay toummert
210313,8076047,route de l ourika
210314,8076068,hay targa
210315,8076072,samlalia
210316,8076075,el hadadda
210317,8076081,secteur touristique
210319,8076114,hay targa
210320,8076115,route de l ourika
210321,8076134,nassim 1
210322,8076140,route de tahanaout
210323,8076141,hivernage
210324,8076147,ville verte
210325,8076164,riyad
210326,8076168,hassan centre ville
210327,8076169,route de l ourika
210328,8076176,dar bouazza
210329,8076190,route casablanca
210330,8076197,ain borja
210331,8076202,bella vista
210332,8076205,mghogha
210333,8076210,dar bouazza
210334,8076211,roches noires
210335,8076214,sale
210336,8076215,el menzeh
210338,8076227,anza
210339,8076239,iaazzanene
210340,8076253,cil hay salam
210341,8076266,oulfa
210342,8076278,agdal
210343,8076289,route de tahanaout
210344,8076312,zone industrielle mghogha
210345,8076318,hay annahda
210346,8076322,rachidia
210348,8076330,saidate
210349,8076332,ain diab
210350,8076338,hay targa
210351,8076341,hay targa
210352,8076365,bouaakkaz
210354,8076371,tanger
210355,8076373,marrakech
210356,8076375,moulay bouzarqtoune
210357,8076378,route de marrakech
210358,8076379,route de marrakech
210359,8076382,haut anza
210360,8076384,er rich
210361,8076385,kenitra
210362,8076388,quartier des ambassades
210363,8076391,douar lareich
210365,8076403,casablanca
210366,8076404,amelkis
210367,8076411,hay mohammadi
210368,8076418,mers sultan
210369,8076430,hay targa
210370,8076449,harhoura
210371,8076451,riyad
210372,8076467,siusse
210373,8076472,ben saleh
210374,8076478,al kawtar
210375,8076483,al boustane
210376,8076491,route de fez
210377,8076492,belvedere
210378,8076498,al osra
210379,8076505,gueliz
210380,8076519,gueliz
210381,8076533,beni mellal
210382,8076535,el menzeh
210383,8076537,centre
210384,8076542,star hill
210385,8076545,les princesses
210386,8076553,hermitage
210387,8076556,route de fez
210388,8076558,wifak
210389,8076573,malabata
210390,8076574,ville verte
210391,8076579,ait melloul
210392,8076583,californie
210393,8076586,martil
210394,8076592,maamora
210395,8076597,ourika
210396,8076600,sidi maarouf
210397,8076602,route casablanca
210398,8076608,oulad ogba
210399,8076610,route nationale assilah n1
210400,8076612,ennakhil palmeraie
210401,8076624,dcheira el jihadia
210402,8076625,ain diab extension
210403,8076630,route nationale assilah n1
210404,8076635,dar bouazza
210405,8076637,nouaceur
210406,8076638,m diq
210407,8076641,saniat errmel
210408,8076642,californie
210409,8076643,hassan centre ville
210410,8076644,berrechid
210411,8076647,berrechid
210412,8076661,route de fez
210413,8076662,gueliz
210414,8076663,route de tahanaout
210415,8076675,berkane
210416,8076683,route de l ourika
210417,8076697,mediouna
210418,8076698,route de l ourika
210419,8076706,chtouka
210420,8076707,val fleury
210421,8076708,aharrarine
210422,8076709,berrechid
210423,8076720,sidi maarouf
210424,8076721,californie
210425,8076724,de la plage
210426,8076727,had soualem
210427,8076728,sidi allal el bahraoui
210428,8076747,ma c3 a2rif
210429,8076748,gueliz
210430,8076749,gueliz
210431,8076753,sidi bou amar
210432,8076759,centre ville
210433,8076769,aarid
210434,8076777,sidi rahal
210435,8076780,azzinate
210436,8076793,agdal
210437,8076794,el mansouria
210439,8076809,route amizmiz
210440,8076825,ennakhil palmeraie
210441,8076832,medina
210442,8076833,route de tahanaout
210443,8076837,centre
210444,8076842,ain diab
210445,8076854,sidi rahal chatai
210446,8076859,de la plage
210447,8076861,ain chock
210448,8076867,golf de benslimane
210449,8076869,hay essalam
210450,8076870,gueliz
210451,8076881,route de ouarzazate
210452,8076883,route de l ourika
210453,8076885,kaat ben nahid
210454,8076887,route de ouarzazate
210455,8076894,hay qods
210456,8076895,bouargane
210457,8076897,dar bouazza
210458,8076898,hay massira
210459,8076901,tifelt
210460,8076902,arset sbaia
210461,8076909,racine
210462,8076920,mediouna
210463,8076921,al qods
210464,8076931,gueliz
210465,8076939,ennakhil palmeraie
210466,8076941,cgi
210467,8076946,moujahidine
210468,8076956,branes 2
210469,8076970,sanaoubar
210470,8076973,laaouina
210471,8076984,ryad dakhla
210472,8076985,ourika
210473,8077000,hay zobir
210474,8077028,riyad
210475,8077057,route casablanca
210476,8077059,m diq
210477,8077081,founti
210478,8077088,moujahidine
210479,8077092,route de safi
210480,8077140,cabo negro
210481,8077146,laaouama
210482,8077148,illigh
210483,8077153,had soualem
210484,8077157,maamora
210485,8077161,entree sud
210486,8077165,la ville haute
210487,8077170,tilila
210488,8077179,jbel kbir
210489,8077182,gauthier
210490,8077185,mirleft
210491,8077188,sania
210492,8077190,route de l ourika
210493,8077194,deroua
210494,8077196,route de l ourika
210495,8077198,agdal
210496,8077200,route de fez
210497,8077202,route de tahanaout
210498,8077203,martil
210499,8077214,maghrib arabi
210500,8077220,la colline
210501,8077232,sidi othmane
210502,8077250,derb ghalef
210503,8077252,wifak
210504,8077265,cite adrar
210505,8077267,agdal
210506,8077281,route amizmiz
210507,8077294,azzouzia
210508,8077298,camp al ghoul
210509,8077299,route casablanca
210510,8077307,chefchaouen
210511,8077309,riyad
210512,8077313,saidia
210513,8077315,iberie
210514,8077316,hassan centre ville
210515,8077332,hay targa
210516,8077337,el menzeh
210517,8077348,riviera
210518,8077361,gueliz
210519,8077362,route amizmiz
210520,8077367,oasis
210521,8077382,oasis
210522,8077387,arset sbaia
210523,8077394,rmila
210524,8077398,el gara
210525,8077433,samlalia
210526,8077437,aouatif
210527,8077440,bab al bahar
210529,8077456,beni mellal
210530,8077465,hay albaraka
210531,8077466,hay targa
210533,8077471,diour jamaa
210534,8077475,route de safi
210535,8077486,agdal
210536,8077488,les princesses
210537,8077495,centre
210538,8077499,oulad wjih
210539,8077502,gueliz
210540,8077507,tamesna
210541,8077520,amelkis
210542,8077521,la gironde
210543,8077523,amelkis
210544,8077534,bd hassan ii
210545,8077537,hay mabrouka
210546,8077560,port tanger ville
210548,8077565,el menzeh
210549,8077579,riyad
210550,8077587,beausejour
210551,8077598,ville verte
210552,8077625,centre ville
210553,8077636,gueliz
210554,8077644,deroua
210555,8077648,gueliz
210556,8077662,izdihar
210557,8077673,californie
210558,8077681,ahlane
210559,8077682,hay salam
210561,8077713,ain mezouar
210562,8077721,hivernage
210563,8077731,route de ouarzazate
210564,8077737,route de tahanaout
210565,8077759,amelkis
210566,8077783,tanja balia
210567,8077789,route casablanca
210568,8077800,rabat
210569,8077816,gueliz
210570,8077820,plage oued cherrat
210571,8077842,route casablanca
210572,8077844,gueliz
210573,8077846,route de l ourika
210574,8077872,camp al ghoul
210575,8077875,amelkis
210576,8077902,anfa superieur
210577,8077913,route amizmiz
210579,8078163,route de ouarzazate
210583,8078379,racine
210584,8078383,malabata
210586,8078423,plateau al batha
210587,8078474,maarif
210588,8078480,sidi ben slimane el jazouli
210589,8078491,route de l ourika
210590,8078502,oulfa
210591,8078512,gueliz
210592,8078546,racine extension
210593,8078551,hivernage
210596,8078698,route de fez
210597,8078736,hay saada
210598,8078777,anfa
210603,8078995,hay targa
210604,8079020,maarif extension
210605,8079040,oulfa
210606,8079079,californie
210607,8079144,route casablanca
210609,8079344,massira 1
210610,8079357,hay hassani
210613,8079480,sidi bou amar
210614,8079515,hay el menzah
210620,8079599,marjane
210622,8079768,route de fez
210624,8079800,ain diab
210625,8079805,maarif extension
210628,8080066,route de l ourika
210630,8080150,route de l ourika
210631,8080174,route de l ourika
210634,8080226,palmier
210635,8080238,gueliz
210636,8080272,gueliz
210638,8080354,route de fez
210639,8080357,route de ouarzazate
210640,8080358,marrakech
210642,8080381,riyad
210644,8080529,ferme bretonne hay arraha
210646,8080646,triangle d or
210648,8080705,la gironde
210653,8080839,tanja balia
210654,8080849,hay salama
210657,8081027,gueliz
210660,8081222,centre
210661,8081315,rmila
210662,8081384,sidi othmane
210664,8081510,mhamid
210665,8081534,diour jamaa
210666,8081562,californie
210667,8081627,gueliz
210669,8081682,ain diab
210670,8081772,les hopitaux
210671,8081802,centre
210685,8082132,la gironde
210686,8082162,les princesses
210687,8082167,agdal
210690,8082296,hay targa
210691,8082297,route amizmiz
210692,8082339,les princesses
210693,8082378,derb chtouka
210694,8082386,route de ouarzazate
210695,8082408,belvedere
210696,8082445,iberie
210698,8082668,el moukef
210702,8082773,gueliz
210706,8082818,agdal
210707,8082854,souissi
210708,8082864,mhamid
210710,8082967,derb ghalef
210711,8082969,californie
210712,8082971,sidi maarouf
210713,8083094,sidi othmane
210714,8083134,route de fez
210720,8083451,boulevard med 6
210723,8083531,riyad
210724,8083681,malabata
210727,8083851,ain diab
210730,8083895,beausejour
210732,8083920,riad zitoun
210733,8083925,agdal
210736,8083990,anfa superieur
210737,8084018,riyad
210738,8084039,el manar el hank
210741,8084125,les princesses
210747,8084362,moujahidine
210749,8084460,tanger city center
210750,8084474,route nationale assilah n1
210751,8084518,casablanca finance city
210752,8084570,ennakhil palmeraie
210753,8084603,mers sultan
210759,8084779,mers sultan
210760,8084825,les portes de marrakech
210761,8084856,route de fez
210766,8084998,medina
210767,8085031,agdal
210769,8085047,route amizmiz
210770,8085048,route amizmiz
210771,8085049,route amizmiz
210772,8085051,route amizmiz
210773,8085054,route amizmiz
210774,8085055,route amizmiz
210781,8085136,ain diab
210784,8085154,el manar el hank
210789,8085201,souissi
210790,8085235,route casablanca
210791,8085291,racine
210792,8085292,gauthier
210793,8085311,el manar el hank
210794,8085319,l ocean
210798,8085460,route de tahanaout
210799,8085483,casablanca finance city
210803,8085636,maarif extension
210806,8085691,riyad
210808,8085742,route casablanca
210811,8085906,val fleury
210812,8086152,racine
210816,8086318,oulfa
210818,8086338,ain diab
210820,8086499,riyad
210821,8086534,casablanca finance city
210822,8086544,cil hay salam
210823,8086547,racine
210826,8086560,souissi
210828,8086633,almaz
210831,8086679,sidi othmane
210832,8086684,gauthier
210833,8086754,route de l ourika
210834,8086878,rmila
210835,8086997,haut agdal
210837,8087132,mesnana
210838,8087138,bella vista
210839,8087165,gauthier
210840,8087202,agdal
210841,8087248,medina
210842,8087337,route amizmiz
210843,8087370,ain diab
210845,8087465,agdal
210846,8087489,tanger city center
210847,8087492,route amizmiz
210848,8087507,mozart
210850,8087552,racine
210852,8087569,almaz
210856,8087639,route casablanca
210857,8087667,massira 3
210859,8087749,les princesses
210863,8087929,californie
210865,8088025,belvedere
210869,8088134,administratif
210870,8088162,racine
210871,8088224,laymoune
210874,8088314,tanger city center
210875,8088324,tanger city center
210877,8088406,hivernage
210878,8088421,al farah dar essalam
210880,8088467,rmila
210881,8088494,derb ghalef
210884,8088657,route casablanca
210885,8088676,mhamid
210888,8088802,amelkis
210889,8088836,gauthier
210891,8088864,hay hassani
210893,8088872,ain diab
210894,8088900,oasis
210897,8088974,centre
210898,8088981,ferme bretonne hay arraha
210900,8088990,amelkis
210901,8089005,sidi maarouf
210902,8089036,cil hay salam
210903,8089089,manar
210904,8089148,malabata
210905,8089157,marrakech
210909,8089197,bourgogne ouest
210910,8089215,almaz
210911,8089335,riyad extension
210912,8089346,anfa
210915,8089539,les princesses
210916,8089542,issil
210917,8089545,ferme bretonne hay arraha
210918,8089555,les hopitaux
210919,8089565,les hopitaux
210920,8089569,les hopitaux
210921,8089570,les hopitaux
210922,8089573,les hopitaux
210923,8089584,hivernage
210924,8089587,les princesses
210925,8089588,la gironde
210926,8089589,gueliz
210928,8089596,gauthier
210929,8089601,hay al bahja
210931,8089745,ain diab
210932,8089761,val fleury
210934,8089853,belvedere
210935,8089933,souissi
210936,8089935,souissi
210937,8089938,souissi
210938,8089960,ain mezouar
210939,8090004,route de tahanaout
210941,8090051,mandarona
210944,8090062,moujahidine
210947,8090210,route casablanca
210948,8090234,route de l ourika
210949,8090290,kebibat
210951,8090381,marjane
210952,8090391,route de fez
210954,8090488,hay mabrouka
210955,8090542,iberie
210956,8090592,sidi maarouf
210959,8090797,beausite
210960,8090805,ennakhil palmeraie
210961,8090883,route amizmiz
210964,8091064,moulay lyazid
210965,8091096,souissi
210969,8091226,ain diab extension
210971,8091305,mandarona
210972,8091321,route amizmiz
210973,8091322,route amizmiz
210974,8091323,route amizmiz
210976,8091366,maarif
210977,8091437,aharrarine
210978,8091469,ennakhil palmeraie
210980,8091594,administratif
210982,8091640,route amizmiz
210984,8091785,tanja balia
210985,8091848,administratif
210987,8091931,route nationale assilah n1
210990,8092036,azzouzia
210992,8092083,centre
210997,8092248,hanaa 1
210998,8092279,racine
210999,8092288,ahlane
211002,8092334,maarif
211006,8092398,belvedere
211007,8092404,marrakech
211009,8092458,cil hay salam
211013,8092645,les rosiers
211014,8092693,branes kdima
211017,8092892,gueliz
211018,8092925,gueliz
211020,8092984,bab ighli
211021,8092985,ennakhil palmeraie
211022,8092997,hay targa
211023,8093024,massira 1
211026,8093079,ain chock
211032,8093341,route de ouarzazate
211034,8093372,gueliz
211036,8093397,administratif
211037,8093399,les hopitaux
211038,8093402,maarif extension
211039,8093551,agdal
211040,8093619,route amizmiz
211041,8093684,marrakech
211042,8093786,centre
211044,8093804,marrakech
211045,8093807,amelkis
211046,8093808,marrakech
211047,8093809,route de l ourika
211048,8093810,ennakhil palmeraie
211049,8093814,ennakhil palmeraie
211050,8093815,ennakhil palmeraie
211051,8093816,route de l ourika
211052,8093817,amelkis
211053,8093818,route amizmiz
211054,8093834,medina
211055,8093934,californie
211056,8094064,riyad
211058,8094102,ferme bretonne hay arraha
211061,8094165,californie
211063,8094265,habbous
211065,8094278,riyad
211066,8094372,racine
211074,8094554,mghogha
211075,8094585,riyad
211076,8094588,route casablanca
211077,8094594,gauthier
211078,8094615,route de l ourika
211079,8094660,racine extension
211080,8094684,californie
211081,8094732,la gironde
211083,8094866,route de tahanaout
211084,8094867,route de l ourika
211085,8094871,route de l ourika
211086,8094874,route de l ourika
211087,8094915,bourgogne est
211089,8094935,sidi ben slimane el jazouli
211090,8094957,aouama gharbia
211092,8095011,agdal
211093,8095014,camp al ghoul
211094,8095044,maarif
211095,8095050,benjdia
211098,8095314,route de ouarzazate
211099,8095352,oasis
211100,8095399,zone industrielle
211102,8095549,gueliz
211103,8095577,laymoune
211104,8095691,gueliz
211109,8095788,ain diab extension
211111,8095804,ferme bretonne hay arraha
211112,8095900,mandarona
211113,8095933,castilla
211116,8096058,gueliz
211118,8096155,marjane
211120,8096183,californie
211124,8096242,route de safi
211126,8096265,souissi
211127,8096273,anfa
211128,8096314,casablanca finance city
211130,8096325,casablanca finance city
211131,8096334,oulfa
211132,8096335,les hopitaux
211133,8096338,majorelle
211134,8096343,belvedere
211135,8096346,gueliz
211136,8096368,quartier des ambassades
211138,8096465,hay lalla haya
211139,8096478,jbel kbir
211140,8096500,californie
211141,8096554,amerchich
211142,8096608,boukhalef
211143,8096623,ain diab
211144,8096649,izdihar
211146,8096686,amerchich
211147,8096728,ziaten
211148,8096732,tanja balia
211149,8096748,hay targa
211150,8096785,mers sultan
211151,8096805,route de safi
211152,8096833,branes kdima
211155,8096916,route de ouarzazate
211156,8096926,riyad
211157,8096944,mhamid
211158,8096982,anfa
211159,8096984,belvedere
211160,8097006,oulfa
211161,8097009,maarif
211162,8097021,belvedere
211163,8097026,hay targa
211164,8097029,les princesses
211165,8097077,ahlane
211166,8097117,branes 2
211169,8097331,medina
211171,8097362,anfa
211172,8097364,assif
211173,8097405,sidi belyout
211175,8097407,moulay lyazid
211176,8097492,route de l ourika
211177,8097539,sidi belyout
211179,8097600,agdal
211181,8097765,derb omar
211182,8097770,amerchich
211184,8097799,mouassine
211185,8097898,boulevard med 6
211186,8097900,route de ouarzazate
211187,8097972,bourgogne ouest
211189,8097999,mers sultan
211190,8098025,azzouzia
211191,8098029,racine
211192,8098053,sidi mansour
211193,8098064,marrakech
211194,8098071,route de safi
211197,8098122,route de tahanaout
211198,8098173,souissi
211199,8098202,mers sultan
211202,8098267,beausejour
211203,8098289,route amizmiz
211204,8098291,route casablanca
211205,8098297,route de tahanaout
211206,8098339,route amizmiz
211207,8098395,de la plage
211209,8098403,medina
211210,8098408,sidi moumen
211212,8098459,souissi
211213,8098545,derb chtouka
211214,8098562,izdihar
211215,8098570,al qods
211218,8098641,val fleury
211220,8098692,hivernage
211221,8098744,city dar es salaam
211222,8098762,ferme bretonne hay arraha
211223,8098763,alsace lorraine
211224,8098774,ferme bretonne hay arraha
211226,8098796,la gironde
211227,8098810,route de fez
211228,8098811,branes 2
211229,8098813,mers sultan
211230,8098884,sidi maarouf
211232,8098894,route de tahanaout
211233,8098914,les hopitaux
211235,8098930,la gironde
211236,8098939,route de ouarzazate
211237,8098969,hivernage
211239,8099003,oulfa
211241,8099021,hay targa
211242,8099043,souissi
211243,8099060,agdal
211246,8099124,quartier bachkou
211247,8099125,riyad
211248,8099131,centre
211249,8099135,les hopitaux
211250,8099156,administratif
211251,8099160,maarif extension
211252,8099163,hay palestine
211253,8099175,ziaten
211254,8099192,bernoussi
211256,8099236,hay targa
211258,8099257,ain diab
211259,8099338,koudia
211261,8099519,maarif extension
211263,8099534,gueliz
211265,8099566,ain diab
211267,8099630,ksibat nhas
211268,8099674,gueliz
211269,8099681,hay targa
211270,8099697,route nationale assilah n1
211271,8099709,bourgogne ouest
211272,8099751,ksibat nhas
211273,8099810,ain sebaa
211274,8099828,route de fez
211275,8099831,el hara
211276,8099845,boulevard med 6
211277,8099855,rmilat
211278,8099901,sidi mimoun
211280,8099952,bernoussi
211281,8099957,gueliz
211283,8099983,medina
211284,8099987,malabata
211285,8099992,kennaria
211286,8099994,agdal
211288,8100023,route de ouarzazate
211292,8100078,agdal
211293,8100084,mers sultan
211295,8100142,ennakhil palmeraie
211297,8100151,alsace lorraine
211299,8100222,moujahidine
211300,8100258,ain borja
211301,8100263,palmier
211302,8100264,salmia 2
211304,8100324,gueliz
211305,8100328,riad zitoun
211306,8100329,ferme bretonne hay arraha
211309,8100469,ziaten
211310,8100470,ain diab
211312,8100492,majorelle
211313,8100501,tanger city center
211314,8100561,route de fez
211315,8100580,iberie
211319,8100619,marjane
211320,8100623,palmier
211321,8100660,palmier
211322,8100676,palmier
211323,8100691,palmier
211326,8100728,hay mohammadi
211327,8100741,sidi moumen
211328,8100762,lissasfa
211330,8100816,medina
211331,8100823,maarif extension
211332,8100834,route de l ourika
211333,8100836,boulevard med 6
211334,8100850,ferme bretonne hay arraha
211335,8100887,route nationale assilah n1
211336,8100896,achakar
211337,8100900,gourziana
211339,8100934,hay targa
211340,8100957,boukar
211343,8100965,agdal
211345,8100971,les hopitaux
211347,8101057,route de l ourika
211348,8101073,arset el houta
211349,8101098,ain mezouar
211350,8101099,ain mezouar
211351,8101100,ain mezouar
211352,8101101,ain mezouar
211353,8101102,ain mezouar
211354,8101103,ain mezouar
211355,8101104,ain mezouar
211357,8101186,ain diab
211358,8101219,route de ouarzazate
211361,8101232,tanger city center
211362,8101235,tanger city center
211363,8101246,achakar
211364,8101273,maarif extension
211365,8101279,sidi moumen
211367,8101339,moulay youssef
211368,8101364,camp al ghoul
211369,8101373,hay nahda
211370,8101380,route de l ourika
211371,8101382,anfa
211372,8101387,charf
211373,8101395,ennakhil palmeraie
211374,8101414,riyad
211376,8101444,route casablanca
211377,8101446,hay el menzah
211381,8101528,sidi bou amar
211382,8101544,de la plage
211383,8101558,oulfa
211385,8101582,maarif extension
211386,8101607,rmila
211387,8101615,sidi mimoun
211388,8101632,belbekkar
211390,8101677,hay hassani
211391,8101697,agdal
211392,8101700,mouassine
211393,8101714,kaat ben nahid
211394,8101745,maarif
211395,8101748,racine
211396,8101775,mhamid
211397,8101801,ben saleh
211398,8101820,franceville
211399,8101826,daoudiat
211400,8101838,tacharouk hay al walaa
211401,8101854,sidi mansour
211402,8101861,racine
211403,8101867,sidi bou amar
211404,8101917,azzouzia
211407,8101968,hay chrifa
211409,8101983,riad al atlas
211410,8101987,gueliz
211411,8101998,centre
211412,8102014,belvedere
211413,8102072,route de fez
211414,8102108,val fleury
211415,8102118,riad zitoun
211416,8102120,mhamid
211417,8102123,achakar
211418,8102133,tacharouk hay al walaa
211422,8102156,californie
211425,8102208,racine
211428,8102285,iberie
211430,8102351,ain diab
211431,8102359,beausejour
211433,8102399,jamila 2
211435,8102540,route de ouarzazate
211436,8102543,casablanca marina
211437,8102651,oasis
211438,8102660,lissasfa
211440,8102733,les princesses
211441,8102747,hay mabrouka
211442,8102776,gueliz
211443,8102781,samlalia
211444,8102784,al qods
211447,8102831,les hopitaux
211449,8102962,centre
211451,8103019,al qods
211453,8103097,route casablanca
211454,8103110,sidi moumen
211455,8103126,route de tahanaout
211456,8103142,gueliz
211458,8103161,bab ighli
211461,8103226,route amizmiz
211463,8103239,tantonville
211465,8103275,mhamid
211466,8103286,triangle d or
211468,8103309,mister khouch
211469,8103314,ahlane
211470,8103349,gauthier
211472,8103364,racine
211473,8103390,roches noires
211475,8103417,iberie
211478,8103500,marrakech
211479,8103515,gueliz
211481,8103591,mouassine
211483,8103619,iberie
211485,8103653,route de l ourika
211487,8103715,derb loubila
211488,8103752,el mrabet
211490,8103766,de la plage
211491,8103768,bourgogne est
211492,8103772,derb ghalef
211493,8103795,mhamid
211496,8103854,maarif
211500,8103875,les princesses
211501,8103888,quartier bachkou
211502,8103901,ain diab
211503,8103922,boukhalef
211504,8103938,racine extension
211506,8103967,riyad
211507,8103983,casablanca
211508,8103999,route amizmiz
211509,8104013,val fleury
211511,8104081,mhamid
211512,8104086,souissi
211514,8104155,al qods
211516,8104215,route de l ourika
211517,8104225,souissi
211518,8104226,assouel
211520,8104246,gueliz
211521,8104300,amelkis
211522,8104311,riyad
211523,8104331,arset ben chebli
211524,8104339,ferme bretonne hay arraha
211525,8104346,riyad
211526,8104355,almaz
211527,8104374,laymoune
211529,8104459,ben saleh
211530,8104496,manar
211531,8104523,californie
211532,8104532,mouassine
211533,8104539,racine
211535,8104545,izdihar
211536,8104546,laymoune
211537,8104568,marrakech
211538,8104569,marrakech
211539,8104575,route d agadir essaouira
211540,8104620,casablanca finance city
211542,8104674,mediouna
211543,8104717,route de l ourika
211544,8104728,route de l ourika
211545,8104732,route de l ourika
211546,8104770,route de l ourika
211548,8104805,marjane
211550,8104859,de la plage
211551,8104868,oulfa
211552,8104923,majorelle
211553,8104934,riyad
211554,8104940,sidi bou amar
211555,8104949,oulfa
211556,8104973,agdal
211557,8105016,nassim 1
211558,8105024,route de tahanaout
211559,8105032,gueliz
211560,8105039,riyad
211561,8105051,les hopitaux
211562,8105062,californie
211563,8105069,sanaoubar
211564,8105072,mers sultan
211566,8105168,mouassine
211567,8105173,californie
211568,8105182,boulevard med 6
211569,8105183,achakar
211571,8105235,agdal
211572,8105256,sidi mimoun
211575,8105327,samlalia
211576,8105338,boulevard med 6
211578,8105367,bourgogne ouest
211579,8105369,route de l ourika
211580,8105372,arset ben chebli
211581,8105403,riyad
211582,8105428,route casablanca
211583,8105456,hay nahda
211585,8105502,ain diab
211586,8105540,kennaria
211587,8105550,hay targa
211588,8105568,les hopitaux
211589,8105584,palmier
211590,8105591,malabata
211591,8105600,gueliz
211592,8105625,oulfa
211595,8105746,hermitage
211596,8105806,racine
211597,8105810,diour jamaa
211598,8105823,hassan centre ville
211599,8105826,ennakhil palmeraie
211600,8105877,boulevard med 6
211601,8105920,centre
211602,8105971,souissi
211603,8105977,hay al fath
211604,8106010,camp al ghoul
211605,8106013,ferme bretonne hay arraha
211606,8106014,bourgogne ouest
211608,8106071,la gironde
211609,8106097,route amizmiz
211610,8106141,sidi maarouf
211611,8106147,route de fez
211613,8106157,gueliz
211614,8106165,ksibat nhas
211617,8106238,route de fez
211619,8106250,koudia
211620,8106264,gueliz
211621,8106275,hay targa
211623,8106285,camp al ghoul
211624,8106289,ksibat nhas
211627,8106338,souissi
211628,8106404,boulevard med 6
211629,8106405,boulevard med 6
211630,8106406,boulevard med 6
211631,8106407,boulevard med 6
211632,8106408,boulevard med 6
211633,8106409,boulevard med 6
211634,8106410,boulevard med 6
211635,8106411,boulevard med 6
211636,8106417,triangle d or
211637,8106430,maarif
211640,8106461,californie
211641,8106462,californie
211642,8106463,californie
211643,8106464,californie
211644,8106465,californie
211645,8106466,californie
211646,8106467,californie
211647,8106468,californie
211648,8106475,ennakhil palmeraie
211651,8106527,zaouia sidi ghalem
211654,8106642,souissi
211655,8106703,route de l ourika
211656,8106710,medina
211657,8106711,hay targa
211659,8106724,rahba kedima
211660,8106732,quartier des ambassades
211662,8106742,ain sebaa
211663,8106765,anfa
211664,8106777,laymoune
211665,8106786,les hopitaux
211668,8106868,hay targa
211669,8106870,hay targa
211670,8106908,route de ouarzazate
211672,8107038,maarif extension
211673,8107054,gueliz
211675,8107074,malabata
211677,8107111,casablanca finance city
211678,8107153,haut agdal
211681,8107193,rmila
211682,8107212,belvedere
211683,8107218,mers sultan
211684,8107224,les hopitaux
211685,8107228,quartier bachkou
211690,8107257,cil hay salam
211691,8107283,californie
211692,8107305,mhamid
211693,8107307,almaz
211694,8107337,riyad
211695,8107395,hay mohammadi
211696,8107401,boulevard med 6
211697,8107412,ksibat nhas
211698,8107417,route de safi
211700,8107727,hay targa
211701,8107750,assouel
211702,8107775,bourgogne est
211706,8107833,drissia
211707,8107843,maarif
211710,8107870,izdihar
211711,8107872,riviera
211712,8107894,polo
211715,8107945,belvedere
211716,8107972,oulfa
211718,8107975,californie
211720,8108059,gueliz
211721,8108092,moulay youssef
211723,8108217,mhamid
211724,8108235,ahlane
211725,8108248,de la plage
211727,8108288,riad zitoun
211728,8108298,gueliz
211729,8108303,nassim 1
211730,8108309,garage allal
211731,8108313,route de safi
211732,8108315,hay ach chbanat
211735,8108375,almaz
211736,8108382,riyad
211738,8108502,californie
211740,8108534,sidi mansour
211741,8108535,sidi mansour
211743,8108648,boulevard med 6
211744,8108650,tantonville
211745,8108676,route de safi
211746,8108721,route amizmiz
211747,8108731,route de l ourika
211748,8108752,centre
211749,8108758,assouel
211750,8108811,beausejour
211751,8108813,les princesses
211754,8108854,californie
211756,8108916,plateau al batha
211757,8108940,route de safi
211758,8108948,daoudiat
211760,8108966,triangle d or
211761,8108995,gueliz
211762,8109012,sanaoubar
211763,8109066,route de l ourika
211764,8109069,hay zitoun
211765,8109089,boulevard med 6
211766,8109101,amelkis
211767,8109137,californie
211768,8109143,polo
211769,8109173,achakar
211770,8109208,les princesses
211771,8109262,la vilette
211774,8109318,les hopitaux
211775,8109335,racine
211778,8109400,californie
211780,8109427,arset el houta
211782,8109441,arset ben chebli
211783,8109453,bab lhmar
211784,8109465,michouar
211787,8109539,belvedere
211788,8109567,alsace lorraine
211789,8109574,medina
211790,8109611,lissasfa
211792,8109659,ennakhil palmeraie
211793,8109661,bourgogne ouest
211795,8109717,sidi maarouf
211798,8109860,gueliz
211800,8109862,gueliz
211801,8109876,gueliz
211802,8109877,gueliz
211803,8109878,gueliz
211804,8109879,gueliz
211805,8109880,gueliz
211806,8109887,castilla
211807,8109894,quartier bachkou
211809,8109925,moujahidine
211812,8109975,boulevard med 6
211815,8110025,hay alfarah
211817,8110052,belvedere
211819,8110077,administratif
211820,8110078,maarif extension
211821,8110085,ennakhil palmeraie
211822,8110092,hay targa
211825,8110133,route amizmiz
211826,8110143,route de l ourika
211827,8110160,racine extension
211829,8110193,ain borja
211830,8110198,route de fez
211831,8110221,oulfa
211832,8110222,kebibat
211834,8110243,ferme bretonne hay arraha
211835,8110290,route de l ourika
211836,8110301,route de l ourika
211837,8110327,cil hay salam
211838,8110339,garage allal
211840,8110368,route de fez
211841,8110375,ain diab
211843,8110396,riyad
211844,8110406,agdal
211845,8110507,amelkis
211847,8110549,mers sultan
211848,8110567,les princesses
211849,8110570,hassan centre ville
211850,8110573,gueliz
211851,8110593,route casablanca
211852,8110605,gueliz
211854,8110627,route casablanca
211855,8110652,hay mohammadi
211857,8110673,route de l ourika
211859,8110723,guich oudaya
211861,8110788,racine
211864,8110824,gueliz
211865,8110846,nassim 2
211866,8110862,route de fez
211867,8110872,les hopitaux
211868,8110883,californie
211869,8110935,sidi ben slimane el jazouli
211870,8110946,quartier des ambassades
211874,8111041,route amizmiz
211875,8111042,riyad
211876,8111050,hay inara
211878,8111061,agdal
211879,8111082,gueliz
211880,8111105,mhamid
211883,8111171,route casablanca
211886,8111198,centre
211887,8111203,achakar
211888,8111211,hassan centre ville
211891,8111250,route de tahanaout
211892,8111282,hay hassani
211893,8111284,route de l ourika
211894,8111326,sidi maarouf
211895,8111372,route de fez
211898,8111404,maarif
211899,8111406,gueliz
211900,8111428,mhamid
211905,8111540,hay zitoun
211906,8111541,gauthier
211907,8111554,riyad
211908,8111610,bourgogne ouest
211909,8111619,oulfa
211910,8111722,centre
211911,8111742,bab lhmar
211912,8111748,route de ouarzazate
211913,8111755,californie
211916,8111798,maarif
211918,8111819,tacharouk hay al walaa
211919,8111831,maarif
211943,8112017,riyad
211944,8112036,hay hassani
211945,8112068,agdal
211947,8112096,route de l ourika
211948,8112105,oulfa
211949,8112130,route casablanca
211950,8112151,les hopitaux
211951,8112154,bab lhmar
211953,8112167,belvedere
211955,8112175,centre
211956,8112213,zone industrielle moulay rachid
211957,8112217,marjane
211958,8112232,anfa
211959,8112245,route de l ourika
211960,8112246,marrakech
211961,8112252,anfa
211962,8112258,el hara
211963,8112279,marrakech
211964,8112280,marrakech
211966,8112315,sidi mimoun
211968,8112326,sidi maarouf
211969,8112354,moulay lyazid
211971,8112397,hay hassani
211974,8112493,hermitage
211975,8112495,massira 2
211976,8112497,rmila
211977,8112510,californie
211978,8112531,issil
211979,8112537,centre
211980,8112538,hay mohammadi
211981,8112539,californie
211982,8112556,bab aylan
211983,8112559,riad zitoun
211984,8112561,ben saleh
211985,8112580,moujahidine
211987,8112597,route de l ourika
211988,8112610,oasis
211989,8112620,hay mabrouka
211990,8112625,sidi maarouf
211991,8112631,anfa
211993,8112662,les princesses
211995,8112718,al hadika
211996,8112731,bourgogne est
211997,8112735,route de tahanaout
211998,8112896,hay inara
212000,8112982,route casablanca
212002,8112995,marjane
212003,8112999,triangle d or
212004,8113009,arset el houta
212006,8113033,racine
212007,8113040,moulay lyazid
212008,8113074,anfa
212009,8113089,sidi ben slimane el jazouli
212011,8113117,sidi bou amar
212012,8113127,hay ach chbanat
212013,8113137,rmila
212014,8113140,maarif
212015,8113144,plateau al batha
212016,8113146,hay salama
212018,8113149,bourgogne ouest
212019,8113150,maarif
212021,8113169,palmier
212022,8113172,route d agadir essaouira
212025,8113234,nassim 1
212026,8113246,ain borja
212027,8113249,du golf
212029,8113270,route casablanca
212030,8113271,oasis
212032,8113320,camp al ghoul
212034,8113342,anfa
212036,8113391,mouassine
212038,8113445,guich oudaya
212039,8113452,al kamra
212040,8113489,route amizmiz
212041,8113540,riyad
212043,8113609,souissi
212044,8113612,riyad
212045,8113617,triangle d or
212046,8113623,racine
212047,8113630,ennakhil palmeraie
212048,8113646,mghogha
212049,8113715,moujahidine
212051,8113774,sidi youssef
212052,8113776,rmila
212054,8113815,agdal
212055,8113824,sidi mansour
212057,8113843,marrakech
212058,8113850,gueliz
212060,8113896,oulfa
212061,8113904,arset ihiri
212062,8113916,les princesses
212063,8113923,al azhar
212065,8113982,racine
212068,8113989,hivernage
212069,8113997,route amizmiz
212070,8114010,sidi moumen
212071,8114031,el manar el hank
212072,8114036,mghogha
212073,8114043,bourgogne est
212074,8114045,racine extension
212078,8114190,route d agadir essaouira
212079,8114200,moujahidine
212080,8114207,ma c3 a2rif extension
212081,8114212,route de fez
212083,8114262,ennakhil palmeraie
212084,8114267,de la plage
212085,8114287,route amizmiz
212086,8114289,gueliz
212088,8114294,mers sultan
212091,8114352,route amizmiz
212095,8114432,tanja balia
212096,8114462,maarif extension
212099,8114517,les hopitaux
212100,8114522,hay al massar
212101,8114527,route de safi
212102,8114537,gueliz
212103,8114539,hay saada 1
212105,8114548,route de ouarzazate
212107,8114604,riad zitoun
212108,8114619,hay mabrouka
212109,8114632,belvedere
212110,8114634,anfa superieur
212113,8114762,casablanca finance city
212114,8114803,aouama gharbia
212115,8114804,aouama gharbia
212116,8114805,aouama gharbia
212117,8114806,aouama gharbia
212119,8114859,souissi
212120,8114883,maarif extension
212125,8114932,casablanca finance city
212128,8114998,ain sebaa
212131,8115022,gueliz
212132,8115036,californie
212133,8115041,triangle d or
212134,8115047,triangle d or
212138,8115109,ain diab extension
212142,8115176,alsace lorraine
212144,8115204,ain sebaa
212152,8115258,anfa
212153,8115259,route de tahanaout
212154,8115268,bourgogne ouest
212156,8115280,gueliz
212157,8115295,val fleury
212159,8115340,azli
212161,8115377,drissia
212162,8115397,route de tahanaout
212163,8115405,achakar
212165,8115457,gueliz
212167,8115529,polo
212168,8115531,triangle d or
212169,8115542,route casablanca
212170,8115550,route de ouarzazate
212172,8115561,bab aylan
212173,8115562,bouaakkaz
212176,8115628,route amizmiz
212177,8115653,de la plage
212178,8115698,route de ouarzazate
212181,8115777,bouaakkaz
212182,8115834,casablanca marina
212183,8115835,berrima
212184,8115838,sidi moumen
212185,8115839,samlalia
212186,8115845,samlalia
212188,8115856,hay al kodia
212189,8115862,sidi maarouf
212190,8115894,sidi belyout
212191,8115898,boumesmar
212193,8115978,maarif
212195,8115983,route de l ourika
212196,8115985,mediouna
212197,8115998,riyad
212198,8116042,oasis
212199,8116054,bourgogne est
212200,8116089,mers sultan
212201,8116101,hay hassani
212202,8116107,drissia
212203,8116140,gueliz
212204,8116181,hermitage
212207,8116275,gu c3 a9liz
212209,8116290,sidi mansour
212210,8116300,essebtiyen
212211,8116302,marjane
212213,8116313,marjane
212218,8116352,ennakhil palmeraie
212219,8116415,maarif extension
212221,8116479,benjdia
212222,8116494,sidi bou amar
212223,8116507,sidi bou amar
212225,8116526,hay hakam
212226,8116585,souissi
212227,8116617,tanja balia
212229,8116634,route de l ourika
212230,8116664,maarif extension
212232,8116734,mers sultan
212233,8116750,route de tahanaout
212234,8116753,ain borja
212237,8116846,lissasfa
212238,8116884,plateau al batha
212239,8116894,samlalia
212241,8116923,mandarona
212242,8116924,route de fez
212243,8116925,route de fez
212244,8116926,route de fez
212245,8116927,route de fez
212246,8116928,route de fez
212247,8116929,route de fez
212248,8116930,route de fez
212250,8116993,les hopitaux
212251,8117001,sidi moumen
212252,8117036,belvedere
212253,8117038,ennakhil palmeraie
212255,8117058,californie
212257,8117095,gu c3 a9liz
212258,8117113,souissi
212259,8117128,gueliz
212260,8117135,mesnana
212261,8117149,beausejour
212262,8117165,ain diab
212264,8117186,ain borja
212265,8117282,almaz
212267,8117944,les oudayas
212270,8118476,route de l ourika
212271,8118478,marrakech
212272,8118492,riyad
212273,8118495,beausite
212274,8118514,benjdia
212276,8118550,route de fez
212277,8118554,les princesses
212278,8118576,agdal
212282,8118689,franceville
212284,8118702,moulay lyazid
212285,8118703,gueliz
212286,8118719,beausite
212287,8118721,route d agadir essaouira
212290,8118761,californie
212293,8118844,mhamid
212294,8118868,casablanca finance city
212297,8118924,mhamid
212298,8118981,gueliz
212299,8118994,ain diab
212300,8118998,centre
212302,8119037,casablanca
212304,8119106,gueliz
212305,8119118,belvedere
212306,8119157,hassan centre ville
212307,8119187,mhamid
212308,8119197,agdal
212310,8119219,hay chrifa
212311,8119222,medina
212314,8119239,mers sultan
212316,8119262,anfa superieur
212317,8119292,hay mohammadi
212319,8119344,souissi
212320,8119372,oulfa
212322,8119424,oulfa
212323,8119436,sidi maarouf
212324,8119488,ain diab
212326,8119526,masmoudi
212329,8119596,hay idrissia
212331,8119643,ain diab
212332,8119650,gueliz
212333,8119659,hay hassani
212334,8119694,ennakhil palmeraie
212336,8119703,hay albaraka
212337,8119730,oulfa
212338,8119743,l ocean
212339,8119774,lahraouiyine
212340,8119777,route de ouarzazate
212342,8119863,benjdia
212344,8119932,sidi bou amar
212345,8119933,boulevard med 6
212346,8119953,route casablanca
212347,8119971,samlalia
212349,8119993,riad zitoun
212352,8120033,amelkis
212355,8120069,arset ihiri
212357,8120111,gauthier
212361,8120201,agdal
212362,8120204,centre
212363,8120206,azli
212364,8120217,les princesses
212367,8120247,gauthier
212368,8120255,anassi
212369,8120258,beausejour
212371,8120275,oulfa
212372,8120318,route amizmiz
212376,8120446,hivernage
212379,8120511,aviation mabella
212380,8120521,al qods
212382,8120553,anfa
212383,8120579,les hopitaux
212384,8120635,guich oudaya
212385,8120644,racine
212387,8120699,hay nahda
212389,8120737,hay hassani
212392,8120765,centre
212398,8120863,bourgogne ouest
212399,8120884,les princesses
212400,8120885,rmila
212403,8120925,gauthier
212404,8120936,route de l ourika
212405,8120978,souissi
212406,8120999,hivernage
212408,8121034,agdal
212410,8121083,masmoudi
212411,8121087,souissi
212413,8121124,val fleury
212416,8121206,gauthier
212417,8121243,route de l ourika
212418,8121263,riyad
212419,8121282,bouaakkaz
212420,8121351,bourgogne ouest
212421,8121356,oulfa
212422,8121359,route amizmiz
212424,8121404,racine
212425,8121438,la vilette
212427,8121453,route casablanca
212429,8121466,iberie
212430,8121472,oulfa
212434,8121558,iberie
212435,8121568,centre
212436,8121619,mers sultan
212438,8121673,les hopitaux
212441,8121703,beausite
212442,8121713,ain sebaa
212443,8121729,hay mohammadi
212444,8121743,agdal
212445,8121814,medina
212446,8121817,medina
212447,8121846,souissi
212448,8121852,ain sebaa
212450,8121878,agdal
212451,8121897,souissi
212453,8121913,les hopitaux
212455,8121944,boulevard med 6
212456,8121947,hassan centre ville
212458,8121970,belvedere
212459,8121978,route casablanca
212460,8121979,mers sultan
212461,8121985,bel air val fleuri
212463,8122022,oulfa
212464,8122043,palmier
212465,8122044,hay hassani
212466,8122050,route nationale assilah n1
212467,8122065,tanja balia
212469,8122121,route de fez
212471,8122149,ennakhil palmeraie
212472,8122152,mandarona
212473,8122232,iberie
212474,8122257,beausejour
212476,8122286,gueliz
212478,8122318,hay zobir
212479,8122340,gueliz
212480,8122341,les princesses
212481,8122348,ennakhil palmeraie
212482,8122350,hay al amal
212483,8122361,hay targa
212484,8122377,ennakhil palmeraie
212486,8122397,nassim 1
212487,8122410,californie
212488,8122432,malabata
212493,8122600,achakar
212494,8122642,ziaten
212495,8122653,route de fez
212497,8122685,gueliz
212501,8122743,amelkis
212504,8122816,agdal
212505,8122822,hay mohammadi
212506,8122843,gueliz
212510,8122887,bir el ghazi
212513,8122940,gueliz
212514,8122943,mhamid
212515,8122958,casablanca
212518,8123043,riyad
212520,8123061,mouassine
212521,8123080,polo
212523,8123126,al qods
212524,8123141,branes kdima
212525,8123166,mesnana
212527,8123188,moulay lyazid
212528,8123194,rahba kedima
212529,8123211,gueliz
212531,8123241,bab ghmat
212532,8123255,al azhar
212533,8123264,jnan ben chagra
212534,8123276,anassi
212536,8123305,el majd
212537,8123314,de la plage
212539,8123352,hay el menzah
212540,8123355,route amizmiz
212541,8123358,iberie
212542,8123386,racine
212543,8123398,boumesmar
212544,8123405,californie
212545,8123409,rmila
212546,8123412,bab aylan
212547,8123450,hermitage
212548,8123481,derb omar
212550,8123552,hay al massira
212551,8123571,derb omar
212554,8123582,ain borja
212555,8123583,boukhalef
212556,8123607,bernoussi
212560,8123615,hay albaraka
212569,8123652,sidi bou amar
212571,8123656,belvedere
212574,8123685,les cretes
212575,8123704,route de safi
212577,8123731,administratif
212578,8123736,route de l ourika
212581,8123773,tanger city center
212582,8123817,sidi maarouf
212583,8123869,californie
212584,8123874,roches noires
212585,8123892,route de l ourika
212587,8123992,hay targa
212588,8123999,rmila
212589,8124052,anfa
212590,8124104,ain chock
212594,8124157,riad al atlas
212595,8124176,riad al atlas
212596,8124190,burger
212599,8124235,bouaakkaz
212601,8124270,issil
212602,8124282,riyad
212605,8124334,maarif
212606,8124355,route de tahanaout
212608,8124389,sidi maarouf
212609,8124413,gueliz
212611,8124433,racine
212612,8124441,amelkis
212613,8124458,sidi mimoun
212614,8124498,quartier des ambassades
212615,8124561,hay hassani
212617,8124582,riad zitoun
212619,8124654,palmier
212620,8124661,gueliz
212622,8124747,dher lahmam
212624,8124795,les portes de marrakech
212626,8124851,castilla
212627,8124853,bourgogne est
212629,8124879,gueliz
212630,8124880,port
212631,8124893,ain diab extension
212632,8124895,gueliz
212633,8124911,gueliz
212634,8124930,daoudiat
212635,8124931,mhamid
212637,8124978,oulfa
212638,8125006,souissi
212639,8125012,anfa
212640,8125013,casablanca
212641,8125062,gueliz
212645,8125136,racine
212648,8125168,la gironde
212649,8125188,route de safi
212650,8125191,route casablanca
212651,8125197,californie
212654,8125232,gueliz
212655,8125269,castilla
212656,8125288,les princesses
212657,8125301,gueliz
212660,8125358,quartier des ambassades
212661,8125382,racine
212662,8125442,marjane
212668,8125519,route casablanca
212669,8125533,riyad
212672,8125567,agdal
212673,8125661,route de fez
212674,8125665,californie
212675,8125667,maarif
212676,8125677,al mandar al jamil
212678,8125736,route de tahanaout
212679,8125756,mesnana
212680,8125758,roches noires
212681,8125786,ain chock
212683,8125852,route de fez
212684,8125860,rmila
212685,8125863,marjane
212686,8125873,route de safi
212688,8125886,jbel kbir
212691,8125967,derb khlifa
212692,8125970,assouel
212694,8125996,gueliz
212695,8126034,longchamps hay al hanaa
212696,8126042,riviera
212697,8126054,ain diab
212698,8126060,maarif extension
212700,8126071,tacharouk hay al walaa
212701,8126098,agdal
212702,8126125,route casablanca
212704,8126159,riyad
212705,8126173,arset el maach
212706,8126187,mandarona
212707,8126201,ain chock
212710,8126260,al qods
212711,8126263,route de safi
212712,8126274,sidi maarouf
212714,8126295,de la plage
212715,8126333,oulfa
212716,8126336,mesnana
212717,8126341,route de l ourika
212719,8126347,mhamid
212721,8126364,route de fez
212722,8126370,bouaakkaz
212727,8126428,sidi moumen
212728,8126433,malabata
212729,8126435,mhamid
212732,8126494,camp al ghoul
212733,8126514,hivernage
212734,8126545,oasis
212736,8126571,ain sebaa
212737,8126575,mers sultan
212738,8126598,boukhalef
212739,8126609,palmier
212740,8126638,route de l ourika
212741,8126639,route de l ourika
212742,8126640,route de l ourika
212743,8126641,route de l ourika
212744,8126642,route de l ourika
212745,8126643,route de l ourika
212746,8126645,route de l ourika
212749,8126713,al osra
212750,8126717,medina
212753,8126740,manar
212754,8126767,hay al fath
212757,8126827,route de safi
212758,8126968,anfa
212760,8127035,gueliz
212762,8127063,jirrari
212765,8127112,amelkis
212766,8127136,centre
212767,8127163,el manar el hank
212768,8127173,bab ghmat
212772,8127221,mhamid
212773,8127231,gueliz
212774,8127238,laaouina
212775,8127250,gueliz
212777,8127354,hay targa
212779,8127370,guich oudaya
212780,8127443,charf
212781,8127474,haut agdal
212782,8127487,camp al ghoul
212784,8127514,hay salama
212786,8127525,guich oudaya
212787,8127541,masmoudi
212788,8127542,quartier bachkou
212790,8127632,hay moulay rachid 4
212791,8127634,boulevard med 6
212793,8127673,sidi abbad
212794,8127686,route de safi
212796,8127748,jbel kbir
212798,8127765,ksibat nhas
212799,8127779,ziaten
212801,8127860,hay alfoqara
212802,8127864,centre
212803,8127895,port tanger ville
212805,8127965,izdihar
212806,8127997,val fleury
212807,8128022,hay ach chbanat
212808,8128048,achakar
212809,8128062,anfa
212810,8128098,marchan
212811,8128112,souissi
212812,8128127,route de l ourika
212813,8128130,les hopitaux
212815,8128162,racine extension
212816,8128188,ksibat nhas
212819,8128266,route de safi
212820,8128276,casablanca finance city
212821,8128279,route de safi
212822,8128281,bouaakkaz
212824,8128294,izdihar
212827,8128309,route casablanca
212828,8128337,massira 1
212829,8128392,route de l ourika
212830,8128412,ain diab
212831,8128414,moujahidine
212836,8128456,port tanger ville
212837,8128457,souissi
212838,8128496,hivernage
212839,8128510,gueliz
212840,8128511,gueliz
212841,8128518,route casablanca
212843,8128566,val fleury
212844,8128582,hay hassani
212846,8128656,souissi
212847,8128663,de la plage
212848,8128667,agdal
212849,8128677,iberie
212851,8128690,hay mabrouka
212852,8128695,de la plage
212853,8128699,les hopitaux
212854,8128712,la gironde
212855,8128729,oulfa
212856,8128737,route d agadir essaouira
212857,8128740,de la plage
212858,8128767,manar
212859,8128810,bernoussi
212860,8128811,les hopitaux
212861,8128814,plateau al batha
212862,8128821,moulay youssef
212864,8128833,souissi
212865,8128836,les orangers
212866,8128860,ennakhil palmeraie
212868,8128887,souissi
212871,8128904,hay salama
212872,8128907,mers sultan
212873,8128909,lissasfa
212874,8128912,daoudiat
212875,8128916,racine
212876,8128918,amerchich
212880,8128929,mhamid
212881,8128935,hay el menzah
212882,8128936,laymoune
212883,8128941,maarif extension
212885,8128960,oulfa
212886,8128965,ennakhil palmeraie
212888,8128979,ennakhil palmeraie
212889,8128994,gueliz
212890,8128998,riviera
212891,8129004,souissi
212892,8129015,bourgogne ouest
212893,8129037,arset ihiri
212894,8129047,belvedere
212895,8129055,agdal
212896,8129058,sania
212897,8129067,sania
212898,8129102,californie
212900,8129148,route de l ourika
212901,8129153,la gironde
212902,8129154,agdal
212904,8129198,franceville
212905,8129215,al hadika
212907,8129250,gauthier
212909,8129268,route casablanca
212910,8129269,bourgogne ouest
212912,8129273,route de l ourika
212913,8129343,route casablanca
212914,8129353,gueliz
212916,8129373,centre
212917,8129379,gueliz
212918,8129380,hay hassani
212920,8129400,hay targa
212921,8129440,majorelle
212922,8129500,route de l ourika
212923,8129508,route de tahanaout
212925,8129531,route de fez
212926,8129567,massira 3
212927,8129731,gu c3 a9liz
212929,8129785,gueliz
212930,8129791,franceville
212931,8129803,achennad
212932,8129804,gu c3 a9liz
212939,8130083,route casablanca
212940,8130087,ben saleh
212941,8130091,route nationale assilah n1
212942,8130109,gueliz
212944,8130131,derb chorfa
212946,8130142,arset moulay moussa
212949,8130171,gueliz
212950,8130176,palmier
212951,8130182,gueliz
212952,8130194,les hopitaux
212953,8130200,bourgogne ouest
212955,8130207,les princesses
212956,8130208,anfa
212958,8130218,oasis
212959,8130219,les princesses
212960,8130224,oasis
212961,8130225,anfa
212962,8130228,oasis
212965,8130231,ain diab
212967,8130282,les hopitaux
212969,8130312,hay targa
212972,8130369,palmier
212973,8130396,sidi youssef
212976,8130427,lissasfa
212977,8130442,gueliz
212979,8130475,hivernage
212981,8130482,route d agadir essaouira
212982,8130485,souissi
212983,8130486,centre
212984,8130494,maarif extension
212987,8130547,route casablanca
212988,8130568,ain sebaa
212989,8130669,hay chrifa
212990,8130671,hay hassani
212991,8130673,ain sebaa
212993,8130691,anfa
212995,8130704,californie
212997,8130729,beausejour
212998,8130853,hay targa
212999,8130856,hay chrifa
213001,8130863,oasis
213003,8130911,route de fez
213004,8130913,route de fez
213006,8130988,riad zitoun
213007,8131008,moulay lyazid
213008,8131075,manar
213009,8131103,zaouiat lahdar
213010,8131133,maarif
213012,8131143,hay hassani
213013,8131144,hay antaria
213016,8131155,gauthier
213018,8131162,belvedere
213020,8131203,route de l ourika
213021,8131208,manar
213022,8131212,les princesses
213024,8131262,route de tahanaout
213026,8131298,majorelle
213027,8131325,hay nahda
213028,8131335,medina
213029,8131336,achakar
213030,8131342,guich oudaya
213031,8131350,gauthier
213032,8131355,maarif
213034,8131391,route de l ourika
213035,8131445,route de l ourika
213036,8131449,derb ghalef
213037,8131473,anfa superieur
213038,8131474,anfa superieur
213040,8131539,administratif
213041,8131562,tanger city center
213042,8131574,moujahidine
213043,8131605,route de tahanaout
213044,8131606,centre
213048,8131656,hivernage
213049,8131659,tanger city center
213050,8131662,palmier
213051,8131676,oulfa
213052,8131690,achakar
213053,8131710,l ocean
213055,8131723,racine
213056,8131745,beausejour
213057,8131818,gueliz
213058,8131835,sidi moumen
213059,8131839,hassan centre ville
213060,8131851,bel air val fleuri
213065,8131940,port tanger ville
213066,8131942,aviation mabella
213067,8131962,haut agdal
213068,8131969,alia
213069,8131970,route de fez
213070,8131980,massira 2
213073,8131994,hay almasjid
213074,8132004,beausejour
213075,8132007,zone industrielle mghogha
213077,8132044,mers sultan
213078,8132078,mouassine
213079,8132083,de la plage
213081,8132129,gueliz
213082,8132183,hay chrifa
213083,8132196,ben saleh
213084,8132211,jawadi
213085,8132212,route nationale assilah n1
213086,8132220,anassi
213087,8132256,gauthier
213088,8132276,hay targa
213089,8132343,sidi maarouf
213091,8132348,route de l ourika
213093,8132396,californie
213094,8132408,ain diab extension
213095,8132430,ain sebaa
213096,8132447,quartier des ambassades
213098,8132507,route de fez
213100,8132599,malabata
213101,8132610,route de tahanaout
213102,8132621,florida mandarona
213103,8132623,maarif extension
213104,8132627,marrakech
213105,8132629,route de safi
213106,8132637,ennasr
213107,8132656,hay targa
213108,8132696,hay targa
213109,8132697,hay targa
213110,8132708,centre
213111,8132724,oulfa
213112,8132727,castilla
213113,8132742,sidi mimoun
213115,8132748,route casablanca
213117,8132757,marjane
213118,8132814,val fleury
213119,8132818,beausejour
213120,8132834,hay nahda
213121,8132836,bernoussi
213125,8132886,maarif
213126,8132892,agdal
213129,8132922,marrakech
213130,8132926,ancienne medina
213131,8132930,route de l ourika
213132,8132990,belvedere
213134,8133104,hay hassani
213135,8133109,route de tahanaout
213136,8133178,hay targa
213137,8133183,hay targa
213138,8133191,mghogha
213139,8133202,hay targa
213140,8133211,quartier des ambassades
213141,8133212,salmia 2
213142,8133228,iberie
213143,8133233,gauthier
213144,8133240,de la plage
213145,8133244,manar
213146,8133250,michouar
213147,8133284,route de l ourika
213149,8133286,riyad
213150,8133315,malabata
213151,8133342,californie
213152,8133344,jawhar
213154,8133369,izdihar
213155,8133408,hay mabrouka
213156,8133434,racine
213159,8133492,gueliz
213160,8133497,belvedere
213161,8133519,californie
213163,8133536,ain sebaa
213164,8133568,route de ouarzazate
213165,8133587,belvedere
213166,8133590,belvedere
213167,8133605,belvedere
213168,8133614,azzouzia
213169,8133618,du golf
213170,8133627,hay mabrouka
213171,8133635,route amizmiz
213172,8133657,casablanca
213173,8133666,ain diab
213174,8133694,gueliz
213175,8133713,gueliz
213176,8133715,marrakech
213177,8133723,ain chock
213178,8133740,ain mezouar
213179,8133779,hay mohammadi
213180,8133810,centre
213181,8133818,hay moulay abdellah
213182,8133840,centre
213183,8133856,route de tahanaout
213184,8133857,amelkis
213185,8133905,hay el menzah
213186,8133906,hay el menzah
213187,8133907,hay el menzah
213188,8133910,hay el menzah
213189,8133911,hay el menzah
213190,8133912,hay el menzah
213191,8133914,hay el menzah
213192,8133936,route de l ourika
213194,8133973,miamar
213195,8133992,lissasfa
213196,8133994,lissasfa
213197,8133997,hay targa
213198,8134022,val fleury
213199,8134023,maarif extension
213200,8134025,ain diab
213202,8134049,palmier
213206,8134128,mandarona
213209,8134148,beausejour
213210,8134150,sidi belyout
213211,8134156,ain chock
213213,8134192,mhamid
213214,8134213,gueliz
213217,8134293,sidi maarouf
213218,8134295,route de fez
213219,8134305,al hadika
213220,8134314,beausite
213221,8134318,californie
213225,8134399,ma c3 a2rif extension
213227,8134454,hay targa
213228,8134458,hay targa
213231,8134519,quartier bachkou
213232,8134544,el mrabet
213233,8134548,marjane
213234,8134639,roches noires
213235,8134643,al qods
213236,8134646,sidi moumen
213237,8134647,route de ouarzazate
213238,8134654,gueliz
213240,8134703,hay hassani
213241,8134704,achakar
213242,8134705,achakar
213243,8134706,achakar
213244,8134707,achakar
213246,8134727,jamila 5
213247,8134739,tantonville
213248,8134771,arset el maach
213249,8134778,route amizmiz
213251,8134852,ennakhil palmeraie
213254,8134874,gueliz
213255,8134884,hay inara
213256,8134909,bouaakkaz
213258,8134948,roches noires
213260,8134969,diour jamaa
213261,8135006,val fleury
213263,8135044,gueliz
213264,8135088,laymoune
213268,8135121,belvedere
213269,8135124,malabata
213270,8135154,malabata
213271,8135161,agdal
213273,8135176,hay al othmania
213275,8135320,val fleury
213276,8135365,centre ville
213277,8135370,route de l ourika
213278,8135424,hay albaraka
213281,8135509,iziki
213282,8135544,gueliz
213284,8135580,souissi
213285,8135615,administratif
213286,8135624,route de l ourika
213288,8135651,hay al fath
213289,8135702,sidi maarouf
213290,8135703,ennakhil palmeraie
213291,8135706,sania
213292,8135737,sidi el khadir
213293,8135760,gauthier
213294,8135766,bel air val fleuri
213295,8135768,hivernage
213298,8135850,casablanca finance city
213300,8135943,salmia 2
213301,8135946,bourgogne ouest
213302,8135951,la gironde
213303,8135961,maarif
213304,8135972,gourziana
213306,8135976,ahlane
213307,8135978,gourziana
213308,8135982,aouama gharbia
213309,8135988,centre
213311,8136059,route de ouarzazate
213312,8136068,val fleury
213313,8136070,maarif
213314,8136085,oulfa
213316,8136149,racine extension
213318,8136197,hay zobir
213320,8136248,ain diab extension
213321,8136254,hay nahda
213322,8136347,ain diab
213323,8136368,ksibat nhas
213324,8136399,hay targa
213325,8136400,route de l ourika
213326,8136423,maarif extension
213328,8136463,hay alfarah
213330,8136504,hay zitoun
213331,8136532,franceville
213332,8136589,la gironde
213334,8136606,ain diab extension
213335,8136657,centre
213338,8136709,quartier bachkou
213339,8136736,derb ben houmane
213340,8136758,marjane
213342,8136787,maarif
213344,8136793,aouama gharbia
213347,8136857,ain sebaa
213349,8136891,route amizmiz
213350,8136894,racine
213353,8136957,ain diab
213354,8136990,aharrarine
213355,8137084,manar
213356,8137119,casablanca marina
213357,8137123,route de tahanaout
213358,8137124,route de tahanaout
213359,8137125,route de tahanaout
213360,8137126,route de tahanaout
213361,8137127,route de tahanaout
213362,8137128,route de tahanaout
213363,8137129,route de tahanaout
213364,8137130,route de tahanaout
213365,8137156,ain sebaa
213366,8137157,ain sebaa
213368,8137178,val fleury
213369,8137232,gueliz
213371,8137255,belvedere
213372,8137262,californie
213375,8137313,maarif extension
213376,8137317,issil
213377,8137319,issil
213378,8137320,bourgogne est
213380,8137324,les hopitaux
213381,8137346,msala
213382,8137366,route amizmiz
213383,8137378,mandarona
213384,8137379,itissal
213385,8137386,centre
213387,8137408,samlalia
213388,8137437,mers sultan
213389,8137440,ahlane
213390,8137463,manar
213391,8137468,hay targa
213393,8137487,hassan centre ville
213394,8137492,hay targa
213396,8137509,sidi belyout
213398,8137522,moujahidine
213401,8137608,route de tahanaout
213403,8137642,hay zobir
213404,8137643,du golf
213405,8137671,les hopitaux
213407,8137721,bab ghmat
213409,8137744,aouama gharbia
213410,8137751,mers sultan
213411,8137753,ahl loghlam hay assalam
213412,8137763,souissi
213415,8137854,castilla
213416,8137861,ain sebaa
213418,8137888,bella vista
213420,8137898,tanja balia
213421,8137916,moujahidine
213422,8137958,mers sultan
213423,8137969,riyad
213424,8137977,les hopitaux
213426,8137983,hay mabrouka
213427,8137985,longchamps hay al hanaa
213429,8137990,issil
213430,8137993,maarif extension
213432,8138010,hay hassani
213433,8138023,samlalia
213434,8138028,route de tahanaout
213435,8138037,riyad
213436,8138068,gauthier
213437,8138094,ain el hayani
213438,8138141,tanja balia
213441,8138233,beni touzine
213443,8138276,hay hassani
213444,8138310,marjane
213445,8138318,diour jamaa
213446,8138320,hay zitoun
213448,8138355,gueliz
213450,8138364,la gironde
213451,8138388,boukhalef
213452,8138396,casablanca
213453,8138397,gauthier
213454,8138400,racine
213455,8138431,ain sebaa
213456,8138436,ain diab
213457,8138448,quartier al woroud
213458,8138455,roches noires
213460,8138487,mandarona
213461,8138489,centre
213462,8138508,route amizmiz
213464,8138523,hay targa
213466,8138566,medina
213467,8138570,ain borja
213468,8138596,camp al ghoul
213469,8138597,michouar
213470,8138602,ain chock
213471,8138615,agdal
213473,8138632,achakar
213475,8138642,ennakhil palmeraie
213476,8138646,benjdia
213479,8138669,roches noires
213480,8138691,gauthier
213482,8138729,sidi moumen
213483,8138777,al hadika
213485,8138816,gueliz
213486,8138820,hassan centre ville
213488,8138851,riyad
213489,8138852,zaouia sidi ghalem
213490,8138866,les princesses
213492,8138922,el youssoufia
213493,8138926,ain chock
213494,8138928,la gironde
213495,8138946,aviation mabella
213496,8139001,benjdia
213498,8139004,oulfa
213499,8139006,souani
213500,8139008,benjdia
213501,8139009,californie
213502,8139010,californie
213503,8139011,californie
213504,8139012,californie
213505,8139013,californie
213506,8139014,californie
213507,8139017,californie
213508,8139018,californie
213509,8139020,californie
213510,8139022,palmier
213511,8139025,route casablanca
213512,8139030,palmier
213513,8139049,hivernage
213515,8139072,route de ouarzazate
213517,8139109,ennakhil palmeraie
213518,8139123,casablanca finance city
213519,8139153,sidi maarouf
213520,8139159,route de safi
213521,8139196,quartier des ambassades
213522,8139254,moujahidine
213523,8139271,palmier
213524,8139279,route de l ourika
213525,8139280,les hopitaux
213527,8139310,route de tahanaout
213528,8139330,achakar
213529,8139333,oulfa
213533,8139463,riyad extension
213534,8139467,riyad
213535,8139482,route d agadir essaouira
213536,8139508,sidi mansour
213537,8139519,iberie
213538,8139541,aviation mabella
213539,8139542,maarif
213542,8139563,agdal
213543,8139606,bab lhmar
213546,8139627,tanja balia
213551,8139666,l ocean
213552,8139705,hay targa
213555,8139748,gueliz
213556,8139761,route de fez
213558,8139796,sidi maarouf
213559,8139805,anfa
213560,8139815,al qods
213562,8139900,medina
213563,8139915,centre
213564,8139917,medina
213566,8139963,route casablanca
213571,8140098,beausejour
213573,8140143,oulfa
213574,8140154,iberie
213575,8140162,msala
213577,8140192,mediouna
213579,8140230,californie
213580,8140281,route de tahanaout
213582,8140345,ain diab
213585,8140351,route amizmiz
213586,8140365,route de tahanaout
213587,8140389,souissi
213588,8140429,guich oudaya
213590,8140452,aouama gharbia
213593,8140509,polo
213594,8140510,palmier
213595,8140521,azib haj kaddour
213596,8140528,gauthier
213597,8140536,michouar
213598,8140544,sidi moumen
213599,8140554,belvedere
213600,8140567,route de l ourika
213602,8140609,maarif
213605,8140735,riyad
213606,8140748,assif
213608,8140817,quartier des ambassades
213609,8140827,jbel kbir
213610,8140858,lissasfa
213612,8140909,gueliz
213613,8140933,route casablanca
213614,8140934,route casablanca
213615,8140935,route casablanca
213616,8140936,route casablanca
213617,8140937,route casablanca
213618,8140938,route casablanca
213619,8140939,route casablanca
213620,8140951,drissia
213621,8140958,souissi
213622,8140964,route casablanca
213623,8140972,sidi ghanem
213624,8140978,oulfa
213625,8140983,sania
213626,8141030,jawhar
213627,8141044,nassim 1
213628,8141079,boukhalef
213631,8141109,rmila
213632,8141117,anfa
213633,8141125,anfa
213634,8141127,casablanca
213635,8141129,racine
213638,8141192,marrakech
213639,8141196,mandarona
213640,8141236,izdihar
213641,8141239,souissi
213642,8141242,samlalia
213643,8141301,el mrabet
213644,8141328,massoudia
213645,8141332,souissi
213646,8141353,de la plage
213647,8141358,anassi
213648,8141359,route de tahanaout
213649,8141361,hay targa
213651,8141374,les hopitaux
213653,8141392,souissi
213655,8141414,triangle d or
213657,8141422,centre
213658,8141426,mhamid
213661,8141636,cil hay salam
213662,8141640,achakar
213663,8141662,gauthier
213664,8141666,administratif
213665,8141724,hay lalla haya
213667,8141804,nassim 2
213668,8141845,sidi mansour
213670,8141859,route de tahanaout
213672,8141869,achakar
213673,8141895,route de ouarzazate
213674,8141978,gueliz
213677,8142022,agdal
213678,8142044,hay zobir
213679,8142057,californie
213680,8142058,racine
213681,8142063,casablanca
213682,8142066,triangle d or
213683,8142067,racine
213684,8142068,palmier
213685,8142080,mers sultan
213686,8142097,bella vista
213687,8142099,route casablanca
213688,8142110,riyad
213690,8142131,sidi youssef
213692,8142169,l ocean
213694,8142204,hassan centre ville
213696,8142225,alsace lorraine
213697,8142250,aharrarine
213698,8142268,gueliz
213699,8142275,route de tahanaout
213700,8142277,route de tahanaout
213701,8142278,route de tahanaout
213702,8142304,californie
213703,8142305,californie
213704,8142306,californie
213705,8142307,californie
213706,8142308,californie
213707,8142309,californie
213708,8142310,californie
213709,8142311,californie
213710,8142312,californie
213711,8142347,ain diab extension
213712,8142382,rmila
213714,8142394,guich oudaya
213715,8142449,iberie
213716,8142450,gueliz
213718,8142470,hay tarik
213719,8142473,benjdia
213721,8142501,gauthier
213722,8142503,assif
213724,8142513,les hopitaux
213725,8142517,gueliz
213726,8142522,hay salama
213727,8142525,hay salama
213728,8142527,gauthier
213731,8142538,les hopitaux
213732,8142540,plateau al batha
213734,8142553,ksibat nhas
213737,8142587,hay targa
213738,8142649,agdal
213739,8142663,franceville
213740,8142699,ain chock
213741,8142716,masmoudi
213742,8142788,ain diab
213744,8142809,route de tahanaout
213747,8142866,route de tahanaout
213749,8142892,casablanca
213750,8142925,agdal
213751,8142937,route de ouarzazate
213752,8142938,marrakech
213753,8142939,route de l ourika
213755,8142955,gauthier
213758,8143004,el moukef
213761,8143057,ain diab extension
213762,8143066,port tanger ville
213764,8143085,route de l ourika
213766,8143110,mghogha
213767,8143124,amelkis
213768,8143128,californie
213769,8143169,hay riad
213770,8143174,riyad
213771,8143179,riyad
213772,8143184,souissi
213773,8143196,souissi
213774,8143221,route amizmiz
213775,8143240,mesnana
213776,8143248,souissi
213777,8143256,mozart
213779,8143329,californie
213780,8143331,sania
213781,8143335,el manar el hank
213785,8143363,berrima
213786,8143377,riyad
213787,8143378,jbel kbir
213788,8143384,marjane
213789,8143385,hay al fath
213790,8143390,diour jamaa
213791,8143400,ennasr
213792,8143403,assouel
213793,8143414,agdal
213794,8143434,belvedere
213795,8143459,bel air val fleuri
213797,8143531,riad zitoun
213798,8143557,mhamid
213799,8143578,ain diab
213802,8143596,anfa superieur
213803,8143602,ain diab
213804,8143603,route de l ourika
213806,8143626,amerchich
213807,8143629,anfa superieur
213808,8143657,triangle d or
213810,8143660,derb omar
213811,8143664,mandarona
213812,8143668,plateau al batha
213813,8143684,riyad
213814,8143686,riyad
213815,8143710,al qods
213818,8143751,haut agdal
213820,8143761,haut agdal
213821,8143765,anfa superieur
213822,8143768,route de l ourika
213823,8143787,ennakhil palmeraie
213825,8143817,quartier des ambassades
213826,8143854,massira
213827,8143861,les princesses
213828,8143867,casablanca marina
213829,8143870,moulay lyazid
213830,8143903,hivernage
213831,8143918,tanger city center
213832,8143949,gueliz
213833,8143963,massira 1
213834,8143998,benkirane
213836,8144068,hay annahda
213838,8144104,les princesses
213839,8144178,les princesses
213841,8144251,hay idrissia
213842,8144252,quartier al woroud
213844,8144271,arset sbaia
213845,8144279,gueliz
213846,8144292,ennakhil palmeraie
213847,8144293,bournazil
213848,8144308,al kamra
213849,8144318,californie
213852,8144338,azli
213854,8144341,azzouzia
213855,8144346,kebibat
213856,8144406,sidi maarouf
213857,8144414,les princesses
213858,8144416,route de fez
213859,8144418,mhamid
213860,8144436,route de tahanaout
213861,8144527,bourgogne ouest
213862,8144539,hay zobir
213863,8144541,mesnana
213864,8144547,achakar
213865,8144569,hay targa
213867,8144596,route nationale assilah n1
213868,8144627,iberie
213869,8144668,al kamra
213871,8144687,route de l ourika
213872,8144719,quartier al woroud
213873,8144732,gueliz
213878,8144762,route de tahanaout
213879,8144782,anfa superieur
213880,8144786,riad zitoun
213881,8144799,route casablanca
213882,8144805,malabata
213883,8144810,gueliz
213885,8144918,rahba kedima
213886,8144932,sidi maarouf
213887,8144975,al osra
213888,8145024,ain sebaa
213890,8145034,gueliz
213892,8145039,hivernage
213893,8145040,mesnana
213894,8145043,les portes de marrakech
213895,8145066,kebibat
213899,8145139,hay chrifa
213900,8145162,route de l ourika
213902,8145284,samlalia
213903,8145304,route nationale assilah n1
213904,8145342,palmier
213905,8145352,hay hassani
213906,8145361,route de l ourika
213910,8145443,ain borja
213911,8145445,rmilat
213912,8145455,beausejour
213913,8145461,centre
213914,8145464,la gironde
213915,8145477,benjdia
213916,8145485,route casablanca
213918,8145491,derb chtouka
213920,8145522,derb chtouka
213921,8145524,ennasr
213924,8145544,les portes de marrakech
213925,8145556,arset ben chebli
213926,8145560,palmier
213927,8145582,port tanger ville
213930,8145615,agdal
213931,8145661,racine
213932,8145672,riyad
213933,8145694,ain chock
213935,8145759,route de tahanaout
213936,8145762,bab aylan
213937,8145763,longchamps hay al hanaa
213938,8145771,almaz
213939,8145777,franceville
213940,8145843,souissi
213941,8145845,sidi maarouf
213943,8145862,mesnana
213944,8145868,manar
213945,8145871,palmier
213946,8145893,malabata
213947,8145894,malabata
213949,8145911,centre
213950,8145951,ain diab
213952,8146046,les orangers
213953,8146085,oulfa
213954,8146091,route de l ourika
213955,8146113,hay hassani
213957,8146194,gueliz
213959,8146210,route de l ourika
213960,8146265,les hopitaux
213961,8146272,triangle d or
213962,8146273,azzouzia
213963,8146276,palmier
213964,8146287,franceville
213965,8146293,marjane
213966,8146312,mesnana
213967,8146328,hay mabrouka
213968,8146348,hay yasmina
213969,8146366,racine
213970,8146389,medina
213971,8146396,route d agadir essaouira
213972,8146398,californie
213974,8146450,route nationale assilah n1
213975,8146454,route nationale assilah n1
213976,8146455,route nationale assilah n1
213977,8146457,centre
213979,8146483,ain sebaa
213980,8146488,bourgogne ouest
213981,8146490,ben saleh
213983,8146514,hay targa
213984,8146524,sidi moumen
213985,8146545,route de tahanaout
213986,8146583,anfa
213988,8146593,gueliz
213989,8146596,ain sebaa
213990,8146605,izdihar
213991,8146614,samlalia
213993,8146634,route de ouarzazate
213994,8146642,maarif
213995,8146652,gu c3 a9liz
213996,8146653,hay targa
213998,8146666,gueliz
214000,8146688,amelkis
214002,8146717,marrakech
214003,8146718,route de ouarzazate
214004,8146720,daoudiat
214005,8146721,daoudiat
214006,8146724,la gironde
214008,8146752,route de tahanaout
214010,8146768,quartier bachkou
214011,8146796,hay moulay rachid 1
214012,8146807,route de l ourika
214013,8146816,route de ouarzazate
214014,8146825,casablanca finance city
214015,8146852,route de l ourika
214016,8146875,beausejour
214017,8146885,gueliz
214019,8146897,route de ouarzazate
214023,8146929,administratif
214028,8146988,hivernage
214029,8147001,la gironde
214030,8147002,les hopitaux
214031,8147013,riyad
214032,8147030,gueliz
214033,8147048,route amizmiz
214035,8147128,sidi bou amar
214038,8147181,route de fez
214039,8147194,administratif
214041,8147208,rabat
214042,8147225,casablanca marina
214044,8147237,palmier
214045,8147249,californie
214046,8147257,iberie
214047,8147263,route de l ourika
214048,8147385,racine
214049,8147386,route de tahanaout
214050,8147399,riad al atlas
214051,8147402,val fleury
214053,8147406,route de l ourika
214054,8147417,ain diab
214055,8147422,ain sebaa
214056,8147424,boukhalef
214057,8147436,la gironde
214061,8147551,jamila 3
214062,8147561,ahlane
214063,8147562,route de ouarzazate
214064,8147577,ahlane
214065,8147583,ahlane
214067,8147592,ennakhil palmeraie
214070,8147653,administratif
214071,8147667,malabata
214072,8147714,hay inara
214074,8147723,route de tahanaout
214075,8147724,beausejour
214076,8147725,oulfa
214077,8147742,souissi
214080,8147765,oulfa
214081,8147824,les hopitaux
214082,8147839,route casablanca
214084,8147854,beausite
214085,8147869,bab ghmat
214086,8147879,bourgogne ouest
214088,8147902,californie
214090,8147928,route amizmiz
214091,8147937,centre
214093,8147963,beausite
214095,8148014,agdal
214096,8148049,nassim 2
214097,8148088,gueliz
214098,8148096,bernoussi
214100,8148142,arset el houta
214101,8148149,route de tahanaout
214105,8148178,ain sebaa
214106,8148179,ain sebaa
214107,8148180,ain sebaa
214108,8148181,ain sebaa
214109,8148182,ain sebaa
214110,8148183,ain sebaa
214111,8148184,ain sebaa
214112,8148185,ain sebaa
214114,8148205,route amizmiz
214116,8148278,route de l ourika
214117,8148279,route de l ourika
214118,8148289,ain diab extension
214119,8148313,agdal
214120,8148324,racine
214121,8148338,hay targa
214122,8148351,agdal
214123,8148366,malabata
214124,8148373,ain chock
214127,8148402,la gironde
214128,8148410,ain diab extension
214129,8148423,oulfa
214130,8148426,agdal
214131,8148430,beausite
214132,8148431,habbous
214133,8148432,belvedere
214135,8148544,tanja balia
214137,8148582,hay arsalan
214138,8148614,hay targa
214139,8148629,route d agadir essaouira
214140,8148633,hay sadri
214141,8148648,centre
214144,8148714,la gironde
214145,8148721,boukhalef
214146,8148782,route casablanca
214148,8148896,el hara
214149,8148918,route de ouarzazate
214150,8148936,kaat ben nahid
214152,8148957,administratif
214153,8148958,la vilette
214155,8148964,ouasis
214156,8148981,route de safi
214157,8149008,hivernage
214158,8149013,marrakech
214159,8149052,al kamra
214160,8149056,centre
214161,8149102,route casablanca
214162,8149137,branes 1
214164,8149211,casablanca finance city
214167,8149278,ain sebaa
214168,8149280,quartier bachkou
214169,8149288,beausejour
214170,8149291,gauthier
214172,8149319,gueliz
214174,8149335,sidi moumen
214175,8149340,agdal
214176,8149350,tanja balia
214177,8149384,gueliz
214178,8149393,la gironde
214182,8149599,bab lhmar
214185,8149664,sidi bou amar
214186,8149669,route casablanca
214187,8149673,route amizmiz
214188,8149770,camp al ghoul
214189,8149816,souissi
214190,8149826,route de ouarzazate
214193,8149869,route de l ourika
214195,8149910,al andalous
214196,8149926,riyad
214197,8149927,mesnana
214198,8149933,hay nahda
214199,8149962,sania
214200,8149987,derb ghalef
214201,8149996,bella vista
214202,8150007,sidi ben slimane el jazouli
214203,8150010,ain mezouar
214204,8150022,moulay lyazid
214205,8150024,val fleury
214208,8150042,oasis
214209,8150046,ain sebaa
214210,8150064,ain diab extension
214211,8150068,route casablanca
214212,8150077,branes 2
214213,8150213,ennakhil palmeraie
214214,8150220,route casablanca
214215,8150226,boukar
214216,8150228,boukar
214218,8150306,californie
214219,8150336,tanger
214220,8150339,centre
214221,8150359,tanger city center
214222,8150379,michouar
214224,8150400,cil hay salam
214225,8150422,casablanca finance city
214230,8150491,hay salama
214231,8150631,maarif
214232,8150632,gueliz
214233,8150651,route de ouarzazate
214234,8150656,marrakech
214236,8150670,marrakech
214237,8150673,marrakech
214238,8150676,marrakech
214239,8150685,marrakech
214240,8150687,amelkis
214241,8150689,route de l ourika
214242,8150693,marrakech
214244,8150696,amelkis
214245,8150697,marrakech
214246,8150701,gueliz
214247,8150708,marrakech
214248,8150709,marrakech
214249,8150711,marrakech
214250,8150713,marrakech
214251,8150714,marrakech
214252,8150715,marrakech
214253,8150729,route de l ourika
214255,8150733,riyad
214257,8150743,charf
214258,8150761,massira 2
214259,8150772,bella vista
214260,8150784,riad zitoun
214261,8150790,sidi abbad
214262,8150794,route de fez
214263,8150795,sidi mansour
214264,8150801,route de l ourika
214265,8150819,gauthier
214266,8150827,les hopitaux
214268,8150829,californie
214271,8150936,benjdia
214272,8150962,belbekkar
214273,8150970,ain sebaa
214274,8150990,maarif extension
214275,8150995,gauthier
214276,8150997,ain diab extension
214277,8151055,hay hakam
214281,8151120,route amizmiz
214282,8151127,al farah dar essalam
214284,8151234,daoudiat
214285,8151252,amelkis
214286,8151257,ziaten
214287,8151258,mhamid
214288,8151273,route de l ourika
214289,8151299,route de l ourika
214290,8151300,marrakech
214292,8151313,riyad
214294,8151364,ferme bretonne hay arraha
214296,8151469,route nationale assilah n1
214297,8151507,hay al massar
214298,8151529,laymoune
214299,8151535,les princesses
214301,8151574,riyad
214304,8151616,route amizmiz
214305,8151617,de la plage
214306,8151621,mandarona
214307,8151638,oulfa
214308,8151642,maarif extension
214310,8151659,ennakhil palmeraie
214311,8151662,oulfa
214312,8151664,palmier
214313,8151667,maarif
214314,8151681,malabata
214315,8151688,route casablanca
214316,8151708,les princesses
214317,8151749,du golf
214318,8151760,centre
214319,8151772,route casablanca
214321,8151787,maarif
214322,8151797,ennakhil palmeraie
214323,8151822,maarif extension
214324,8151823,gueliz
214325,8151837,ennakhil palmeraie
214326,8151877,hay annour
214328,8151929,plateau al batha
214332,8152025,salmia 2
214333,8152034,aviation mabella
214336,8152101,les princesses
214337,8152102,les princesses
214339,8152151,ain chock
214340,8152167,les princesses
214341,8152168,les princesses
214342,8152170,les princesses
214343,8152172,les princesses
214344,8152183,les princesses
214345,8152184,les princesses
214346,8152185,les princesses
214349,8152202,ain borja
214351,8152224,route de l ourika
214352,8152252,gueliz
214353,8152276,souissi
214354,8152280,hivernage
214356,8152300,plateau al batha
214360,8152336,riyad
214361,8152342,route de tahanaout
214362,8152357,route amizmiz
214363,8152418,centre
214366,8152442,route nationale assilah n1
214368,8152461,route de tahanaout
214369,8152524,route de ouarzazate
214370,8152535,agdal
214371,8152545,itissal
214374,8152562,gueliz
214377,8152615,anfa
214378,8152637,bourgogne est
214379,8152638,centre
214381,8152728,ferme bretonne hay arraha
214382,8152746,hay targa
214385,8152763,route de ouarzazate
214386,8152772,beausejour
214387,8152779,laymoune
214388,8152788,hay targa
214390,8152840,riyad
214391,8152842,gueliz
214393,8152864,arset ihiri
214394,8152867,boukhalef
214395,8152895,maarif
214396,8152898,cil hay salam
214399,8152949,castilla
214400,8152957,malabata
214401,8152958,ennakhil palmeraie
214402,8152970,quartier des ambassades
214405,8152987,roches noires
214408,8153010,centre ville
214410,8153102,route amizmiz
214411,8153170,route casablanca
214413,8153180,ennakhil palmeraie
214415,8153223,la gironde
214419,8153312,gueliz
214420,8153314,route de l ourika
214421,8153322,mhamid
214422,8153330,hay mohammadi
214424,8153339,laymoune
214427,8153364,racine
214429,8153391,malabata
214430,8153404,route amizmiz
214432,8153436,mhamid
214435,8153576,la gironde
214436,8153579,amerchich
214437,8153580,amerchich
214438,8153581,amerchich
214439,8153582,amerchich
214440,8153583,amerchich
214441,8153607,maarif
214442,8153634,anfa
214443,8153643,bel air val fleuri
214445,8153662,longchamps hay al hanaa
214447,8153697,ben saleh
214448,8153709,ain borja
214449,8153729,maarif
214450,8153730,ferme bretonne hay arraha
214452,8153745,mghogha
214454,8153761,route de ouarzazate
214456,8153866,boulevard med 6
214457,8153924,manar
214458,8153977,ain sebaa
214459,8153986,riyad
214460,8153989,riyad
214461,8154030,mhamid
214462,8154042,anassi
214463,8154082,route amizmiz
214465,8154103,berrima
214466,8154118,route de tahanaout
214468,8154156,al qods
214469,8154164,ksibat nhas
214470,8154206,les hopitaux
214471,8154208,agdal
214472,8154232,ahl loghlam hay assalam
214473,8154249,route nationale assilah n1
214474,8154276,rmila
214476,8154323,sidi ben slimane el jazouli
214477,8154328,gueliz
214478,8154343,aviation mabella
214479,8154356,bourgogne est
214484,8154461,route amizmiz
214485,8154477,anfa
214487,8154505,agdal
214488,8154508,agdal
214489,8154528,hay chrifa
214492,8154597,gueliz
214493,8154643,du golf
214494,8154653,gueliz
214495,8154664,hay alfarah
214496,8154690,ain diab
214497,8154729,mesnana
214498,8154755,ain diab extension
214499,8154756,sidi maarouf
214502,8154834,maarif extension
214504,8154860,sidi maarouf
214505,8154865,anfa
214506,8154886,marrakech
214511,8154952,gueliz
214512,8154968,guich oudaya
214513,8154983,gueliz
214514,8154984,gueliz
214515,8154985,gueliz
214516,8154986,gueliz
214517,8154987,gueliz
214518,8154988,gueliz
214519,8154989,gueliz
214520,8154990,gueliz
214521,8154991,gueliz
214522,8154992,gueliz
214523,8154998,belvedere
214524,8155010,californie
214525,8155016,palmier
214526,8155032,amelkis
214528,8155063,massira 3
214529,8155071,racine
214530,8155082,hay hassani
214531,8155087,hay al haouz
214533,8155226,gueliz
214535,8155243,l ocean
214537,8155325,les princesses
214540,8155401,ain diab
214542,8155408,les hopitaux
214543,8155409,gueliz
214544,8155412,achakar
214545,8155423,route d agadir essaouira
214546,8155426,bab ighli
214547,8155427,jbel kbir
214548,8155442,assouel
214549,8155449,californie
214551,8155480,belvedere
214553,8155535,hay targa
214554,8155556,racine
214555,8155557,daoudiat
214556,8155593,polo
214557,8155594,sidi maarouf
214558,8155596,azzouzia
214560,8155640,azzouzia
214561,8155662,hay targa
214562,8155710,route de ouarzazate
214564,8155736,al qods
214565,8155749,hivernage
214567,8155772,castilla
214568,8155779,gueliz
214569,8155792,ennakhil palmeraie
214571,8155800,hay saada 1
214572,8155808,agdal
214573,8155823,gueliz
214575,8155827,gueliz
214577,8155837,route amizmiz
214578,8155856,malabata
214580,8155879,oulfa
214581,8155882,sidi moumen
214582,8155890,sanaoubar
214584,8155907,ferme bretonne hay arraha
214586,8155918,guich oudaya
214587,8155919,bernoussi
214588,8155921,anfa superieur
214590,8155929,ferme bretonne hay arraha
214591,8155938,bournazil
214592,8155941,mghogha
214593,8155942,ain diab
214594,8155961,gueliz
214595,8155969,hivernage
214598,8156025,maarif extension
214600,8156107,hay annahda
214601,8156120,route de safi
214602,8156156,route casablanca
214603,8156183,mhamid
214604,8156201,casablanca finance city
214608,8156230,derb chtouka
214609,8156235,route de l ourika
214610,8156256,centre
214611,8156262,ain diab
214613,8156300,route amizmiz
214614,8156307,sidi mimoun
214617,8156340,gueliz
214619,8156347,californie
214620,8156356,msala
214621,8156369,route amizmiz
214625,8156389,sidi maarouf
214627,8156401,castilla
214629,8156446,achakar
214630,8156447,achakar
214631,8156472,hay saada
214632,8156492,kebibat
214633,8156499,oasis
214634,8156513,rmilat
214636,8156518,laymoune
214637,8156543,gauthier
214639,8156612,californie
214640,8156625,hay targa
214641,8156629,gueliz
214642,8156633,tanja balia
214643,8156660,ennakhil palmeraie
214644,8156728,gueliz
214646,8156757,hay inara
214647,8156800,marjane
214650,8156822,el majd
214652,8156886,racine
214653,8156888,route de tahanaout
214654,8156892,oulfa
214657,8156969,agdal
214658,8157002,ennakhil palmeraie
214659,8157010,triangle d or
214660,8157073,sania
214661,8157074,azzouzia
214663,8157102,gauthier
214664,8157116,tanja balia
214665,8157126,administratif
214666,8157155,belvedere
214667,8157184,mhamid
214669,8157186,hay zitoun
214671,8157195,la gironde
214672,8157201,belvedere
214673,8157213,route casablanca
214674,8157219,les oudayas
214677,8157304,route de l ourika
214678,8157306,gueliz
214679,8157341,casablanca finance city
214683,8157451,oulfa
214685,8157534,bourgogne ouest
214687,8157621,zone industrielle oukacha
214689,8157627,les hopitaux
214690,8157634,ain chock
214691,8157643,hivernage
214692,8157676,californie
214693,8157681,gueliz
214696,8157796,amelkis
214697,8157809,amelkis
214703,8157867,mhamid
214704,8157870,californie
214706,8157919,quartier bachkou
214707,8157941,zaouiat lahdar
214708,8157992,riyad
214712,8158046,bourgogne ouest
214713,8158054,sidi moumen
214714,8158055,hassan centre ville
214715,8158056,agdal
214716,8158069,route amizmiz
214717,8158117,route nationale assilah n1
214718,8158118,mhamid
214719,8158148,mhamid
214720,8158157,sania
214721,8158164,californie
214724,8158264,souissi
214725,8158268,route de tahanaout
214726,8158272,route de safi
214727,8158280,palmier
214728,8158282,gueliz
214729,8158283,gueliz
214730,8158284,gueliz
214731,8158285,gueliz
214732,8158286,gueliz
214733,8158287,gueliz
214734,8158288,gueliz
214735,8158289,gueliz
214736,8158290,gueliz
214737,8158291,gueliz
214738,8158292,gueliz
214739,8158293,gueliz
214740,8158294,gueliz
214741,8158295,gueliz
214742,8158296,gueliz
214743,8158297,gueliz
214744,8158298,gueliz
214745,8158299,gueliz
214746,8158300,gueliz
214747,8158301,gueliz
214748,8158310,ain chock
214749,8158348,route casablanca
214750,8158352,route casablanca
214751,8158367,beni touzine
214752,8158411,les hopitaux
214753,8158415,franceville
214754,8158419,hay hassani
214755,8158425,bernoussi
214756,8158429,la gironde
214757,8158432,anfa
214758,8158439,casablanca finance city
214762,8158462,triangle d or
214763,8158471,la floride
214765,8158477,gueliz
214766,8158518,malabata
214768,8158549,californie
214769,8158717,anfa
214770,8158725,cil hay salam
214771,8158734,californie
214772,8158749,souissi
214773,8158752,route de tahanaout
214777,8158808,casablanca marina
214778,8158813,maarif extension
214779,8158815,racine
214781,8158828,val fleury
214783,8158904,agdal
214785,8158911,rmila
214786,8158940,souissi
214788,8158966,oulfa
214793,8159029,hay moulay rachid 1
214794,8159038,marchan
214798,8159069,nassim 1
214799,8159090,gueliz
214800,8159096,casablanca marina
214801,8159111,casablanca marina
214802,8159120,aharrarine
214803,8159137,ain diab
214804,8159139,cil hay salam
214805,8159145,hay laayoune
214806,8159180,de la plage
214807,8159190,derb korea
214808,8159194,casablanca finance city
214809,8159263,hay mabrouka
214811,8159285,oasis sud
214812,8159293,maarif
214815,8159388,lissasfa
214816,8159390,les princesses
214817,8159408,route de fez
214818,8159447,aviation mabella
214821,8159513,hay al fath
214824,8159535,racine
214825,8159553,route de fez
214826,8159557,sidi maarouf
214827,8159560,bourgogne ouest
214828,8159567,al qods
214829,8159568,centre ville
214832,8159637,gueliz
214834,8159680,ennakhil palmeraie
214835,8159701,riyad
214836,8159707,californie
214837,8159713,sidi abbad
214838,8159722,tantonville
214839,8159760,route de tahanaout
214840,8159792,riyad
214841,8159793,beausejour
214842,8159794,beausejour
214843,8159798,route casablanca
214847,8159867,sidi othmane
214848,8159901,agdal
214849,8159908,malabata
214850,8159982,bir chairi
214851,8160055,longchamps hay al hanaa
214853,8160064,ahl loghlam hay assalam
214854,8160069,route de l ourika
214856,8160080,maarif
214858,8160124,gueliz
214859,8160160,hay hassani
214860,8160166,ziaten
214861,8160179,gueliz
214863,8160217,route amizmiz
214865,8160245,californie
214866,8160317,racine
214867,8160325,route de l ourika
214868,8160378,du golf
214869,8160379,gueliz
214870,8160385,medina
214871,8160402,oulfa
214872,8160411,agdal
214873,8160419,hay nahda
214874,8160459,route de tahanaout
214875,8160499,mechouar
214876,8160565,palmier
214878,8160621,sidi ben slimane el jazouli
214879,8160637,salmia 2
214881,8160650,route amizmiz
214882,8160699,racine
214883,8160714,marchan
214886,8160740,maarif
214887,8160744,sidi maarouf
214888,8160767,riyad
214889,8160774,bourgogne ouest
214890,8160777,anfa
214891,8160788,route de ouarzazate
214892,8160802,derb carlotti
214893,8160832,medina
214896,8160856,rmila
214898,8160866,bourgogne est
214899,8160879,maarif
214900,8160887,route de tahanaout
214901,8160889,mhamid
214902,8160910,sidi youssef
214904,8160955,riyad
214905,8160962,hay sadri
214906,8160965,route de tahanaout
214907,8160986,marrakech
214908,8160989,agdal
214909,8160998,daoudiat
214911,8161049,de la plage
214912,8161063,route de l ourika
214913,8161068,beni touzine
214914,8161073,triangle d or
214916,8161083,palmier
214919,8161137,riyad
214920,8161144,riyad
214922,8161217,beni makada lakdima
214923,8161234,oulfa
214925,8161251,riad al atlas
214926,8161260,ain diab
214928,8161302,riyad
214929,8161307,mhamid
214931,8161343,oulfa
214932,8161363,aouama gharbia
214933,8161391,marrakech
214935,8161400,bab ighli
214937,8161430,al qods
214938,8161456,oulfa
214940,8161506,diour jamaa
214942,8161532,centre
214943,8161533,sidi maarouf
214945,8161541,gueliz
214946,8161609,mghogha
214947,8161635,mers sultan
214948,8161638,route amizmiz
214949,8161693,riyad
214950,8161694,lissasfa
214951,8161697,franceville
214953,8161725,hivernage
214954,8161730,el moukef
214955,8161763,route de tahanaout
214956,8161831,les hopitaux
214957,8161849,mesnana
214959,8161877,berrima
214960,8161884,almaz
214961,8161890,riad zitoun
214963,8161935,riyad
214964,8161973,marjane
214965,8161991,hivernage
214966,8162010,administratif
214967,8162013,riyad extension
214971,8162043,ain diab extension
214973,8162058,route casablanca
214975,8162066,casablanca marina
214976,8162073,ain diab
214980,8162110,agdal
214981,8162117,hay nahda
214982,8162118,route de tahanaout
214983,8162120,mhamid
214986,8162149,ain chock
214987,8162150,oasis
214989,8162154,medina
214990,8162165,racine
214991,8162170,gueliz
214992,8162198,route de tahanaout
214995,8162253,agdal
214997,8162367,franceville
214998,8162376,salmia 2
214999,8162398,mhamid
215002,8162431,dar bouazza
215004,8162460,boukhalef
215005,8162471,agdal
215006,8162484,hivernage
215007,8162514,route d agadir essaouira
215008,8162535,route de l ourika
215009,8162569,marjane
215010,8162595,massira 1
215011,8162599,hay nahda
215012,8162614,ain sebaa
215013,8162615,ain sebaa
215014,8162616,ain sebaa
215015,8162617,ain sebaa
215016,8162618,ain sebaa
215017,8162619,ain sebaa
215020,8162707,riyad
215021,8162721,route de tahanaout
215022,8162740,cil hay salam
215023,8162744,de la plage
215025,8162756,californie
215026,8162758,achakar
215027,8162766,iziki
215028,8162774,mozart
215029,8162777,jbel kbir
215030,8162786,les hopitaux
215032,8162791,californie
215034,8162810,oulfa
215037,8162835,a c3 afn seba c3 a2
215038,8162850,izdihar
215039,8162851,aouama gharbia
215040,8162858,route de l ourika
215041,8162878,hay hassani
215042,8162917,casablanca finance city
215043,8163000,palmier
215044,8163013,les hopitaux
215046,8163038,racine
215049,8163074,al madina aljadida
215051,8163084,route de l ourika
215052,8163111,maarif
215053,8163132,racine
215054,8163138,racine
215055,8163179,agdal
215059,8163284,route de fez
215060,8163291,hay mabrouka
215061,8163307,al qods
215062,8163321,gueliz
215063,8163327,maarif extension
215065,8163360,hay targa
215067,8163387,bourgogne est
215068,8163392,hay targa
215069,8163393,maarif
215073,8163478,hay nahda
215074,8163488,maarif
215075,8163489,les hopitaux
215076,8163491,derb omar
215077,8163498,gueliz
215078,8163508,malabata
215079,8163540,hivernage
215082,8163552,issil
215083,8163555,sidi maarouf
215084,8163599,gauthier
215085,8163630,moulay lyazid
215086,8163637,ain diab extension
215088,8163684,route de fez
215089,8163712,plateau al batha
215090,8163754,l ocean
215091,8163756,hay nahda
215094,8163853,route de l ourika
215095,8163854,route de l ourika
215096,8163857,route de l ourika
215097,8163859,bourgogne ouest
215099,8163875,bella vista
215102,8163890,sidi bou amar
215106,8163932,sidi youssef
215107,8163933,alsace lorraine
215109,8163949,route de l ourika
215111,8163957,route de l ourika
215113,8163983,agdal
215114,8163984,agdal
215115,8164015,guich oudaya
215118,8164100,sidi maarouf
215120,8164136,casablanca marina
215121,8164163,route amizmiz
215122,8164179,el manar el hank
215125,8164209,hay al fath
215126,8164230,mandarona
215127,8164261,route casablanca
215129,8164277,achakar
215130,8164307,agdal
215134,8164456,masmoudi
215136,8164461,ben saleh
215137,8164475,al osra
215138,8164480,racine
215139,8164481,gueliz
215141,8164522,racine
215142,8164550,bourgogne ouest
215143,8164555,hay chrifa
215144,8164581,agdal
215148,8164655,kaat ben nahid
215151,8164685,rahba kedima
215152,8164697,route de l ourika
215153,8164710,route casablanca
215154,8164739,oulfa
215155,8164758,belvedere
215159,8164780,hay targa
215160,8164786,route casablanca
215161,8164804,hay zobir
215163,8164849,hay targa
215165,8164899,oulfa
215166,8164927,hivernage
215167,8164930,gueliz
215168,8164935,massoudia
215169,8164943,bernoussi
215170,8164957,mhamid
215172,8164974,gueliz
215173,8164976,route de l ourika
215174,8164988,centre
215175,8165004,berrima
215176,8165037,gauthier
215180,8165056,agdal
215181,8165057,cil hay salam
215182,8165080,achakar
215183,8165082,samlalia
215185,8165135,maarif
215186,8165141,majorelle
215187,8165146,ain chock
215188,8165152,ain chock
215189,8165159,rabat
215190,8165161,route nationale assilah n1
215191,8165163,hay mabrouka
215192,8165198,route de l ourika
215193,8165202,amelkis
215194,8165205,amelkis
215195,8165216,amelkis
215196,8165309,route de tahanaout
215197,8165351,hay targa
215198,8165363,gueliz
215199,8165439,hay hassani
215200,8165448,zaouia sidi ghalem
215201,8165463,agdal
215203,8165479,medina
215204,8165481,casabarata
215205,8165484,ain sebaa
215206,8165487,tanger city center
215207,8165555,route de tahanaout
215209,8165579,mhamid
215210,8165586,route de l ourika
215212,8165593,hay ach chbanat
215213,8165625,hay hassani
215214,8165641,zone industrielle
215215,8165650,sidi maarouf
215216,8165663,centre
215220,8165805,bab aylan
215221,8165813,izdihar
215222,8165882,gourziana
215223,8165922,hay hassani
215225,8165939,malabata
215226,8165947,bella vista
215227,8165955,riyad
215228,8165969,palmier
215229,8165982,oulfa
215230,8166017,route de safi
215231,8166034,moujahidine
215232,8166037,les portes de marrakech
215233,8166054,kennaria
215234,8166065,boumesmar
215235,8166109,mabroka
215236,8166170,bernoussi
215237,8166174,achakar
215239,8166178,bernoussi
215240,8166180,route casablanca
215241,8166192,gueliz
215243,8166208,souissi
215244,8166213,racine
215245,8166239,hermitage
215246,8166280,les princesses
215247,8166325,hay moulay abdellah
215248,8166369,ain sebaa
215249,8166380,maarif extension
215250,8166387,boulevard med 6
215251,8166402,rmila
215252,8166408,rmila
215253,8166416,du golf
215254,8166423,du golf
215256,8166444,boulevard med 6
215257,8166449,bab ghmat
215258,8166459,oulfa
215259,8166462,kaat ben nahid
215260,8166468,agdal
215261,8166469,gueliz
215262,8166471,sidi ben slimane el jazouli
215263,8166538,agdal
215269,8166649,centre
215270,8166671,californie
215272,8166760,agdal
215274,8166815,gueliz
215275,8166837,route casablanca
215276,8166866,roches noires
215277,8166884,hivernage
215279,8166892,agdal
215282,8166912,oulfa
215283,8166913,kbour chou
215284,8166915,route de l ourika
215286,8166941,route casablanca
215287,8166958,gueliz
215288,8167009,mers sultan
215289,8167015,racine
215291,8167028,hay sadri
215292,8167030,route de tahanaout
215293,8167031,route de tahanaout
215294,8167032,route de tahanaout
215295,8167033,route de tahanaout
215296,8167034,route de tahanaout
215297,8167035,route de tahanaout
215298,8167036,route de tahanaout
215299,8167037,route de tahanaout
215300,8167038,route de tahanaout
215301,8167039,route de tahanaout
215302,8167040,route de tahanaout
215303,8167041,route de tahanaout
215304,8167042,route de tahanaout
215305,8167043,route de tahanaout
215306,8167044,route de tahanaout
215307,8167045,route de tahanaout
215308,8167054,hay mabrouka
215309,8167062,ferme bretonne hay arraha
215310,8167088,bab ghmat
215312,8167100,laymoune
215316,8167209,nassim 1
215317,8167217,rmilat
215318,8167226,maarif
215319,8167238,ennakhil palmeraie
215320,8167239,ahlane
215321,8167260,route de l ourika
215322,8167279,route de l ourika
215323,8167291,malabata
215324,8167301,malabata
215326,8167364,manar
215327,8167387,malabata
215328,8167430,ain diab extension
215329,8167448,mhamid
215330,8167470,racine
215331,8167473,route de l ourika
215332,8167495,casablanca
215333,8167497,maarif extension
215334,8167536,hay targa
215336,8167548,belvedere
215340,8167648,hay lmkansa
215341,8167659,les princesses
215342,8167674,route de l ourika
215343,8167685,riyad
215353,8167746,racine
215354,8167747,maarif extension
215355,8167749,boukar
215360,8167785,arset el houta
215362,8167813,mhamid
215367,8167929,assif
215368,8167955,racine
215369,8167961,zaouia sidi ghalem
215370,8167968,route de l ourika
215371,8167974,lissasfa
215372,8167984,medina
215373,8168004,route de l ourika
215375,8168013,hay saada
215376,8168022,hay hassani
215377,8168031,bernoussi
215379,8168124,arset el houta
215380,8168175,route de l ourika
215382,8168190,medina
215384,8168241,hay targa
215385,8168242,racine
215392,8168281,habbous
215393,8168300,agdal
215394,8168319,hay targa
215395,8168320,agdal
215397,8168370,route de ouarzazate
215400,8168379,masmoudi
215401,8168387,les princesses
215402,8168388,ain diab
215405,8168435,ahlane
215406,8168458,jirrari
215407,8168468,route de fez
215408,8168469,hay mohammadi
215411,8168524,branes kdima
215412,8168526,malabata
215413,8168586,ain chock
215414,8168600,route amizmiz
215416,8168632,boukhalef
215417,8168662,administratif
215419,8168736,racine
215420,8168771,gueliz
215421,8168776,oulfa
215422,8168797,bernoussi
215423,8168798,bouaakkaz
215424,8168834,quartier bachkou
215426,8168866,bourgogne ouest
215429,8168913,route amizmiz
215430,8168985,hay chouhada
215431,8169015,haut agdal
215432,8169029,bouaakkaz
215435,8169069,les hopitaux
215438,8169082,amerchich
215443,8169225,medina
215444,8169228,azib haj kaddour
215445,8169231,route de l ourika
215447,8169251,tanja balia
215448,8169263,tanja balia
215449,8169368,ain sebaa
215450,8169372,val fleury
215451,8169375,mhamid
215454,8169440,hay idrissia
215455,8169442,triangle d or
215456,8169481,derb salama
215457,8169534,derb al kabir
215458,8169536,laymoune
215459,8169612,oasis
215462,8169720,al hadika
215463,8169773,les hopitaux
215464,8169782,maarif
215466,8169850,bouaakkaz
215467,8169851,les princesses
215468,8169856,cil hay salam
215469,8169857,beausejour
215470,8169886,bouaakkaz
215473,8169908,branes 2
215474,8169945,riyad
215475,8169989,souani
215476,8170012,route de l ourika
215478,8170059,hay mohammadi
215483,8170150,route de l ourika
215484,8170172,derb ghalef
215485,8170177,al qods
215489,8170237,riyad
215490,8170245,maarif
215491,8170247,daoudiat
215492,8170269,arset el maach
215494,8170338,souissi
215495,8170352,guich oudaya
215496,8170373,zone industrielle
215499,8170438,kaat ben nahid
215500,8170439,riyad
215504,8170500,riyad
215505,8170552,ain mezouar
215506,8170567,gueliz
215507,8170592,route de tahanaout
215508,8170593,route de tahanaout
215509,8170594,route de tahanaout
215510,8170595,route de tahanaout
215511,8170596,route de tahanaout
215512,8170600,haddad
215513,8170604,sidi maarouf
215515,8170625,bourgogne est
215516,8170627,hay el menzah
215517,8170634,route de l ourika
215519,8170682,route de safi
215521,8170698,izdihar
215522,8170709,gueliz
215523,8170781,gueliz
215524,8170792,route de safi
215525,8170793,route de l ourika
215527,8170801,route amizmiz
215528,8170812,gueliz
215529,8170821,agdal
215530,8170871,route de l ourika
215531,8170877,route de tahanaout
215533,8170915,centre
215534,8170923,route casablanca
215535,8170931,oulfa
215536,8170950,val fleury
215537,8170953,camp al ghoul
215538,8171002,route de safi
215540,8171022,tanja balia
215542,8171090,route de l ourika
215544,8171142,gueliz
215547,8171236,route casablanca
215548,8171261,berrima
215549,8171267,agdal
215550,8171288,route de fez
215553,8171331,riyad
215554,8171346,route de l ourika
215555,8171355,triangle d or
215556,8171357,route de l ourika
215558,8171364,californie
215559,8171416,hivernage
215560,8171421,riviera
215561,8171428,les princesses
215562,8171430,majorelle
215563,8171433,beausejour
215564,8171438,route de ouarzazate
215567,8171488,camp al ghoul
215568,8171508,beausite
215569,8171528,anfa
215571,8171591,route de l ourika
215574,8171690,cil hay salam
215575,8171723,ain sebaa
215577,8171815,roches noires
215580,8171879,mouassine
215582,8171912,ksar lebhar
215583,8171920,bourgogne ouest
215584,8171936,bab aylan
215588,8171950,rahba kedima
215589,8171955,amelkis
215590,8172007,sania
215591,8172024,maarif extension
215593,8172079,riyad
215594,8172112,agdal
215595,8172119,boulevard med 6
215596,8172124,centre
215598,8172150,ben saleh
215599,8172168,riyad
215600,8172217,hay targa
215602,8172222,bourgogne est
215604,8172229,triangle d or
215605,8172260,garage allal
215607,8172271,gueliz
215609,8172332,ahl loghlam hay assalam
215610,8172368,les hopitaux
215612,8172383,arset el maach
215613,8172386,centre
215614,8172397,anfa
215615,8172398,de la plage
215616,8172414,manar
215617,8172417,souissi
215618,8172422,hay nahda
215619,8172429,mhamid
215620,8172441,riad zitoun
215621,8172446,malabata
215624,8172538,hay smara
215625,8172543,zone industrielle mghogha
215626,8172547,castilla
215627,8172549,route amizmiz
215629,8172566,malabata
215631,8172628,branes 2
215636,8172725,route casablanca
215637,8172747,ben dibane
215638,8172806,ain diab
215639,8172807,jnan ben chagra
215640,8172810,route de safi
215643,8172872,route de fez
215644,8172878,longchamps hay al hanaa
215647,8172936,riviera
215649,8172965,maarif extension
215650,8172985,manar
215651,8172986,maarif extension
215652,8172994,du golf
215655,8173062,tanja balia
215657,8173081,branes 1
215658,8173098,route amizmiz
215660,8173139,drissia
215661,8173159,route de fez
215662,8173163,mhamid
215664,8173169,route de tahanaout
215665,8173173,racine
215666,8173178,les orangers
215669,8173207,hay targa
215670,8173209,racine
215673,8173237,sidi mansour
215674,8173238,route casablanca
215675,8173240,ksibat nhas
215678,8173273,almaz
215680,8173331,agdal
215681,8173342,bel air val fleuri
215683,8173352,hay al kora
215684,8173364,route de safi
215685,8173379,maarif extension
215687,8173424,route casablanca
215691,8173440,marrakech
215692,8173441,marrakech
215694,8173491,les oudayas
215695,8173495,gueliz
215696,8173501,amerchich
215698,8173514,sidi moumen
215700,8173545,mers sultan
215701,8173549,hivernage
215703,8173615,marchan
215704,8173618,route de ouarzazate
215706,8173628,bourgogne ouest
215707,8173645,les princesses
215710,8173690,maarif extension
215711,8173704,gueliz
215713,8173717,route amizmiz
215715,8173794,casablanca finance city
215716,8173846,azli
215718,8173908,riyad
215719,8173943,ksibat nhas
215721,8173965,kaat ben nahid
215722,8173971,agdal
215723,8173980,route de ouarzazate
215724,8174022,hay mabrouka
215725,8174037,hermitage
215727,8174085,michouar
215728,8174108,anfa
215729,8174136,palmier
215730,8174157,sidi maarouf
215731,8174161,les portes de marrakech
215732,8174174,assouel
215736,8174268,moujahidine
215737,8174270,nzaha
215738,8174280,ain sebaa
215740,8174291,belvedere
215741,8174317,route casablanca
215742,8174325,hay targa
215743,8174346,targa
215744,8174367,route amizmiz
215745,8174372,tanja balia
215746,8174378,tanja balia
215747,8174386,tanja balia
215749,8174405,ben saleh
215750,8174439,beni touzine
215752,8174483,samlalia
215753,8174489,gueliz
215755,8174511,les portes de marrakech
215756,8174519,roches noires
215758,8174555,gueliz
215764,8174594,les hopitaux
215766,8174679,oulfa
215767,8174732,hay targa
215768,8174746,quartier administratif
215769,8174749,racine
215772,8174824,route de tahanaout
215773,8174866,riyad
215774,8174875,bouaakkaz
215775,8174893,riad zitoun
215776,8174907,al qods
215777,8174909,nassim 2
215778,8174929,hay annahda
215779,8174933,route de safi
215781,8174949,manar
215782,8174956,la gironde
215784,8174969,route de l ourika
215785,8174977,oulfa
215786,8174984,boukhalef
215787,8174987,maarif extension
215789,8175028,kebibat
215790,8175134,centre
215791,8175151,hay targa
215792,8175152,daoudiat
215793,8175178,hay al fath
215794,8175225,centre
215795,8175228,sidi youssef
215799,8175289,aouama gharbia
215800,8175294,arset el houta
215801,8175304,ain diab
215802,8175378,roches noires
215803,8175379,la gironde
215806,8175512,oulfa
215808,8175533,riyad
215810,8175542,oulfa
215811,8175564,boukhalef
215812,8175577,les orangers
215813,8175578,route de l ourika
215816,8175605,hay targa
215818,8175641,mesnana
215819,8175670,laymoune
215820,8175676,route de fez
215821,8175677,route casablanca
215822,8175680,les hopitaux
215823,8175684,mandarona
215824,8175687,maarif extension
215825,8175697,branes 2
215826,8175726,mesnana
215827,8175761,anfa
215829,8175827,oasis
215830,8175828,masmoudi
215831,8175834,ain diab extension
215832,8175849,route de tahanaout
215833,8175862,ain sebaa
215834,8175885,al qods
215835,8175892,route d agadir essaouira
215840,8176073,maarif extension
215841,8176124,laymoune
215844,8176140,casablanca marina
215845,8176141,racine
215847,8176160,hay hassani
215848,8176191,ain diab
215849,8176213,sidi youssef
215850,8176214,agdal
215851,8176218,les princesses
215852,8176243,ben saleh
215853,8176251,branes kdima
215854,8176266,al andalous
215859,8176305,route de l ourika
215860,8176325,bella vista
215861,8176332,ain diab extension
215864,8176353,racine
215866,8176392,jbel kbir
215867,8176421,gueliz
215868,8176473,route amizmiz
215869,8176484,les portes de marrakech
215871,8176490,masmoudi
215875,8176584,ain sebaa
215878,8176602,gueliz
215879,8176619,californie
215884,8176651,marrakech
215890,8176765,hay hassani
215891,8176802,route de tahanaout
215893,8176845,souissi
215894,8176856,mozart
215895,8176871,souissi
215896,8176889,les hopitaux
215897,8176892,gueliz
215898,8176893,maarif extension
215899,8176915,mghogha
215901,8176921,les princesses
215902,8176929,les princesses
215903,8176930,hay mabrouka
215904,8176931,hay annour
215905,8176946,hay al bassatine
215906,8176947,anassi
215907,8176957,sidi maarouf
215908,8176976,gueliz
215910,8177028,sidi maarouf
215911,8177039,gueliz
215914,8177124,route de l ourika
215915,8177128,route de l ourika
215916,8177129,route de l ourika
215917,8177131,route de l ourika
215918,8177133,route de l ourika
215919,8177160,bourgogne ouest
215920,8177168,route amizmiz
215922,8177175,ennakhil palmeraie
215923,8177181,ain diab extension
215926,8177208,ain diab
215927,8177213,ennakhil palmeraie
215929,8177226,ain diab extension
215931,8177253,gueliz
215932,8177258,gueliz
215935,8177283,mhamid
215936,8177301,route casablanca
215938,8177315,derb ghalef
215946,8177369,ain sebaa
215947,8177379,mandarona
215949,8177384,anfa
215950,8177409,haut agdal
215951,8177433,hay targa
215959,8177470,ain chock
215965,8177519,route de l ourika
215966,8177521,marrakech
215967,8177565,riviera
215968,8177576,route nationale assilah n1
215969,8177582,val fleury
215970,8177590,marrakech
215973,8177614,ain diab
215974,8177623,de la plage
215975,8177639,racine
215976,8177655,agdal
215977,8177664,casablanca finance city
215978,8177692,centre
215979,8177727,triangle d or
215981,8177737,maarif extension
215984,8177765,ain sebaa
215985,8177773,ain diab
215987,8177787,agdal
215988,8177820,sidi ben slimane el jazouli
215989,8177826,hay moulay abdellah
215990,8177871,racine
215994,8177963,riad el ali
215996,8177969,route de fez
215997,8178004,les orangers
215999,8178020,hay chrifa
216002,8178063,route nationale assilah n1
216003,8178068,hay haddaouia
216007,8178132,souissi
216008,8178185,ain el hayani
216011,8178228,ain borja
216012,8178234,belvedere
216013,8178249,nassim 1
216017,8178287,marrakech
216018,8178302,route de tahanaout
216019,8178340,gauthier
216020,8178370,route d agadir essaouira
216021,8178401,route de ouarzazate
216022,8178429,ain sebaa
216023,8178445,ahl loghlam hay assalam
216024,8178449,hay hassani
216025,8178474,al madina aljadida
216027,8178485,el mrabet
216028,8178525,route amizmiz
216029,8178534,de la plage
216030,8178543,ain diab
216034,8178554,route casablanca
216037,8178616,moujahidine
216039,8178632,roches noires
216040,8178639,hay mohammadi
216044,8178669,route de l ourika
216045,8178685,alsace lorraine
216046,8178718,oulfa
216047,8178722,hay lalla haya
216049,8178753,ahlane
216052,8178764,ain mezouar
216053,8178802,anfa
216054,8178826,agdal
216055,8178832,sidi bou amar
216057,8178872,anfa
216060,8178880,almaz
216062,8178945,hay saada
216063,8178955,route de tahanaout
216066,8178969,hay smara
216067,8178986,hay hassani
216069,8179009,oulfa
216070,8179037,hay hassani
216071,8179089,maarif
216072,8179110,hay targa
216073,8179112,hay targa
216074,8179113,amelkis
216076,8179191,gueliz
216079,8179255,gauthier
216080,8179315,riyad
216081,8179346,hanaa 1
216083,8179378,rahba kedima
216084,8179425,souissi
216085,8179426,palmier
216086,8179435,al irfane
216087,8179451,route de l ourika
216088,8179461,tanja balia
216091,8179508,zemmouri
216093,8179521,centre
216094,8179529,quartier des ambassades
216095,8179565,hay al massar
216096,8179579,bourgogne est
216097,8179591,hay albaraka
216098,8179597,route de l ourika
216100,8179624,ennakhil palmeraie
216102,8179661,mesnana
216103,8179678,hay targa
216104,8179680,jbel kbir
216105,8179701,riad el ali
216107,8179781,gueliz
216108,8179798,anfa
216110,8179937,la gironde
216111,8179969,hivernage
216112,8179973,oulfa
216113,8180006,hay targa
216115,8180087,bourgogne ouest
216116,8180090,gueliz
216118,8180163,bel air val fleuri
216119,8180210,hermitage
216120,8180226,agdal
216122,8180237,agdal
216123,8180286,anfa
216124,8180305,hay ach chbanat
216126,8180373,el moukef
216128,8180447,la gironde
216130,8180463,nassim 1
216131,8180472,racine
216132,8180477,mandarona
216133,8180514,route de tahanaout
216135,8180533,sidi abbad
216136,8180539,route casablanca
216137,8180591,les hopitaux
216139,8180710,rahba kedima
216140,8180722,gauthier
216141,8180748,californie
216143,8180767,route amizmiz
216145,8180788,branes 2
216147,8180906,ain sebaa
216148,8180912,californie
216154,8181063,route de l ourika
216155,8181069,route casablanca
216156,8181101,route de l ourika
216157,8181136,gauthier
216158,8181158,azib haj kaddour
216161,8181217,belvedere
216163,8181236,mandarona
216164,8181240,californie
216165,8181244,gauthier
216166,8181251,laymoune
216171,8181272,gauthier
216174,8181288,route de l ourika
216178,8181373,agdal
216183,8181478,mesnana
216185,8181541,roches noires
216186,8181569,al osra
216187,8181571,riyad
216188,8181576,ain diab extension
216189,8181577,gueliz
216192,8181616,route de l ourika
216193,8181618,ain diab
216195,8181623,ferme bretonne hay arraha
216196,8181625,route de fez
216198,8181647,les hopitaux
216199,8181655,derb khlifa
216200,8181674,californie
216202,8181682,gueliz
216203,8181687,route de l ourika
216204,8181690,sidi moumen
216205,8181691,derb douam
216206,8181696,manar
216207,8181697,izdihar
216208,8181698,izdihar
216209,8181699,izdihar
216210,8181700,izdihar
216211,8181701,izdihar
216212,8181702,izdihar
216213,8181703,izdihar
216214,8181704,izdihar
216216,8181740,centre
216218,8181786,bourgogne ouest
216219,8181787,bab ighli
216220,8181792,hay sadri
216222,8181804,triangle d or
216224,8181812,oulfa
216226,8181945,ain diab
216227,8181952,route de l ourika
216228,8181953,riyad
216229,8181962,gauthier
216230,8181994,anfa
216231,8182016,agdal
216232,8182029,souissi
216233,8182058,racine
216234,8182060,souissi
216235,8182064,souissi
216236,8182074,ain sebaa
216237,8182076,souissi
216239,8182082,ain sebaa
216240,8182083,maarif
216242,8182092,casablanca marina
216243,8182118,les hopitaux
216244,8182160,zaouiat lahdar
216245,8182201,gueliz
216246,8182242,sidi abbad
216247,8182243,gueliz
216249,8182275,ksibat nhas
216250,8182279,route de l ourika
216251,8182311,souissi
216252,8182314,drissia
216255,8182388,hay targa
216257,8182468,route de l ourika
216260,8182498,route de fez
216262,8182549,gauthier
216264,8182600,ain diab
216267,8182630,marrakech
216268,8182633,mhamid
216269,8182637,daoudiat
216270,8182640,marrakech
216271,8182653,route de l ourika
216272,8182744,marjane
216273,8182758,hassan centre ville
216275,8182825,mandarona
216276,8182826,bourgogne est
216277,8182827,mers sultan
216278,8182829,les hopitaux
216279,8182832,maarif
216280,8182845,plateau al batha
216281,8182846,ksibat nhas
216283,8182860,roches noires
216288,8182929,hay targa
216291,8182960,maarif extension
216292,8182961,maarif extension
216293,8182962,maarif extension
216294,8182963,maarif extension
216296,8182979,hay moulay abdellah
216299,8183015,anfa
216301,8183044,sidi maarouf
216302,8183045,hivernage
216304,8183070,les hopitaux
216305,8183071,izdihar
216306,8183073,sidi mimoun
216307,8183077,ain diab
216309,8183096,route casablanca
216310,8183152,route de tahanaout
216313,8183169,route de tahanaout
216314,8183193,derb chtouka
216316,8183223,ain sebaa
216319,8183280,agdal
216320,8183293,gauthier
216321,8183322,daoudiat
216323,8183355,hay targa
216328,8183400,anfa
216329,8183493,mesnana
216331,8183543,sidi maarouf
216332,8183559,ain diab
216334,8183597,sanaoubar
216335,8183610,jamila 1
216336,8183653,route d agadir essaouira
216337,8183705,gueliz
216338,8183717,californie
216340,8183734,ennakhil palmeraie
216342,8183753,route amizmiz
216344,8183760,camp al ghoul
216345,8183767,hivernage
216346,8183771,route casablanca
216347,8183775,de la plage
216349,8183814,gauthier
216352,8183845,hay mabrouka
216353,8183863,boukhalef
216354,8183908,moujahidine
216355,8183930,les hopitaux
216356,8183969,val fleury
216357,8183977,ain diab
216364,8184066,route de tahanaout
216365,8184083,hay targa
216369,8184127,route casablanca
216370,8184164,bernoussi
216372,8184178,californie
216373,8184195,bourgogne est
216378,8184215,hivernage
216379,8184220,racine
216380,8184225,les princesses
216382,8184294,de la plage
216383,8184295,hay moulay abdellah
216384,8184302,route de tahanaout
216385,8184303,mouassine
216386,8184331,ennakhil palmeraie
216387,8184335,daoudiat
216389,8184386,riyad
216390,8184389,route de fez
216394,8184529,malabata
216396,8184575,sidi maarouf
216398,8184628,roches noires
216402,8184701,mghogha
216403,8184718,de la plage
216404,8184720,route de tahanaout
216405,8184724,hay mohammadi
216406,8184733,gauthier
216407,8184777,hay palestine
216408,8184786,californie
216409,8184807,assif
216410,8184846,racine
216413,8184881,sidi maarouf
216415,8184923,bab ghmat
216417,8184993,l ocean
216418,8185000,riyad
216419,8185012,route de ouarzazate
216420,8185017,ain chock
216421,8185029,ain chock
216423,8185081,route de l ourika
216424,8185094,gueliz
216425,8185122,medina
216427,8185133,maarif extension
216428,8185141,ain sebaa
216429,8185143,mhamid
216430,8185155,casablanca finance city
216432,8185196,les hopitaux
216435,8185241,hay targa
216437,8185281,gueliz
216438,8185289,tanja balia
216440,8185317,souissi
216443,8185379,ain chock
216447,8185406,riyad
216448,8185416,ennakhil palmeraie
216450,8185455,triangle d or
216451,8185456,riyad
216452,8185474,route casablanca
216454,8185496,belvedere
216456,8185527,californie
216457,8185568,ain sebaa
216459,8185574,oulfa
216460,8185579,hay targa
216461,8185630,bel air val fleuri
216462,8185679,azzouzia
216465,8185737,amelkis
216466,8185781,centre
216468,8185800,jamila 2
216471,8185819,route de tahanaout
216472,8185839,route de fez
216473,8185840,de la plage
216475,8185906,bourgogne ouest
216476,8185916,derb ben houmane
216477,8185951,gauthier
216478,8185952,racine
216479,8185954,bournazil
216480,8185956,californie
216482,8185967,riviera
216483,8185968,sidi maarouf
216484,8185983,ben saleh
216487,8186030,riyad
216492,8186130,marjane
216493,8186143,riyad
216495,8186174,route nationale assilah n1
216496,8186182,berrima
216497,8186188,tanja balia
216505,8186229,bourgogne est
216506,8186248,californie
216508,8186263,boulevard med 6
216509,8186270,souissi
216511,8186331,anfa
216512,8186347,riad el ali
216513,8186405,gauthier
216514,8186430,ziaten
216515,8186432,ben saleh
216516,8186436,oasis
216517,8186438,oasis
216518,8186450,ennakhil palmeraie
216521,8186471,route de safi
216525,8186491,marrakech
216526,8186497,maarif
216527,8186535,sidi bou amar
216528,8186595,souissi
216532,8186656,gueliz
216533,8186674,oulfa
216536,8186684,hay targa
216538,8186693,riyad
216539,8186708,californie
216541,8186758,sidi maarouf
216542,8186759,assouel
216545,8186768,oulfa
216547,8186819,el majd
216548,8186830,cil hay salam
216549,8186831,hay targa
216551,8186907,ennakhil palmeraie
216553,8186945,ain diab
216555,8186988,el majd
216556,8186996,castilla
216557,8187003,mhamid
216558,8187032,almaz
216559,8187037,tanja balia
216560,8187039,hay targa
216561,8187043,bernoussi
216563,8187124,route de safi
216565,8187202,maarif
216566,8187207,gauthier
216568,8187220,malabata
216570,8187261,racine
216573,8187300,oasis
216574,8187307,lahraouiyine
216575,8187340,les hopitaux
216576,8187357,benjdia
216577,8187395,burger
216579,8187422,les portes de marrakech
216580,8187430,ain mezouar
216581,8187432,gueliz
216583,8187487,route de l ourika
216584,8187508,derb chtouka
216586,8187516,route de tahanaout
216588,8187594,franceville
216590,8187623,hay mohammadi
216594,8187683,al qods
216595,8187695,maarif
216596,8187704,tanja balia
216598,8187737,hay hassani
216599,8187740,bab ighli
216600,8187783,ain chock
216601,8187785,marjane
216602,8187792,anassi
216603,8187801,route de tahanaout
216604,8187848,roches noires
216605,8187866,manar
216606,8187877,route de ouarzazate
216607,8187878,route de tahanaout
216608,8187879,amerchich
216609,8187916,derb ghalef
216610,8187919,malabata
216612,8187930,ferme bretonne hay arraha
216617,8187983,maarif
216618,8187989,val fleury
216619,8188004,route de l ourika
216620,8188013,moujahidine
216621,8188018,gauthier
216622,8188022,les princesses
216624,8188076,bab ighli
216626,8188124,maarif extension
216629,8188182,samlalia
216630,8188186,route de l ourika
216631,8188193,route de tahanaout
216632,8188241,route de tahanaout
216634,8188262,centre
216636,8188312,arset ben chebli
216638,8188327,malabata
216639,8188333,route de l ourika
216640,8188342,oulfa
216641,8188351,assif
216643,8188428,route de l ourika
216644,8188435,les princesses
216647,8188473,massira 1
216648,8188489,palmier
216649,8188490,amelkis
216650,8188563,iberie
216651,8188574,drissia
216653,8188592,moujahidine
216654,8188628,route casablanca
216656,8188691,route casablanca
216657,8188707,zaouia sidi ghalem
216658,8188724,ben saleh
216659,8188749,route casablanca
216662,8188771,diour jamaa
216664,8188791,centre
216665,8188800,hay al hassani
216666,8188837,el mrabet
216667,8188839,gauthier
216668,8188840,massira 1
216669,8188886,gueliz
216670,8188896,hay mohammadi
216671,8188909,route casablanca
216672,8188923,hay inara
216673,8188950,gueliz
216676,8189010,roches noires
216677,8189055,ain borja
216680,8189061,aouama gharbia
216683,8189139,anfa
216684,8189162,hermitage
216685,8189184,michouar
216688,8189202,jbel kbir
216689,8189206,iberie
216690,8189207,hay targa
216691,8189209,drissia
216694,8189303,rmila
216695,8189311,kaat ben nahid
216697,8189321,assouel
216698,8189341,ziaten
216699,8189347,de la plage
216700,8189365,belvedere
216701,8189379,centre
216706,8189514,azzouzia
216708,8189547,route de safi
216709,8189557,belvedere
216710,8189565,l ocean
216711,8189579,maarif extension
216712,8189583,route de safi
216713,8189587,racine extension
216714,8189600,beausejour
216716,8189613,route de safi
216717,8189614,hay el menzah
216718,8189631,branes 2
216720,8189676,route de fez
216721,8189679,agdal
216723,8189716,mouassine
216724,8189721,riyad
216728,8189774,mandarona
216729,8189842,gauthier
216730,8189847,route casablanca
216736,8189903,route de l ourika
216737,8189964,route de safi
216739,8189973,oulfa
216741,8189986,hay inara
216742,8190014,les hopitaux
216744,8190060,agdal
216745,8190063,liberte
216747,8190163,rmilat
216748,8190209,casablanca finance city
216749,8190212,gueliz
216750,8190219,iberie
216751,8190249,route casablanca
216752,8190273,hay hassani
216753,8190281,zaouia sidi ghalem
216758,8190322,sidi maarouf
216759,8190324,mandarona
216760,8190328,gueliz
216761,8190335,iberie
216763,8190347,gueliz
216764,8190358,maarif
216766,8190390,ennakhil palmeraie
216767,8190449,route d agadir essaouira
216768,8190493,hay targa
216769,8190494,agdal
216770,8190500,les princesses
216771,8190508,arset ihiri
216773,8190542,marchan
216774,8190552,riyad
216778,8190580,route de l ourika
216780,8190603,gueliz
216781,8190624,izdihar
216782,8190631,ennakhil palmeraie
216783,8190637,malabata
216784,8190646,branes 2
216785,8190652,racine
216786,8190670,manar
216787,8190693,racine
216788,8190736,tantonville
216790,8190763,hay alfadl
216791,8190768,oulfa
216798,8190820,ferme bretonne hay arraha
216800,8190838,agdal
216801,8190852,gueliz
216802,8190870,rmila
216803,8190871,franceville
216804,8190909,kaat ben nahid
216805,8190921,almaz
216806,8190926,gueliz
216807,8190944,racine
216809,8190960,palmier
216810,8190962,maarif extension
216811,8190971,el manar el hank
216812,8191029,plateau al batha
216813,8191064,anfa
216814,8191099,racine
216815,8191102,route de tahanaout
216816,8191119,derb omar
216818,8191178,route amizmiz
216821,8191277,de la plage
216822,8191279,l ocean
216823,8191286,ain sebaa
216828,8191398,sidi maarouf
216831,8191449,assif
216832,8191452,sidi ghanem
216834,8191506,laymoune
216836,8191537,racine
216838,8191568,route nationale assilah n1
216840,8191570,ain diab
216841,8191573,les hopitaux
216842,8191578,rmila
216845,8191605,majorelle
216846,8191645,sidi othmane
216847,8191671,castilla
216849,8191694,agdal
216851,8191723,route amizmiz
216852,8191757,californie
216853,8191758,californie
216856,8191761,californie
216857,8191762,californie
216858,8191763,californie
216859,8191764,californie
216861,8191766,californie
216862,8191767,californie
216863,8191768,californie
216864,8191769,californie
216865,8191770,californie
216866,8191778,aharrarine
216867,8191831,sidi youssef
216868,8191852,drissia
216869,8191860,route casablanca
216870,8191866,val fleury
216871,8191889,mandarona
216872,8191902,beni touzine
216874,8191928,medina
216875,8191941,branes 2
216876,8191948,gueliz
216878,8191951,souani
216879,8191957,bel air val fleuri
216880,8191980,aouama gharbia
216881,8192036,azzouzia
216882,8192038,maarif extension
216883,8192039,maarif extension
216884,8192040,maarif extension
216885,8192041,maarif extension
216886,8192042,maarif extension
216887,8192043,maarif extension
216888,8192044,maarif extension
216889,8192045,maarif extension
216890,8192061,boulevard med 6
216892,8192070,souissi
216893,8192071,californie
216894,8192075,amelkis
216895,8192078,marrakech
216896,8192079,route de l ourika
216897,8192083,hivernage
216898,8192087,polo
216900,8192091,marrakech
216901,8192094,gauthier
216903,8192106,gueliz
216905,8192141,agdal
216906,8192180,gueliz
216907,8192185,maarif extension
216908,8192186,bernoussi
216909,8192190,les princesses
216910,8192192,racine
216911,8192194,ain sebaa
216914,8192235,agdal
216917,8192286,route casablanca
216919,8192314,bernoussi
216920,8192325,bel air val fleuri
216923,8192344,maarif
216926,8192371,hay el menzah
216927,8192381,hay targa
216929,8192407,maarif extension
216932,8192424,ben saleh
216934,8192450,moujahidine
216935,8192454,gauthier
216936,8192466,sidi maarouf
216937,8192475,oulfa
216938,8192478,mers sultan
216941,8192517,hivernage
216944,8192534,hay targa
216945,8192545,belvedere
216947,8192586,hermitage
216948,8192602,hermitage
216949,8192610,mghogha
216951,8192632,agdal
216953,8192652,ain sebaa
216954,8192655,marjane
216956,8192679,marrakech
216957,8192723,bourgogne ouest
216959,8192769,route d agadir essaouira
216960,8192805,rmila
216962,8192825,racine
216963,8192827,quartier bachkou
216964,8192847,route amizmiz
216965,8192854,hay alhoda
216966,8192874,tanja balia
216967,8192877,amerchich
216968,8192882,gueliz
216971,8192918,moujahidine
216972,8192963,ma c3 a2rif extension
216973,8193018,ain sebaa
216974,8193032,les princesses
216976,8193094,agdal
216978,8193109,tanja balia
216979,8193137,maarif
216981,8193151,centre ville
216982,8193152,ain chock
216984,8193154,el youssoufia
216986,8193178,marjane
216987,8193179,oulfa
216988,8193199,route de ouarzazate
216989,8193202,ahlane
216990,8193227,route de tahanaout
216991,8193231,daoudiat
216992,8193241,al qods
216993,8193244,californie
216995,8193269,maarif extension
216996,8193284,la gironde
216997,8193298,al qods
216998,8193312,al qods
216999,8193317,hay hassani
217001,8193345,sidi ben slimane el jazouli
217002,8193352,route de l ourika
217003,8193354,route de l ourika
217004,8193412,route casablanca
217005,8193418,route casablanca
217009,8193581,souani
217010,8193606,ahammar
217011,8193609,al qods
217012,8193615,racine
217013,8193617,agdal
217015,8193682,triangle d or
217016,8193690,tanja balia
217017,8193701,les princesses
217019,8193716,ennakhil palmeraie
217022,8193761,camp al ghoul
217024,8193783,liberte
217028,8193837,du golf
217030,8193856,oulfa
217031,8193875,ksibat nhas
217032,8193903,roches noires
217033,8193949,al qods
217034,8193963,maarif extension
217036,8193973,hay saada
217037,8193977,arset moulay moussa
217038,8194006,hay inara
217039,8194028,moulay lyazid
217040,8194029,racine
217041,8194037,aviation mabella
217042,8194042,hay hassani
217043,8194056,ferme bretonne hay arraha
217044,8194073,les hopitaux
217045,8194075,les hopitaux
217046,8194082,hay nahda
217047,8194098,route de fez
217050,8194152,hay alfalah
217051,8194154,maarif extension
217054,8194199,bourgogne ouest
217055,8194212,medina
217056,8194227,bir aharchoune
217057,8194235,souissi
217058,8194238,hay arsalan
217059,8194247,al qods
217060,8194252,el moukef
217064,8194314,oasis
217070,8194417,hay targa
217071,8194425,les hopitaux
217072,8194431,longchamps hay al hanaa
217074,8194438,rahba kedima
217075,8194442,bourgogne ouest
217076,8194446,les orangers
217078,8194513,hivernage
217079,8194531,sidi mimoun
217081,8194550,centre ville
217082,8194555,alsace lorraine
217085,8194577,les princesses
217086,8194588,les princesses
217087,8194610,marjane
217088,8194614,racine
217089,8194622,riyad
217090,8194629,route de ouarzazate
217091,8194637,agdal
217092,8194638,gueliz
217094,8194644,malabata
217096,8194649,route de fez
217097,8194659,ain chock
217098,8194690,majorelle
217099,8194695,oulfa
217101,8194725,les orangers
217102,8194732,ahlane
217103,8194739,hay targa
217107,8194754,maarif extension
217108,8194773,les portes de marrakech
217109,8194790,ain borja
217111,8194812,les princesses
217112,8194838,route de l ourika
217113,8194852,triangle d or
217115,8194870,maarif
217116,8194885,route de l ourika
217117,8194899,de la plage
217118,8194909,gueliz
217119,8194949,sidi moumen
217120,8194966,hay targa
217121,8194996,moujahidine
217122,8195005,castilla
217123,8195015,centre
217124,8195030,agdal
217125,8195045,les hopitaux
217126,8195056,manar
217127,8195065,route casablanca
217128,8195113,hivernage
217129,8195116,les princesses
217131,8195133,gueliz
217132,8195134,alsace lorraine
217133,8195139,alsace lorraine
217134,8195165,les hopitaux
217135,8195204,derb chtouka
217136,8195206,boulevard med 6
217138,8195262,ksibat nhas
217139,8195269,route amizmiz
217140,8195271,hay al kodia
217141,8195277,route amizmiz
217143,8195297,roches noires
217144,8195309,gueliz
217145,8195310,hassan centre ville
217146,8195333,triangle d or
217147,8195342,route de l ourika
217148,8195352,les princesses
217149,8195388,oulfa
217150,8195422,oulfa
217151,8195433,val fleury
217152,8195439,bernoussi
217155,8195505,jirrari
217156,8195509,gauthier
217157,8195538,les princesses
217158,8195551,moulay lyazid
217160,8195577,gueliz
217161,8195579,bel air val fleuri
217162,8195616,hivernage
217163,8195641,riad zitoun
217164,8195657,derb chtouka
217166,8195688,mesnana
217168,8195699,hay hassani
217169,8195718,lekrimat
217170,8195720,racine
217171,8195723,route de l ourika
217174,8195753,de la plage
217175,8195755,route de tahanaout
217176,8195769,medina
217178,8195829,belvedere
217181,8195866,agdal
217182,8195885,beausejour
217183,8195890,ain mezouar
217185,8195912,malabata
217186,8195923,medina
217187,8195932,maarif
217188,8195952,assif
217189,8195953,castilla
217190,8195957,benjdia
217191,8195973,samlalia
217192,8195988,les princesses
217193,8195991,aouama gharbia
217194,8195996,racine
217196,8196020,maarif extension
217198,8196046,oulfa
217200,8196102,oulfa
217202,8196139,boukhalef
217205,8196180,centre
217206,8196199,hay el menzah
217207,8196201,les portes de marrakech
217208,8196213,azli
217209,8196223,la gironde
217210,8196230,mghogha
217211,8196235,bourgogne est
217213,8196282,route nationale assilah n1
217214,8196285,zemmouri
217215,8196302,route de tahanaout
217219,8196351,ain sebaa
217221,8196369,alsace lorraine
217222,8196370,ennasr
217224,8196375,gueliz
217225,8196386,hivernage
217226,8196419,route de fez
217227,8196439,hay salama
217228,8196454,mers sultan
217230,8196482,ain diab extension
217232,8196501,tanja balia
217234,8196549,route amizmiz
217235,8196567,kaat ben nahid
217237,8196632,riyad
217238,8196633,riyad
217239,8196634,riyad
217240,8196649,californie
217241,8196651,route casablanca
217242,8196663,manar
217245,8196689,bourgogne est
217246,8196697,derb salama
217247,8196708,ain sebaa
217248,8196737,maarif
217249,8196769,beausejour
217252,8196795,route nationale assilah n1
217255,8196808,agdal
217257,8196836,laymoune
217258,8196838,agdal
217259,8196841,assif
217260,8196842,zone industrielle mghogha
217262,8196857,roches noires
217263,8196864,hassan centre ville
217264,8196869,la gironde
217265,8196885,rahba kedima
217266,8196905,sidi ben slimane el jazouli
217267,8196911,mhamid
217269,8196942,tanger city center
217270,8196944,beausejour
217271,8196949,ennakhil palmeraie
217272,8196984,centre
217275,8197078,de la plage
217276,8197080,oulfa
217277,8197166,ain mezouar
217278,8197185,les hopitaux
217281,8197222,route casablanca
217284,8197309,riyad
217286,8197346,ahlane
217288,8197375,ain chock
217290,8197419,amerchich
217291,8197430,kebibat
217292,8197446,route de safi
217293,8197451,route amizmiz
217294,8197453,route amizmiz
217300,8197486,mhamid
217302,8197507,maarif
217303,8197584,agdal
217307,8197638,route casablanca
217308,8197644,oulfa
217310,8197685,sania
217314,8197733,administratif
217316,8197782,maarif
217318,8197820,oulfa
217319,8197821,hay zobir
217320,8197846,oulfa
217321,8197849,azzouzia
217322,8197853,les hopitaux
217323,8197855,samlalia
217324,8197865,al qods
217326,8197923,les hopitaux
217329,8197935,du golf
217330,8197945,centre
217332,8197974,route de fez
217333,8197978,sidi maarouf
217335,8198014,michouar
217336,8198038,beausejour
217337,8198041,amelkis
217338,8198060,roches noires
217340,8198136,roches noires
217341,8198138,californie
217343,8198161,sidi maarouf
217344,8198166,manar
217345,8198202,kebibat
217346,8198221,gueliz
217348,8198263,malabata
217349,8198270,route de l ourika
217351,8198302,bournazil
217352,8198329,ferme bretonne hay arraha
217355,8198394,ferme bretonne hay arraha
217358,8198431,hay moulay rachid 1
217359,8198436,oulfa
217360,8198470,mozart
217362,8198497,ferme bretonne hay arraha
217363,8198514,port tanger ville
217364,8198553,route d agadir essaouira
217365,8198574,route amizmiz
217366,8198615,racine
217367,8198618,les hopitaux
217368,8198619,les hopitaux
217370,8198632,route de ouarzazate
217371,8198637,route casablanca
217372,8198693,ain borja
217373,8198709,hay moulay rachid 1
217375,8198729,gueliz
217376,8198744,ain diab
217377,8198746,les princesses
217378,8198759,hay hassani
217380,8198823,anfa
217381,8198833,haddad
217382,8198845,maarif
217384,8198911,hassan centre ville
217386,8198937,route nationale assilah n1
217390,8198969,val fleury
217391,8198971,hay al rajaa fillah
217392,8198981,l ocean
217393,8199019,mesnana
217394,8199074,route casablanca
217395,8199075,route de fez
217396,8199094,administratif
217397,8199106,achakar
217401,8199135,route casablanca
217402,8199138,les princesses
217404,8199202,hay targa
217406,8199276,racine
217409,8199285,gauthier
217410,8199288,les cretes
217411,8199298,sidi maarouf
217413,8199312,hay al kora
217415,8199326,oulfa
217416,8199327,agdal
217419,8199396,ferme bretonne hay arraha
217420,8199399,racine
217421,8199414,souissi
217422,8199428,ferme bretonne hay arraha
217423,8199429,moujahidine
217424,8199430,kennaria
217427,8199446,hivernage
217428,8199456,moulay youssef
217430,8199468,lahraouiyine
217432,8199491,bourgogne ouest
217436,8199529,californie
217440,8199573,oulfa
217441,8199575,hay zobir
217443,8199591,marchan
217444,8199613,aharrarine
217446,8199661,mers sultan
217447,8199723,beausejour
217452,8199774,route de ouarzazate
217453,8199800,ahlane
217454,8199861,ain diab extension
217458,8199925,bab ghmat
217459,8199931,bernoussi
217461,8199967,gueliz
217465,8199988,route de l ourika
217466,8199991,administratif
217467,8199999,camp al ghoul
217469,8200015,bourgogne ouest
217470,8200021,bel air val fleuri
217471,8200050,ain mezouar
217474,8200114,ain diab
217475,8200115,route de l ourika
217476,8200119,oulfa
217478,8200156,route de ouarzazate
217479,8200166,maarif extension
217480,8200170,kennaria
217481,8200186,riyad
217482,8200217,maarif
217483,8200232,gueliz
217486,8200249,laymoune
217487,8200322,route de l ourika
217488,8200326,casablanca finance city
217489,8200329,les portes de marrakech
217490,8200349,ain sebaa
217491,8200376,mhamid
217493,8200383,izdihar
217494,8200401,ain sebaa
217496,8200410,camp al ghoul
217497,8200412,mhamid
217498,8200426,maarif extension
217501,8200489,oulfa
217503,8200510,sidi ben slimane el jazouli
217504,8200515,hay mohammadi
217507,8200540,mesnana
217508,8200542,riyad
217509,8200570,casabarata
217510,8200596,boulevard med 6
217512,8200659,hassan centre ville
217513,8200664,massira 1
217514,8200684,hay hassani
217520,8200828,hay targa
217521,8200837,amelkis
217522,8200853,oulfa
217523,8200854,la gironde
217524,8200857,malabata
217525,8200870,agdal
217526,8200908,bournazil
217527,8200913,mers sultan
217528,8200933,draoua
217529,8200938,riyad
217530,8200957,oulfa
217531,8200966,route amizmiz
217533,8201010,agdal
217534,8201045,riviera
217535,8201054,riviera
217536,8201062,oasis
217538,8201088,les hopitaux
217539,8201105,route de l ourika
217541,8201118,arset moulay moussa
217543,8201121,ain diab
217544,8201122,riad el ali
217545,8201124,arset ben chebli
217546,8201157,route de tahanaout
217547,8201162,hay al fath
217548,8201172,ain diab
217549,8201174,oulfa
217550,8201182,maarif
217551,8201202,agdal
217552,8201210,route de safi
217554,8201237,les hopitaux
217558,8201276,ben saleh
217559,8201277,souissi
217560,8201282,ain sebaa
217561,8201304,racine
217562,8201307,boumesmar
217563,8201322,ben dibane
217564,8201326,route casablanca
217566,8201332,sania
217567,8201340,agdal
217568,8201368,hay chrifa
217569,8201372,diour jamaa
217571,8201391,hay inara
217572,8201396,mers sultan
217574,8201436,triangle d or
217575,8201482,racine extension
217576,8201495,riyad
217578,8201538,agdal
217579,8201582,gueliz
217582,8201634,les princesses
217583,8201662,lissasfa
217585,8201695,haut agdal
217587,8201769,route de l ourika
217590,8201812,de la plage
217591,8201827,hay salama
217592,8201830,agdal
217593,8201836,castilla
217594,8201843,agdal
217595,8201848,anfa
217597,8201902,haut agdal
217598,8201904,hay mabrouka
217600,8201909,ziaten
217603,8201949,gauthier
217606,8201968,anfa
217607,8201970,hivernage
217609,8201999,roches noires
217610,8202044,route de l ourika
217612,8202089,gueliz
217613,8202108,val fleury
217614,8202114,zaouiat lahdar
217618,8202273,route casablanca
217620,8202280,oulfa
217621,8202299,bab aylan
217623,8202332,azli
217626,8202376,route de l ourika
217628,8202417,oulfa
217629,8202421,almaz
217630,8202426,samlalia
217631,8202432,sidi moumen
217632,8202437,hay moulay abdellah
217633,8202438,route casablanca
217636,8202453,derb salama
217639,8202467,branes 1
217640,8202477,beausite
217641,8202481,bab ghmat
217642,8202495,nassim 2
217643,8202502,hay hassani
217644,8202504,triangle d or
217646,8202515,mers sultan
217647,8202531,bourgogne ouest
217648,8202549,bab aylan
217650,8202661,bourgogne est
217652,8202693,mers sultan
217653,8202730,mhamid
217655,8202782,sidi moumen
217658,8202856,route amizmiz
217659,8202859,izdihar
217661,8202876,ain sebaa
217664,8202884,californie
217665,8202885,zone industrielle
217666,8202891,jnan ben chagra
217667,8202903,izdihar
217668,8202911,el majd
217670,8202933,beausejour
217671,8202936,route de ouarzazate
217672,8202969,ifriquia
217673,8202970,arset sbaia
217674,8203018,riyad
217675,8203046,gueliz
217677,8203059,el manar el hank
217678,8203071,ksibat nhas
217680,8203101,marjane
217683,8203130,sidi mimoun
217684,8203141,majorelle
217686,8203165,belvedere
217687,8203179,les hopitaux
217688,8203183,hay targa
217690,8203192,hivernage
217692,8203196,kaat ben nahid
217694,8203218,nassim 2
217698,8203314,maarif extension
217699,8203318,ain diab
217700,8203320,ain diab
217701,8203333,iberie
217702,8203345,les princesses
217703,8203352,maarif extension
217704,8203354,ennakhil palmeraie
217705,8203362,la vilette
217707,8203458,massira 1
217708,8203483,hay mohammadi
217710,8203504,boulevard med 6
217711,8203506,californie
217712,8203514,agdal
217713,8203516,anfa
217714,8203523,centre
217716,8203532,ain borja
217717,8203549,sidi mimoun
217720,8203592,ennakhil palmeraie
217721,8203596,izdihar
217722,8203617,route de tahanaout
217723,8203623,ferme bretonne hay arraha
217726,8203702,route de l ourika
217727,8203720,hay el menzah
217728,8203741,ain diab extension
217729,8203745,triangle d or
217730,8203803,les hopitaux
217731,8203834,centre
217732,8203855,sidi belyout
217733,8203872,mers sultan
217735,8203893,oulfa
217736,8203924,camp al ghoul
217738,8203931,hay zobir
217739,8203948,al qods
217740,8203994,route de ouarzazate
217741,8204023,bel air val fleuri
217742,8204027,lissasfa
217743,8204032,gueliz
217745,8204070,nassim 1
217746,8204078,al mandar al jamil
217747,8204089,souissi
217748,8204094,al qods
217749,8204098,ain el hayani
217752,8204155,boulevard med 6
217755,8204176,beni touzine
217758,8204211,les portes de marrakech
217759,8204214,ain sebaa
217760,8204217,malabata
217762,8204246,triangle d or
217763,8204258,hay targa
217764,8204279,hay hassani
217765,8204300,marjane
217767,8204368,administratif
217769,8204406,malabata
217770,8204417,casablanca marina
217771,8204431,derb omar
217772,8204464,malabata
217773,8204491,gueliz
217774,8204494,gueliz
217775,8204501,franceville
217776,8204513,souissi
217777,8204526,bourgogne ouest
217779,8204563,maarif
217780,8204578,quartier des ambassades
217781,8204602,bir el ghazi
217782,8204642,al qods
217783,8204668,sidi moumen
217784,8204685,derb chorfa
217785,8204708,derb ghalef
217787,8204751,bournazil
217790,8204808,mers sultan
217792,8204816,agdal
217793,8204823,bernoussi
217795,8204831,californie
217796,8204842,anfa
217800,8204869,route casablanca
217803,8204891,ain diab
217804,8204898,bouaakkaz
217807,8204907,de la plage
217808,8204908,al hadika
217812,8204965,fonciere
217813,8204966,gauthier
217814,8204973,sidi maarouf
217816,8204997,zaouia sidi ghalem
217817,8205010,agdal
217818,8205011,route de fez
217819,8205013,zaouiat lahdar
217820,8205026,amelkis
217822,8205050,samlalia
217823,8205051,aviation mabella
217824,8205056,route de fez
217825,8205064,les hopitaux
217826,8205065,les hopitaux
217827,8205066,les hopitaux
217828,8205067,les hopitaux
217829,8205068,les hopitaux
217830,8205085,oasis
217831,8205089,gueliz
217832,8205090,gauthier
217834,8205097,route de safi
217835,8205120,anfa superieur
217836,8205184,route de ouarzazate
217837,8205206,route casablanca
217841,8205251,gauthier
217842,8205284,la gironde
217843,8205292,riyad
217844,8205300,ain sebaa
217847,8205322,hay hassani
217848,8205335,route de tahanaout
217849,8205362,route amizmiz
217850,8205387,racine
217851,8205430,aharrarine
217853,8205475,route nationale assilah n1
217854,8205493,tanja balia
217856,8205534,route de fez
217857,8205541,hay mabrouka
217858,8205583,californie
217859,8205587,marrakech
217860,8205589,agdal
217863,8205618,palmier
217864,8205667,les hopitaux
217866,8205710,riyad
217871,8205794,souissi
217874,8205816,marjane
217877,8205898,mesnana
217878,8205901,gueliz
217879,8205915,boukhalef
217881,8205931,route casablanca
217882,8205958,bab aylan
217883,8205961,ain diab extension
217884,8205969,ain diab
217885,8205971,riyad extension
217887,8205992,gueliz
217888,8206017,oulfa
217891,8206042,les cretes
217895,8206055,polo
217902,8206080,agdal
217903,8206083,gueliz
217905,8206093,californie
217907,8206157,de la plage
217909,8206185,majorelle
217912,8206237,amelkis
217913,8206248,derb moulay cherif
217914,8206252,gueliz
217916,8206256,marrakech
217917,8206259,gueliz
217918,8206271,riyad extension
217920,8206299,souissi
217921,8206301,derb moulay cherif
217922,8206308,hay targa
217924,8206328,hay ach chbanat
217925,8206329,bourgogne ouest
217931,8206382,massira 1
217933,8206440,du golf
217938,8206532,souissi
217939,8206537,route de tahanaout
217940,8206541,iberie
217941,8206543,hay nahda
217942,8206544,bel air val fleuri
217948,8206586,maarif extension
217949,8206587,californie
217950,8206593,route de l ourika
217952,8206605,ennakhil palmeraie
217954,8206627,plateau al batha
217955,8206648,centre
217957,8206655,gueliz
217958,8206671,route amizmiz
217961,8206706,route casablanca
217962,8206714,mesnana
217963,8206760,maarif
217965,8206832,sour jdid
217966,8206840,manar
217969,8206866,hay annahda
217970,8206872,casablanca finance city
217971,8206882,bouaakkaz
217972,8206888,anfa
217974,8206933,centre
217976,8206960,zemmouri
217978,8206973,souissi
217980,8206982,route de fez
217985,8207021,gueliz
217986,8207025,gueliz
217987,8207037,les princesses
218000,8207141,casablanca finance city
218001,8207167,ennakhil palmeraie
218002,8207171,souissi
218003,8207185,mesnana
218004,8207190,ain sebaa
218005,8207195,agdal
218007,8207236,californie
218010,8207246,derb chtouka
218011,8207256,oulfa
218012,8207284,assouel
218013,8207289,boukhalef
218015,8207319,al farah dar essalam
218020,8207402,oasis
218021,8207405,casablanca
218022,8207406,racine
218023,8207425,route de l ourika
218024,8207434,haut agdal
218025,8207510,agdal
218027,8207570,dar bouazza
218028,8207573,ain diab
218030,8207586,californie
218032,8207593,riyad
218033,8207603,quartier administratif
218034,8207623,route de safi
218035,8207664,gueliz
218042,8207721,al qods
218043,8207726,cil hay salam
218044,8207727,les princesses
218046,8207784,souissi
218047,8207785,souissi
218048,8207787,souissi
218049,8207804,hay mabrouka
218050,8207807,almaz
218051,8207811,al hadika
218054,8207852,riyad
218055,8207900,drissia
218059,8208002,ain diab
218060,8208050,boukhalef
218061,8208054,cil hay salam
218063,8208063,les hopitaux
218065,8208115,sidi moumen
218066,8208136,nassim 1
218067,8208145,sidi moumen
218068,8208147,hivernage
218069,8208156,ain diab
218070,8208158,beausejour
218071,8208168,les princesses
218073,8208180,massira 2
218074,8208183,casablanca marina
218075,8208196,maarif extension
218076,8208211,la gironde
218077,8208221,gueliz
218079,8208249,riyad
218080,8208321,belbekkar
218081,8208335,mister khouch
218082,8208342,manar
218084,8208371,les hopitaux
218085,8208384,bir el ghazi
218086,8208399,almaz
218087,8208408,oasis
218088,8208412,mozart
218090,8208444,akkari
218091,8208475,moujahidine
218092,8208486,samlalia
218093,8208492,ahlane
218094,8208499,gueliz
218095,8208501,ferme bretonne hay arraha
218096,8208510,de la plage
218097,8208516,quartier bachkou
218098,8208529,mandarona
218101,8208564,hay targa
218102,8208567,gueliz
218103,8208594,hay targa
218109,8208652,route casablanca
218111,8208668,malabata
218112,8208681,hay targa
218115,8208696,agdal
218116,8208712,triangle d or
218117,8208734,hay zobir
218118,8208735,al qods
218120,8208747,route de l ourika
218122,8208794,sidi moumen
218123,8208809,ahlane
218124,8208825,gueliz
218125,8208827,boulevard med 6
218127,8208840,ferme bretonne hay arraha
218128,8208855,souissi
218129,8208857,hay salama
218131,8208914,route d agadir essaouira
218133,8208941,hay saada
218136,8208958,route amizmiz
218138,8208993,beausejour
218140,8209018,mandarona
218141,8209019,hivernage
218143,8209054,route de l ourika
218144,8209055,gueliz
218145,8209068,marchan
218146,8209069,gueliz
218147,8209125,racine
218150,8209166,cil hay salam
218151,8209193,bella vista
218152,8209206,centre
218153,8209234,mhamid
218156,8209343,rahba kedima
218158,8209357,bourgogne ouest
218159,8209366,ain mezouar
218160,8209406,tanja balia
218162,8209422,ferme bretonne hay arraha
218163,8209430,gueliz
218165,8209461,hay haddaouia
218166,8209467,gauthier
218169,8209492,zaouiat lahdar
218170,8209493,marjane
218171,8209512,anfa
218175,8209572,gueliz
218177,8209591,a c3 afn seba c3 a2
218178,8209598,riyad
218179,8209606,agdal
218180,8209609,l ocean
218184,8209633,burger
218191,8209731,hay targa
218192,8209735,tanja balia
218195,8209760,riviera
218196,8209767,hay moulay rachid 1
218199,8209810,arset moulay bouaazza
218200,8209812,iberie
218201,8209832,marjane
218202,8209865,boulevard med 6
218204,8209875,route de l ourika
218205,8209876,sidi moumen
218208,8209954,route amizmiz
218209,8209967,administratif
218215,8209997,route nationale assilah n1
218216,8210005,nassim 2
218217,8210032,californie
218218,8210034,lissasfa
218225,8210104,jbilat
218227,8210117,hassan centre ville
218228,8210118,route de safi
218234,8210245,tacharouk hay al walaa
218236,8210253,gauthier
218237,8210255,sidi moumen
218239,8210285,ain sebaa
218240,8210309,agdal
218243,8210330,californie
218245,8210356,haut agdal
218246,8210360,souissi
218247,8210378,sania
218248,8210379,assif
218251,8210407,oulfa
218253,8210423,ahlane
218254,8210426,nassim 1
218256,8210457,sidi ben slimane el jazouli
218258,8210488,ain sebaa
218259,8210494,oulfa
218261,8210500,maarif extension
218263,8210504,iberie
218264,8210526,ouasis
218266,8210554,californie
218268,8210557,anfa
218269,8210568,ain sebaa
218271,8210578,marjane
218272,8210581,tanja balia
218276,8210621,dar touzani
218277,8210623,triangle d or
218278,8210625,route de safi
218279,8210636,casablanca finance city
218280,8210639,les hopitaux
218286,8210719,route de l ourika
218291,8210786,les princesses
218292,8210808,tanja balia
218295,8210850,gueliz
218296,8210880,samlalia
218297,8210888,medina
218298,8210910,route de l ourika
218299,8210934,hay el menzah
218301,8210986,ahlane
218302,8210994,ahlane
218303,8211009,maarif
218304,8211043,port tanger ville
218305,8211045,polo
218307,8211054,sidi youssef
218312,8211101,nassim 1
218313,8211106,beausite
218317,8211150,route de fez
218318,8211154,route casablanca
218321,8211181,camp al ghoul
218323,8211252,mozart
218328,8211319,val fleury
218331,8211362,hivernage
218332,8211379,les princesses
218333,8211381,moujahidine
218335,8211403,route de fez
218340,8211431,hay chifa
218345,8211464,moujahidine
218346,8211470,majorelle
218350,8211509,branes 2
218352,8211529,amelkis
218354,8211603,polo
218358,8211622,oulfa
218360,8211654,anassi
218361,8211664,burger
218363,8211691,hay sadri
218367,8211724,souissi
218370,8211754,oulfa
218371,8211758,tanja balia
218372,8211770,lissasfa
218373,8211773,ain diab
218374,8211775,castilla
218375,8211791,ain diab extension
218376,8211809,route de safi
218378,8211825,riyad
218379,8211831,sania
218380,8211836,nassim 2
218381,8211844,hay targa
218386,8211898,lissasfa
218387,8211907,hay el menzah
218388,8211908,hay el menzah
218389,8211909,hay el menzah
218391,8211957,castilla
218392,8211969,tanja balia
218393,8212001,gueliz
218394,8212023,camp al ghoul
218395,8212038,souissi
218397,8212090,bel air val fleuri
218398,8212095,al qods
218399,8212114,route de tahanaout
218400,8212124,agdal
218401,8212139,les hopitaux
218402,8212164,agdal
218403,8212165,hivernage
218404,8212177,el baraka
218407,8212200,sidi moumen
218408,8212204,route casablanca
218409,8212209,ferme bretonne hay arraha
218410,8212210,riviera
218411,8212211,anfa
218412,8212219,hivernage
218419,8212334,al qods
218421,8212369,zaouia sidi ghalem
218422,8212375,belvedere
218423,8212377,californie
218424,8212381,medina
218425,8212383,route casablanca
218431,8212440,palmier
218432,8212442,maarif
218433,8212443,les princesses
218434,8212444,al amal
218439,8212476,derb omar
218441,8212486,bournazil
218442,8212499,iberie
218443,8212511,manar
218446,8212547,sidi mimoun
218447,8212548,ain el hayani
218448,8212550,route de ouarzazate
218449,8212576,gueliz
218450,8212577,route de tahanaout
218453,8212648,maarif extension
218454,8212663,vermont
218455,8212670,maarif
218456,8212679,souissi
218457,8212686,route amizmiz
218460,8212717,lissasfa
218461,8212746,souissi
218462,8212748,hay chifa
218464,8212757,gauthier
218467,8212769,souissi
218468,8212773,bourgogne ouest
218469,8212800,franceville
218470,8212820,souissi
218471,8212844,souissi
218472,8212862,gueliz
218473,8212884,aouama gharbia
218474,8212909,aouama gharbia
218475,8212921,aouama gharbia
218476,8212923,ain diab
218477,8212927,aouama gharbia
218478,8212933,aouama gharbia
218479,8212938,aouama gharbia
218480,8212944,aouama gharbia
218483,8212959,hay chrifa
218487,8212997,centre
218489,8213009,les oudayas
218491,8213024,kennaria
218492,8213029,ennakhil palmeraie
218499,8213089,beausite
218502,8213109,racine
218503,8213123,achakar
218504,8213124,route de fez
218505,8213127,hay hassani
218506,8213131,route de l ourika
218508,8213158,al qods
218509,8213169,aviation mabella
218510,8213178,massira 3
218511,8213179,ain diab extension
218513,8213205,route casablanca
218514,8213214,route de fez
218515,8213254,hay el menzah
218516,8213255,hay el menzah
218517,8213256,hay el menzah
218518,8213257,hay el menzah
218519,8213258,hay el menzah
218520,8213259,hay el menzah
218523,8213313,marrakech
218525,8213327,marrakech
218526,8213333,marrakech
218527,8213334,marrakech
218529,8213345,marrakech
218530,8213349,marrakech
218534,8213365,anfa superieur
218535,8213371,route de ouarzazate
218538,8213380,marrakech
218540,8213395,belvedere
218541,8213400,belvedere
218546,8213408,maarif extension
218547,8213411,les hopitaux
218548,8213414,bourgogne ouest
218549,8213415,belvedere
218550,8213416,casablanca finance city
218553,8213430,mandarona
218555,8213432,racine
218556,8213433,maarif extension
218557,8213437,maarif extension
218558,8213438,triangle d or
218559,8213440,agdal
218560,8213442,belvedere
218563,8213448,route de l ourika
218565,8213451,ain diab
218566,8213454,la gironde
218567,8213458,anfa
218571,8213478,marrakech
218572,8213501,gueliz
218573,8213536,anfa
218574,8213537,anfa
218575,8213538,anfa
218576,8213549,ain diab
218577,8213551,hay el menzah
218578,8213552,hay el menzah
218581,8213585,mers sultan
218583,8213605,racine
218584,8213613,centre
218588,8213635,aviation mabella
218589,8213640,souissi
218590,8213642,les hopitaux
218591,8213672,souissi
218592,8213679,riyad
218594,8213682,centre
218595,8213686,jawhar
218597,8213717,sidi maarouf
218599,8213761,ain chock
218600,8213764,branes 2
218602,8213818,majorelle
218603,8213821,assif
218604,8213822,gueliz
218605,8213870,route de tahanaout
218607,8213884,gueliz
218608,8213915,aviation mabella
218609,8213937,riviera
218610,8213971,sidi maarouf
218611,8213979,riad zitoun
218612,8213981,garage allal
218615,8214164,mandarona
218617,8214232,bourgogne est
218619,8214235,ksibat nhas
218620,8214246,hivernage
218623,8214314,marrakech
218624,8214344,amelkis
218626,8214376,rmila
218627,8214388,maarif extension
218628,8214389,maarif extension
218629,8214390,maarif extension
218630,8214400,marrakech
218631,8214403,marrakech
218632,8214404,marrakech
218633,8214417,hivernage
218634,8214447,mhamid
218642,8214532,beausejour
218643,8214536,ennakhil palmeraie
218650,8214575,californie
218652,8214578,californie
218655,8214593,almaz
218656,8214598,agdal
218659,8214623,route de l ourika
218660,8214638,bella vista
218661,8214642,ain mezouar
218662,8214647,beausejour
218665,8214654,manar
218666,8214657,bella vista
218667,8214682,riviera
218669,8214701,hivernage
218671,8214706,tanger city center
218672,8214707,tanger city center
218673,8214708,tanger city center
218674,8214709,tanger city center
218675,8214710,tanger city center
218676,8214711,tanger city center
218677,8214712,tanger city center
218678,8214713,tanger city center
218680,8214726,riviera
218681,8214731,oulfa
218682,8214733,maarif extension
218684,8214740,souissi
218687,8214767,ain diab
218690,8214782,route de l ourika
218693,8214855,gueliz
218694,8214891,arset el houta
218695,8214893,hay chrifa
218697,8214929,route de l ourika
218699,8214960,route de ouarzazate
218702,8215001,quartier administratif
218704,8215015,diour jamaa
218707,8215049,route amizmiz
218710,8215115,gueliz
218711,8215131,aviation mabella
218712,8215133,amelkis
218713,8215147,gueliz
218714,8215164,les hopitaux
218720,8215199,ain diab
218722,8215208,ferme bretonne hay arraha
218723,8215212,gauthier
218728,8215291,route de ouarzazate
218736,8215327,anfa
218737,8215330,anfa
218738,8215331,anfa
218739,8215341,franceville
218740,8215348,m c3 a9dina
218742,8215384,route de l ourika
218743,8215416,route de ouarzazate
218745,8215430,route amizmiz
218746,8215446,ahlane
218749,8215475,hay mohammadi
218750,8215487,hay alfadl
218752,8215510,gueliz
218753,8215514,hay mohammadi
218754,8215521,centre
218755,8215547,racine extension
218756,8215564,de la plage
218757,8215573,ahlane
218759,8215595,route de l ourika
218760,8215603,marchan
218761,8215649,medina
218762,8215672,port tanger ville
218763,8215677,racine
218764,8215684,riyad
218768,8215769,sidi bou amar
218769,8215770,polo
218770,8215776,racine
218771,8215785,mers sultan
218774,8215831,racine
218775,8215835,belvedere
218777,8215853,polo
218778,8215871,riyad
218779,8215877,al qods
218780,8215883,mandarona
218782,8215907,route amizmiz
218783,8215914,agdal
218784,8215920,route amizmiz
218785,8215939,mhamid
218786,8215941,riyad
218787,8215946,oulfa
218791,8215999,malabata
218792,8216003,zone industrielle oukacha
218793,8216007,hay el menzah
218798,8216090,rmila
218802,8216132,sidi moumen
218803,8216138,azli
218804,8216148,ain mezouar
218806,8216158,mandarona
218807,8216167,agdal
218808,8216197,route de tahanaout
218810,8216209,bourgogne ouest
218811,8216215,ain sebaa
218812,8216218,amelkis
218813,8216259,medina
218814,8216276,amerchich
218815,8216290,route de ouarzazate
218816,8216298,route de fez
218818,8216315,route de l ourika
218822,8216366,agdal
218823,8216381,route casablanca
218827,8216414,ain mezouar
218828,8216423,route de l ourika
218829,8216428,hay targa
218830,8216432,camp al ghoul
218832,8216458,roches noires
218833,8216462,amelkis
218834,8216465,racine
218836,8216477,les cretes
218837,8216479,marchan
218838,8216483,ferme bretonne hay arraha
218840,8216491,laymoune
218842,8216514,derb moulay cherif
218843,8216518,anfa
218844,8216521,californie
218850,8216630,riyad
218851,8216631,roches noires
218852,8216632,route nationale assilah n1
218856,8216652,marrakech
218857,8216661,manar
218861,8216703,mghogha
218862,8216718,aouama gharbia
218863,8216726,gauthier
218868,8216794,malabata
218869,8216796,gueliz
218870,8216817,aouama gharbia
218871,8216821,aouama gharbia
218872,8216829,aouama gharbia
218873,8216832,aouama gharbia
218874,8216836,aouama gharbia
218875,8216846,gueliz
218877,8216882,route de l ourika
218878,8216894,izdihar
218879,8216896,gueliz
218882,8216918,gueliz
218883,8216919,hay mabrouka
218888,8216937,bourgogne ouest
218897,8216970,oulfa
218898,8216977,ain diab extension
218899,8217006,les princesses
218901,8217011,de la plage
218903,8217026,route amizmiz
218905,8217042,route amizmiz
218906,8217057,mozart
218908,8217064,racine
218912,8217143,hay targa
218913,8217156,gueliz
218914,8217163,les portes de marrakech
218915,8217184,amerchich
218917,8217190,boukhalef
218918,8217195,racine
218920,8217237,anassi
218921,8217238,route de fez
218923,8217268,hassan centre ville
218924,8217271,val fleury
218925,8217277,fonciere
218926,8217280,beausite
218927,8217288,hay targa
218928,8217290,route amizmiz
218931,8217309,route de l ourika
218932,8217320,arset ben chebli
218933,8217365,ain diab extension
218934,8217367,hay hassani
218935,8217399,anfa superieur
218936,8217422,les oudayas
218937,8217438,mers sultan
218939,8217462,route de l ourika
218941,8217470,riad zitoun
218942,8217473,marrakech
218944,8217510,castilla
218945,8217526,ennakhil palmeraie
218950,8217549,camp al ghoul
218951,8217550,marrakech
218952,8217552,plateau al batha
218956,8217577,camp al ghoul
218958,8217604,gueliz
218959,8217609,oulfa
218960,8217610,souissi
218961,8217628,gueliz
218963,8217642,mozart
218965,8217660,samlalia
218967,8217674,bourgogne est
218971,8217713,ennakhil palmeraie
218973,8217736,malabata
218974,8217737,agdal
218979,8217814,palmier
218981,8217835,malabata
218982,8217868,maarif
218984,8217884,oulfa
218985,8217896,casablanca finance city
218987,8217935,gueliz
218990,8217949,souissi
218993,8217983,roches noires
218994,8218013,sidi moumen
218995,8218019,riyad
218996,8218028,port tanger ville
218997,8218029,route de ouarzazate
218998,8218031,mesnana
218999,8218037,riyad
219000,8218049,route amizmiz
219001,8218068,mozart
219003,8218070,oulfa
219004,8218079,assif
219005,8218096,bourgogne ouest
219006,8218104,les princesses
219008,8218110,roches noires
219009,8218120,hay el menzah
219013,8218180,route de tahanaout
219014,8218183,tanja balia
219015,8218185,cil hay salam
219016,8218186,cil hay salam
219018,8218198,route de safi
219021,8218210,oulfa
219023,8218242,route nationale assilah n1
219024,8218252,m c3 a9dina
219026,8218261,tanja balia
219027,8218272,ferme bretonne hay arraha
219028,8218274,hay targa
219030,8218286,belvedere
219031,8218295,triangle d or
219032,8218298,agdal
219033,8218300,route de l ourika
219035,8218312,agdal
219036,8218316,marjane
219037,8218319,tanja balia
219038,8218347,route de l ourika
219042,8218397,iberie
219047,8218412,jbel kbir
219049,8218430,mouassine
219050,8218466,marjane
219054,8218504,route casablanca
219055,8218508,route de l ourika
219056,8218528,hay targa
219060,8218565,ain diab
219061,8218580,racine
219062,8218581,route de tahanaout
219063,8218584,gauthier
219064,8218586,racine
219065,8218587,triangle d or
219066,8218593,gueliz
219067,8218608,maarif
219069,8218610,casablanca
219070,8218620,racine
219072,8218624,polo
219073,8218628,casablanca
219074,8218638,hay hassani
219075,8218639,les princesses
219076,8218666,oulfa
219077,8218698,ferme bretonne hay arraha
219079,8218717,hay mohammadi
219080,8218726,sidi maarouf
219081,8218730,route de safi
219082,8218747,route de ouarzazate
219084,8218758,ziaten
219085,8218766,marjane
219087,8218768,moujahidine
219092,8218811,route amizmiz
219093,8218823,les hopitaux
219095,8218854,boulevard med 6
219096,8218855,boulevard med 6
219097,8218856,boulevard med 6
219098,8218857,boulevard med 6
219099,8218858,boulevard med 6
219100,8218859,boulevard med 6
219101,8218870,maarif extension
219102,8218871,maarif extension
219103,8218872,maarif extension
219104,8218873,maarif extension
219105,8218876,route de l ourika
219107,8218890,maarif
219109,8218935,souissi
219111,8218956,route de safi
219112,8218963,souissi
219114,8218976,souissi
219116,8218985,souissi
219117,8219002,hivernage
219118,8219005,racine extension
219120,8219020,riyad
219123,8219085,mozart
219125,8219122,gueliz
219126,8219128,agdal
219127,8219163,gauthier
219128,8219184,sania
219129,8219187,route amizmiz
219131,8219205,maarif extension
219132,8219206,maarif extension
219133,8219207,maarif extension
219134,8219208,maarif extension
219135,8219210,route de safi
219142,8219260,route nationale assilah n1
219143,8219261,route nationale assilah n1
219144,8219262,route nationale assilah n1
219145,8219263,route nationale assilah n1
219146,8219264,route nationale assilah n1
219147,8219265,route nationale assilah n1
219148,8219266,route nationale assilah n1
219149,8219267,route nationale assilah n1
219150,8219268,route nationale assilah n1
219151,8219269,route nationale assilah n1
219152,8219270,route nationale assilah n1
219153,8219271,route nationale assilah n1
219154,8219272,route nationale assilah n1
219155,8219273,route nationale assilah n1
219156,8219274,route nationale assilah n1
219158,8219390,lissasfa
219164,8219420,agdal
219165,8219421,alsace lorraine
219166,8219422,alsace lorraine
219167,8219423,alsace lorraine
219168,8219424,alsace lorraine
219169,8219427,ben dibane
219170,8219428,route de l ourika
219171,8219429,route de l ourika
219172,8219430,route de l ourika
219174,8219464,franceville
219175,8219465,sidi maarouf
219186,8219576,californie
219191,8219620,casablanca
219192,8219621,casablanca
219193,8219646,azib haj kaddour
219194,8219660,mister khouch
219196,8219681,samlalia
219199,8219729,anfa
219200,8219770,gauthier
219201,8219771,triangle d or
219206,8219813,riad al atlas
219207,8219828,route amizmiz
219208,8219829,route amizmiz
219209,8219830,route amizmiz
219210,8219831,route amizmiz
219211,8219832,route amizmiz
219212,8219833,route amizmiz
219213,8219834,route amizmiz
219214,8219835,route amizmiz
219215,8219836,route amizmiz
219216,8219837,route amizmiz
219217,8219838,route amizmiz
219219,8219872,arset ben chebli
219220,8219886,iberie
219222,8219893,kennaria
219224,8219935,californie
219225,8219939,zaouiat lahdar
219226,8219949,gueliz
219228,8219958,marjane
219229,8219969,marjane
219230,8220007,rmilat
219232,8220018,maarif
219233,8220021,oasis
219235,8220025,ain diab
219236,8220029,sidi el khadir
219237,8220030,plateau al batha
219241,8220101,route de l ourika
219242,8220108,route de l ourika
219243,8220137,samlalia
219245,8220225,ennakhil palmeraie
219248,8220249,beausejour
219249,8220253,belvedere
219250,8220254,centre
219252,8220268,mesnana
219253,8220287,ain chock
219254,8220290,racine
219255,8220294,branes 1
219257,8220302,racine
219259,8220313,californie
219262,8220334,route casablanca
219263,8220346,achakar
219264,8220348,hay hassani
219265,8220362,de la plage
219266,8220364,jirrari
219267,8220378,gueliz
219268,8220381,hay hassani
219271,8220459,branes 2
219273,8220537,gauthier
219276,8220570,massira 1
219277,8220575,mhamid
219278,8220576,route de tahanaout
219281,8220598,maarif extension
219282,8220599,les princesses
219283,8220678,mister khouch
219286,8220704,ain diab
219287,8220707,arset moulay bouaazza
219288,8220710,agdal
219289,8220715,sidi bou amar
219290,8220716,oulfa
219291,8220718,aviation mabella
219292,8220719,jirrari
219293,8220731,ksibat nhas
219295,8220764,centre
219298,8220781,drissia
219299,8220790,samlalia
219300,8220797,val fleury
219301,8220810,route de tahanaout
219302,8220823,amelkis
219304,8220881,hay targa
219305,8220882,belvedere
219306,8220883,rahba kedima
219308,8220902,route de tahanaout
219311,8220954,sidi belyout
219313,8220987,hay alamal
219315,8220995,ain chock
219316,8220998,bourgogne ouest
219318,8221014,gauthier
219320,8221018,agdal
219321,8221022,la gironde
219322,8221026,laaouina
219323,8221033,triangle d or
219325,8221046,malabata
219326,8221048,cap spartel
219327,8221063,hay mabrouka
219329,8221073,roches noires
219331,8221079,almaz
219332,8221083,route d agadir essaouira
219336,8221098,assif
219339,8221109,hay inara
219340,8221111,bourgogne est
219341,8221112,hay el menzah
219342,8221114,sidi maarouf
219344,8221124,maarif extension
219345,8221131,rahba kedima
219348,8221186,racine
219349,8221192,bel air val fleuri
219350,8221193,zaouiat lahdar
219351,8221202,oulfa
219354,8221249,californie
219358,8221325,gueliz
219359,8221326,route de ouarzazate
219371,8221392,bernoussi
219372,8221440,triangle d or
219374,8221455,essebtiyen
219377,8221473,mouassine
219379,8221499,mouassine
219380,8221511,souissi
219382,8221517,al andalous
219383,8221522,gueliz
219384,8221525,tanja balia
219386,8221537,camp al ghoul
219387,8221565,roches noires
219390,8221575,centre
219391,8221595,souissi
219392,8221598,bella vista
219394,8221608,riyad extension
219397,8221623,hay idrissia
219398,8221624,route casablanca
219399,8221625,route de safi
219400,8221626,ennakhil palmeraie
219401,8221632,gueliz
219403,8221675,daoudiat
219404,8221742,route de ouarzazate
219411,8221844,gueliz
219412,8221848,tanja balia
219413,8221853,racine
219415,8221872,centre
219418,8221886,rmila
219419,8221906,casablanca
219422,8221912,rmila
219425,8221934,moulay lyazid
219426,8221943,ain chock
219427,8221952,centre
219433,8222007,tanger
219434,8222032,route de fez
219435,8222090,mandarona
219437,8222112,triangle d or
219441,8222129,casablanca marina
219443,8222175,malabata
219444,8222193,ain chock
219445,8222202,hay targa
219447,8222229,hay mabrouka
219448,8222232,maarif
219449,8222239,sania
219451,8222256,zaouia sidi ghalem
219452,8222257,haddad
219453,8222260,mister khouch
219454,8222308,les princesses
219455,8222322,daoudiat
219456,8222330,aviation mabella
219457,8222336,casablanca marina
219458,8222346,gueliz
219459,8222354,route de fez
219460,8222362,les hopitaux
219461,8222370,achakar
219462,8222376,achakar
219463,8222378,achakar
219464,8222380,achakar
219465,8222390,achakar
219466,8222391,achakar
219467,8222392,achakar
219468,8222398,achakar
219469,8222402,achakar
219471,8222406,achakar
219472,8222407,azli
219473,8222416,ain diab
219474,8222419,souissi
219475,8222429,agdal
219476,8222436,riad zitoun
219477,8222457,route amizmiz
219480,8222462,hay targa
219481,8222482,ferme bretonne hay arraha
219482,8222501,izdihar
219483,8222506,almaz
219484,8222511,sidi maarouf
219485,8222519,rmila
219486,8222522,ben saleh
219487,8222528,sidi mimoun
219488,8222552,bernoussi
219491,8222557,ennakhil palmeraie
219493,8222571,gueliz
219495,8222577,val fleury
219497,8222582,triangle d or
219498,8222583,boukhalef
219499,8222587,rmila
219500,8222588,branes 2
219501,8222602,manar
219502,8222639,centre
219506,8222671,mhamid
219507,8222676,route de fez
219509,8222760,riad zitoun
219510,8222762,moulay lyazid
219513,8222773,samlalia
219514,8222775,route de l ourika
219515,8222777,iberie
219518,8222815,les princesses
219520,8222862,gueliz
219522,8222876,gueliz
219523,8222878,souani
219524,8222886,massira 3
219525,8222893,gauthier
219527,8222899,sidi ben slimane el jazouli
219528,8222900,souissi
219532,8222937,gauthier
219533,8222974,hay hassani
219534,8222976,souissi
219535,8222980,souissi
219538,8223003,gueliz
219539,8223006,gueliz
219540,8223008,gueliz
219541,8223013,gueliz
219542,8223014,gueliz
219543,8223015,lekrimat
219544,8223016,gueliz
219545,8223025,masmoudi
219547,8223034,oasis
219548,8223036,hay targa
219549,8223044,marjane
219553,8223078,rmilat
219556,8223117,berrima
219557,8223143,centre
219558,8223165,sania
219561,8223183,route amizmiz
219562,8223213,ain sebaa
219566,8223258,gueliz
219568,8223270,route de l ourika
219571,8223290,les princesses
219575,8223353,al farah dar essalam
219579,8223394,route de ouarzazate
219580,8223399,gueliz
219584,8223438,route de fez
219585,8223447,hay mabrouka
219586,8223451,agdal
219588,8223474,bernoussi
219590,8223494,route de l ourika
219592,8223505,route de l ourika
219593,8223532,riviera
219594,8223536,anfa superieur
219595,8223550,ferme bretonne hay arraha
219597,8223568,sidi ben slimane el jazouli
219598,8223575,kennaria
219600,8223578,oasis
219601,8223583,ferme bretonne hay arraha
219602,8223584,sidi moumen
219603,8223585,bourgogne est
219610,8223655,ennakhil palmeraie
219611,8223673,manar
219612,8223700,kaa el machraa
219613,8223703,racine
219614,8223707,essebtiyen
219615,8223718,roches noires
219618,8223739,riad zitoun
219620,8223743,les hopitaux
219621,8223751,hay hassani
219622,8223772,les cretes
219623,8223779,anfa
219624,8223781,californie
219625,8223786,gueliz
219627,8223791,malabata
219628,8223802,azli
219629,8223841,souissi
219630,8223854,route de ouarzazate
219631,8223861,zone industrielle mghogha
219632,8223863,lissasfa
219633,8223880,souissi
219636,8223892,jirrari
219645,8223926,malabata
219646,8223932,malabata
219647,8223933,branes kdima
219648,8223935,malabata
219649,8223936,beaus c3 a9jour
219650,8223938,malabata
219652,8223942,malabata
219654,8223957,malabata
219655,8223960,malabata
219656,8223963,malabata
219657,8223964,malabata
219658,8223976,oasis sud
219661,8223986,zone industrielle
219662,8223987,gueliz
219663,8223988,souissi
219664,8223992,marjane
219669,8224026,val fleury
219674,8224075,gauthier
219675,8224082,gueliz
219677,8224103,tanja balia
219679,8224114,marrakech
219681,8224122,route de fez
219682,8224147,nassim 1
219683,8224152,sidi bou amar
219685,8224178,ain diab
219687,8224191,sidi bou amar
219689,8224213,agdal
219691,8224227,arset el maach
219692,8224234,ferme bretonne hay arraha
219693,8224238,les princesses
219694,8224240,route de safi
219696,8224247,plateau al batha
219697,8224251,racine
219699,8224260,route casablanca
219702,8224279,route de fez
219704,8224288,hay lmkansa
219705,8224298,maarif extension
219706,8224320,hay albaraka
219708,8224331,tacharouk hay al walaa
219710,8224339,malabata
219713,8224355,manar
219714,8224363,manar
219716,8224375,aviation mabella
219718,8224401,racine
219719,8224428,californie
219720,8224440,route de l ourika
219722,8224444,route de l ourika
219723,8224462,derb chtouka
219725,8224476,hay chrifa
219726,8224505,riad zitoun
219727,8224514,route amizmiz
219728,8224515,les hopitaux
219729,8224525,agdal
219730,8224529,kennaria
219732,8224544,hay targa
219736,8224588,polo
219738,8224593,californie
219740,8224596,tanja balia
219741,8224605,tanja balia
219744,8224665,triangle d or
219745,8224705,route de safi
219746,8224737,kaat ben nahid
219748,8224744,agdal
219750,8224768,iberie
219751,8224770,ain diab
219753,8224779,ennakhil palmeraie
219755,8224791,hivernage
219757,8224798,rahba kedima
219758,8224836,agdal
219759,8224843,route amizmiz
219760,8224864,tanja balia
219762,8224893,hivernage
219763,8224894,californie
219764,8224896,bourgogne ouest
219765,8224899,bourgogne est
219767,8224916,gueliz
219769,8224925,el moukef
219771,8224937,sidi othmane
219772,8224960,mghogha
219773,8224966,tanja balia
219774,8224977,malabata
219775,8224985,malabata
219776,8225011,agdal
219777,8225025,gueliz
219778,8225031,mers sultan
219783,8225112,tanja balia
219784,8225123,route amizmiz
219785,8225132,agdal
219790,8225155,tanja balia
219791,8225176,bourgogne ouest
219795,8225267,beni touzine
219796,8225294,medina
219797,8225314,achakar
219798,8225344,ben saleh
219799,8225350,ben saleh
219800,8225354,souissi
219801,8225357,sidi bou amar
219802,8225371,tanja balia
219803,8225380,tanja balia
219804,8225386,californie
219805,8225388,route de fez
219806,8225396,nassim 2
219807,8225415,ahl loghlam hay assalam
219808,8225425,gueliz
219811,8225435,assouel
219812,8225437,kaat ben nahid
219813,8225443,maarif
219816,8225464,ain sebaa
219817,8225475,hay mabrouka
219819,8225486,route de tahanaout
219821,8225509,ain sebaa
219822,8225527,sidi mansour
219824,8225542,moulay youssef
219826,8225552,ziaten
219827,8225563,oulfa
219828,8225592,la gironde
219829,8225610,sidi mansour
219838,8225654,plateau al batha
219839,8225658,route de l ourika
219840,8225682,tanja balia
219841,8225683,tanja balia
219842,8225684,tanja balia
219845,8225707,gueliz
219846,8225711,route casablanca
219847,8225727,centre
219848,8225729,agdal
219849,8225765,malabata
219850,8225774,agdal
219851,8225783,souissi
219853,8225802,souissi
219854,8225807,maarif extension
219855,8225811,ennakhil palmeraie
219857,8225815,souissi
219858,8225829,gauthier
219861,8225855,quartier des ambassades
219862,8225863,souissi
219863,8225866,malabata
219864,8225868,val fleury
219865,8225883,tanja balia
219866,8225923,hay hassani
219868,8225952,route casablanca
219869,8225988,route de l ourika
219870,8225989,gueliz
219875,8226024,route de l ourika
219876,8226025,castilla
219878,8226078,malabata
219879,8226080,ouasis
219883,8226097,gueliz
219884,8226101,ferme bretonne hay arraha
219885,8226124,les princesses
219886,8226166,hay al fath
219888,8226177,riad zitoun
219889,8226187,majorelle
219890,8226194,centre
219891,8226203,sidi moumen
219892,8226205,hivernage
219893,8226214,agdal
219895,8226216,gueliz
219898,8226230,route d agadir essaouira
219907,8226320,ain sebaa
219908,8226335,racine
219910,8226342,hay tarik
219912,8226402,bella vista
219913,8226433,gueliz
219915,8226438,route de l ourika
219916,8226441,sidi belyout
219917,8226442,cil hay salam
219919,8226445,ain diab extension
219922,8226455,gueliz
219923,8226460,nassim 1
219924,8226465,alsace lorraine
219925,8226469,burger
219927,8226526,bourgogne ouest
219928,8226536,route de l ourika
219931,8226552,habbous
219933,8226569,route casablanca
219934,8226573,ennakhil palmeraie
219935,8226592,ain sebaa
219938,8226660,almaz
219940,8226671,zone industrielle moulay rachid
219943,8226680,la gironde
219945,8226694,gueliz
219946,8226710,a c3 afn seba c3 a2
219947,8226722,oasis
219949,8226736,hay hassani
219950,8226746,route amizmiz
219952,8226763,de la plage
219953,8226764,derb ghalef
219955,8226775,hay nahda
219956,8226777,star hill
219957,8226786,el hara
219958,8226809,massira 1
219959,8226814,jbel kbir
219961,8226817,agdal
219962,8226830,ennakhil palmeraie
219967,8226888,agdal
219969,8226893,la gironde
219970,8226907,route de l ourika
219971,8226908,route de l ourika
219972,8226909,route de l ourika
219973,8226910,route de l ourika
219974,8226911,route de l ourika
219975,8226914,gueliz
219977,8226918,bouaakkaz
219980,8226923,route amizmiz
219981,8226932,gauthier
219986,8226983,bernoussi
219987,8226994,marrakech
219988,8227014,route amizmiz
219990,8227027,agdal
219992,8227049,route de l ourika
219993,8227050,route de l ourika
219994,8227051,route de l ourika
219995,8227052,route de l ourika
219996,8227053,route de l ourika
219997,8227054,route de l ourika
219998,8227055,route de l ourika
219999,8227056,route de l ourika
220000,8227057,route de l ourika
220001,8227058,route de l ourika
220002,8227059,route de l ourika
220003,8227060,route de l ourika
220004,8227061,route de l ourika
220005,8227062,route de l ourika
220006,8227063,ferme bretonne hay arraha
220007,8227064,route de l ourika
220008,8227065,route de l ourika
220009,8227066,route de l ourika
220010,8227067,route de l ourika
220011,8227072,gueliz
220012,8227073,gueliz
220014,8227096,sidi bou amar
220016,8227117,ennakhil palmeraie
220017,8227119,route amizmiz
220018,8227120,boulevard med 6
220020,8227155,hivernage
220024,8227192,roches noires
220026,8227235,ain diab
220027,8227241,tanger city center
220030,8227270,agdal
220031,8227274,laymoune
220032,8227277,gueliz
220033,8227286,gueliz
220034,8227305,agdal
220035,8227306,gueliz
220037,8227319,boulevard med 6
220038,8227336,diour jamaa
220039,8227345,el youssoufia
220040,8227354,quartier des ambassades
220041,8227368,beni makada lakdima
220042,8227372,californie
220046,8227400,maarif
220048,8227405,gueliz
220049,8227420,gueliz
220050,8227425,centre
220051,8227426,quartier des ambassades
220052,8227430,casablanca marina
220054,8227448,hivernage
220057,8227471,plateau al batha
220058,8227479,bab ghmat
220059,8227494,route de fez
220060,8227511,agdal
220061,8227516,casablanca finance city
220062,8227555,racine
220063,8227557,castilla
220064,8227573,bab aylan
220065,8227578,hay moulay abdellah
220066,8227599,riad al atlas
220067,8227609,route amizmiz
220068,8227626,marrakech
220069,8227649,hay alfadl
220070,8227654,sidi mimoun
220074,8227696,quartier des ambassades
220075,8227705,route de l ourika
220076,8227712,riad al atlas
220078,8227724,hay targa
220080,8227729,marjane
220081,8227745,medina
220086,8227776,oasis sud
220088,8227782,les hopitaux
220089,8227788,branes kdima
220090,8227796,racine
220091,8227810,ziaten
220092,8227829,ziaten
220093,8227839,medina
220094,8227845,azli
220095,8227853,centre
220097,8227872,ahlane
220098,8227886,malabata
220099,8227892,manar
220100,8227902,bouaakkaz
220101,8227903,bouaakkaz
220102,8227904,bouaakkaz
220103,8227905,bouaakkaz
220106,8227914,mers sultan
220108,8227971,derb espagnol
220109,8227972,hay hassani
220110,8227996,marjane
220112,8228016,manar
220115,8228068,jawhar
220117,8228104,riyad
220118,8228107,laymoune
220122,8228158,azli
220123,8228160,massira 2
220124,8228163,sanaoubar
220126,8228167,californie
220127,8228168,mhamid
220128,8228169,gauthier
220130,8228261,gueliz
220133,8228293,derb ghalef
220135,8228305,bourgogne ouest
220136,8228309,maarif extension
220138,8228369,boulevard med 6
220142,8228414,route de tahanaout
220144,8228428,gueliz
220149,8228490,racine
220151,8228511,medina
220152,8228513,hivernage
220153,8228518,hivernage
220155,8228520,medina
220156,8228538,nassim 1
220157,8228555,gueliz
220158,8228556,gueliz
220161,8228583,hay nahda
220162,8228599,ferme bretonne hay arraha
220165,8228611,racine extension
220168,8228645,sidi bou amar
220169,8228650,ksibat nhas
220171,8228655,agdal
220173,8228665,agdal
220177,8228743,route casablanca
220178,8228746,route de ouarzazate
220180,8228773,les portes de marrakech
220181,8228786,mers sultan
220182,8228801,bourgogne est
220183,8228806,haut agdal
220184,8228812,samlalia
220185,8228827,route nationale assilah n1
220187,8228851,boulevard med 6
220188,8228866,beausejour
220189,8228881,ain chock
220191,8228906,haut agdal
220192,8228907,rmilat
220193,8228926,californie
220194,8228930,tanja balia
220197,8228973,kennaria
220198,8228974,hivernage
220199,8228983,sidi mimoun
220200,8228992,drissia
220201,8229018,arset ben chebli
220203,8229035,gueliz
220204,8229039,route de l ourika
220206,8229057,riyad
220207,8229060,agdal
220208,8229073,route de l ourika
220209,8229078,route de tahanaout
220210,8229098,hay albaraka
220212,8229117,agdal
220213,8229119,zaouiat lahdar
220214,8229125,lissasfa
220215,8229177,hay targa
220220,8229223,amelkis
220222,8229237,route de safi
220223,8229239,azli
220225,8229254,roches noires
220227,8229276,hay targa
220228,8229286,bourgogne ouest
220231,8229333,hay mohammadi
220232,8229344,ain sebaa
220239,8229381,sidi bou amar
220241,8229430,californie
220244,8229485,riyad
220246,8229622,centre ville
220247,8229626,cil hay salam
220248,8229636,souissi
220249,8229637,gueliz
220254,8229702,route de l ourika
220255,8229713,sidi bou amar
220258,8229764,beausejour
220259,8229776,bourgogne est
220261,8229789,daoudiat
220262,8229790,anfa
220263,8229805,ain diab
220264,8229821,hay targa
220265,8229828,bel air val fleuri
220266,8229839,malabata
220268,8229854,route de fez
220269,8229855,gauthier
220271,8229889,souissi
220275,8229923,gueliz
220276,8229929,malabata
220281,8229953,route de l ourika
220282,8229968,tanja balia
220285,8230001,sidi ben slimane el jazouli
220286,8230010,ksibat nhas
220289,8230037,mghogha
220290,8230039,tanja balia
220291,8230053,agdal
220294,8230073,tanja balia
220295,8230086,tanja balia
220296,8230091,ben saleh
220297,8230096,assouel
220301,8230149,route de tahanaout
220302,8230155,bourgogne ouest
220304,8230158,arset el maach
220305,8230160,route de safi
220306,8230171,amelkis
220308,8230188,amelkis
220310,8230233,route de fez
220311,8230245,hivernage
220312,8230247,salmia 1
220317,8230292,longchamps hay al hanaa
220318,8230298,tanja balia
220319,8230303,sidi mimoun
220320,8230304,route casablanca
220324,8230341,les hopitaux
220325,8230346,de la plage
220328,8230361,agdal
220333,8230376,sidi belyout
220334,8230378,palmier
220335,8230380,bourgogne ouest
220336,8230397,malabata
220337,8230403,marjane
220340,8230433,ouasis
220342,8230445,tanja balia
220344,8230453,les princesses
220345,8230457,belvedere
220346,8230458,malabata
220347,8230466,branes 2
220349,8230473,route amizmiz
220350,8230475,route amizmiz
220351,8230476,route amizmiz
220352,8230477,route amizmiz
220353,8230478,route amizmiz
220354,8230479,route amizmiz
220355,8230480,route amizmiz
220356,8230481,route amizmiz
220357,8230482,route amizmiz
220358,8230485,riad zitoun
220359,8230492,riyad
220362,8230541,hay targa
220363,8230554,les princesses
220365,8230558,agdal
220369,8230597,samlalia
220370,8230617,marjane
220371,8230619,iberie
220372,8230638,centre
220373,8230646,bab aylan
220374,8230649,ain chock
220375,8230659,agdal
220376,8230672,californie
220379,8230709,route de l ourika
220381,8230729,ain diab extension
220382,8230735,moulay lyazid
220383,8230738,ain diab extension
220384,8230739,ain diab extension
220385,8230740,ain diab extension
220386,8230741,ain diab extension
220387,8230742,ain diab extension
220388,8230743,ain diab extension
220389,8230745,ain diab extension
220390,8230746,ain diab extension
220391,8230747,ain diab extension
220392,8230755,bab aylan
220393,8230766,tanger city center
220394,8230785,oulfa
220395,8230802,hivernage
220396,8230806,centre
220397,8230830,route casablanca
220398,8230838,sidi bou amar
220402,8230928,beausejour
220403,8230946,ain diab
220406,8230959,sidi moumen
220407,8230972,marrakech
220410,8231008,boukhalef
220411,8231033,route de l ourika
220414,8231044,maarif extension
220416,8231092,tanger city center
220418,8231103,palmier
220419,8231109,californie
220420,8231110,tanja balia
220421,8231135,tanja balia
220422,8231137,majorelle
220424,8231152,aviation mabella
220425,8231178,route casablanca
220426,8231183,riyad
220427,8231190,route casablanca
220428,8231217,triangle d or
220430,8231227,malabata
220434,8231264,tanja balia
220435,8231268,boukhalef
220436,8231270,hay targa
220437,8231275,gueliz
220438,8231296,moulay lyazid
220440,8231307,tanger city center
220441,8231311,val fleury
220442,8231330,salmia 2
220443,8231342,assouel
220444,8231373,casablanca marina
220445,8231376,hay adil
220447,8231386,hay targa
220448,8231389,casablanca marina
220449,8231407,de la plage
220450,8231413,bab aylan
220451,8231436,centre
220454,8231480,agdal
220455,8231493,les princesses
220456,8231499,riyad
220458,8231512,tanja balia
220459,8231530,racine
220462,8231592,sania
220463,8231598,malabata
220464,8231600,gauthier
220465,8231601,palmier
220467,8231629,hivernage
220468,8231641,californie
220470,8231666,marjane
220471,8231669,agdal
220473,8231699,daoudiat
220474,8231709,route de l ourika
220475,8231719,mozart
220476,8231720,californie
220477,8231721,les portes de marrakech
220478,8231738,mesnana
220479,8231742,gueliz
220481,8231755,route amizmiz
220484,8231765,route de fez
220486,8231776,maarif extension
220487,8231781,route de l ourika
220488,8231783,les hopitaux
220490,8231790,route de fez
220491,8231793,amerchich
220492,8231798,route amizmiz
220493,8231802,issil
220495,8231808,route de fez
220497,8231830,longchamps hay al hanaa
220501,8231859,centre
220503,8231875,sidi maarouf
220504,8231876,samlalia
220505,8231889,tanger city center
220508,8231914,hay targa
220510,8231922,route casablanca
220512,8231930,souissi
220514,8231954,marjane
220515,8231960,rmila
220516,8231967,tanja balia
220517,8231968,polo
220519,8232028,derb chtouka
220520,8232045,gueliz
220522,8232060,racine
220523,8232062,gueliz
220524,8232065,hay hassani
220526,8232070,oasis
220529,8232075,centre
220530,8232086,charf
220532,8232093,centre
220533,8232101,tanja balia
220534,8232106,gueliz
220536,8232155,beausejour
220537,8232171,californie
220541,8232179,route de fez
220542,8232194,route amizmiz
220544,8232206,maarif extension
220545,8232225,route de l ourika
220546,8232229,hivernage
220549,8232274,sidi bou amar
220550,8232275,racine
220551,8232279,mers sultan
220552,8232282,gueliz
220553,8232304,les hopitaux
220555,8232306,maarif extension
220558,8232336,hay el boughaz
220562,8232396,ain diab
220564,8232409,malabata
220565,8232410,samlalia
220566,8232411,plateau al batha
220569,8232424,hay targa
220570,8232427,mers sultan
220571,8232429,hay targa
220574,8232462,casablanca marina
220575,8232463,boukhalef
220576,8232465,palmier
220577,8232468,hivernage
220578,8232471,jamila 3
220580,8232483,bourgogne ouest
220581,8232490,maarif extension
220583,8232507,souissi
220584,8232520,rmila
220585,8232525,palmier
220587,8232530,ain diab extension
220588,8232542,achakar
220589,8232550,ziaten
220590,8232551,route de safi
220591,8232555,agdal
220592,8232581,el youssoufia
220596,8232625,route de tahanaout
220598,8232669,les princesses
220599,8232672,route de safi
220601,8232677,bouaakkaz
220602,8232680,centre
220605,8232702,tantonville
220606,8232707,oulfa
220607,8232709,burger
220609,8232736,de la plage
220611,8232741,michouar
220612,8232751,cil hay salam
220613,8232758,bourgogne est
220614,8232759,les portes de marrakech
220615,8232767,souissi
220616,8232771,mediouna
220617,8232774,californie
220619,8232800,tanger city center
220622,8232866,gueliz
220624,8232873,marrakech
220625,8232889,achakar
220626,8232892,hay targa
220627,8232894,hivernage
220629,8232923,marrakech
220630,8232949,bir chairi
220632,8232979,boulevard med 6
220634,8232987,rmila
220638,8233006,moulay youssef
220640,8233019,sidi maarouf
220643,8233038,oasis
220644,8233041,majorelle
220645,8233046,ben saleh
220646,8233074,gueliz
220649,8233101,agdal
220653,8233147,branes 1
220656,8233170,ain sebaa
220657,8233173,souissi
220658,8233184,val fleury
220659,8233186,polo
220660,8233209,route de l ourika
220666,8233258,ksibat nhas
220667,8233270,route casablanca
220669,8233330,riyad
220670,8233340,guich oudaya
220673,8233354,oulfa
220674,8233357,marjane
220678,8233382,agdal
220679,8233387,hay targa
220681,8233429,route amizmiz
220685,8233453,majorelle
220686,8233454,hay ach chbanat
220689,8233477,racine
220690,8233501,issil
220691,8233528,ferme bretonne hay arraha
220692,8233562,gueliz
220693,8233575,gueliz
220694,8233584,hay moulay rachid 6
220695,8233586,ain chock
220696,8233593,sidi mimoun
220697,8233597,hay moulay abdellah
220698,8233600,salmia 2
220705,8233659,ksibat nhas
220708,8233709,gueliz
220710,8233720,maarif extension
220711,8233731,laymoune
220712,8233746,al mandar al jamil
220714,8233772,al qods
220715,8233777,centre
220716,8233782,al mandar al jamil
220717,8233783,triangle d or
220718,8233802,hay zobir
220720,8233811,racine
220721,8233821,les rosiers
220722,8233824,cil hay salam
220725,8233850,habbous
220726,8233859,belvedere
220727,8233866,triangle d or
220728,8233868,belvedere
220729,8233869,gueliz
220731,8233872,oasis
220732,8233875,route amizmiz
220733,8233876,route amizmiz
220734,8233881,belvedere
220735,8233887,belvedere
220736,8233888,hay targa
220737,8233893,belvedere
220738,8233898,belvedere
220739,8233905,belvedere
220740,8233907,hanaa 2
220742,8233912,ziaten
220743,8233915,belvedere
220744,8233920,malabata
220745,8233932,camp al ghoul
220746,8233939,belvedere
220748,8233943,ziaten
220749,8233945,bourgogne est
220750,8233946,belvedere
220751,8233947,ziaten
220752,8233962,californie
220753,8233976,bourgogne est
220755,8233986,hay zobir
220756,8233995,samlalia
220757,8233997,arset el maach
220758,8234009,californie
220762,8234042,hay targa
220764,8234086,bourgogne ouest
220766,8234094,anfa
220767,8234124,belvedere
220770,8234130,casabarata
220771,8234132,sidi moumen
220773,8234166,ben saleh
220774,8234176,gueliz
220775,8234177,californie
220776,8234193,maarif extension
220777,8234213,laymoune
220778,8234225,route de tahanaout
220779,8234226,gueliz
220780,8234229,gueliz
220781,8234235,route de tahanaout
220782,8234242,aviation mabella
220784,8234277,ben saleh
220785,8234280,gueliz
220786,8234284,route de l ourika
220787,8234286,massira 1
220791,8234327,agdal
220792,8234329,samlalia
220795,8234352,racine
220796,8234355,racine
220797,8234371,riad al atlas
220799,8234420,souissi
220800,8234424,souissi
220802,8234430,jamila 7
220813,8234455,racine
220814,8234461,guich oudaya
220816,8234467,malabata
220817,8234469,ziaten
220818,8234471,belvedere
220819,8234479,belvedere
220820,8234491,belvedere
220821,8234508,gueliz
220823,8234555,riyad
220824,8234558,gueliz
220825,8234567,mers sultan
220826,8234574,sanaoubar
220828,8234581,beaus c3 a9jour
220829,8234582,bourgogne ouest
220830,8234583,riyad
220832,8234599,sidi bou amar
220833,8234600,al qods
220834,8234633,administratif
220835,8234636,ahl loghlam hay assalam
220836,8234643,oasis
220837,8234644,oasis
220838,8234645,oasis
220839,8234646,oasis
220840,8234647,oasis
220841,8234648,oasis
220842,8234649,oasis
220843,8234658,du golf
220844,8234671,ksibat nhas
220846,8234695,malabata
220849,8234712,gueliz
220850,8234716,route casablanca
220851,8234733,gueliz
220854,8234751,gueliz
220857,8234772,hay targa
220858,8234777,gueliz
220862,8234861,sania
220863,8234866,beausejour
220865,8234883,gauthier
220867,8234900,les orangers
220868,8234901,hay targa
220870,8234915,de la plage
220871,8234921,al madina aljadida
220872,8234929,bab ghmat
220875,8234951,triangle d or
220876,8234956,racine
220877,8234966,souani
220878,8234973,marchan
220879,8234977,casablanca finance city
220880,8234987,maarif
220881,8234988,mandarona
220884,8235040,sidi maarouf
220885,8235049,gueliz
220887,8235071,kebibat
220888,8235072,palmier
220890,8235085,bourgogne est
220891,8235086,ferme bretonne hay arraha
220892,8235092,beausejour
220893,8235118,marrakech
220894,8235125,route casablanca
220895,8235146,belvedere
220896,8235148,belvedere
220897,8235151,ain diab extension
220899,8235185,gauthier
220900,8235203,les princesses
220901,8235207,jamila 5
220903,8235214,sidi maarouf
220904,8235225,les hopitaux
220905,8235229,anfa
220906,8235230,ain chock
220908,8235234,ain diab
220909,8235236,hay al amal
220910,8235288,route de l ourika
220911,8235294,hay ach chbanat
220916,8235315,souissi
220918,8235332,sidi bou amar
220920,8235352,agdal
220921,8235357,route de l ourika
220922,8235358,maarif
220923,8235376,camp al ghoul
220926,8235402,agdal
220927,8235403,route de l ourika
220928,8235406,ain mezouar
220929,8235424,administratif
220930,8235427,hivernage
220932,8235439,gueliz
220933,8235457,ennakhil palmeraie
220934,8235465,agdal
220936,8235471,kaa el machraa
220937,8235472,route de l ourika
220938,8235474,essebtiyen
220940,8235487,route de l ourika
220942,8235494,maarif extension
220943,8235504,tanja balia
220944,8235521,malabata
220947,8235541,achakar
220948,8235548,tanja balia
220949,8235549,ain diab extension
220951,8235564,star hill
220953,8235568,les portes de marrakech
220954,8235571,ben saleh
220959,8235655,hay nahda
220960,8235671,gueliz
220962,8235677,ennakhil palmeraie
220963,8235678,hivernage
220964,8235697,diour jamaa
220965,8235698,el manar el hank
220969,8235721,hay mabrouka
220971,8235730,gauthier
220972,8235754,beausejour
220973,8235763,jamila 5
220974,8235776,racine
220976,8235793,hay targa
220978,8235829,hivernage
220979,8235845,route de ouarzazate
220982,8235887,palmier
220987,8235936,triangle d or
220988,8235938,marchan
220989,8235947,centre
220990,8235949,hivernage
220993,8235958,ain mezouar
220995,8235963,belvedere
220997,8235972,msala
220999,8235982,gueliz
221000,8235988,route de l ourika
221003,8236032,bab ghmat
221004,8236044,maarif extension
221006,8236048,gueliz
221009,8236071,de la plage
221015,8236095,route de l ourika
221017,8236107,gueliz
221018,8236108,gueliz
221021,8236136,ain diab extension
221022,8236137,ain diab extension
221023,8236138,ain diab extension
221024,8236139,ain diab extension
221025,8236140,ain diab extension
221026,8236141,ain diab extension
221027,8236142,ain diab extension
221028,8236143,ain diab extension
221030,8236160,belvedere
221033,8236169,belvedere
221034,8236175,belvedere
221035,8236182,ain diab extension
221036,8236183,ain diab extension
221037,8236190,gueliz
221038,8236202,belvedere
221039,8236209,belvedere
221041,8236218,belvedere
221042,8236220,belvedere
221043,8236224,belvedere
221045,8236268,msala
221046,8236291,anfa
221047,8236298,hassan centre ville
221048,8236304,racine
221052,8236354,ennakhil palmeraie
221053,8236376,route de safi
221054,8236388,souissi
221056,8236400,oasis
221059,8236404,gauthier
221060,8236413,gauthier
221064,8236434,casablanca finance city
221067,8236444,mandarona
221069,8236484,ain diab
221072,8236513,centre
221073,8236523,les princesses
221076,8236546,cil hay salam
221077,8236558,route casablanca
221078,8236562,agdal
221079,8236569,route casablanca
221080,8236578,californie
221081,8236586,al mandar al jamil
221082,8236592,route casablanca
221084,8236598,route casablanca
221085,8236609,hivernage
221086,8236612,ennakhil palmeraie
221089,8236634,les princesses
221090,8236649,belbekkar
221102,8236708,bab ghmat
221103,8236720,souissi
221104,8236723,racine
221107,8236746,hivernage
221108,8236755,route amizmiz
221112,8236783,riyad
221113,8236787,medina
221114,8236793,centre
221115,8236826,route de fez
221117,8236862,oulfa
221118,8236865,oasis
221119,8236884,moulay lyazid
221120,8236894,nassim 2
221122,8236901,route de ouarzazate
221125,8236917,la gironde
221126,8236918,hay m barka
221127,8236927,riyad
221128,8236936,bel air val fleuri
221129,8236937,mesnana
221133,8236968,mouassine
221134,8236997,ain diab extension
221137,8237019,moujahidine
221139,8237056,moujahidine
221143,8237088,gauthier
221145,8237092,marrakech
221146,8237093,route de ouarzazate
221148,8237136,mandarona
221152,8237165,hay targa
221153,8237176,route de tahanaout
221156,8237219,ain chock
221157,8237220,sidi ben slimane el jazouli
221158,8237223,ain sebaa
221159,8237231,val fleury
221160,8237234,malabata
221172,8237307,arset el maach
221173,8237312,administratif
221176,8237351,jnan ben chagra
221178,8237375,route de l ourika
221179,8237388,sidi ben slimane el jazouli
221182,8237418,palmier
221184,8237428,gueliz
221186,8237434,belvedere
221189,8237496,gueliz
221190,8237500,gueliz
221191,8237511,gueliz
221192,8237513,racine
221195,8237533,amelkis
221196,8237548,route de ouarzazate
221199,8237564,sidi maarouf
221202,8237593,gueliz
221203,8237605,oasis
221205,8237608,route de l ourika
221207,8237623,belvedere
221210,8237670,branes 1
221211,8237672,polo
221213,8237688,ain diab extension
221215,8237702,quartier bachkou
221216,8237703,bab ghmat
221220,8237726,al azhar
221221,8237764,quartier bachkou
221223,8237773,quartier des ambassades
221224,8237779,maarif extension
221227,8237802,ain sebaa
221229,8237814,bab lhmar
221230,8237820,anfa superieur
221231,8237827,ain diab
221232,8237834,hay arsalan
221233,8237840,aouama gharbia
221235,8237854,route de tahanaout
221237,8237862,route amizmiz
221239,8237890,souissi
221242,8237901,sidi bou amar
221244,8237945,racine
221245,8237950,centre
221246,8237951,ennakhil palmeraie
221247,8237957,gueliz
221248,8237962,polo
221249,8237970,route de l ourika
221251,8237983,centre
221253,8237992,riyad
221254,8238003,de la plage
221255,8238015,de la plage
221257,8238031,bab aylan
221261,8238072,ain diab extension
221262,8238099,palmier
221263,8238101,centre
221264,8238110,route de safi
221265,8238111,oasis
221267,8238124,de la plage
221268,8238153,gueliz
221271,8238186,gueliz
221272,8238190,agdal
221273,8238192,marjane
221276,8238219,essebtiyen
221277,8238221,almaz
221278,8238224,iberie
221281,8238237,gueliz
221283,8238241,kbour chou
221287,8238283,boulevard med 6
221288,8238324,gueliz
221289,8238336,route de tahanaout
221290,8238343,centre
221291,8238351,route de l ourika
221292,8238367,amelkis
221293,8238370,sidi ben slimane el jazouli
221294,8238376,bab lhmar
221297,8238402,al qods
221298,8238404,lissasfa
221299,8238410,nassim 1
221300,8238427,sania
221301,8238439,ferme bretonne hay arraha
221302,8238448,sania
221303,8238449,route de l ourika
221306,8238462,hay mabrouka
221308,8238501,hay hassani
221309,8238502,moujahidine
221310,8238503,almaz
221313,8238512,route de l ourika
221314,8238514,mandarona
221316,8238518,hivernage
221317,8238525,oulfa
221319,8238568,riad al atlas
221322,8238625,route de l ourika
221323,8238637,azzouzia
221324,8238643,riyad
221325,8238654,gueliz
221326,8238672,maarif extension
221327,8238684,sidi mansour
221328,8238688,franceville
221329,8238690,mouassine
221332,8238710,route de fez
221334,8238713,ksibat nhas
221335,8238715,californie
221336,8238718,ain diab
221337,8238727,ferme bretonne hay arraha
221338,8238728,les princesses
221339,8238742,mhamid
221340,8238754,mhamid
221341,8238757,diour jamaa
221342,8238764,hay targa
221343,8238778,branes 2
221344,8238781,artisanat
221345,8238784,route amizmiz
221346,8238789,al irfane
221347,8238790,riyad
221348,8238803,benjdia
221349,8238804,californie
221350,8238806,ain diab extension
221351,8238812,camp al ghoul
221354,8238835,al qods
221355,8238841,racine extension
221356,8238843,kebibat
221357,8238858,rmilat
221358,8238860,les princesses
221359,8238874,boukhalef
221360,8238882,hivernage
221361,8238884,kebibat
221362,8238889,boulevard med 6
221367,8238919,tanger city center
221368,8238921,gueliz
221370,8238945,triangle d or
221371,8238946,rmilat
221373,8238965,route casablanca
221374,8238966,les princesses
221375,8238968,izdihar
221376,8238979,ferme bretonne hay arraha
221377,8238986,boukhalef
221378,8238991,californie
221379,8238993,arset ihiri
221380,8238995,mhamid
221381,8238999,mers sultan
221385,8239039,route amizmiz
221386,8239043,nassim 1
221387,8239077,racine extension
221388,8239093,racine
221389,8239110,racine
221393,8239152,anfa
221395,8239175,marjane
221397,8239194,ennakhil palmeraie
221398,8239220,belvedere
221400,8239241,hay targa
221401,8239262,l ocean
221402,8239263,el haj el mokhtar
221405,8239291,souissi
221406,8239298,gueliz
221407,8239313,gueliz
221408,8239333,centre
221410,8239354,ain diab
221414,8239370,casablanca marina
221416,8239377,gueliz
221419,8239395,les hopitaux
221420,8239400,ferme bretonne hay arraha
221421,8239410,hermitage
221424,8239425,californie
221425,8239438,plateau al batha
221426,8239443,el mrabet
221428,8239491,agdal
221429,8239492,val fleury
221430,8239493,hay targa
221431,8239494,oulfa
221432,8239497,riyad
221434,8239506,ain diab
221435,8239513,riyad
221436,8239519,majorelle
221437,8239520,route de l ourika
221439,8239553,centre
221440,8239554,route de tahanaout
221442,8239591,gueliz
221443,8239595,al hadika
221445,8239639,majorelle
221447,8239673,targa
221448,8239679,racine
221450,8239688,gueliz
221453,8239727,maarif
221454,8239730,route de l ourika
221455,8239745,mers sultan
221456,8239761,sidi ben slimane el jazouli
221457,8239765,gauthier
221459,8239792,route de ouarzazate
221460,8239800,route de fez
221462,8239837,casabarata
221463,8239842,route de fez
221465,8239855,agdal
221467,8239872,jbel kbir
221468,8239887,assif
221470,8239896,maarif
221471,8239897,souissi
221472,8239899,gueliz
221473,8239906,ain diab
221474,8239911,moulay youssef
221475,8239917,route de ouarzazate
221478,8239931,triangle d or
221481,8239946,californie
221484,8239967,gueliz
221485,8239968,gueliz
221486,8239969,gueliz
221487,8239970,gueliz
221488,8239971,gueliz
221492,8240010,gueliz
221493,8240016,achakar
221494,8240020,riviera
221495,8240021,route de l ourika
221496,8240022,hivernage
221497,8240028,ennakhil palmeraie
221498,8240042,californie
221500,8240061,route de tahanaout
221503,8240074,souissi
221506,8240106,cil hay salam
221508,8240130,sidi mansour
221509,8240134,gueliz
221512,8240151,beausejour
221513,8240153,souissi
221515,8240161,oasis
221517,8240170,bourgogne ouest
221519,8240176,zaouia sidi ghalem
221520,8240185,iberie
221525,8240204,maarif
221527,8240218,route de safi
221529,8240223,quartier al woroud
221530,8240235,hivernage
221537,8240303,beausejour
221538,8240327,route amizmiz
221539,8240329,sidi el khadir
221541,8240354,riyad
221542,8240360,maarif extension
221545,8240374,les princesses
221548,8240403,route de ouarzazate
221549,8240405,agdal
221552,8240465,almaz
221554,8240482,gueliz
221555,8240488,ferme bretonne hay arraha
221557,8240507,route de tahanaout
221558,8240511,mghogha
221560,8240516,michouar
221564,8240549,gueliz
221565,8240555,du golf
221566,8240556,sidi rahal
221567,8240566,sidi ben slimane el jazouli
221568,8240571,route de fez
221570,8240600,rmilat
221571,8240607,route de tahanaout
221572,8240640,gueliz
221573,8240641,maarif
221574,8240654,ain diab
221575,8240656,gueliz
221576,8240661,sidi abbad
221579,8240701,centre ville
221580,8240709,gueliz
221583,8240730,bab aylan
221585,8240732,bab lhmar
221586,8240736,camp al ghoul
221587,8240739,burger
221588,8240749,hivernage
221589,8240755,gueliz
221590,8240757,sidi mansour
221591,8240775,centre
221593,8240786,anassi
221594,8240793,hay zitoun
221595,8240801,iberie
221598,8240848,bourgogne ouest
221599,8240850,achakar
221600,8240851,l ocean
221601,8240854,sidi youssef
221604,8240868,route de tahanaout
221605,8240870,mers sultan
221606,8240879,hay al hassani
221607,8240885,souissi
221611,8240959,ferme bretonne hay arraha
221612,8240968,derb chtouka
221613,8240970,route de fez
221615,8240985,bel air val fleuri
221616,8241013,derb milan hay omar bnou alkhattab
221617,8241049,de la plage
221619,8241080,racine
221620,8241087,casablanca marina
221621,8241099,aviation mabella
221623,8241101,palmier
221625,8241113,maarif extension
221626,8241120,les portes de marrakech
221628,8241153,riyad
221630,8241158,riyad
221632,8241162,izdihar
221634,8241172,route de ouarzazate
221635,8241190,ain mezouar
221636,8241194,route casablanca
221637,8241195,route de fez
221641,8241232,route de fez
221643,8241246,gueliz
221644,8241259,medina
221647,8241277,beausite
221651,8241300,route de l ourika
221652,8241309,bab aylan
221653,8241314,route de safi
221654,8241315,bouaakkaz
221655,8241333,californie
221656,8241351,nassim 1
221657,8241355,mandarona
221659,8241371,riyad
221660,8241380,route amizmiz
221663,8241396,agdal
221664,8241407,mesnana
221666,8241469,ahlane
221667,8241482,ferme bretonne hay arraha
221668,8241497,les portes de marrakech
221669,8241518,casablanca finance city
221672,8241538,route d agadir essaouira
221673,8241561,hay targa
221674,8241564,bournazil
221675,8241578,ain diab
221677,8241596,ksibat nhas
221678,8241610,souissi
221679,8241611,zaouia sidi ghalem
221681,8241618,triangle d or
221683,8241639,medina
221685,8241644,kaat ben nahid
221690,8241723,massira 3
221693,8241748,agdal
221695,8241787,route de ouarzazate
221697,8241793,route de l ourika
221698,8241805,bel air val fleuri
221699,8241809,maarif extension
221700,8241815,route de tahanaout
221701,8241823,oasis
221702,8241851,gueliz
221704,8241881,souissi
221705,8241883,gueliz
221714,8241972,rmila
221715,8241973,agdal
221716,8241986,hay alamal
221717,8241989,gueliz
221718,8241998,route de l ourika
221723,8242020,riyad
221724,8242021,de la plage
221725,8242032,riyad
221728,8242040,centre
221729,8242043,hay nahda
221730,8242047,ain diab extension
221733,8242067,centre
221734,8242076,les hopitaux
221735,8242078,ennakhil palmeraie
221739,8242122,rahba kedima
221740,8242128,route de l ourika
221744,8242150,bourgogne ouest
221747,8242154,route de fez
221748,8242158,centre
221749,8242163,gueliz
221750,8242169,route de l ourika
221751,8242174,riad zitoun
221752,8242187,moulay youssef
221753,8242190,hay mabrouka
221754,8242195,hay al hassani
221757,8242204,rmila
221758,8242207,moulay youssef
221760,8242222,racine
221763,8242247,hay mansour
221765,8242252,oulfa
221766,8242255,de la plage
221770,8242292,sidi mansour
221771,8242293,route casablanca
221775,8242370,oulfa
221777,8242379,habbous
221778,8242381,gueliz
221784,8242404,sidi moumen
221785,8242418,beni makada lakdima
221786,8242430,camp al ghoul
221788,8242436,maarif extension
221792,8242449,polo
221797,8242477,californie
221799,8242485,hay yasmina
221800,8242492,val fleury
221801,8242494,val fleury
221803,8242502,racine
221805,8242527,bourgogne est
221806,8242536,roches noires
221807,8242537,route casablanca
221808,8242540,route casablanca
221809,8242541,route casablanca
221810,8242542,route casablanca
221811,8242556,hay targa
221812,8242560,les portes de marrakech
221817,8242607,roches noires
221818,8242609,hay hassani
221819,8242623,route casablanca
221820,8242624,route casablanca
221821,8242625,route casablanca
221822,8242626,route casablanca
221823,8242627,route casablanca
221824,8242628,route casablanca
221825,8242629,route casablanca
221826,8242630,route casablanca
221827,8242631,route casablanca
221828,8242632,route casablanca
221829,8242642,route de l ourika
221831,8242645,agdal
221832,8242651,roches noires
221833,8242656,route de tahanaout
221834,8242660,les hopitaux
221835,8242663,amerchich
221837,8242683,anfa
221838,8242688,bourgogne ouest
221839,8242689,al hadika
221840,8242697,rahba kedima
221841,8242706,route casablanca
221844,8242737,sidi youssef
221848,8242778,gueliz
221849,8242781,rmila
221850,8242783,gueliz
221854,8242809,ennakhil palmeraie
221856,8242832,bourgogne est
221857,8242847,de la plage
221861,8242899,route de tahanaout
221862,8242903,mhamid
221866,8242953,route amizmiz
221867,8242954,oulfa
221868,8242957,agdal
221876,8243028,gueliz
221877,8243035,al hassania
221880,8243059,racine
221882,8243072,aviation mabella
221883,8243088,route casablanca
221886,8243140,souissi
221887,8243164,gauthier
221888,8243166,roches noires
221889,8243170,gueliz
221890,8243171,route de fez
221891,8243172,agdal
221892,8243197,sidi belyout
221893,8243213,casablanca finance city
221895,8243246,laymoune
221896,8243267,nassim 1
221900,8243292,al irfane
221901,8243299,de la plage
221902,8243302,ifriquia
221904,8243306,mers sultan
221905,8243320,val fleury
221908,8243350,maarif
221909,8243351,gueliz
221910,8243354,val fleury
221911,8243357,mandarona
221913,8243361,ain sebaa
221914,8243363,mers sultan
221915,8243371,de la plage
221918,8243384,route amizmiz
221919,8243395,hay moulay rachid 1
221920,8243399,bourgogne ouest
221922,8243406,ain diab
221923,8243411,ennakhil palmeraie
221925,8243417,gauthier
221927,8243432,malabata
221928,8243435,franceville
221930,8243446,tanja balia
221932,8243448,franceville
221935,8243509,tanja balia
221937,8243519,oasis
221941,8243573,tanger city center
221942,8243576,riad zitoun
221945,8243589,hivernage
221947,8243628,ennakhil palmeraie
221948,8243635,lekrimat
221949,8243637,l ocean
221953,8243665,marchan
221954,8243668,medina
221956,8243670,route de fez
221957,8243673,samlalia
221958,8243676,jawhar
221959,8243679,el moukef
221961,8243683,amelkis
221962,8243689,centre ville
221964,8243718,triangle d or
221965,8243730,izdihar
221968,8243767,gueliz
221970,8243796,arset el houta
221971,8243806,quartier des ambassades
221972,8243822,gueliz
221973,8243829,oulfa
221974,8243830,zaouiat lahdar
221976,8243848,route casablanca
221980,8243950,sidi mansour
221981,8243961,assouel
221982,8243969,derb chtouka
221983,8243981,ain diab
221985,8243990,marrakech
221986,8243994,maarif
221987,8244002,les hopitaux
221988,8244004,route de l ourika
221989,8244006,sidi belyout
221992,8244037,route de safi
221996,8244062,hay targa
221997,8244063,ain diab
221999,8244083,agdal
222001,8244101,route de l ourika
222002,8244107,souissi
222004,8244117,achakar
222005,8244119,tanger city center
222006,8244132,gueliz
222008,8244145,agdal
222012,8244170,val fleury
222013,8244171,riyad
222014,8244172,route de ouarzazate
222015,8244176,al qods
222016,8244184,malabata
222020,8244200,les hopitaux
222022,8244212,derb ghalef
222023,8244221,targa
222025,8244238,californie
222028,8244248,hay targa
222030,8244269,arset sbaia
222031,8244291,les princesses
222037,8244377,hivernage
222038,8244388,californie
222039,8244391,route de l ourika
222040,8244392,route de fez
222041,8244407,route casablanca
222043,8244431,salmia 2
222044,8244438,riyad
222045,8244442,agdal
222046,8244451,gueliz
222047,8244463,gauthier
222048,8244483,marjane
222050,8244493,ennakhil palmeraie
222051,8244501,ennasr
222053,8244516,ahlane
222055,8244548,maarif extension
222056,8244557,rahba kedima
222058,8244613,nassim 1
222062,8244631,mediouna
222063,8244634,agdal
222065,8244650,hay yasmina
222066,8244667,ain diab
222067,8244672,sidi youssef
222069,8244689,achakar
222070,8244691,gueliz
222072,8244696,casabarata
222073,8244704,manar
222074,8244716,hivernage
222075,8244720,rahba kedima
222077,8244743,belvedere
222080,8244791,route de tahanaout
222083,8244823,cil hay salam
222084,8244839,marchan
222090,8244936,mhamid
222092,8244976,sidi maarouf
222093,8244979,azib haj kaddour
222097,8245008,mers sultan
222100,8245060,bel air val fleuri
222101,8245080,centre
222102,8245098,route de l ourika
222103,8245099,sidi youssef
222104,8245106,anassi
222105,8245113,gueliz
222107,8245136,aouama gharbia
222111,8245167,belvedere
222112,8245172,ksibat nhas
222114,8245181,route casablanca
222118,8245209,belvedere
222121,8245212,la gironde
222126,8245247,route de tahanaout
222127,8245249,hay targa
222131,8245264,gueliz
222133,8245267,branes 2
222134,8245270,gueliz
222135,8245275,agdal
222139,8245301,les rosiers
222145,8245371,riyad
222149,8245389,riyad
222150,8245390,riyad
222151,8245391,riyad
222152,8245392,agdal
222153,8245394,al qods
222154,8245399,route de l ourika
222155,8245437,racine
222156,8245440,route de ouarzazate
222159,8245464,bernoussi
222162,8245485,maarif
222164,8245490,casablanca finance city
222168,8245518,ahlane
222169,8245521,centre
222170,8245523,gueliz
222171,8245524,riyad
222178,8245590,route de tahanaout
222179,8245625,amelkis
222180,8245659,la gironde
222183,8245666,arset ihiri
222184,8245669,garage allal
222186,8245693,centre
222187,8245703,mhamid
222188,8245715,moulay lyazid
222193,8245822,charf
222195,8245836,administratif
222199,8245873,samlalia
222200,8245881,ain sebaa
222202,8245907,bourgogne est
222204,8245916,gueliz
222205,8245923,franceville
222206,8245925,derb chorfa
222208,8245936,riyad
222213,8245951,route de tahanaout
222214,8245952,samlalia
222218,8245980,aouama gharbia
222222,8246010,arset el houta
222225,8246023,arset el houta
222226,8246029,ain diab
222227,8246045,burger
222228,8246069,sania
222229,8246078,route de tahanaout
222231,8246081,californie
222232,8246083,nassim 2
222233,8246090,route casablanca
222234,8246136,californie
222235,8246155,route casablanca
222236,8246164,jbel kbir
222238,8246168,rmila
222239,8246177,sidi maarouf
222241,8246203,agdal
222242,8246205,moulay lyazid
222243,8246206,route de safi
222245,8246210,cil hay salam
222246,8246212,malabata
222249,8246218,route de tahanaout
222250,8246229,hay mohammadi
222252,8246285,oulfa
222254,8246305,ennakhil palmeraie
222255,8246306,ain chock
222257,8246343,ennakhil palmeraie
222258,8246344,route casablanca
222259,8246356,mhamid
222260,8246367,amelkis
222261,8246381,sidi mimoun
222264,8246433,agdal
222267,8246473,route de l ourika
222268,8246479,agdal
222269,8246493,gueliz
222272,8246519,oulfa
222273,8246523,arset el maach
222275,8246533,gueliz
222278,8246539,californie
222279,8246546,bel air val fleuri
222280,8246551,jawhar
222281,8246552,bourgogne ouest
222282,8246560,malabata
222283,8246561,laymoune
222285,8246581,route de l ourika
222288,8246629,beausite
222289,8246643,route de fez
222290,8246653,moujahidine
222291,8246655,route de fez
222292,8246667,route casablanca
222293,8246669,hay tasahol
222294,8246674,almaz
222297,8246716,ziaten
222298,8246719,route de safi
222299,8246726,bourgogne est
222300,8246731,sania
222301,8246735,route de ouarzazate
222305,8246760,oulfa
222306,8246774,achakar
222307,8246789,route amizmiz
222310,8246819,route de l ourika
222311,8246823,assouel
222312,8246825,route de l ourika
222315,8246848,les princesses
222316,8246860,maarif extension
222317,8246871,marjane
222320,8246910,al qods
222322,8246955,franceville
222323,8246962,route casablanca
222328,8246999,franceville
222329,8247003,ain mezouar
222331,8247012,bourgogne ouest
222333,8247017,arset ihiri
222335,8247039,route de l ourika
222336,8247052,amelkis
222337,8247071,hay targa
222338,8247074,laymoune
222339,8247089,marrakech
222341,8247110,les princesses
222342,8247126,bel air val fleuri
222343,8247142,bourgogne est
222345,8247150,bourgogne ouest
222347,8247160,route de tahanaout
222348,8247174,route de tahanaout
222349,8247187,castilla
222354,8247242,oulfa
222356,8247262,route amizmiz
222358,8247266,boukar
222359,8247270,ain diab
222368,8247326,route casablanca
222369,8247331,tanja balia
222371,8247386,ain chock
222375,8247414,sania
222377,8247438,route casablanca
222382,8247470,sania
222383,8247477,ain mezouar
222384,8247482,malabata
222385,8247483,sania
222387,8247492,bella vista
222390,8247502,mhamid
222391,8247504,sania
222393,8247507,bab ghmat
222394,8247512,gueliz
222395,8247522,al qods
222397,8247539,oulfa
222401,8247557,californie
222403,8247563,maarif extension
222404,8247564,sidi bou amar
222405,8247565,oulfa
222406,8247567,massira 1
222407,8247569,oasis
222408,8247571,derb omar
222409,8247609,michouar
222411,8247614,anassi
222412,8247615,izdihar
222414,8247634,gueliz
222415,8247655,sidi maarouf
222416,8247658,majorelle
222417,8247676,gueliz
222419,8247710,les orangers
222422,8247723,casablanca finance city
222423,8247725,casablanca
222427,8247740,palmier
222428,8247757,al madina aljadida
222430,8247781,marrakech
222432,8247788,camp al ghoul
222433,8247802,gueliz
222435,8247815,californie
222436,8247822,route casablanca
222443,8247883,ennakhil palmeraie
222445,8247911,les hopitaux
222446,8247912,riyad
222447,8247917,assouel
222448,8247919,hay hassani
222449,8247926,route de l ourika
222450,8247931,gueliz
222451,8247950,al qods
222452,8247951,polo
222453,8247984,sidi moumen
222454,8247990,bel air val fleuri
222456,8248023,route de safi
222460,8248060,route de safi
222462,8248087,assif
222463,8248088,gueliz
222464,8248102,gueliz
222466,8248112,malabata
222468,8248123,hay targa
222472,8248153,gueliz
222473,8248176,belvedere
222474,8248186,route de fez
222475,8248194,mhamid
222478,8248204,maarif extension
222479,8248212,route d agadir essaouira
222480,8248215,gueliz
222484,8248242,les princesses
222487,8248246,gauthier
222488,8248254,route de ouarzazate
222489,8248259,agdal
222490,8248261,ennakhil palmeraie
222491,8248264,maarif extension
222493,8248287,anfa
222494,8248309,gueliz
222496,8248333,bab lhmar
222497,8248346,val fleury
222501,8248375,ain diab
222502,8248379,agdal
222504,8248385,route de tahanaout
222506,8248393,maarif
222507,8248398,bab aylan
222510,8248418,beni touzine
222511,8248423,agdal
222512,8248433,derb chtouka
222513,8248436,route de tahanaout
222514,8248438,sidi youssef
222516,8248444,route casablanca
222517,8248454,gueliz
222519,8248457,route de l ourika
222520,8248459,oulfa
222521,8248476,les princesses
222522,8248478,marjane
222523,8248493,riad zitoun
222525,8248503,route casablanca
222526,8248506,gueliz
222527,8248511,route amizmiz
222529,8248536,route de tahanaout
222530,8248542,route de fez
222531,8248580,gauthier
222532,8248591,oulfa
222534,8248606,californie
222541,8248647,mhamid
222542,8248668,ahlane
222543,8248699,maarif
222544,8248704,route de l ourika
222545,8248705,gauthier
222546,8248709,ain chock
222547,8248724,ain sebaa
222548,8248728,gauthier
222551,8248753,haut agdal
222553,8248764,ain chock
222555,8248773,souissi
222556,8248774,californie
222557,8248785,gueliz
222559,8248809,route de tahanaout
222561,8248824,souissi
222563,8248852,bir el ghazi
222565,8248866,hay al bassatine
222566,8248873,bourgogne ouest
222567,8248874,mghogha
222573,8248912,arset ihiri
222574,8248916,achennad
222575,8248918,marjane
222576,8248921,gauthier
222578,8248932,sidi maarouf
222580,8248934,hay ach chbanat
222581,8248939,habbous
222582,8248940,ain borja
222583,8248972,racine
222584,8248979,boulevard med 6
222586,8249004,route casablanca
222587,8249005,gueliz
222588,8249024,centre
222589,8249033,riad zitoun
222591,8249054,hay hassani
222592,8249056,la gironde
222593,8249063,maarif extension
222594,8249064,les hopitaux
222595,8249068,al qods
222596,8249081,hay idrissia
222597,8249083,ain sebaa
222600,8249099,beausite
222604,8249169,al irfane
222606,8249180,route amizmiz
222607,8249188,aouatif
222609,8249206,tanja balia
222611,8249216,sidi mansour
222613,8249246,route casablanca
222615,8249272,a c3 afn seba c3 a2
222616,8249273,tanger city center
222618,8249290,riad zitoun
222620,8249298,mandarona
222621,8249300,hivernage
222623,8249304,hivernage
222624,8249306,gueliz
222625,8249307,gueliz
222626,8249308,gueliz
222627,8249309,gueliz
222628,8249318,racine
222630,8249355,polo
222631,8249378,hay lmkansa
222632,8249383,hay moulay abdellah
222635,8249416,sidi maarouf
222636,8249419,malabata
222637,8249424,ksibat nhas
222639,8249433,gueliz
222641,8249438,ain chock
222642,8249441,californie
222647,8249485,les orangers
222649,8249487,hay al kora
222650,8249497,el moukef
222652,8249516,mers sultan
222653,8249517,camp al ghoul
222654,8249518,l ocean
222655,8249529,nassim 1
222656,8249531,californie
222657,8249534,nassim 1
222662,8249602,nassim 1
222663,8249609,hermitage
222664,8249623,route casablanca
222666,8249658,michouar
222667,8249662,tanja balia
222669,8249677,route de l ourika
222673,8249723,zaouiat lahdar
222675,8249746,achakar
222676,8249750,souissi
222677,8249757,maarif extension
222678,8249765,ain diab
222679,8249767,camp al ghoul
222680,8249788,californie
222685,8249804,camp al ghoul
222687,8249809,route de fez
222689,8249819,route de tahanaout
222690,8249824,route de l ourika
222691,8249836,maarif
222692,8249838,centre
222694,8249854,massira 1
222695,8249856,riyad
222697,8249861,bab ghmat
222699,8249875,route de l ourika
222700,8249883,iberie
222701,8249884,boulevard med 6
222702,8249894,route de fez
222703,8249897,route de tahanaout
222704,8249900,gueliz
222705,8249915,route de safi
222706,8249919,route amizmiz
222713,8249962,route casablanca
222714,8249967,souissi
222717,8250002,nzaha
222719,8250018,route casablanca
222721,8250033,moujahidine
222726,8250110,rmila
222727,8250121,ben saleh
222728,8250122,souissi
222730,8250137,anassi
222731,8250193,route de safi
222732,8250197,route de safi
222734,8250202,aharrarine
222735,8250207,route de safi
222736,8250211,hay al kora
222738,8250264,bab lhmar
222739,8250278,les princesses
222740,8250286,val fleury
222741,8250287,anfa
222742,8250295,hay targa
222743,8250296,hay targa
222744,8250297,hay targa
222746,8250306,casablanca
222747,8250345,casablanca finance city
222749,8250356,casablanca finance city
222750,8250359,gauthier
222751,8250364,malabata
222754,8250402,oulfa
222755,8250405,bab aylan
222756,8250428,belvedere
222757,8250431,oasis
222758,8250433,maarif extension
222760,8250440,maarif extension
222761,8250452,route amizmiz
222762,8250454,palmier
222766,8250479,rmila
222768,8250494,ksibat nhas
222769,8250508,beni touzine
222771,8250516,agdal
222774,8250523,les hopitaux
222775,8250551,route casablanca
222776,8250562,el manar el hank
222777,8250563,ennakhil palmeraie
222780,8250612,californie
222782,8250621,quartier bachkou
222786,8250684,sidi mimoun
222790,8250708,route de fez
222793,8250775,samlalia
222794,8250787,sania
222795,8250790,marjane
222799,8250825,guich oudaya
222800,8250826,agdal
222801,8250843,marjane
222802,8250844,agdal
222803,8250858,agdal
222804,8250864,route casablanca
222806,8250885,moujahidine
222807,8250893,la gironde
222809,8250922,beni touzine
222811,8250944,beni touzine
222812,8250952,beni touzine
222813,8250953,kennaria
222814,8250957,gauthier
222815,8250961,gueliz
222817,8250963,ennakhil palmeraie
222819,8250974,l ocean
222822,8250987,hermitage
222824,8251001,ahlane
222827,8251023,hay mabrouka
222831,8251027,route de fez
222832,8251028,ennakhil palmeraie
222834,8251045,ain diab extension
222836,8251052,ain diab extension
222838,8251059,maarif
222840,8251076,agdal
222841,8251137,gueliz
222842,8251139,gueliz
222844,8251146,les hopitaux
222845,8251150,les hopitaux
222846,8251166,almaz
222848,8251196,maarif extension
222851,8251209,assouel
222856,8251246,ennakhil palmeraie
222857,8251249,route de l ourika
222859,8251264,essebtiyen
222860,8251268,malabata
222862,8251273,almaz
222864,8251281,gueliz
222866,8251288,hivernage
222870,8251309,malabata
222871,8251314,maarif extension
222872,8251327,gueliz
222873,8251335,ennakhil palmeraie
222874,8251338,bourgogne ouest
222877,8251370,ouasis
222879,8251385,route de l ourika
222880,8251394,riyad
222881,8251401,hay mohammadi
222883,8251435,gueliz
222886,8251453,sidi maarouf
222887,8251470,medina
222896,8251553,malabata
222898,8251577,mers sultan
222899,8251581,route casablanca
222901,8251612,maarif
222904,8251616,route de l ourika
222905,8251617,kebibat
222906,8251618,hay chrifa
222907,8251626,riad zitoun
222908,8251628,route de l ourika
222909,8251631,agdal
222912,8251648,route de l ourika
222913,8251667,riyad
222916,8251680,riyad
222917,8251685,beni touzine
222919,8251692,californie
222920,8251693,sidi maarouf
222921,8251694,azib haj kaddour
222922,8251717,les princesses
222923,8251718,californie
222924,8251724,route de ouarzazate
222925,8251727,gauthier
222926,8251730,sidi mimoun
222927,8251756,lissasfa
222928,8251785,mers sultan
222929,8251794,casablanca finance city
222930,8251805,amelkis
222933,8251826,gueliz
222938,8251873,la gironde
222939,8251875,sania
222941,8251879,californie
222942,8251881,palmier
222944,8251889,la gironde
222945,8251899,route de tahanaout
222946,8251907,route de fez
222947,8251908,route de tahanaout
222949,8251916,franceville
222950,8251935,route amizmiz
222951,8251939,hay targa
222952,8251941,majorelle
222954,8251957,haut agdal
222957,8251994,californie
222959,8252008,agdal
222961,8252030,route casablanca
222965,8252057,route de fez
222966,8252063,agdal
222970,8252092,californie
222971,8252112,ain sebaa
222973,8252119,ferme bretonne hay arraha
222975,8252125,triangle d or
222977,8252136,oulfa
222979,8252163,ain chock
222984,8252194,mister khouch
222986,8252220,agdal
222988,8252237,les princesses
222991,8252244,marjane
222992,8252248,ma c3 a2rif extension
222994,8252268,berrima
222996,8252288,jamila 1
222998,8252297,ennakhil palmeraie
223000,8252301,route de l ourika
223001,8252306,arset el maach
223002,8252360,route de safi
223003,8252364,samlalia
223006,8252381,centre
223008,8252388,hivernage
223009,8252390,hivernage
223011,8252399,majorelle
223014,8252409,gueliz
223015,8252428,mouassine
223016,8252449,val fleury
223017,8252451,anfa
223018,8252454,palmier
223019,8252459,riad zitoun
223021,8252465,ben saleh
223022,8252467,malabata
223024,8252485,rmila
223025,8252491,hay targa
223026,8252517,bourgogne ouest
223027,8252532,anassi
223030,8252566,ain diab
223035,8252614,ennakhil palmeraie
223036,8252616,riyad
223037,8252618,val fleury
223038,8252621,gueliz
223042,8252639,sidi maarouf
223045,8252649,arset el maach
223046,8252663,gueliz
223048,8252682,malabata
223050,8252697,malabata
223055,8252714,anfa
223059,8252751,route de ouarzazate
223060,8252767,ain diab
223061,8252776,kebibat
223062,8252779,majorelle
223063,8252788,ain diab
223066,8252816,sidi othmane
223068,8252824,marjane
223069,8252828,les princesses
223070,8252830,triangle d or
223071,8252836,route de tahanaout
223072,8252837,route de tahanaout
223073,8252838,route de tahanaout
223074,8252839,route de tahanaout
223075,8252840,route de tahanaout
223077,8252874,branes 2
223084,8252950,casablanca finance city
223086,8252961,tanja balia
223088,8252982,marrakech
223089,8252994,les princesses
223090,8253016,sidi mansour
223091,8253021,ziaten
223092,8253037,agdal
223093,8253038,malabata
223094,8253040,longchamps hay al hanaa
223099,8253079,gueliz
223100,8253082,racine
223101,8253087,centre
223102,8253097,maarif
223105,8253149,drissia
223109,8253172,la gironde
223110,8253183,centre
223111,8253194,gueliz
223121,8253282,sidi bou amar
223122,8253286,kaa el machraa
223123,8253289,mouassine
223124,8253291,bel air val fleuri
223125,8253296,route amizmiz
223126,8253297,agdal
223127,8253301,kebibat
223131,8253324,mouassine
223134,8253358,route amizmiz
223137,8253377,route de tahanaout
223138,8253381,sidi maarouf
223140,8253394,hay al kora
223143,8253428,rmila
223144,8253430,oulfa
223146,8253455,oulfa
223147,8253470,izdihar
223149,8253479,souissi
223154,8253507,riyad
223160,8253580,bouaakkaz
223161,8253581,route de l ourika
223162,8253604,route de l ourika
223168,8253661,hay mabrouka
223170,8253670,massira 3
223171,8253683,rmilat
223172,8253686,route de tahanaout
223173,8253697,gueliz
223175,8253703,ain diab extension
223177,8253733,bouaakkaz
223178,8253739,racine
223181,8253797,ennakhil palmeraie
223182,8253800,agdal
223183,8253802,la gironde
223184,8253805,riyad extension
223185,8253818,hay targa
223188,8253854,gueliz
223190,8253864,route de l ourika
223192,8253901,samlalia
223193,8253909,de la plage
223194,8253910,les princesses
223197,8253939,ain chock
223198,8253949,medina
223200,8253957,yacoub el mansour
223201,8253965,gauthier
223202,8253979,moujahidine
223203,8253980,route amizmiz
223205,8253990,bourgogne ouest
223206,8253992,mghogha
223209,8254012,route de fez
223212,8254041,belvedere
223213,8254051,izdihar
223214,8254053,route de l ourika
223216,8254066,hay hassani
223217,8254087,mers sultan
223218,8254090,moujahidine
223220,8254106,centre
223221,8254109,gueliz
223222,8254112,route de safi
223224,8254122,ain mezouar
223226,8254143,assouel
223227,8254144,rmila
223230,8254173,boukhalef
223231,8254174,gueliz
223232,8254175,bab aylan
223233,8254195,mesnana
223236,8254202,souani
223237,8254254,polo
223238,8254259,route casablanca
223241,8254268,hay hassani
223243,8254292,izdihar
223244,8254294,quartier des ambassades
223245,8254302,kaat ben nahid
223246,8254307,racine
223248,8254325,izdihar
223249,8254326,maarif extension
223251,8254339,route amizmiz
223252,8254340,amelkis
223253,8254357,riviera
223254,8254359,casablanca finance city
223260,8254422,roches noires
223261,8254423,maarif
223263,8254431,oulfa
223264,8254434,casabarata
223267,8254460,maarif
223268,8254465,racine
223270,8254478,souissi
223271,8254493,triangle d or
223273,8254509,hay almassira 1
223276,8254536,bourgogne est
223277,8254551,al azhar
223278,8254556,route de safi
223280,8254577,les hopitaux
223281,8254579,benjdia
223282,8254586,route de safi
223283,8254595,agdal
223284,8254624,route amizmiz
223286,8254666,les hopitaux
223287,8254674,ain diab extension
223288,8254675,palmier
223289,8254687,route amizmiz
223295,8254741,route de tahanaout
223296,8254784,riyad
223297,8254832,route de safi
223300,8254856,roches noires
223301,8254859,les princesses
223302,8254861,gueliz
223303,8254865,sidi maarouf
223306,8254878,mghogha
223307,8254881,triangle d or
223308,8254900,gueliz
223309,8254909,marrakech
223311,8254928,route de fez
223312,8254935,medina
223313,8254939,samlalia
223314,8254946,riad al atlas
223316,8254960,route de l ourika
223317,8254961,hay targa
223321,8254989,hay salama
223323,8254997,gueliz
223324,8254998,sidi maarouf
223325,8254999,malabata
223326,8255002,gauthier
223327,8255022,sidi maarouf
223330,8255042,racine
223332,8255050,iberie
223334,8255063,racine extension
223335,8255075,rmila
223337,8255095,palmier
223339,8255100,ahlane
223340,8255107,sidi maarouf
223343,8255153,sidi maarouf
223344,8255156,les princesses
223347,8255192,hay firdaouss
223350,8255218,route de tahanaout
223354,8255243,iberie
223355,8255245,gueliz
223357,8255256,agdal
223359,8255274,route de l ourika
223360,8255276,hay al fath
223361,8255277,centre
223362,8255297,oulfa
223363,8255322,racine
223364,8255327,oasis
223365,8255330,agdal
223366,8255334,gueliz
223369,8255347,californie
223370,8255376,route casablanca
223371,8255379,la gironde
223372,8255386,lissasfa
223373,8255394,hay rmila
223375,8255408,hay targa
223378,8255430,route de tahanaout
223380,8255436,camp al ghoul
223382,8255448,centre ville
223384,8255461,marrakech
223385,8255472,agdal
223386,8255473,ennakhil palmeraie
223387,8255480,ferme bretonne hay arraha
223388,8255495,city dar es salaam
223389,8255500,centre ville
223391,8255528,gueliz
223392,8255535,camp al ghoul
223393,8255548,ferme bretonne hay arraha
223397,8255570,gueliz
223398,8255581,gauthier
223399,8255584,sidi maarouf
223400,8255590,hay targa
223401,8255592,assif
223402,8255593,amerchich
223403,8255595,laymoune
223404,8255597,les princesses
223406,8255601,les princesses
223407,8255606,les portes de marrakech
223408,8255613,anfa superieur
223410,8255635,les hopitaux
223412,8255642,bel air val fleuri
223413,8255644,route de ouarzazate
223414,8255645,mers sultan
223415,8255661,hermitage
223417,8255678,route casablanca
223418,8255687,route de tahanaout
223420,8255716,star hill
223421,8255717,gauthier
223423,8255724,port tanger ville
223424,8255747,kaat ben nahid
223425,8255750,californie
223426,8255758,mabroka
223427,8255761,hivernage
223428,8255765,anfa superieur
223429,8255779,kennaria
223430,8255780,ain diab extension
223432,8255787,route de l ourika
223433,8255797,californie
223434,8255799,moulay lyazid
223435,8255818,assouel
223436,8255824,ennakhil palmeraie
223437,8255844,derb ghalef
223438,8255846,rmila
223439,8255849,centre
223441,8255851,beausite
223442,8255854,route de l ourika
223443,8255868,arset ben chebli
223445,8255875,gueliz
223447,8255880,route de safi
223448,8255885,agdal
223449,8255888,route d agadir essaouira
223450,8255890,azli
223451,8255894,agdal
223452,8255901,hay yasmina
223454,8255917,maarif
223455,8255923,moujahidine
223456,8255924,souissi
223457,8255932,route de fez
223458,8255937,oasis
223460,8255941,administratif
223461,8255962,samlalia
223463,8255982,route de ouarzazate
223465,8255990,bel air val fleuri
223466,8255995,mhamid
223467,8255997,ennakhil palmeraie
223473,8256037,ferme bretonne hay arraha
223474,8256042,anassi
223477,8256059,bourgogne ouest
223478,8256082,ain diab
223479,8256087,californie
223480,8256090,sidi moumen
223481,8256106,hay zobir
223482,8256118,hivernage
223484,8256123,route de l ourika
223485,8256124,route amizmiz
223486,8256125,hivernage
223487,8256136,ain diab
223489,8256160,centre
223490,8256162,route casablanca
223494,8256183,hay al massar
223495,8256189,riad al atlas
223496,8256191,gueliz
223497,8256199,de la plage
223498,8256201,agdal
223500,8256205,majorelle
223501,8256206,gauthier
223502,8256207,val fleury
223509,8256244,hivernage
223510,8256247,riyad
223511,8256254,zone industrielle moulay rachid
223512,8256258,anfa
223514,8256266,route de l ourika
223515,8256275,iberie
223517,8256285,riad al atlas
223518,8256289,gueliz
223519,8256293,route de l ourika
223521,8256304,ain diab
223522,8256312,malabata
223523,8256320,ain mezouar
223524,8256322,californie
223529,8256353,boukhalef
223530,8256354,casablanca finance city
223532,8256363,casablanca finance city
223534,8256373,administratif
223536,8256391,ain diab extension
223538,8256432,riyad
223543,8256466,ennakhil palmeraie
223544,8256474,casablanca finance city
223545,8256479,souissi
223546,8256482,gueliz
223547,8256489,les princesses
223549,8256495,hivernage
223550,8256497,ain diab
223551,8256500,achakar
223552,8256502,route de ouarzazate
223553,8256504,les hopitaux
223554,8256507,maarif extension
223558,8256558,nassim 2
223559,8256560,route casablanca
223563,8256595,gueliz
223564,8256599,casablanca
223565,8256623,marrakech
223567,8256659,souani
223569,8256674,beausejour
223570,8256675,route de l ourika
223573,8256689,longchamps hay al hanaa
223574,8256690,les princesses
223575,8256691,ain chock
223576,8256693,racine
223577,8256696,charf
223579,8256702,route casablanca
223582,8256740,souissi
223583,8256749,souissi
223584,8256763,quartier des ambassades
223585,8256767,quartier des ambassades
223586,8256769,ain sebaa
223591,8256797,tanja balia
223593,8256808,route de tahanaout
223594,8256812,derb milan hay omar bnou alkhattab
223595,8256820,camp al ghoul
223596,8256823,laymoune
223599,8256837,du golf
223601,8256848,palmier
223602,8256861,gueliz
223603,8256866,moujahidine
223609,8256890,jbel kbir
223613,8256926,sidi maarouf
223616,8256961,route amizmiz
223617,8256967,val fleury
223618,8256970,guich oudaya
223619,8256974,ennakhil palmeraie
223620,8256997,gueliz
223621,8257006,route casablanca
223624,8257022,anfa
223629,8257064,ain diab
223630,8257071,el majd
223633,8257086,iberie
223634,8257102,hay moulay abdellah
223635,8257106,iberie
223637,8257117,bab lhmar
223639,8257128,iberie
223642,8257133,route de tahanaout
223643,8257135,route de safi
223647,8257157,2 mars
223648,8257163,mouassine
223651,8257187,hassan centre ville
223652,8257256,iberie
223654,8257263,marjane
223655,8257290,ennakhil palmeraie
223656,8257297,ain sebaa
223657,8257316,route de safi
223658,8257318,route amizmiz
223659,8257319,route amizmiz
223660,8257320,route amizmiz
223661,8257321,route amizmiz
223663,8257355,roches noires
223664,8257359,hay targa
223666,8257365,hay hassani
223667,8257366,rahba kedima
223668,8257369,ain chock
223669,8257377,gueliz
223670,8257382,hay hassani
223671,8257383,ziaten
223672,8257385,bourgogne est
223673,8257387,hay targa
223678,8257438,mhamid
223682,8257471,gueliz
223683,8257480,les portes de marrakech
223684,8257481,haut agdal
223688,8257505,racine
223689,8257513,ain diab
223691,8257535,route de fez
223696,8257566,mhamid
223697,8257584,route de safi
223698,8257591,moujahidine
223700,8257610,branes kdima
223702,8257619,route amizmiz
223705,8257631,route de l ourika
223706,8257644,ferme bretonne hay arraha
223707,8257646,centre
223710,8257658,ferme bretonne hay arraha
223712,8257664,zone industrielle mghogha
223713,8257670,marjane
223714,8257673,maarif extension
223717,8257690,agdal
223719,8257692,route amizmiz
223722,8257707,les hopitaux
223723,8257711,ain diab
223724,8257712,daoudiat
223725,8257718,ksibat nhas
223726,8257725,assouel
223728,8257736,route nationale assilah n1
223729,8257740,laymoune
223731,8257744,gueliz
223732,8257756,samlalia
223734,8257764,maarif extension
223735,8257767,route de l ourika
223736,8257768,route de l ourika
223737,8257769,route de l ourika
223740,8257786,maarif extension
223742,8257807,val fleury
223744,8257819,gueliz
223745,8257820,gueliz
223746,8257821,gueliz
223747,8257822,gueliz
223748,8257823,gueliz
223749,8257824,gueliz
223750,8257825,gueliz
223751,8257826,gueliz
223752,8257827,gueliz
223753,8257828,gueliz
223754,8257829,gueliz
223755,8257842,ennakhil palmeraie
223757,8257845,sidi ben slimane el jazouli
223758,8257846,camp al ghoul
223760,8257863,racine
223761,8257866,route casablanca
223763,8257871,gueliz
223766,8257894,oulfa
223769,8257932,hivernage
223770,8257938,route de tahanaout
223772,8257941,anfa
223774,8257947,racine
223775,8257950,la gironde
223776,8257951,de la plage
223777,8257973,racine
223778,8257985,star hill
223779,8257989,palmier
223781,8257993,route de tahanaout
223782,8258000,gueliz
223783,8258001,boulevard med 6
223784,8258010,agdal
223785,8258015,hay alfarah
223786,8258028,hay mabrouka
223787,8258029,hay targa
223793,8258054,route de ouarzazate
223794,8258058,casablanca marina
223796,8258072,rmila
223799,8258098,bourgogne ouest
223800,8258101,ain diab
223802,8258112,route amizmiz
223803,8258113,amelkis
223804,8258116,sidi bou amar
223806,8258124,malabata
223808,8258148,centre
223810,8258151,souissi
223811,8258159,route de safi
223812,8258165,route de l ourika
223815,8258176,hivernage
223817,8258196,gueliz
223818,8258206,kebibat
223819,8258211,hay targa
223821,8258225,maarif extension
223822,8258226,rahba kedima
223827,8258245,marjane
223828,8258249,centre
223830,8258269,bouaakkaz
223831,8258271,californie
223832,8258277,l ocean
223833,8258281,l ocean
223834,8258282,massira 3
223836,8258286,centre
223837,8258292,gueliz
223838,8258294,gueliz
223839,8258297,ain diab
223840,8258303,moujahidine
223842,8258310,moujahidine
223843,8258314,hay al bassatine
223845,8258322,bourgogne ouest
223847,8258326,l ocean
223851,8258347,centre
223852,8258363,ennakhil palmeraie
223854,8258375,agdal
223855,8258379,sidi abbad
223856,8258385,bab aylan
223861,8258421,route de l ourika
223863,8258433,el moukef
223865,8258447,souissi
223866,8258451,route de tahanaout
223868,8258458,iberie
223869,8258462,californie
223870,8258465,gueliz
223875,8258532,hay chrifa
223877,8258541,quartier des ambassades
223878,8258557,agdal
223879,8258591,longchamps hay al hanaa
223880,8258597,oulfa
223881,8258599,riyad
223882,8258600,riyad
223883,8258601,les princesses
223884,8258602,beausite
223887,8258620,achakar
223890,8258662,racine
223891,8258663,souissi
223893,8258684,gueliz
223896,8258700,les hopitaux
223897,8258705,souissi
223898,8258713,triangle d or
223900,8258719,ain diab extension
223902,8258734,ain diab
223903,8258739,racine
223905,8258747,racine
223908,8258770,tanja balia
223909,8258772,nassim 1
223910,8258778,agdal
223911,8258785,agdal
223913,8258807,malabata
223914,8258811,mhamid
223915,8258817,majorelle
223917,8258827,oasis
223918,8258830,ain diab
223919,8258832,kennaria
223920,8258851,gueliz
223922,8258860,gueliz
223923,8258863,route de l ourika
223924,8258867,ahlane
223925,8258884,centre
223926,8258887,abi ragrag
223927,8258889,hivernage
223928,8258908,ahlane
223929,8258913,ennakhil palmeraie
223931,8258924,route casablanca
223934,8258928,azli
223935,8258948,ain diab extension
223936,8258958,gueliz
223937,8258960,manar
223938,8258961,ain mezouar
223939,8258972,riad zitoun
223941,8258974,gueliz
223943,8259015,route de tahanaout
223945,8259026,gueliz
223947,8259075,route amizmiz
223949,8259095,camp al ghoul
223950,8259097,hay targa
223951,8259101,souissi
223952,8259116,hivernage
223953,8259121,route amizmiz
223955,8259126,malabata
223956,8259137,hay targa
223957,8259139,racine
223959,8259152,gueliz
223961,8259159,les princesses
223962,8259161,route amizmiz
223964,8259232,agdal
223967,8259269,mozart
223968,8259274,administratif
223969,8259277,bourgogne ouest
223971,8259284,centre
223972,8259291,agdal
223973,8259296,hivernage
223975,8259302,malabata
223976,8259308,aviation mabella
223980,8259338,la floride
223981,8259339,route casablanca
223982,8259351,route amizmiz
223985,8259372,mister khouch
223987,8259375,val fleury
223988,8259376,maarif
223989,8259381,gauthier
223990,8259395,arset ben chebli
223993,8259402,rmila
223994,8259403,route de l ourika
223995,8259419,sidi mansour
223996,8259423,route amizmiz
223997,8259437,route de tahanaout
223998,8259452,route de l ourika
224000,8259463,hay targa
224001,8259466,route amizmiz
224002,8259474,administratif
224003,8259479,boulevard med 6
224005,8259492,camp al ghoul
224007,8259501,route de l ourika
224008,8259512,beausejour
224009,8259518,riyad
224011,8259532,les princesses
224013,8259540,hivernage
224015,8259544,franceville
224019,8259553,administratif
224020,8259558,daoudiat
224021,8259563,californie
224023,8259568,majorelle
224024,8259576,samlalia
224025,8259578,gueliz
224027,8259581,gueliz
224028,8259589,agdal
224029,8259596,route nationale assilah n1
224030,8259603,casablanca finance city
224035,8259666,gueliz
224036,8259675,de la plage
224038,8259678,val fleury
224040,8259686,marjane
224043,8259702,marjane
224045,8259715,mouassine
224048,8259744,gueliz
224049,8259762,l ocean
224050,8259767,arset ihiri
224054,8259785,daoudiat
224055,8259787,route de l ourika
224057,8259813,iberie
224059,8259830,al hadika
224060,8259880,ain diab
224061,8259899,hay mohammadi
224064,8259914,ziaten
224066,8259930,gueliz
224068,8259938,racine
224069,8259939,bernoussi
224070,8259946,gueliz
224071,8259949,amelkis
224076,8259966,route de fez
224079,8259975,route casablanca
224080,8259981,californie
224081,8259990,racine
224083,8260004,gueliz
224084,8260019,maarif
224085,8260024,ferme bretonne hay arraha
224086,8260025,casablanca finance city
224087,8260026,racine
224088,8260033,sidi mimoun
224089,8260044,riyad
224095,8260118,charf
224097,8260136,racine
224098,8260141,maarif
224100,8260167,marrakech
224101,8260171,bourgogne ouest
224102,8260172,val fleury
224103,8260175,agdal
224104,8260176,californie
224106,8260180,sidi maarouf
224108,8260185,sidi maarouf
224109,8260201,bourgogne ouest
224110,8260203,maarif extension
224112,8260207,casablanca
224113,8260209,benkirane
224114,8260210,beausejour
224115,8260222,samlalia
224116,8260223,hay hassani
224117,8260224,liberte
224118,8260225,laymoune
224119,8260226,laymoune
224120,8260227,nassim 1
224121,8260229,casablanca
224122,8260230,beausejour
224123,8260233,moulay youssef
224124,8260234,anfa
224125,8260245,beausite
224126,8260249,ain sebaa
224127,8260252,bel air val fleuri
224128,8260255,racine
224129,8260260,castilla
224130,8260261,medina
224131,8260262,belvedere
224132,8260269,belvedere
224133,8260276,hay targa
224134,8260277,racine
224135,8260281,casablanca
224136,8260287,casablanca
224137,8260294,route de safi
224138,8260298,sidi maarouf
224139,8260300,gauthier
224140,8260303,ain sebaa
224141,8260304,burger
224142,8260306,la vilette
224143,8260307,californie
224144,8260308,val fleury
224145,8260310,la vilette
224146,8260311,belvedere
224147,8260313,alsace lorraine
224149,8260320,tanger
224150,8260323,belvedere
224151,8260331,hermitage
224152,8260332,les princesses
224153,8260333,riviera
224154,8260339,camp al ghoul
224155,8260340,route amizmiz
224156,8260343,route amizmiz
224157,8260344,route casablanca
224158,8260345,beausejour
224159,8260346,hay mabrouka
224160,8260348,burger
224162,8260352,les princesses
224163,8260354,oasis sud
224164,8260356,issil
224165,8260358,manar
224166,8260363,casablanca
224167,8260365,ain sebaa
224169,8260370,la gironde
224170,8260374,hay al bahja
224172,8260381,les princesses
224173,8260387,sidi maarouf
224174,8260396,casablanca finance city
224175,8260400,alia
224176,8260402,belvedere
224177,8260405,les hopitaux
224178,8260408,les hopitaux
224179,8260410,rmilat
224180,8260422,maarif
224181,8260423,maarif
224183,8260425,californie
224184,8260426,palmier
224185,8260427,ain diab extension
224186,8260428,mers sultan
224188,8260436,maarif
224189,8260439,liberte
224190,8260440,al qods
224192,8260444,almaz
224193,8260447,oasis
224194,8260448,al qods
224195,8260452,route amizmiz
224196,8260453,amerchich
224197,8260455,hay targa
224198,8260457,tanja balia
224199,8260458,ain chock
224200,8260459,nassim 1
224202,8260465,californie
224203,8260466,polo
224205,8260469,ain sebaa
224206,8260476,riviera
224207,8260484,oulfa
224208,8260486,route amizmiz
224209,8260492,rabat
224210,8260511,val fleury
224211,8260516,maarif extension
224212,8260525,les princesses
224213,8260527,mers sultan
224214,8260531,ain mezouar
224215,8260537,marjane
224216,8260538,kechich
224217,8260540,hay hassani
224218,8260544,oulfa
224219,8260555,hay targa
224223,8260574,gueliz
224224,8260577,maarif extension
224225,8260580,la gironde
224226,8260581,la gironde
224229,8260587,beausejour
224230,8260591,riyad
224231,8260593,gauthier
224232,8260594,oasis
224233,8260595,casablanca
224234,8260596,oasis sud
224235,8260597,bourgogne est
224236,8260598,ain diab extension
224237,8260604,anfa
224238,8260610,californie
224239,8260612,les hopitaux
224240,8260614,californie
224241,8260615,casablanca
224242,8260616,les hopitaux
224243,8260620,gueliz
224245,8260631,route casablanca
224246,8260634,amelkis
224247,8260635,les princesses
224248,8260639,liberte
224249,8260640,amerchich
224250,8260645,hay antaria
224251,8260652,casablanca
224252,8260655,maarif extension
224253,8260656,californie
224254,8260660,ain borja
224255,8260661,burger
224256,8260663,roches noires
224257,8260665,belvedere
224258,8260673,val fleury
224259,8260675,oasis sud
224260,8260678,tanja balia
224261,8260679,les hopitaux
224262,8260681,samlalia
224263,8260683,bourgogne est
224265,8260690,sidi maarouf
224266,8260693,racine
224267,8260698,bourgogne ouest
224268,8260699,racine
224269,8260700,bourgogne ouest
224270,8260701,bourgogne ouest
224272,8260704,bourgogne ouest
224273,8260705,racine
224274,8260708,les princesses
224275,8260713,les hopitaux
224276,8260719,belvedere
224277,8260721,californie
224278,8260722,gauthier
224279,8260726,route de fez
224280,8260727,riyad
224281,8260730,casablanca
224282,8260733,maarif extension
224283,8260740,val fleury
224284,8260743,californie
224285,8260747,racine
224286,8260750,belvedere
224287,8260752,sidi belyout
224288,8260756,ben saleh
224289,8260759,gauthier
224290,8260764,gueliz
224291,8260766,mers sultan
224292,8260770,ziaten
224293,8260772,mesnana
224295,8260776,bourgogne est
224296,8260777,beausite
224297,8260781,anfa superieur
224299,8260788,la gironde
224300,8260789,casablanca
224301,8260790,gauthier
224302,8260792,oulfa
224303,8260794,ferme bretonne hay arraha
224304,8260795,ain borja
224306,8260800,marrakech
224307,8260806,assif
224308,8260807,californie
224310,8260809,racine
224311,8260812,tanger
224312,8260813,polo
224313,8260815,hay targa
224314,8260818,assif
224315,8260820,ain sebaa
224316,8260821,izdihar
224317,8260822,tanger
224318,8260825,les hopitaux
224319,8260828,amerchich
224320,8260829,les princesses
224321,8260831,les princesses
224322,8260834,belvedere
224323,8260839,route de fez
224324,8260840,val fleury
224325,8260841,sidi moumen
224326,8260844,les hopitaux
224327,8260845,dher lahmam
224328,8260848,gauthier
224330,8260857,sidi el khadir
224331,8260858,oulfa
224332,8260860,oulfa
224333,8260862,ain diab extension
224334,8260867,kaat ben nahid
224335,8260869,almaz
224336,8260870,maarif extension
224337,8260871,al qods
224338,8260877,hay targa
224339,8260879,derb ben houmane
224340,8260882,laymoune
224341,8260886,belvedere
224342,8260889,maarif extension
224343,8260892,derb ben houmane
224344,8260893,moulay youssef
224345,8260904,hay chrifa
224346,8260910,mers sultan
224347,8260911,casablanca finance city
224348,8260912,ain diab
224349,8260913,triangle d or
224350,8260914,oasis
224351,8260917,palmier
224353,8260920,sidi mansour
224354,8260921,riviera
224355,8260924,californie
224356,8260927,polo
224357,8260931,maarif
224358,8260934,azzouzia
224359,8260937,la gironde
224360,8260941,les hopitaux
224362,8260951,route de safi
224363,8260952,les hopitaux
224364,8260954,gauthier
224365,8260959,gauthier
224367,8260965,belvedere
224368,8260980,marrakech
224369,8260982,mhamid
224372,8260994,belvedere
224373,8260998,al qods
224374,8261001,beausite
224375,8261003,la gironde
224376,8261005,les princesses
224377,8261006,la gironde
224378,8261007,casablanca
224379,8261008,californie
224380,8261009,ain sebaa
224381,8261010,ain diab extension
224382,8261011,lissasfa
224383,8261015,anfa
224384,8261017,cil hay salam
224385,8261025,route de safi
224386,8261028,gueliz
224388,8261036,route de fez
224389,8261037,bourgogne est
224391,8261042,les hopitaux
224392,8261043,ain borja
224393,8261044,route d agadir essaouira
224394,8261047,route de l ourika
224395,8261052,ain borja
224396,8261054,anfa superieur
224397,8261055,californie
224398,8261057,casablanca
224399,8261058,belvedere
224401,8261061,riviera
224402,8261062,quartier bachkou
224403,8261066,bourgogne ouest
224404,8261067,tantonville
224405,8261074,franceville
224407,8261078,les hopitaux
224408,8261079,polo
224409,8261081,masmoudi
224410,8261082,masmoudi
224411,8261084,belvedere
224412,8261087,casablanca
224413,8261089,les princesses
224414,8261090,ain sebaa
224415,8261093,beausejour
224416,8261095,hay chrifa
224417,8261097,moujahidine
224418,8261100,ain sebaa
224419,8261101,ain sebaa
224420,8261104,les princesses
224422,8261109,derb ben houmane
224423,8261110,ain diab extension
224424,8261113,maarif extension
224425,8261114,almaz
224426,8261131,bab ighli
224427,8261132,nassim 1
224428,8261133,burger
224430,8261142,ain sebaa
224431,8261145,route casablanca
224432,8261146,palmier
224433,8261154,hay hassani
224434,8261161,palmier
224435,8261162,les hopitaux
224436,8261163,les hopitaux
224437,8261164,hay al massar
224438,8261168,casablanca
224439,8261172,belvedere
224440,8261175,nassim 1
224442,8261186,val fleury
224443,8261190,maarif extension
224444,8261194,riviera
224446,8261204,laymoune
224447,8261205,ain diab extension
224448,8261208,roches noires
224449,8261210,maarif extension
224451,8261225,daoudiat
224452,8261227,oulfa
224455,8261239,belvedere
224458,8261267,liberte
224459,8261270,californie
224460,8261272,gauthier
224461,8261274,liberte
224463,8261285,bourgogne est
224464,8261289,oulfa
224465,8261295,polo
224466,8261296,mhamid
224467,8261297,benkirane
224468,8261301,californie
224469,8261304,maarif
224471,8261311,sidi maarouf
224472,8261315,polo
224473,8261318,la gironde
224474,8261321,belvedere
224475,8261322,drissia
224476,8261329,beausejour
224477,8261333,hay el menzah
224478,8261339,casablanca
224479,8261345,laymoune
224480,8261351,samlalia
224481,8261353,sidi moumen
224482,8261354,racine
224483,8261355,belvedere
224485,8261357,racine
224486,8261358,laymoune
224487,8261359,zemmouri
224488,8261361,bourgogne ouest
224489,8261365,polo
224490,8261366,ain sebaa
224491,8261370,californie
224492,8261372,burger
224493,8261382,californie
224494,8261392,bourgogne ouest
224495,8261397,californie
224496,8261406,moulay youssef
224497,8261409,ain diab extension
224498,8261413,derb ben houmane
224499,8261428,hay inara
224500,8261439,californie
224501,8261440,val fleury
224502,8261441,les portes de marrakech
224503,8261442,quartier al woroud
224505,8261455,beausite
224506,8261457,les princesses
224507,8261460,gauthier
224508,8261462,gauthier
224509,8261464,racine
224511,8261466,racine
224512,8261467,racine
224514,8261470,drissia
224515,8261471,tanger
224516,8261473,tanja balia
224517,8261474,bourgogne est
224518,8261475,oulfa
224519,8261476,racine
224520,8261479,les hopitaux
224521,8261480,moulay youssef
224522,8261481,californie
224523,8261482,les hopitaux
224524,8261483,garage allal
224525,8261484,racine
224526,8261486,bir el ghazi
224527,8261490,hanaa 3 soussi
224528,8261495,al qods
224529,8261496,oasis
224530,8261497,maarif
224531,8261498,californie
224532,8261502,al qods
224533,8261504,casablanca
224534,8261506,casablanca
224535,8261507,polo
224536,8261508,bourgogne est
224537,8261509,les hopitaux
224539,8261511,californie
224540,8261515,triangle d or
224541,8261516,polo
224542,8261517,les hopitaux
224543,8261518,sidi maarouf
224544,8261519,val fleury
224545,8261520,maarif
224546,8261524,les princesses
224547,8261531,bel air val fleuri
224548,8261533,hay al fadl
224549,8261535,maarif extension
224550,8261542,casablanca
224551,8261546,beausejour
224552,8261548,belvedere
224553,8261550,cil hay salam
224554,8261552,californie
224555,8261554,les princesses
224556,8261555,ain borja
224557,8261558,californie
224558,8261559,ain sebaa
224559,8261560,belvedere
224560,8261561,bourgogne ouest
224561,8261562,rmila
224562,8261566,belvedere
224563,8261567,val fleury
224564,8261572,almaz
224565,8261576,les hopitaux
224566,8261578,riviera
224567,8261585,amerchich
224569,8261592,palmier
224570,8261594,mandarona
224571,8261595,oasis sud
224572,8261596,les hopitaux
224573,8261597,anfa superieur
224574,8261598,polo
224575,8261600,sidi maarouf
224576,8261604,beausejour
224577,8261606,gauthier
224578,8261608,ferme bretonne hay arraha
224579,8261609,gauthier
224580,8261610,casablanca
224581,8261613,camp al ghoul
224582,8261614,ahlane
224583,8261615,amerchich
224584,8261619,bourgogne est
224585,8261623,les princesses
224586,8261624,californie
224587,8261625,les princesses
224589,8261630,longchamps hay al hanaa
224590,8261632,laymoune
224591,8261639,maarif extension
224592,8261643,beausejour
224594,8261645,mandarona
224595,8261650,ferme bretonne hay arraha
224596,8261654,racine
224597,8261656,les princesses
224598,8261657,les hopitaux
224599,8261659,agdal
224600,8261661,beausejour
224601,8261667,sidi maarouf
224602,8261668,belvedere
224603,8261672,maarif
224604,8261673,zone industrielle oukacha
224605,8261675,quartier bachkou
224606,8261677,ahlane
224608,8261681,oasis
224609,8261682,mers sultan
224610,8261685,franceville
224611,8261686,la vilette
224612,8261689,franceville
224613,8261690,castilla
224614,8261691,les hopitaux
224615,8261696,agdal
224617,8261703,ain sebaa
224618,8261704,ferme bretonne hay arraha
224620,8261707,les hopitaux
224621,8261708,les hopitaux
224623,8261721,sidi moumen
224624,8261722,izdihar
224625,8261723,maarif extension
224626,8261725,maarif extension
224627,8261726,hay targa
224628,8261727,hay hassani
224630,8261736,les hopitaux
224631,8261738,maarif
224632,8261744,sidi maarouf
224633,8261745,moulay youssef
224634,8261747,ain borja
224635,8261752,val fleury
224636,8261753,maarif
224637,8261755,jbel kbir
224638,8261756,manar
224639,8261757,de la plage
224640,8261760,marchan
224641,8261761,mozart
224642,8261765,mesnana
224643,8261766,tanger
224644,8261768,iberie
224645,8261769,nassim 1
224646,8261770,triangle d or
224647,8261771,val fleury
224648,8261774,racine
224649,8261779,route de fez
224650,8261782,sidi maarouf
224651,8261783,de la plage
224652,8261786,oulfa
224655,8261794,amerchich
224657,8261796,marrakech
224658,8261797,polo
224659,8261800,anassi
224660,8261810,gauthier
224661,8261813,sidi moumen
224662,8261815,ain borja
224663,8261818,gauthier
224664,8261820,les hopitaux
224665,8261824,gauthier
224666,8261826,les hopitaux
224667,8261827,belvedere
224668,8261828,tanger
224669,8261830,quartier bachkou
224670,8261833,route casablanca
224671,8261834,al mandar al jamil
224672,8261835,hay targa
224673,8261840,riad al atlas
224674,8261842,la gironde
224676,8261849,liberte
224677,8261850,agdal
224679,8261855,liberte
224680,8261857,liberte
224681,8261863,belvedere
224682,8261865,castilla
224683,8261868,oasis
224684,8261869,laymoune
224685,8261870,les hopitaux
224686,8261871,belvedere
224687,8261876,nassim 1
224688,8261878,oulfa
224689,8261883,quartier bachkou
224690,8261885,ain sebaa
224691,8261890,sidi maarouf
224692,8261892,casablanca
224693,8261900,gueliz
224695,8261906,maarif extension
224696,8261908,les hopitaux
224697,8261910,sidi maarouf
224698,8261911,gueliz
224699,8261915,oulfa
224700,8261916,bourgogne est
224701,8261917,nassim 1
224703,8261921,beausejour
224704,8261927,laymoune
224705,8261928,casablanca
224706,8261930,californie
224707,8261931,alsace lorraine
224708,8261932,marjane
224709,8261939,les hopitaux
224717,8261949,ferme bretonne hay arraha
224718,8261950,les hopitaux
224720,8261960,les hopitaux
224722,8261965,cil hay salam
224723,8261972,issil
224724,8261973,casablanca
224725,8261978,maarif extension
224726,8261989,sidi belyout
224727,8261992,sidi maarouf
224728,8261993,racine
224729,8261998,racine
224730,8262001,gauthier
224731,8262002,route de safi
224732,8262003,gauthier
224733,8262005,masmoudi
224734,8262007,la gironde
224735,8262014,californie
224736,8262015,maarif
224737,8262017,californie
224738,8262019,les princesses
224740,8262021,maarif extension
224742,8262024,bourgogne est
224743,8262025,sidi maarouf
224745,8262033,ennakhil palmeraie
224746,8262035,riyad
224747,8262037,hay ach chbanat
224748,8262039,hay al fath
224749,8262040,hay nahda
224750,8262043,riyad
224751,8262045,tanger
224752,8262046,sidi maarouf
224753,8262047,agdal
224754,8262048,la gironde
224755,8262054,oulfa
224756,8262055,almaz
224758,8262058,burger
224759,8262061,route de safi
224760,8262063,ain borja
224761,8262065,burger
224762,8262068,bourgogne ouest
224763,8262069,casablanca
224765,8262071,hay mabrouka
224766,8262072,assif
224768,8262082,oulfa
224769,8262096,hay chrifa
224770,8262097,la gironde
224771,8262099,riviera
224772,8262100,belvedere
224773,8262102,lissasfa
224774,8262106,maarif extension
224775,8262107,laymoune
224776,8262110,maarif
224777,8262111,nassim 1
224778,8262113,ain chock
224779,8262116,ain borja
224780,8262117,sidi maarouf
224781,8262118,hay hassani
224782,8262124,hay hassani
224783,8262128,casablanca
224784,8262132,maarif extension
224785,8262134,nassim 1
224790,8262143,californie
224791,8262144,laymoune
224794,8262154,sidi maarouf
224795,8262155,bourgogne est
224796,8262160,alsace lorraine
224797,8262161,polo
224798,8262162,maarif extension
224799,8262164,hay el menzah
224800,8262169,les hopitaux
224801,8262176,daoudiat
224802,8262177,ouasis
224803,8262180,lekrimat
224804,8262182,mers sultan
224805,8262184,les hopitaux
224806,8262185,les hopitaux
224807,8262186,bourgogne ouest
224808,8262188,bourgogne ouest
224810,8262191,hay chrifa
224813,8262200,ain sebaa
224814,8262202,sidi maarouf
224815,8262203,zone industrielle oukacha
224816,8262206,belvedere
224817,8262211,hay alfarah
224818,8262212,val fleury
224820,8262216,oulfa
224822,8262224,mandarona
224823,8262229,palmier
224824,8262238,oulfa
224825,8262240,polo
224826,8262244,palmier
224827,8262245,beausite
224828,8262248,ain sebaa
224829,8262250,racine
224830,8262254,oulfa
224831,8262257,val fleury
224832,8262260,hay inara
224833,8262261,burger
224834,8262262,racine
224835,8262265,les princesses
224837,8262271,les hopitaux
224839,8262284,les hopitaux
224841,8262286,casablanca
224842,8262287,racine
224843,8262290,californie
224844,8262292,hay al massira
224845,8262293,sidi maarouf
224846,8262295,beausejour
224847,8262298,nassim 1
224848,8262301,val fleury
224849,8262303,polo
224850,8262307,bourgogne ouest
224851,8262310,les hopitaux
224852,8262314,ain sebaa
224854,8262323,beausejour
224856,8262325,californie
224857,8262328,anfa superieur
224858,8262330,sidi maarouf
224859,8262331,polo
224860,8262332,sidi maarouf
224861,8262335,bourgogne ouest
224862,8262336,izdihar
224863,8262337,riviera
224864,8262339,sidi maarouf
224865,8262340,racine
224866,8262341,racine
224867,8262343,maarif extension
224868,8262344,maarif extension
224869,8262345,racine
224870,8262347,maarif extension
224871,8262348,maarif extension
224872,8262353,gauthier
224873,8262355,bourgogne est
224874,8262356,maarif extension
224875,8262357,bourgogne est
224876,8262360,les hopitaux
224877,8262365,sidi maarouf
224878,8262366,la gironde
224879,8262367,racine
224880,8262369,les hopitaux
224881,8262370,les hopitaux
224882,8262371,ain sebaa
224883,8262372,palmier
224884,8262376,la gironde
224885,8262377,hay targa
224886,8262378,sidi maarouf
224887,8262379,maarif extension
224888,8262380,bourgogne ouest
224889,8262381,maarif extension
224890,8262382,la gironde
224891,8262383,laymoune
224892,8262384,belvedere
224893,8262387,laymoune
224894,8262388,beausejour
224895,8262389,maarif
224896,8262396,gueliz
224897,8262398,hay nahda
224898,8262401,maarif
224899,8262402,mhamid
224900,8262405,casablanca
224901,8262406,casablanca
224902,8262408,racine
224903,8262409,beausejour
224904,8262410,racine
224905,8262411,les hopitaux
224906,8262412,polo
224907,8262414,casablanca
224908,8262416,sidi moumen
224909,8262430,malabata
224910,8262432,casablanca
224911,8262433,la gironde
224912,8262436,val fleury
224913,8262444,belvedere
224914,8262446,mandarona
224915,8262448,oasis
224916,8262451,les hopitaux
224918,8262456,oasis
224919,8262457,californie
224920,8262458,sidi maarouf
224921,8262461,californie
224922,8262462,sidi maarouf
224923,8262463,maarif
224924,8262464,beausejour
224925,8262466,ennakhil palmeraie
224926,8262467,amelkis
224927,8262468,route de safi
224928,8262469,ennakhil palmeraie
224929,8262470,hay targa
224930,8262471,masmoudi
224931,8262472,masmoudi
224932,8262473,ennakhil palmeraie
224933,8262474,hivernage
224934,8262475,hay targa
224935,8262476,amerchich
224936,8262486,rabat
224937,8262490,ain sebaa
224938,8262492,hay targa
224939,8262494,hay targa
224940,8262497,oulfa
224941,8262499,palmier
224943,8262503,sidi maarouf
224944,8262510,casablanca
224945,8262515,casablanca
224946,8262519,derb omar
224947,8262521,californie
224948,8262526,casablanca
224949,8262530,belvedere
224950,8262532,sidi maarouf
224951,8262533,les hopitaux
224952,8262534,masmoudi
224953,8262536,mhamid
224954,8262538,alsace lorraine
224955,8262541,al qods
224958,8262572,route de fez
224959,8262577,moujahidine
224961,8262582,bourgogne ouest
224962,8262596,route casablanca
224963,8262617,habbous
224964,8262621,manar
224965,8262623,rmilat
224966,8262645,centre
224968,8262660,nassim 2
224973,8262692,roches noires
224974,8262715,anfa
224975,8262736,kaat ben nahid
224976,8262738,gueliz
224977,8262739,gueliz
224978,8262749,hermitage
224979,8262750,bourgogne ouest
224981,8262753,bab lhmar
224983,8262757,sidi maarouf
224984,8262769,maarif
224986,8262778,les hopitaux
224987,8262784,bel air val fleuri
224989,8262797,route de safi
224990,8262799,plateau al batha
224991,8262813,casablanca finance city
224992,8262826,route de l ourika
224993,8262844,route casablanca
224995,8262879,ahlane
224997,8262887,maarif
224998,8262893,malabata
224999,8262898,boukhalef
225000,8262903,oasis sud
225003,8262910,hermitage
225004,8262923,route casablanca
225007,8262937,ain diab
225008,8262942,ain diab
225009,8262943,nassim 2
225010,8262946,ennakhil palmeraie
225011,8262956,ain sebaa
225012,8262960,hivernage
225013,8262963,hay targa
225016,8263000,route de safi
225017,8263001,burger
225022,8263040,tanger city center
225024,8263052,route de safi
225029,8263077,riyad
225030,8263079,bournazil
225031,8263083,route de safi
225033,8263085,palmier
225036,8263093,centre
225040,8263097,gueliz
225041,8263102,mhamid
225042,8263107,ain diab
225043,8263112,arset el houta
225047,8263138,gueliz
225049,8263147,route de l ourika
225050,8263149,gueliz
225051,8263150,gueliz
225052,8263151,gueliz
225053,8263152,gueliz
225054,8263153,gueliz
225055,8263155,route de ouarzazate
225056,8263156,majorelle
225057,8263161,maarif extension
225058,8263172,gueliz
225060,8263251,maarif
225061,8263257,hay targa
225063,8263288,franceville
225064,8263294,hay hassani
225065,8263295,cil hay salam
225067,8263321,route de fez
225069,8263341,racine
225072,8263356,ain diab
225073,8263360,route de l ourika
225077,8263371,tanger city center
225078,8263375,oulfa
225079,8263385,hassan centre ville
225081,8263390,ahlane
225083,8263412,ahlane
225085,8263419,drissia
225087,8263429,racine
225088,8263438,gauthier
225089,8263441,gauthier
225090,8263448,hay targa
225092,8263471,route de fez
225095,8263496,bab ghmat
225096,8263506,assif
225097,8263512,medina
225098,8263530,ain sebaa
225099,8263531,route de l ourika
225102,8263549,haut agdal
225103,8263555,ennakhil palmeraie
225105,8263557,gueliz
225110,8263600,lalla chafia
225111,8263608,route casablanca
225112,8263614,agdal
225113,8263619,hay alfadl
225115,8263625,souissi
225116,8263626,californie
225120,8263659,route casablanca
225122,8263694,malabata
225123,8263701,centre
225124,8263709,cil hay salam
225126,8263720,de la plage
225128,8263730,gueliz
225129,8263739,riyad
225134,8263765,les princesses
225135,8263770,triangle d or
225136,8263776,michouar
225138,8263787,du golf
225139,8263793,malabata
225141,8263813,casabarata
225142,8263816,maarif extension
225143,8263822,beaus c3 a9jour
225144,8263830,quartier bachkou
225146,8263889,hay hassani
225147,8263891,gauthier
225150,8263907,sidi maarouf
225151,8263908,mers sultan
225152,8263913,californie
225153,8263914,izdihar
225154,8263917,casablanca
225155,8263919,quartier bachkou
225156,8263920,gauthier
225157,8263923,sidi maarouf
225158,8263925,val fleury
225159,8263927,iberie
225161,8263929,californie
225162,8263931,val fleury
225163,8263933,cil hay salam
225164,8263935,beausejour
225165,8263938,ain chock
225166,8263942,maarif extension
225167,8263943,diour jamaa
225168,8263947,quartier bachkou
225169,8263949,ain sebaa
225170,8263950,camp al ghoul
225171,8263952,les hopitaux
225173,8263963,roches noires
225174,8263971,haut agdal
225175,8263974,bourgogne est
225176,8263976,ferme bretonne hay arraha
225177,8263982,californie
225178,8263991,maarif
225179,8263992,bourgogne est
225180,8263994,palmier
225181,8263995,belvedere
225182,8263996,sidi maarouf
225184,8264000,ain diab extension
225186,8264002,polo
225187,8264007,laymoune
225188,8264008,gauthier
225189,8264010,tantonville
225190,8264011,ain sebaa
225191,8264014,belvedere
225192,8264020,mers sultan
225193,8264022,masmoudi
225194,8264024,hanaa 3 soussi
225195,8264026,ain diab extension
225196,8264027,gueliz
225197,8264031,racine
225198,8264032,cil hay salam
225199,8264033,val fleury
225200,8264035,californie
225201,8264036,la gironde
225202,8264037,bourgogne ouest
225203,8264038,californie
225205,8264041,mers sultan
225206,8264042,oasis
225207,8264045,sidi maarouf
225208,8264046,jbel kbir
225209,8264051,ferme bretonne hay arraha
225210,8264052,casablanca
225211,8264053,californie
225212,8264055,maarif
225213,8264057,de la plage
225214,8264058,ain sebaa
225216,8264066,les hopitaux
225217,8264068,les hopitaux
225219,8264071,oulfa
225220,8264076,longchamps hay al hanaa
225221,8264077,ain borja
225222,8264078,belvedere
225223,8264080,oulfa
225224,8264081,les princesses
225225,8264083,maarif
225226,8264086,palmier
225227,8264089,lissasfa
225228,8264090,casablanca
225230,8264095,racine
225231,8264097,bourgogne ouest
225232,8264098,casablanca
225234,8264109,oasis
225235,8264113,route amizmiz
225236,8264114,belvedere
225237,8264115,quartier al woroud
225238,8264118,ain chock
225239,8264120,belvedere
225240,8264121,polo
225241,8264123,maarif
225242,8264124,sidi maarouf
225243,8264125,bab ighli
225244,8264131,les hopitaux
225245,8264135,gauthier
225246,8264141,oulfa
225247,8264143,alsace lorraine
225248,8264144,palmier
225249,8264147,racine
225250,8264148,bourgogne est
225251,8264149,polo
225252,8264159,casablanca
225253,8264161,liberte
225256,8264168,fonciere
225257,8264169,al qods
225258,8264170,hay chrifa
225260,8264172,bourgogne ouest
225261,8264174,tanger
225263,8264183,marrakech
225264,8264187,gauthier
225265,8264188,ahlane
225266,8264190,tanger
225268,8264194,oasis sud
225269,8264195,belvedere
225270,8264200,les princesses
225271,8264202,gauthier
225272,8264205,la gironde
225273,8264207,les hopitaux
225274,8264209,casablanca
225275,8264210,californie
225276,8264211,laymoune
225277,8264214,californie
225278,8264215,val fleury
225279,8264218,beausejour
225280,8264219,derb mesfioui
225281,8264222,les princesses
225282,8264223,lissasfa
225283,8264226,casablanca
225284,8264228,sidi maarouf
225285,8264231,gauthier
225286,8264233,de la plage
225287,8264237,belvedere
225288,8264239,la gironde
225289,8264242,bourgogne ouest
225290,8264248,quartier bachkou
225291,8264251,ain borja
225292,8264254,polo
225293,8264256,castilla
225294,8264257,ahlane
225295,8264258,iberie
225296,8264260,manar
225298,8264262,bourgogne ouest
225299,8264263,la gironde
225300,8264266,oulfa
225302,8264273,sidi maarouf
225303,8264274,boukhalef
225304,8264275,al mandar al jamil
225305,8264276,burger
225306,8264277,casablanca
225307,8264279,laymoune
225308,8264281,alia
225309,8264282,gueliz
225310,8264286,californie
225311,8264287,franceville
225312,8264291,maarif extension
225313,8264294,bourgogne est
225314,8264296,maarif
225315,8264297,derb ben houmane
225316,8264298,hay targa
225317,8264301,roches noires
225318,8264303,tanger
225319,8264306,castilla
225320,8264313,maarif
225321,8264314,polo
225323,8264316,racine
225324,8264318,ennakhil palmeraie
225325,8264319,casablanca
225326,8264320,sidi moumen
225328,8264323,racine
225330,8264327,liberte
225331,8264328,casablanca
225332,8264329,nassim 1
225333,8264330,bourgogne est
225334,8264333,centre
225335,8264334,les hopitaux
225336,8264337,laymoune
225337,8264339,ferme bretonne hay arraha
225338,8264340,ain sebaa
225339,8264341,hay al fadl
225340,8264343,ennakhil palmeraie
225341,8264345,administratif
225342,8264346,beausejour
225343,8264353,mhamid
225345,8264358,laymoune
225346,8264367,les hopitaux
225347,8264370,laymoune
225348,8264373,amerchich
225350,8264379,nassim 1
225352,8264384,tanja balia
225353,8264387,beausejour
225354,8264390,les princesses
225355,8264395,belvedere
225356,8264400,racine
225357,8264401,lissasfa
225358,8264402,val fleury
225359,8264404,amerchich
225360,8264407,casablanca finance city
225361,8264410,hay alfarah
225362,8264412,les princesses
225363,8264415,lekrimat
225364,8264416,val fleury
225365,8264417,bourgogne ouest
225368,8264426,izdihar
225369,8264427,burger
225370,8264430,belvedere
225371,8264431,riviera
225372,8264433,californie
225373,8264443,moulay youssef
225374,8264445,de la plage
225376,8264447,racine
225379,8264455,racine
225386,8264490,riad al atlas
225387,8264491,maarif extension
225389,8264501,hay targa
225390,8264507,agdal
225391,8264526,sidi mimoun
225394,8264538,ahlane
225395,8264542,souissi
225398,8264567,agdal
225400,8264570,souissi
225407,8264611,daoudiat
225408,8264613,centre
225409,8264619,les portes de marrakech
225410,8264620,route de ouarzazate
225411,8264622,gueliz
225414,8264654,agdal
225415,8264656,riviera
225417,8264674,bourgogne ouest
225418,8264677,medina
225419,8264688,ain mezouar
225420,8264694,al amal
225421,8264709,malabata
225426,8264728,route de l ourika
225433,8264760,gueliz
225436,8264777,gueliz
225437,8264783,route de l ourika
225438,8264790,malabata
225439,8264799,racine
225441,8264801,gauthier
225442,8264809,gueliz
225444,8264825,tanja balia
225445,8264841,gueliz
225446,8264842,medina
225448,8264853,route amizmiz
225449,8264856,castilla
225450,8264860,riyad
225451,8264865,route de l ourika
225454,8264882,rmila
225456,8264893,ferme bretonne hay arraha
225457,8264895,centre
225459,8264907,ben saleh
225460,8264912,hay al haouz
225461,8264915,laymoune
225463,8264932,riyad
225467,8264980,ain diab extension
225469,8264983,cil hay salam
225470,8264984,agdal
225471,8264987,route de fez
225472,8264988,riviera
225474,8265013,hay achchabab
225475,8265014,hay mabrouka
225478,8265070,route de l ourika
225480,8265078,route de tahanaout
225482,8265084,gueliz
225483,8265091,beaus c3 a9jour
225485,8265099,maarif
225486,8265101,les princesses
225487,8265104,sidi maarouf
225491,8265120,liberte
225493,8265126,casablanca
225494,8265127,racine
225495,8265129,ain diab
225496,8265130,oasis
225499,8265133,polo
225501,8265138,route de safi
225502,8265139,route casablanca
225503,8265140,belvedere
225504,8265144,izdihar
225505,8265145,sidi maarouf
225506,8265146,les hopitaux
225507,8265148,maarif
225508,8265149,ferme bretonne hay arraha
225509,8265151,anfa
225510,8265152,hay el menzah
225512,8265161,beausite
225514,8265168,racine
225515,8265169,rmilat
225516,8265170,de la plage
225517,8265171,les princesses
225518,8265173,maarif
225519,8265174,polo
225520,8265175,ain sebaa
225521,8265176,assif
225522,8265178,maarif
225523,8265180,belvedere
225524,8265181,bourgogne est
225525,8265182,palmier
225526,8265186,maarif
225527,8265190,belvedere
225528,8265191,hay inara
225529,8265196,racine
225530,8265198,les princesses
225531,8265199,ain diab
225532,8265201,racine
225533,8265202,maarif
225534,8265203,ain borja
225535,8265207,riyad
225536,8265208,sidi maarouf
225538,8265211,benkirane
225539,8265217,mers sultan
225541,8265230,route de ouarzazate
225542,8265232,hay targa
225543,8265239,riyad
225545,8265244,sidi abbad
225546,8265249,majorelle
225548,8265264,ahl loghlam hay assalam
225549,8265270,ferme bretonne hay arraha
225551,8265280,ain diab
225555,8265307,gauthier
225556,8265324,oasis
225557,8265325,gueliz
225558,8265326,route de l ourika
225559,8265327,hay targa
225561,8265331,essebtiyen
225562,8265334,ferme bretonne hay arraha
225563,8265335,almaz
225564,8265336,plateau al batha
225566,8265362,kennaria
225570,8265385,route de ouarzazate
225571,8265388,hanaa 3 soussi
225575,8265416,ferme bretonne hay arraha
225576,8265417,hay chrifa
225577,8265420,gueliz
225578,8265425,sidi ben slimane el jazouli
225579,8265457,ain diab
225585,8265522,hivernage
225586,8265541,kennaria
225587,8265549,bel air val fleuri
225591,8265559,gueliz
225594,8265574,racine
225596,8265584,oasis
225598,8265590,iberie
225599,8265591,de la plage
225600,8265609,bouaakkaz
225603,8265635,kaat ben nahid
225604,8265638,hay targa
225611,8265700,franceville
225613,8265705,m c3 a9dina
225614,8265708,bourgogne ouest
225615,8265710,route de tahanaout
225617,8265721,medina
225619,8265737,la gironde
225620,8265743,californie
225623,8265751,arset ben chebli
225624,8265762,assouel
225625,8265770,arset ben chebli
225628,8265782,souissi
225631,8265787,rmila
225632,8265790,oasis
225633,8265802,sidi bou amar
225635,8265813,route de fez
225637,8265846,route de tahanaout
225639,8265860,daoudiat
225641,8265862,californie
225642,8265864,gueliz
225643,8265865,route de tahanaout
225647,8265881,polo
225648,8265888,bourgogne ouest
225649,8265894,les hopitaux
225655,8265924,route d agadir essaouira
225656,8265931,hivernage
225657,8265963,sidi mimoun
225659,8265967,benjdia
225662,8265979,derb ghalef
225663,8265995,triangle d or
225664,8266012,racine
225667,8266058,rmila
225670,8266084,riad zitoun
225671,8266092,californie
225673,8266099,ben saleh
225674,8266104,sidi maarouf
225675,8266111,beni touzine
225676,8266112,beni touzine
225677,8266113,beni touzine
225678,8266114,beni touzine
225680,8266120,route de ouarzazate
225681,8266125,gueliz
225682,8266170,boulevard med 6
225683,8266178,moujahidine
225685,8266191,samlalia
225686,8266192,franceville
225687,8266201,ennakhil palmeraie
225688,8266208,tanja balia
225690,8266215,medina
225691,8266217,tanja balia
225693,8266227,casablanca finance city
225694,8266230,tanger city center
225696,8266237,agdal
225697,8266244,route de safi
225698,8266258,riyad
225699,8266291,racine
225700,8266300,hay targa
225701,8266302,triangle d or
225703,8266311,route de safi
225705,8266319,agdal
225707,8266331,ennakhil palmeraie
225712,8266354,maarif
225716,8266370,maarif extension
225719,8266383,route amizmiz
225720,8266387,racine
225721,8266394,sania
225722,8266395,sidi othmane
225724,8266406,bourgogne est
225725,8266409,ain diab
225728,8266422,ain diab extension
225734,8266471,maarif
225735,8266473,agdal
225738,8266483,maarif extension
225740,8266519,maarif
225743,8266541,maarif extension
225744,8266546,agdal
225746,8266560,californie
225747,8266564,amelkis
225749,8266579,bouaakkaz
225750,8266583,route de l ourika
225751,8266584,camp al ghoul
225752,8266586,hay hassani
225754,8266607,aviation mabella
225755,8266611,les hopitaux
225756,8266613,azli
225758,8266621,gueliz
225759,8266622,majorelle
225760,8266623,medina
225761,8266624,route d agadir essaouira
225762,8266628,maarif
225764,8266646,bourgogne ouest
225767,8266660,souissi
225769,8266692,cil hay salam
225771,8266704,route de ouarzazate
225773,8266773,casablanca marina
225775,8266788,kennaria
225776,8266793,gueliz
225781,8266810,ain diab
225783,8266826,marjane
225789,8266858,belvedere
225791,8266863,ain sebaa
225792,8266866,malabata
225793,8266870,riyad
225795,8266881,iberie
225796,8266887,bouaakkaz
225797,8266892,hay targa
225798,8266896,malabata
225799,8266901,marjane
225800,8266904,route de ouarzazate
225801,8266922,anfa
225804,8266944,gueliz
225809,8266963,bourgogne est
225810,8266973,bourgogne ouest
225811,8266977,agdal
225813,8266991,malabata
225814,8266992,oulfa
225815,8266994,palmier
225816,8266998,cil hay salam
225819,8267009,route de safi
225820,8267010,agdal
225822,8267023,anfa
225823,8267024,oasis
225827,8267069,route de l ourika
225828,8267082,les hopitaux
225829,8267092,haut agdal
225830,8267094,arset moulay moussa
225831,8267098,souissi
225832,8267100,burger
225833,8267103,hay chrifa
225834,8267104,aouatif
225836,8267120,bourgogne ouest
225838,8267125,sidi ben slimane el jazouli
225840,8267140,ain diab
225842,8267144,racine
225843,8267145,racine
225845,8267176,route de tahanaout
225847,8267195,route casablanca
225848,8267196,anfa
225849,8267211,route casablanca
225851,8267225,hay al massira
225852,8267227,samlalia
225853,8267229,maarif
225854,8267232,route de ouarzazate
225858,8267245,agdal
225862,8267324,castilla
225863,8267333,ben saleh
225864,8267335,centre
225868,8267379,tanger city center
225871,8267383,tanger city center
225872,8267387,route de fez
225873,8267395,maarif
225874,8267406,route de l ourika
225877,8267412,gauthier
225878,8267430,ain borja
225879,8267432,marjane
225880,8267437,riyad
225881,8267438,camp al ghoul
225882,8267442,oulfa
225883,8267455,riviera
225884,8267459,gueliz
225885,8267465,route de fez
225886,8267466,route de ouarzazate
225888,8267474,hay saada 1
225889,8267475,gauthier
225892,8267498,route de tahanaout
225893,8267503,agdal
225894,8267504,casablanca
225897,8267532,centre
225900,8267579,mhamid
225901,8267602,al farah dar essalam
225902,8267606,mers sultan
225903,8267610,zaouia sidi ghalem
225906,8267641,ksibat nhas
225908,8267661,medina
225910,8267673,kaa el machraa
225911,8267687,hay lalla haya
225914,8267714,route de safi
225916,8267726,la floride
225919,8267743,route de tahanaout
225921,8267768,samlalia
225922,8267772,sidi abbad
225927,8267832,maarif
225930,8267847,arset sbaia
225932,8267853,route casablanca
225933,8267854,route casablanca
225934,8267855,route casablanca
225935,8267856,route casablanca
225936,8267857,route casablanca
225937,8267858,route casablanca
225939,8267865,kechich
225940,8267867,majorelle
225941,8267868,route de l ourika
225944,8267883,route de ouarzazate
225947,8267899,centre
225948,8267905,gueliz
225949,8267915,bourgogne ouest
225951,8267922,sidi maarouf
225952,8267924,route casablanca
225953,8267928,maarif
225956,8267948,gueliz
225961,8267981,ain diab
225962,8267985,ain diab extension
225963,8267990,majorelle
225966,8268031,hivernage
225969,8268043,gueliz
225970,8268044,route de l ourika
225971,8268055,gauthier
225972,8268085,bourgogne est
225979,8268114,ain sebaa
225981,8268142,marjane
225982,8268147,gauthier
225985,8268169,gueliz
225986,8268175,branes 2
225987,8268177,route casablanca
225990,8268205,gauthier
225994,8268224,cil hay salam
225995,8268228,mers sultan
225996,8268238,les princesses
225997,8268247,majorelle
225998,8268248,majorelle
225999,8268249,majorelle
226000,8268250,majorelle
226001,8268251,majorelle
226002,8268252,majorelle
226003,8268253,majorelle
226004,8268254,majorelle
226005,8268255,majorelle
226006,8268256,majorelle
226007,8268257,majorelle
226008,8268258,majorelle
226009,8268259,majorelle
226010,8268260,majorelle
226011,8268261,majorelle
226012,8268262,majorelle
226013,8268263,majorelle
226015,8268277,route de ouarzazate
226016,8268278,sidi ben slimane el jazouli
226017,8268280,riyad
226018,8268285,racine
226019,8268289,bab ghmat
226020,8268294,centre
226024,8268306,riyad
226026,8268316,gueliz
226028,8268319,beni makada lakdima
226029,8268321,zaouia sidi ghalem
226030,8268324,agdal
226031,8268333,al qods
226033,8268345,route de ouarzazate
226035,8268381,route de l ourika
226037,8268383,assouel
226038,8268388,maarif extension
226039,8268389,hivernage
226041,8268391,val fleury
226042,8268393,oulfa
226043,8268397,derb mesfioui
226044,8268399,izdihar
226046,8268418,ain sebaa
226047,8268419,izdihar
226051,8268434,almaz
226052,8268437,la floride
226053,8268438,almaz
226054,8268442,racine
226055,8268452,ain borja
226056,8268457,ain borja
226057,8268460,ain borja
226058,8268473,val fleury
226060,8268480,hivernage
226061,8268485,route amizmiz
226062,8268496,gueliz
226063,8268536,racine
226064,8268537,agdal
226065,8268542,route de fez
226066,8268544,gauthier
226067,8268545,les hopitaux
226068,8268547,palmier
226069,8268555,zaouiat lahdar
226070,8268568,iberie
226072,8268584,ain diab
226080,8268653,sidi ben slimane el jazouli
226081,8268660,racine
226084,8268679,kennaria
226087,8268724,ennakhil palmeraie
226090,8268747,gueliz
226092,8268752,agdal
226093,8268755,route de fez
226094,8268767,al qods
226095,8268770,de la plage
226096,8268771,ain diab extension
226097,8268774,gueliz
226100,8268785,route de fez
226102,8268790,el oued
226105,8268802,de la plage
226106,8268803,ahlane
226108,8268810,ma c3 a2rif extension
226110,8268821,tanja balia
226111,8268822,bourgogne ouest
226112,8268833,gueliz
226115,8268871,hay hassani
226117,8268892,mozart
226118,8268899,bernoussi
226119,8268901,gueliz
226121,8268907,gueliz
226123,8268925,casablanca
226124,8268926,val fleury
226126,8268932,les princesses
226128,8268956,ain sebaa
226131,8268969,achakar
226133,8268979,route casablanca
226134,8268980,rahba kedima
226135,8268987,riyad
226137,8268995,agdal
226140,8269030,bourgogne ouest
226142,8269037,bourgogne ouest
226146,8269055,ain diab
226147,8269056,gueliz
226148,8269057,takadoum
226149,8269059,mesnana
226150,8269063,guich oudaya
226151,8269065,riad zitoun
226153,8269084,californie
226154,8269092,californie
226155,8269097,mers sultan
226156,8269098,casablanca
226157,8269104,agdal
226158,8269107,route casablanca
226159,8269111,hay hassani
226160,8269113,de la plage
226162,8269130,route casablanca
226163,8269132,route casablanca
226166,8269145,route casablanca
226167,8269146,marrakech
226168,8269150,mandarona
226170,8269164,route de ouarzazate
226171,8269167,californie
226172,8269168,les princesses
226173,8269169,camp al ghoul
226174,8269171,el youssoufia
226175,8269175,l ocean
226177,8269186,l ocean
226178,8269188,anfa
226182,8269220,bab aylan
226186,8269266,palmier
226187,8269273,route casablanca
226191,8269296,la gironde
226193,8269350,el hara
226196,8269368,riyad
226197,8269380,samlalia
226198,8269381,californie
226199,8269385,la floride
226200,8269388,riyad
226201,8269398,route casablanca
226206,8269424,beni touzine
226207,8269427,agdal
226208,8269433,hay moulay rachid 1
226209,8269435,mozart
226210,8269451,gueliz
226213,8269468,derb ghalef
226215,8269475,route amizmiz
226216,8269483,les princesses
226217,8269485,les princesses
226219,8269487,maarif
226222,8269502,palmier
226225,8269510,bouchentouf
226227,8269535,riyad
226228,8269550,gueliz
226229,8269551,camp al ghoul
226230,8269567,agdal
226231,8269576,route de tahanaout
226233,8269579,du golf
226236,8269594,michouar
226237,8269595,gueliz
226238,8269596,californie
226239,8269605,riyad
226240,8269606,centre
226241,8269611,agdal
226244,8269661,les hopitaux
226246,8269669,maarif
226247,8269675,ain chock
226248,8269678,agdal
226249,8269687,les princesses
226254,8269708,oulfa
226258,8269738,route de l ourika
226259,8269742,mesnana
226263,8269776,zone industrielle oukacha
226266,8269799,racine
226270,8269812,route casablanca
226271,8269815,hay la c3 a2youne
226273,8269821,belvedere
226274,8269822,californie
226275,8269824,route de safi
226277,8269848,sidi mimoun
226280,8269897,agdal
226281,8269907,anfa superieur
226286,8269938,route casablanca
226288,8269970,mhamid
226292,8269995,gueliz
226293,8269997,gueliz
226295,8270017,bourgogne ouest
226297,8270065,riyad
226299,8270082,gueliz
226300,8270086,zone industrielle mghogha
226302,8270094,centre
226305,8270102,achakar
226307,8270106,californie
226308,8270113,azzouzia
226309,8270119,palmier
226311,8270139,ferme bretonne hay arraha
226315,8270183,riyad
226317,8270186,route de ouarzazate
226325,8270208,moujahidine
226326,8270219,palmier
226327,8270221,de la plage
226328,8270228,bourgogne ouest
226329,8270240,agdal
226330,8270243,maarif extension
226331,8270247,ain diab
226333,8270288,maarif
226336,8270307,sidi maarouf
226337,8270315,sidi bou amar
226338,8270316,riad zitoun
226340,8270345,route de tahanaout
226341,8270347,mhamid
226343,8270363,riyad
226348,8270386,aouatif
226349,8270388,gueliz
226351,8270391,assouel
226353,8270398,ennakhil palmeraie
226354,8270404,anfa
226356,8270412,ennakhil palmeraie
226360,8270435,agdal
226361,8270447,riyad
226365,8270484,maarif
226366,8270503,mouassine
226367,8270511,ain diab
226368,8270517,oasis
226372,8270530,rmila
226373,8270542,route de ouarzazate
226379,8270579,amelkis
226380,8270580,msala
226382,8270591,administratif
226383,8270598,gueliz
226384,8270601,amelkis
226387,8270619,ain diab
226388,8270635,route amizmiz
226390,8270644,maarif
226391,8270646,riyad
226394,8270695,agdal
226395,8270700,agdal
226396,8270701,souissi
226397,8270705,beausejour
226399,8270721,val fleury
226403,8270743,maarif
226406,8270767,almaz
226409,8270783,route de fez
226415,8270825,guich oudaya
226418,8270828,tanja balia
226422,8270863,boulevard med 6
226423,8270865,riviera
226424,8270870,palmier
226426,8270875,hassan centre ville
226427,8270887,sidi maarouf
226429,8270914,mandarona
226430,8270918,gueliz
226431,8270919,les princesses
226436,8270978,boulevard med 6
226438,8270997,hay targa
226442,8271019,oulfa
226446,8271032,hay targa
226451,8271053,sidi mimoun
226453,8271057,anfa
226455,8271068,hay targa
226456,8271070,maarif extension
226460,8271089,marjane
226461,8271095,ain diab
226462,8271097,kennaria
226464,8271131,les princesses
226466,8271151,route de ouarzazate
226468,8271169,al andalous
226472,8271185,oulfa
226473,8271187,route de fez
226474,8271188,amelkis
226475,8271189,agdal
226476,8271190,belvedere
226477,8271233,route de fez
226478,8271250,hivernage
226479,8271252,hay targa
226480,8271256,route amizmiz
226481,8271262,route de l ourika
226482,8271263,belvedere
226483,8271268,mandarona
226484,8271269,derb el mitre
226485,8271271,longchamps hay al hanaa
226486,8271284,derb ben houmane
226487,8271288,les princesses
226488,8271289,ain sebaa
226490,8271297,ain diab
226491,8271299,majorelle
226492,8271300,ain diab
226495,8271313,sidi mimoun
226496,8271318,jnan ben chagra
226501,8271338,hay targa
226502,8271342,arset el maach
226505,8271361,agdal
226506,8271362,belvedere
226507,8271365,ain diab
226508,8271366,les hopitaux
226509,8271373,zaouiat lahdar
226510,8271375,sidi abbad
226511,8271376,maarif
226512,8271406,route de l ourika
226513,8271426,issil
226514,8271438,gueliz
226515,8271445,hay targa
226516,8271449,moulay lyazid
226517,8271463,gueliz
226519,8271484,agdal
226520,8271486,route de l ourika
226523,8271497,hay targa
226524,8271505,californie
226525,8271510,boulevard med 6
226529,8271530,sidi ben slimane el jazouli
226531,8271541,derb ghalef
226532,8271548,quartier bachkou
226535,8271564,laymoune
226537,8271585,val fleury
226538,8271586,quartier des ambassades
226540,8271595,ouasis
226543,8271609,sidi maarouf
226547,8271625,hivernage
226550,8271645,hay inara
226552,8271668,palmier
226553,8271671,ain sebaa
226554,8271675,casablanca marina
226555,8271681,ben saleh
226556,8271691,souissi
226559,8271699,ain sebaa
226560,8271700,ain sebaa
226563,8271728,route de fez
226564,8271734,californie
226567,8271743,bab ghmat
226570,8271751,ben saleh
226571,8271754,centre
226572,8271767,ennakhil palmeraie
226574,8271778,el hara
226575,8271782,sania
226578,8271795,hay nahda
226579,8271799,agdal
226580,8271808,route casablanca
226581,8271822,route casablanca
226582,8271824,ain diab extension
226586,8271868,route d agadir essaouira
226588,8271886,souissi
226590,8271893,de la plage
226592,8271907,ziaten
226594,8271915,arset ben chebli
226595,8271918,tanja balia
226597,8271923,centre
226598,8271924,burger
226599,8271927,route amizmiz
226600,8271933,centre
226601,8271938,bourgogne ouest
226602,8271946,administratif
226603,8271948,sidi moumen
226604,8271950,route de safi
226605,8271958,sour jdid
226606,8271961,moujahidine
226607,8271967,route de l ourika
226608,8271973,les hopitaux
226610,8271984,hivernage
226611,8271989,route de tahanaout
226612,8271992,route amizmiz
226615,8272003,mers sultan
226616,8272011,route de tahanaout
226618,8272019,gueliz
226619,8272045,mghayer
226620,8272051,maarif extension
226622,8272073,maarif extension
226625,8272090,gueliz
226629,8272104,ennakhil palmeraie
226631,8272115,californie
226632,8272116,ain diab extension
226633,8272123,azli
226635,8272135,route de l ourika
226636,8272137,maarif
226638,8272145,laymoune
226639,8272146,rabat
226640,8272147,val fleury
226641,8272149,ferme bretonne hay arraha
226643,8272157,les princesses
226645,8272173,ferme bretonne hay arraha
226646,8272180,masmoudi
226647,8272183,sidi maarouf
226648,8272185,anfa
226649,8272189,rabat
226650,8272191,moujahidine
226651,8272194,michouar
226652,8272196,val fleury
226653,8272197,bab ghmat
226654,8272200,val fleury
226655,8272216,mhamid
226656,8272218,agdal
226657,8272221,hivernage
226658,8272222,mhamid
226659,8272223,route casablanca
226660,8272227,mhamid
226661,8272229,mhamid
226662,8272231,route de l ourika
226663,8272234,mhamid
226664,8272238,mhamid
226665,8272247,derb tolba
226666,8272252,belvedere
226667,8272263,essebtiyen
226668,8272265,gueliz
226669,8272274,agdal
226670,8272278,bourgogne ouest
226671,8272279,hay el menzah
226672,8272280,burger
226673,8272281,mandarona
226674,8272284,ain diab
226679,8272330,kebibat
226680,8272344,rahba kedima
226681,8272378,camp al ghoul
226683,8272391,palmier
226688,8272411,derb ghalef
226689,8272420,hay mabrouka
226692,8272461,gueliz
226694,8272477,agdal
226696,8272484,ain diab
226697,8272490,route de l ourika
226699,8272506,mediouna
226704,8272533,gueliz
226705,8272546,arset ben chebli
226706,8272563,bel air val fleuri
226707,8272579,palmier
226708,8272598,val fleury
226711,8272655,gueliz
226712,8272656,ain diab
226713,8272683,boulevard med 6
226716,8272699,palmier
226718,8272713,gauthier
226720,8272722,bourgogne ouest
226723,8272741,nassim 1
226724,8272748,oulfa
226725,8272752,kennaria
226726,8272767,agdal
226727,8272771,marjane
226728,8272778,ben saleh
226730,8272809,bourgogne est
226733,8272827,route casablanca
226734,8272832,bourgogne ouest
226736,8272847,hay moulay abdellah
226739,8272863,agdal
226740,8272864,kbour chou
226741,8272866,route de tahanaout
226742,8272876,gueliz
226743,8272878,iberie
226745,8272892,jbel kbir
226746,8272900,amelkis
226748,8272922,palmier
226750,8272936,centre
226753,8272957,maarif extension
226754,8272958,maarif extension
226755,8272959,maarif extension
226756,8272960,maarif extension
226757,8272961,maarif extension
226758,8272962,maarif extension
226759,8272963,maarif extension
226760,8272964,maarif extension
226762,8272966,maarif extension
226764,8272979,iberie
226765,8272990,gourziana
226767,8272994,bourgogne ouest
226773,8273029,de la plage
226774,8273030,agdal
226775,8273034,maarif
226777,8273050,marjane
226778,8273056,route de safi
226779,8273057,samlalia
226783,8273078,gauthier
226784,8273081,maarif extension
226785,8273084,sania
226788,8273093,les hopitaux
226789,8273095,medina
226790,8273096,ain diab extension
226791,8273097,ain diab extension
226792,8273098,ain diab extension
226793,8273099,ain diab extension
226794,8273100,ain diab extension
226795,8273101,ain diab extension
226796,8273102,ain diab extension
226797,8273103,ain diab extension
226798,8273104,m c3 a9dina
226799,8273114,ain diab extension
226800,8273115,ain diab extension
226801,8273116,ain diab extension
226802,8273117,ain diab extension
226803,8273118,ain diab extension
226804,8273119,ain diab extension
226806,8273125,hay yasmina
226807,8273139,gueliz
226808,8273142,amelkis
226809,8273145,malabata
226819,8273211,les princesses
226820,8273219,masmoudi
226822,8273232,malabata
226823,8273237,maarif
226825,8273252,route de l ourika
226827,8273258,marchan
226828,8273260,route de tahanaout
226829,8273263,route de l ourika
226830,8273264,ennakhil palmeraie
226831,8273274,agdal
226832,8273277,route de fez
226833,8273278,ouasis
226834,8273282,ain sebaa
226836,8273290,arset ben chebli
226837,8273297,agdal
226840,8273305,les princesses
226842,8273311,kebibat
226843,8273312,racine
226847,8273369,amelkis
226848,8273373,route de safi
226849,8273375,jawhar
226850,8273377,ferme bretonne hay arraha
226851,8273386,ennakhil palmeraie
226855,8273402,issil
226858,8273406,ain diab
226859,8273407,ain mezouar
226863,8273445,beausejour
226866,8273453,route de tahanaout
226867,8273454,belvedere
226868,8273457,ennakhil palmeraie
226869,8273458,hassan centre ville
226870,8273469,hivernage
226875,8273500,souissi
226876,8273501,route casablanca
226877,8273503,val fleury
226879,8273519,marjane
226880,8273520,zaouia sidi ghalem
226883,8273528,hassan centre ville
226885,8273537,samlalia
226886,8273541,mhamid
226887,8273551,californie
226888,8273555,casablanca finance city
226891,8273564,derb ghalef
226893,8273576,triangle d or
226896,8273589,sidi bou amar
226897,8273591,aouama gharbia
226901,8273620,el hara
226902,8273636,hay mabrouka
226903,8273640,souissi
226908,8273679,sidi bou amar
226912,8273698,port tanger ville
226913,8273702,sidi moumen
226914,8273704,almaz
226915,8273705,les hopitaux
226916,8273711,ahlane
226918,8273727,maarif extension
226920,8273747,route de tahanaout
226922,8273758,route de fez
226923,8273760,ksibat nhas
226924,8273761,arset moulay moussa
226925,8273765,route de l ourika
226926,8273766,val fleury
226929,8273784,marrakech
226930,8273790,hay mabrouka
226931,8273791,gauthier
226932,8273804,sidi bou amar
226933,8273810,de la plage
226936,8273835,agdal
226937,8273845,palmier
226942,8273873,ain sebaa
226943,8273875,gueliz
226946,8273889,route de tahanaout
226947,8273893,de la plage
226948,8273895,route de l ourika
226949,8273899,route amizmiz
226950,8273901,charf
226951,8273904,route de fez
226953,8273936,riyad
226955,8273950,bab ghmat
226958,8273963,mghogha
226960,8273977,masmoudi
226961,8273991,ferme bretonne hay arraha
226963,8274002,route de l ourika
226964,8274004,gueliz
226967,8274032,sania
226968,8274050,gueliz
226970,8274086,bab lhmar
226971,8274096,castilla
226974,8274121,jbel kbir
226975,8274126,roches noires
226981,8274158,mhamid
226982,8274161,palmier
226983,8274163,longchamps hay al hanaa
226984,8274169,polo
226985,8274172,route amizmiz
226986,8274177,mouassine
226987,8274181,samlalia
226989,8274187,camp al ghoul
226990,8274190,lissasfa
226992,8274195,kennaria
226993,8274201,oulfa
226994,8274206,val fleury
226996,8274212,marjane
226998,8274214,rmila
227002,8274223,ksibat nhas
227004,8274243,essebtiyen
227006,8274250,route de l ourika
227010,8274274,bab ghmat
227012,8274276,malabata
227014,8274282,mozart
227016,8274302,route de tahanaout
227017,8274308,sidi maarouf
227018,8274310,val fleury
227019,8274315,riyad
227021,8274344,route de fez
227023,8274354,oulfa
227024,8274355,hay annour
227025,8274380,ksibat nhas
227030,8274402,kennaria
227031,8274411,route d agadir essaouira
227034,8274422,medina
227037,8274439,les princesses
227038,8274449,gueliz
227040,8274452,route nationale assilah n1
227044,8274469,route de safi
227048,8274480,hay mabrouka
227050,8274493,massira 1
227052,8274496,gueliz
227054,8274516,arset ben chebli
227058,8274534,maarif extension
227059,8274538,arset ben chebli
227060,8274559,hassan centre ville
227061,8274569,tanja balia
227068,8274599,bourgogne est
227069,8274600,alsace lorraine
227070,8274609,almaz
227072,8274631,sidi mimoun
227073,8274642,californie
227078,8274690,hay hassani
227079,8274693,route de tahanaout
227082,8274711,californie
227092,8274764,route de tahanaout
227093,8274765,zaouiat lahdar
227096,8274779,riyad
227102,8274828,a c3 afn seba c3 a2
227104,8274836,zone industrielle
227105,8274853,riyad
227106,8274858,route amizmiz
227108,8274866,route amizmiz
227109,8274868,gauthier
227110,8274870,bourgogne ouest
227112,8274872,rmila
227115,8274910,maarif
227117,8274918,el moukef
227122,8274938,route de l ourika
227126,8274960,agdal
227127,8274961,agdal
227128,8274962,agdal
227129,8274963,agdal
227132,8274974,agdal
227134,8274979,boulevard med 6
227136,8274985,souissi
227137,8274993,route de fez
227142,8275048,hay al massira
227145,8275060,marjane
227147,8275067,ahlane
227150,8275082,du golf
227151,8275087,samlalia
227153,8275105,medina
227157,8275116,oulfa
227158,8275134,palmier
227159,8275136,gueliz
227160,8275139,route de fez
227162,8275150,route de ouarzazate
227165,8275160,gueliz
227166,8275162,les princesses
227167,8275168,hivernage
227168,8275171,centre
227170,8275179,mers sultan
227171,8275184,hay mabrouka
227172,8275194,longchamps hay al hanaa
227174,8275199,hay al amal
227175,8275201,rahba kedima
227178,8275220,assouel
227181,8275230,arset ben chebli
227183,8275233,les princesses
227185,8275247,palmier
227188,8275250,de la plage
227189,8275253,mozart
227194,8275300,medina
227195,8275304,hay targa
227196,8275306,les princesses
227198,8275309,issil
227199,8275322,hivernage
227200,8275327,maarif extension
227201,8275328,massira 3
227202,8275332,route de tahanaout
227203,8275334,les hopitaux
227204,8275345,bourgogne est
227205,8275351,mandarona
227206,8275353,la gironde
227207,8275359,almaz
227208,8275363,garage allal
227210,8275370,casablanca
227211,8275376,hay saada
227212,8275385,route de tahanaout
227213,8275388,mhamid
227214,8275396,sidi maarouf
227217,8275437,les hopitaux
227218,8275438,quartier bachkou
227219,8275440,la gironde
227220,8275441,les princesses
227221,8275448,malabata
227222,8275455,agdal
227223,8275465,assouel
227224,8275470,laymoune
227225,8275476,sidi mansour
227226,8275509,sania
227229,8275518,route de l ourika
227230,8275519,de la plage
227232,8275525,medina
227233,8275526,hay targa
227234,8275527,riyad
227237,8275545,hassan centre ville
227239,8275555,branes 1
227241,8275603,riyad
227242,8275606,hay moulay abdellah
227245,8275630,centre
227247,8275636,casablanca finance city
227248,8275638,malabata
227251,8275654,hay el menzah
227256,8275667,branes 2
227258,8275690,route de tahanaout
227260,8275692,route de ouarzazate
227261,8275697,route de tahanaout
227266,8275728,les princesses
227269,8275758,maarif extension
227270,8275759,maarif extension
227271,8275760,maarif extension
227273,8275762,maarif extension
227274,8275763,maarif extension
227277,8275773,ain diab
227279,8275783,gueliz
227281,8275789,mediouna
227282,8275799,centre
227283,8275814,moujahidine
227285,8275826,hay chrifa
227286,8275830,malabata
227287,8275841,ain diab extension
227288,8275842,ain diab extension
227289,8275843,ain diab extension
227290,8275844,ain diab extension
227291,8275845,ain diab extension
227292,8275846,ain diab extension
227293,8275847,ain diab extension
227294,8275848,ain diab extension
227297,8275853,oasis sud
227298,8275856,malabata
227299,8275857,riyad
227300,8275858,racine
227301,8275861,route de l ourika
227302,8275866,route d agadir essaouira
227303,8275872,ennakhil palmeraie
227304,8275886,route de tahanaout
227305,8275891,l ocean
227306,8275899,majorelle
227307,8275903,ain sebaa
227308,8275905,maarif
227309,8275916,belvedere
227310,8275921,hay arsalan
227311,8275925,majorelle
227313,8275927,agdal
227314,8275941,souani
227315,8275942,majorelle
227316,8275943,majorelle
227317,8275944,majorelle
227318,8275945,majorelle
227319,8275946,majorelle
227320,8275947,majorelle
227321,8275948,majorelle
227322,8275966,gueliz
227324,8275971,ferme bretonne hay arraha
227326,8275988,route de fez
227329,8276007,gauthier
227330,8276009,belvedere
227332,8276013,les hopitaux
227336,8276030,branes kdima
227337,8276031,maarif
227339,8276057,gueliz
227340,8276060,administratif
227341,8276061,route casablanca
227343,8276076,gueliz
227346,8276083,hay mabrouka
227353,8276110,malabata
227354,8276114,gueliz
227355,8276135,maarif
227356,8276141,gourziana
227357,8276143,gueliz
227358,8276144,gueliz
227359,8276149,route de l ourika
227361,8276169,gueliz
227363,8276187,route de tahanaout
227364,8276193,maarif
227365,8276202,mhamid
227367,8276221,triangle d or
227368,8276227,malabata
227369,8276233,zemmouri
227370,8276251,route de l ourika
227372,8276276,oasis
227374,8276281,les princesses
227375,8276282,kebibat
227376,8276283,sidi ben slimane el jazouli
227377,8276292,achakar
227378,8276294,route amizmiz
227380,8276299,ain sebaa
227381,8276312,izdihar
227382,8276326,gueliz
227383,8276331,route de l ourika
227384,8276339,casabarata
227385,8276343,gueliz
227386,8276344,michouar
227387,8276346,casabarata
227389,8276348,ferme bretonne hay arraha
227390,8276351,route de safi
227392,8276365,riviera
227393,8276367,ain diab
227394,8276370,agdal
227395,8276383,malabata
227396,8276387,agdal
227397,8276390,oasis
227398,8276395,hay chrifa
227400,8276409,bourgogne ouest
227402,8276414,sidi maarouf
227403,8276423,ain sebaa
227404,8276426,hivernage
227406,8276447,bourgogne ouest
227407,8276450,route de l ourika
227409,8276452,achakar
227411,8276454,bourgogne ouest
227414,8276464,bourgogne ouest
227415,8276473,agdal
227419,8276506,ksibat nhas
227420,8276509,agdal
227421,8276513,hay ach chbanat
227423,8276517,issil
227425,8276521,gauthier
227426,8276527,bella vista
227428,8276553,ain mezouar
227429,8276565,route casablanca
227430,8276572,sidi maarouf
227431,8276580,route casablanca
227432,8276581,route de ouarzazate
227437,8276645,route casablanca
227438,8276651,hivernage
227440,8276659,route de l ourika
227443,8276708,ahlane
227445,8276726,majorelle
227449,8276736,route de tahanaout
227450,8276742,de la plage
227452,8276746,assouel
227454,8276755,marjane
227455,8276758,el moukef
227456,8276759,zaouia sidi ghalem
227463,8276778,longchamps hay al hanaa
227464,8276779,ben saleh
227465,8276783,gueliz
227466,8276789,hay targa
227469,8276797,route de l ourika
227472,8276808,souissi
227475,8276825,riyad
227478,8276872,gauthier
227479,8276874,amelkis
227480,8276875,el youssoufia
227482,8276881,route de l ourika
227484,8276895,route de l ourika
227486,8276900,route nationale assilah n1
227487,8276905,boulevard med 6
227488,8276906,assouel
227490,8276919,jirrari
227491,8276933,ahlane
227493,8276941,hay zobir
227494,8276942,mers sultan
227495,8276946,racine
227496,8276950,hay targa
227497,8276951,hay targa
227498,8276952,hay targa
227499,8276953,hay targa
227500,8276954,hay targa
227501,8276955,hay targa
227502,8276956,hay targa
227503,8276957,hay targa
227504,8276958,hay targa
227505,8276959,hay targa
227506,8276960,hay targa
227507,8276961,hay targa
227508,8276974,route casablanca
227513,8276995,gueliz
227516,8277016,bourgogne ouest
227517,8277028,bourgogne est
227518,8277030,gauthier
227519,8277034,marrakech
227521,8277046,route de l ourika
227523,8277049,lekrimat
227524,8277050,riyad
227525,8277058,bourgogne ouest
227528,8277077,boulevard med 6
227529,8277086,hivernage
227530,8277091,hivernage
227531,8277094,triangle d or
227532,8277099,les portes de marrakech
227534,8277109,route casablanca
227535,8277111,gueliz
227536,8277121,majorelle
227537,8277122,bourgogne ouest
227538,8277126,gueliz
227539,8277139,samlalia
227542,8277157,route amizmiz
227543,8277158,route amizmiz
227545,8277161,centre
227548,8277174,sidi bou amar
227549,8277178,maarif
227551,8277200,riad al atlas
227556,8277214,val fleury
227557,8277215,val fleury
227558,8277219,oasis
227561,8277235,gauthier
227563,8277248,marjane
227565,8277259,charf
227566,8277263,marjane
227568,8277266,hay hassani
227571,8277283,iberie
227573,8277286,gueliz
227576,8277303,route de safi
227583,8277314,gueliz
227584,8277317,route de l ourika
227585,8277322,route de l ourika
227586,8277324,tacharouk hay al walaa
227588,8277344,ain mezouar
227589,8277347,hay hassani
227590,8277358,hay targa
227591,8277365,les princesses
227592,8277372,longchamps hay al hanaa
227595,8277379,gueliz
227596,8277381,alsace lorraine
227599,8277414,marjane
227600,8277415,beausejour
227601,8277420,oulfa
227606,8277431,route de l ourika
227607,8277437,kennaria
227608,8277438,kaat ben nahid
227609,8277441,franceville
227610,8277444,racine
227611,8277457,route de ouarzazate
227614,8277499,route casablanca
227616,8277507,route casablanca
227624,8277544,hivernage
227626,8277551,sidi othmane
227627,8277556,agdal
227629,8277583,palmier
227631,8277586,izdihar
227633,8277596,agdal
227635,8277607,route de l ourika
227640,8277635,ain mezouar
227642,8277637,sania
227645,8277650,ain borja
227647,8277677,moulay youssef
227648,8277685,tantonville
227649,8277687,ain borja
227650,8277689,ain diab
227651,8277690,bourgogne ouest
227656,8277705,ain sebaa
227657,8277708,massira 1
227658,8277710,hay targa
227659,8277715,gueliz
227660,8277737,charf
227661,8277746,route de ouarzazate
227663,8277760,les portes de marrakech
227664,8277770,boukhalef
227671,8277794,derb ghalef
227678,8277821,hay arsalan
227679,8277843,souissi
227681,8277868,sidi mimoun
227682,8277889,agdal
227685,8277903,malabata
227686,8277906,majorelle
227687,8277908,azib haj kaddour
227688,8277915,route de tahanaout
227689,8277917,majorelle
227692,8277928,ennakhil palmeraie
227699,8277962,anfa
227701,8277971,route amizmiz
227702,8277975,sidi mimoun
227704,8277982,riyad
227705,8277985,les princesses
227707,8277997,route de l ourika
227708,8278003,bab ighli
227709,8278009,route amizmiz
227710,8278018,ennakhil palmeraie
227716,8278034,moujahidine
227719,8278056,sidi maarouf
227724,8278094,mesnana
227728,8278139,riviera
227730,8278144,casablanca finance city
227733,8278150,boumesmar
227734,8278153,mhamid
227735,8278160,izdihar
227736,8278169,gauthier
227737,8278179,gueliz
227741,8278200,castilla
227743,8278216,anfa
227744,8278219,ben saleh
227745,8278225,maarif extension
227749,8278237,gauthier
227751,8278246,gueliz
227752,8278257,administratif
227753,8278258,gueliz
227754,8278261,route casablanca
227755,8278262,kennaria
227758,8278276,ain diab extension
227759,8278284,castilla
227760,8278299,riad al atlas
227761,8278308,michouar
227764,8278338,gueliz
227765,8278344,franceville
227766,8278345,californie
227767,8278346,daoudiat
227768,8278350,bourgogne ouest
227772,8278372,californie
227773,8278376,ain diab extension
227774,8278380,route de safi
227775,8278382,hay targa
227777,8278389,riviera
227778,8278391,oasis
227779,8278401,californie
227782,8278420,gueliz
227785,8278451,gauthier
227787,8278454,gueliz
227789,8278462,gueliz
227791,8278469,samlalia
227802,8278530,hay targa
227803,8278531,les princesses
227806,8278539,route casablanca
227807,8278540,gueliz
227808,8278541,gueliz
227809,8278544,route de ouarzazate
227811,8278552,route de tahanaout
227812,8278557,tantonville
227813,8278568,sidi moumen
227814,8278569,malabata
227816,8278574,route de ouarzazate
227819,8278587,souissi
227821,8278590,branes 2
227825,8278612,agdal
227827,8278640,souissi
227828,8278642,ksibat nhas
227829,8278646,route de l ourika
227832,8278683,casablanca
227833,8278689,liberte
227835,8278692,bourgogne ouest
227836,8278693,oulfa
227837,8278697,route de tahanaout
227838,8278703,daoudiat
227839,8278710,hay targa
227842,8278732,hay mabrouka
227843,8278733,boukhalef
227844,8278739,amelkis
227845,8278752,les princesses
227846,8278753,californie
227847,8278754,val fleury
227849,8278761,val fleury
227850,8278764,val fleury
227851,8278768,val fleury
227852,8278769,ennakhil palmeraie
227853,8278772,val fleury
227854,8278775,val fleury
227855,8278776,sidi mimoun
227856,8278777,route de safi
227857,8278778,val fleury
227858,8278779,val fleury
227862,8278804,centre
227863,8278811,tanja balia
227865,8278815,marjane
227866,8278822,aouama gharbia
227873,8278882,centre
227874,8278889,gueliz
227875,8278893,agdal
227876,8278895,route de ouarzazate
227877,8278896,gueliz
227878,8278897,lahraouiyine
227879,8278899,agdal
227883,8278913,zaouia sidi ghalem
227885,8278931,marjane
227894,8278963,ain sebaa
227895,8278966,hay targa
227897,8278969,route casablanca
227898,8278972,bourgogne est
227900,8278978,hay mabrouka
227909,8279017,gueliz
227910,8279029,gueliz
227912,8279045,les portes de marrakech
227914,8279054,route de l ourika
227917,8279076,route de l ourika
227918,8279077,route de l ourika
227920,8279087,marrakech
227921,8279092,hay saada
227924,8279142,oulfa
227925,8279147,riyad
227926,8279151,riad zitoun
227927,8279153,ahlane
227928,8279160,amerchich
227930,8279163,kennaria
227931,8279165,arset el houta
227935,8279186,arset ben chebli
227936,8279197,rahba kedima
227941,8279215,route de l ourika
227942,8279219,malabata
227945,8279237,roches noires
227947,8279267,azzouzia
227957,8279315,bourgogne ouest
227961,8279328,route de l ourika
227962,8279329,route de l ourika
227964,8279336,assif
227966,8279357,centre
227968,8279364,aouama gharbia
227969,8279374,route casablanca
227970,8279375,maarif
227974,8279404,hay antaria
227975,8279418,iberie
227976,8279420,iberie
227981,8279445,belbekkar
227982,8279451,moujahidine
227983,8279452,maarif
227985,8279468,hay el menzah
227986,8279470,boulevard med 6
227987,8279480,route casablanca
227988,8279484,maarif extension
227989,8279488,ennakhil palmeraie
227991,8279497,route de fez
227995,8279510,bourgogne ouest
227996,8279515,triangle d or
228000,8279538,ennakhil palmeraie
228002,8279541,ancienne medina
228004,8279546,arset ihiri
228005,8279547,souissi
228006,8279551,oasis
228008,8279558,agdal
228009,8279559,hivernage
228010,8279560,samlalia
228011,8279563,racine
228012,8279573,hay hassani
228013,8279576,moujahidine
228014,8279593,mers sultan
228016,8279625,route de ouarzazate
228017,8279627,aharrarine
228018,8279628,souissi
228019,8279631,beausejour
228020,8279632,ben saleh
228021,8279638,route de tahanaout
228023,8279648,hay targa
228025,8279654,les hopitaux
228028,8279661,riyad
228030,8279673,gueliz
228033,8279692,riad zitoun
228034,8279696,centre
228036,8279699,sidi moumen
228038,8279704,agdal
228042,8279727,ain sebaa
228043,8279728,route nationale assilah n1
228044,8279731,agdal
228046,8279737,hay hassani
228049,8279746,val fleury
228052,8279752,oasis
228053,8279755,ain diab
228054,8279756,oasis
228055,8279758,maarif extension
228056,8279760,maarif extension
228058,8279774,hay targa
228059,8279781,souissi
228061,8279791,sidi belyout
228062,8279794,route amizmiz
228063,8279798,port
228064,8279804,riad zitoun
228065,8279807,val fleury
228067,8279818,medina
228068,8279825,val fleury
228069,8279827,val fleury
228071,8279831,val fleury
228072,8279834,anfa superieur
228073,8279836,route de fez
228075,8279840,val fleury
228076,8279847,val fleury
228077,8279848,val fleury
228078,8279857,administratif
228081,8279874,iberie
228082,8279875,tanger city center
228083,8279886,derb al madania
228084,8279892,nassim 1
228085,8279900,route de tahanaout
228092,8279932,anfa superieur
228097,8279962,riviera
228098,8279964,route d agadir essaouira
228099,8279971,beausejour
228100,8279976,palmier
228101,8279981,racine
228102,8279997,michouar
228104,8280007,gueliz
228105,8280014,belvedere
228109,8280037,la gironde
228110,8280077,route de tahanaout
228111,8280081,mers sultan
228112,8280082,anfa
228113,8280102,gueliz
228116,8280134,centre
228117,8280156,sidi maarouf
228118,8280161,route amizmiz
228119,8280201,hay targa
228122,8280213,gueliz
228124,8280225,gueliz
228125,8280228,sania
228127,8280230,achakar
228131,8280253,belvedere
228133,8280260,hay targa
228137,8280296,route casablanca
228138,8280300,gueliz
228139,8280305,route de fez
228142,8280325,oulfa
228146,8280356,maarif extension
228148,8280371,kbour chou
228149,8280373,route casablanca
228153,8280411,gueliz
228155,8280453,route amizmiz
228158,8280462,achakar
228163,8280492,ain chock
228164,8280510,sidi maarouf
228171,8280560,route de l ourika
228172,8280569,ma c3 a2rif extension
228174,8280582,gueliz
228188,8280657,sidi ben slimane el jazouli
228198,8280676,gueliz
228202,8280681,route d agadir essaouira
228230,8280728,ferme bretonne hay arraha
228231,8280734,route de fez
228233,8280761,racine
228235,8280771,el majd
228236,8280772,sania
228238,8280801,hay mohammadi
228243,8280869,ziaten
228251,8280936,quartier des ambassades
228252,8280945,ain diab
228254,8280971,belvedere
228256,8281028,route nationale assilah n1
228257,8281031,mozart
228258,8281041,achakar
228260,8281051,hay alfarah
228261,8281052,ennakhil palmeraie
228264,8281068,beausite
228265,8281069,beausejour
228266,8281071,agdal
228268,8281075,zone industrielle oukacha
228270,8281098,haut agdal
228272,8281103,tantonville
228283,8281139,ain diab
228285,8281142,palmier
228289,8281179,route casablanca
228290,8281184,tanja balia
228293,8281201,tanja balia
228295,8281219,route de l ourika
228296,8281228,amerchich
228297,8281244,route amizmiz
228298,8281250,tanger city center
228299,8281252,castilla
228302,8281260,bourgogne ouest
228305,8281277,agdal
228307,8281286,riyad
228308,8281290,agdal
228309,8281293,tanja balia
228311,8281296,route casablanca
228312,8281297,beausejour
228317,8281321,marjane
228321,8281333,route nationale assilah n1
228324,8281356,gueliz
228325,8281357,arset ihiri
228328,8281365,bournazil
228332,8281380,arset ihiri
228336,8281397,camp al ghoul
228337,8281401,riyad
228340,8281411,derb omar
228341,8281413,val fleury
228343,8281418,oasis
228344,8281419,californie
228345,8281420,sidi ben slimane el jazouli
228346,8281421,maarif extension
228354,8281463,rmila
228356,8281469,souissi
228357,8281474,oulfa
228358,8281475,administratif
228362,8281499,gueliz
228366,8281523,marjane
228367,8281534,iberie
228368,8281540,sidi maarouf
228370,8281552,ennakhil palmeraie
228373,8281557,ennakhil palmeraie
228374,8281577,jawhar
228375,8281580,achakar
228377,8281596,agdal
228381,8281611,gueliz
228382,8281615,gauthier
228385,8281619,riyad
228387,8281640,gueliz
228391,8281656,ain borja
228392,8281658,souissi
228393,8281667,souissi
228395,8281677,route amizmiz
228396,8281678,casablanca finance city
228399,8281700,el majd
228400,8281703,branes 2
228401,8281704,branes 2
228406,8281720,les hopitaux
228407,8281728,route de l ourika
228410,8281773,azib haj kaddour
228412,8281779,route de safi
228417,8281803,hay targa
228420,8281817,route amizmiz
228422,8281836,route de ouarzazate
228426,8281858,agdal
228427,8281859,ain sebaa
228430,8281876,palmier
228432,8281896,route nationale assilah n1
228437,8281924,moulay lyazid
228439,8281940,gueliz
228440,8281949,route de fez
228442,8281953,el moukef
228443,8281954,route de l ourika
228444,8281958,ferme bretonne hay arraha
228446,8281979,rmila
228447,8281980,sidi youssef
228448,8281984,oasis
228450,8281989,boukhalef
228452,8281998,mesnana
228455,8282017,route de tahanaout
228458,8282033,gueliz
228459,8282034,racine
228460,8282035,mers sultan
228461,8282036,bourgogne ouest
228470,8282079,rmila
228472,8282086,derb chtouka
228474,8282092,oulfa
228475,8282106,californie
228476,8282108,jbel kbir
228477,8282109,route de ouarzazate
228478,8282111,les princesses
228480,8282164,centre ville
228485,8282180,route amizmiz
228486,8282182,racine
228487,8282189,mers sultan
228489,8282195,route casablanca
228490,8282197,hay zobir
228491,8282202,route de fes
228495,8282220,route casablanca
228496,8282223,hay mabrouka
228504,8282254,riyad
228505,8282260,agdal
228506,8282266,route de ouarzazate
228507,8282334,marrakech
228514,8282805,agdal
228519,8282891,ain borja
228520,8282895,sidi maarouf
228521,8282898,sidi maarouf
228522,8282899,sidi maarouf
228523,8282900,sidi maarouf
228524,8282901,sidi maarouf
228525,8282902,sidi maarouf
228526,8282903,sidi maarouf
228527,8282904,sidi maarouf
228528,8282905,sidi maarouf
228529,8282906,sidi maarouf
228530,8282907,sidi maarouf
228531,8282908,sidi maarouf
228532,8282913,rmila
228533,8282918,sidi maarouf
228535,8282922,samlalia
228537,8282945,bourgogne ouest
228538,8282946,hay mabrouka
228542,8282963,val fleury
228544,8282965,route de tahanaout
228546,8282978,centre
228549,8282992,almaz
228550,8282994,centre
228551,8283000,bourgogne ouest
228553,8283003,castilla
228554,8283006,boubana
228555,8283007,route d agadir essaouira
228558,8283053,route amizmiz
228559,8283054,route amizmiz
228560,8283066,arset el houta
228561,8283077,les hopitaux
228563,8283080,quartier des ambassades
228566,8283087,manar
228567,8283093,souissi
228569,8283108,route casablanca
228570,8283109,riyad
228571,8283111,les portes de marrakech
228572,8283116,zone industrielle oukacha
228573,8283117,route de safi
228577,8283129,anfa
228578,8283137,gueliz
228580,8283143,les princesses
228581,8283152,gueliz
228582,8283158,medina
228585,8283164,boulevard med 6
228586,8283173,palmier
228587,8283176,route amizmiz
228590,8283183,palmier
228591,8283184,californie
228592,8283217,bourgogne est
228593,8283225,lissasfa
228594,8283227,route de fez
228600,8283256,souissi
228601,8283260,route de tahanaout
228606,8283280,riyad
228607,8283287,riyad
228609,8283300,mghogha
228610,8283304,route amizmiz
228611,8283305,arset el houta
228612,8283309,route de fez
228617,8283324,iberie
228619,8283326,marjane
228621,8283336,racine
228622,8283340,hay hassani
228625,8283349,habbous
228626,8283350,route de ouarzazate
228627,8283367,bourgogne ouest
228628,8283368,hay targa
228629,8283369,hay targa
228630,8283375,ain diab
228631,8283377,route amizmiz
228633,8283385,route de tahanaout
228634,8283391,gueliz
228635,8283395,route de l ourika
228638,8283401,bab ghmat
228639,8283402,issil
228640,8283403,route de l ourika
228642,8283409,agdal
228645,8283421,route de l ourika
228649,8283429,les hopitaux
228650,8283431,hivernage
228653,8283438,les hopitaux
228655,8283441,mandarona
228658,8283452,cil hay salam
228660,8283454,route nationale assilah n1
228661,8283460,route nationale assilah n1
228662,8283465,gueliz
228665,8283476,route de l ourika
228666,8283477,route casablanca
228667,8283479,agdal
228668,8283480,polo
228669,8283481,les hopitaux
228670,8283484,oasis
228672,8283487,cil hay salam
228674,8283492,branes 2
228675,8283502,marrakech
228677,8283509,californie
228682,8283536,sidi ben slimane el jazouli
228684,8283544,sidi mimoun
228687,8283562,sidi maarouf
228691,8283593,rahba kedima
228694,8283620,ain sebaa
228695,8283627,ben saleh
228696,8283629,berrima
228699,8283652,hivernage
228700,8283656,ferme bretonne hay arraha
228705,8283720,centre
228706,8283721,sidi bou amar
228707,8283734,ferme bretonne hay arraha
228708,8283735,camp al ghoul
228709,8283744,quartier bachkou
228712,8283763,hay hassani
228713,8283771,les hopitaux
228715,8283791,souissi
228720,8283826,oasis sud
228723,8283852,al amal
228724,8283864,mghogha
228726,8283877,ain diab
228728,8283882,sania
228736,8283914,gueliz
228739,8283924,marjane
228741,8283929,agdal
228746,8283943,al azhar
228749,8283951,route amizmiz
228751,8283955,mhamid
228753,8283978,route de l ourika
228754,8283988,hay saada
228755,8283989,triangle d or
228757,8283992,moulay lyazid
228758,8283994,racine
228759,8283995,californie
228763,8284009,oulfa
228765,8284014,racine
228767,8284017,maarif
228768,8284018,izdihar
228770,8284020,nassim 1
228771,8284023,sidi ben slimane el jazouli
228775,8284034,bourgogne ouest
228780,8284049,sidi maarouf
228781,8284050,ain diab
228784,8284060,malabata
228787,8284064,gauthier
228794,8284087,sidi maarouf
228797,8284107,kennaria
228800,8284116,riyad
228801,8284118,centre ville
228802,8284126,racine
228811,8284167,assouel
228816,8284187,arset ihiri
228820,8284202,souissi
228821,8284203,arset ihiri
228823,8284211,ain mezouar
228826,8284223,kbour chou
228827,8284227,hay mabrouka
228828,8284229,ain chock
228830,8284234,mghogha
228832,8284239,sidi bou amar
228838,8284258,franceville
228843,8284269,val fleury
228849,8284295,ennakhil palmeraie
228861,8284328,route de l ourika
228864,8284339,azzouzia
228865,8284340,route casablanca
228867,8284351,ouasis
228869,8284354,hivernage
228870,8284365,hay chrifa
228873,8284381,racine
228883,8284403,hay mabrouka
228884,8284408,les hopitaux
228885,8284409,malabata
228886,8284410,route de l ourika
228888,8284415,malabata
228891,8284422,hay targa
228893,8284429,route casablanca
228894,8284431,route casablanca
228896,8284436,hassan centre ville
228897,8284437,hay mabrouka
228898,8284438,administratif
228901,8284461,hay targa
228903,8284468,racine
228907,8284491,racine
228910,8284499,majorelle
228913,8284505,anfa
228915,8284511,riyad
228919,8284527,les portes de marrakech
228920,8284529,sidi abbad
228921,8284530,gueliz
228924,8284534,gueliz
228926,8284540,hay hassani
228928,8284542,camp al ghoul
228932,8284564,riyad
228934,8284579,souissi
228938,8284615,laymoune
228943,8284637,les princesses
228944,8284638,roches noires
228946,8284644,mers sultan
228959,8284680,ain diab
228961,8284694,hay targa
228966,8284728,hay achchabab
228971,8284774,moulay lyazid
228973,8284790,benjdia
228987,8284831,massira 2
228993,8284842,hay targa
228996,8284847,hay targa
228998,8284851,hivernage
229000,8284855,agdal
229002,8284860,hivernage
229006,8284872,route de ouarzazate
229007,8284874,souissi
229010,8284881,marjane
229011,8284883,administratif
229013,8284886,moujahidine
229015,8284892,ben saleh
229020,8284904,souissi
229022,8284915,tanja balia
229025,8284922,souissi
229027,8284930,bourgogne est
229036,8284961,de la plage
229041,8284978,route casablanca
229046,8284994,casablanca
229049,8284998,riyad
229050,8284999,ferme bretonne hay arraha
229051,8285003,route amizmiz
229056,8285026,beausejour
229064,8285057,hivernage
229066,8285067,roches noires
229067,8285070,route amizmiz
229068,8285077,du golf
229069,8285080,gueliz
229070,8285081,zone industrielle moulay rachid
229071,8285086,riyad
229075,8285101,ennakhil palmeraie
229077,8285108,ain sebaa
229079,8285113,oulfa
229081,8285117,route casablanca
229082,8285119,cil hay salam
229084,8285128,centre
229085,8285129,oasis
229092,8285159,gauthier
229094,8285171,riyad
229100,8285205,boulevard med 6
229101,8285208,jbel kbir
229112,8285245,oulfa
229113,8285247,gauthier
229120,8285271,route de l ourika
229122,8285275,hassan centre ville
229130,8285303,mouassine
229134,8285314,gauthier
229140,8285325,amelkis
229141,8285326,boulevard med 6
229143,8285330,amelkis
229147,8285338,sidi abbad
229149,8285341,val fleury
229150,8285342,les princesses
229156,8285388,assouel
229158,8285400,agdal
229159,8285409,riyad
229164,8285424,ennakhil palmeraie
229166,8285435,riyad
229169,8285442,de la plage
229172,8285450,ahlane
229178,8285488,route de tahanaout
229181,8285502,gueliz
229183,8285506,hay mabrouka
229185,8285516,bel air
229187,8285537,mouassine
229190,8285577,maarif extension
229191,8285589,gueliz
229192,8285591,boulevard med 6
229193,8285592,souissi
229195,8285602,hay targa
229196,8285616,m c3 a9dina
229198,8285623,route casablanca
229200,8285625,hay hassani
229205,8285647,ben dibane
229208,8285654,burger
229211,8285664,derb lahjar
229219,8285684,achakar
229220,8285689,moujahidine
229221,8285690,sidi maarouf
229222,8285693,gueliz
229224,8285697,gueliz
229227,8285701,californie
229228,8285703,mhamid
229231,8285716,achakar
229232,8285717,nassim 2
229234,8285719,route de tahanaout
229240,8285741,route amizmiz
229246,8285763,gueliz
229247,8285767,azli
229251,8285779,camp al ghoul
229252,8285782,gueliz
229254,8285796,cil hay salam
229257,8285817,azib haj kaddour
229262,8285840,kechich
229263,8285842,malabata
229270,8285861,riyad
229271,8285862,hay targa
229272,8285864,boulevard med 6
229273,8285865,hay targa
229276,8285885,route de fez
229280,8285891,route amizmiz
229282,8285897,les princesses
229286,8285905,sidi maarouf
229288,8285907,castilla
229289,8285910,racine
229290,8285911,castilla
229292,8285919,la floride
229294,8285923,palmier
229295,8285929,msala
229302,8285941,castilla
229303,8285943,mesnana
229307,8285952,mesnana
229309,8285956,mers sultan
229312,8285959,mesnana
229313,8285962,mesnana
229314,8285969,amelkis
229316,8285975,ksibat nhas
229318,8285978,sidi bou amar
229320,8285983,gueliz
229322,8285988,gueliz
229324,8285994,route de fez
229333,8286013,samlalia
229336,8286020,sanaoubar
229337,8286021,amelkis
229338,8286023,route de tahanaout
229339,8286029,riyad
229340,8286038,maarif
229341,8286039,majorelle
229343,8286045,racine
229344,8286046,ain diab
229345,8286056,aharrarine
229354,8286076,rabat
229359,8286086,sidi mimoun
229364,8286099,rabat
229365,8286103,ain diab
229372,8286123,racine
229373,8286124,gueliz
229378,8286139,gueliz
229379,8286144,palmier
229380,8286145,triangle d or
229383,8286153,malabata
229389,8286180,majorelle
229390,8286185,gueliz
229391,8286197,berrima
229392,8286199,hay mabrouka
229411,8286265,route casablanca
229415,8286271,ain diab
229416,8286275,gueliz
229418,8286287,route amizmiz
229420,8286292,hay mabrouka
229425,8286306,gueliz
229428,8286317,hay alamal
229429,8286321,maarif
229431,8286328,michouar
229433,8286331,ain diab
229435,8286335,ahlane
229438,8286347,route de fez
229439,8286348,agdal
229447,8286369,rahba kedima
229448,8286378,maarif extension
229453,8286396,riyad
229456,8286421,hivernage
229457,8286428,sidi maarouf
229458,8286430,derb douam
229460,8286439,bourgogne ouest
229462,8286450,souissi
229466,8286502,casablanca finance city
229468,8286511,route de l ourika
229469,8286515,rahba kedima
229471,8286524,bourgogne est
229473,8286527,palmier
229474,8286534,route de fez
229475,8286535,route de fez
229476,8286536,marrakech
229477,8286538,route de l ourika
229478,8286539,amelkis
229479,8286552,route de fez
229480,8286558,ain sebaa
229481,8286559,ain sebaa
229482,8286560,ain sebaa
229483,8286561,ain sebaa
229484,8286562,ain sebaa
229485,8286563,ain sebaa
229486,8286564,ain sebaa
229487,8286565,ain sebaa
229488,8286566,ain sebaa
229489,8286567,ain sebaa
229490,8286568,ain sebaa
229491,8286569,ain sebaa
229492,8286570,ain sebaa
229499,8286585,route de l ourika
229502,8286590,route de tahanaout
229503,8286599,les portes de marrakech
229505,8286603,agdal
229506,8286604,route de l ourika
229507,8286616,camp al ghoul
229508,8286617,franceville
229511,8286629,route casablanca
229515,8286644,kennaria
229521,8286673,les hopitaux
229522,8286676,les hopitaux
229524,8286679,du golf
229527,8286685,les hopitaux
229528,8286686,samlalia
229531,8286699,gueliz
229543,8286762,gueliz
229546,8286769,agdal
229547,8286770,hay targa
229550,8286774,ennakhil palmeraie
229553,8286789,bourgogne ouest
229559,8286809,arset ihiri
229560,8286810,sidi bou amar
229561,8286811,souissi
229563,8286821,maarif extension
229564,8286832,iberie
229570,8286853,arset el maach
229574,8286867,rmila
229577,8286881,val fleury
229578,8286883,aviation mabella
229582,8286900,malabata
229586,8286923,beausejour
229594,8286942,benjdia
229596,8286946,gueliz
229598,8286949,ben saleh
229601,8286954,gueliz
229602,8286955,mers sultan
229606,8286967,samlalia
229609,8286993,gueliz
229610,8287003,sidi youssef
229611,8287008,triangle d or
229616,8287020,bourgogne ouest
229621,8287034,liberte
229625,8287043,sidi maarouf
229628,8287052,palmier
229632,8287059,amerchich
229638,8287072,route amizmiz
229639,8287074,tanja balia
229642,8287085,oulfa
229643,8287086,les portes de marrakech
229644,8287087,mhamid
229647,8287090,moujahidine
229649,8287094,marjane
229651,8287098,gueliz
229653,8287102,gueliz
229654,8287109,oulfa
229657,8287114,hassan centre ville
229660,8287119,les princesses
229663,8287128,malabata
229664,8287148,casablanca finance city
229665,8287152,ain diab extension
229666,8287153,anfa
229669,8287157,hay targa
229674,8287171,route de fez
229682,8287201,californie
229684,8287210,gauthier
229688,8287241,ziaten
229689,8287258,agdal
229690,8287267,racine
229691,8287271,bourgogne ouest
229692,8287281,marjane
229698,8287313,agdal
229699,8287314,gueliz
229700,8287327,iberie
229703,8287349,arset ben chebli
229712,8287391,gueliz
229713,8287398,route de l ourika
229714,8287399,roches noires
229715,8287404,maarif
229716,8287409,samlalia
229721,8287421,gueliz
229723,8287427,route de l ourika
229724,8287431,ain chock
229727,8287446,gueliz
229728,8287447,moujahidine
229730,8287457,bab aylan
229732,8287473,hay targa
229734,8287478,mhamid
229735,8287480,oulfa
229737,8287495,hivernage
229739,8287500,maarif extension
229740,8287523,l ocean
229741,8287524,derb khalid
229746,8287545,samlalia
229749,8287580,zaouia sidi ghalem
229751,8287587,boukhalef
229753,8287590,sidi mansour
229754,8287591,maarif extension
229755,8287592,gueliz
229759,8287609,franceville
229763,8287617,oasis
229767,8287632,centre
229769,8287640,route amizmiz
229770,8287645,palmier
229774,8287667,oasis
229775,8287669,les princesses
229776,8287670,racine
229778,8287672,maarif extension
229779,8287673,racine
229782,8287689,mers sultan
229786,8287711,route de safi
229791,8287759,camp al ghoul
229792,8287766,riyad
229794,8287784,souissi
229795,8287790,route amizmiz
229797,8287795,ziaten
229798,8287798,souissi
229799,8287799,ziaten
229800,8287803,ksibat nhas
229801,8287806,souissi
229803,8287810,route d agadir essaouira
229807,8287827,beausite
229810,8287834,ferme bretonne hay arraha
229812,8287841,oasis
229813,8287844,administratif
229815,8287846,hay targa
229816,8287847,bab lhmar
229818,8287861,route casablanca
229819,8287863,malabata
229824,8287879,gueliz
229825,8287882,route de l ourika
229828,8287890,route de l ourika
229831,8287897,hay zobir
229836,8287920,majorelle
229837,8287938,route de tahanaout
229839,8287949,marrakech
229841,8287952,route de fez
229846,8288001,bournazil
229848,8288010,route casablanca
229850,8288014,hay mabrouka
229852,8288019,maarif extension
229853,8288023,beausejour
229854,8288025,route amizmiz
229856,8288032,ain diab
229857,8288037,almaz
229859,8288046,cil hay salam
229861,8288051,ain mezouar
229862,8288052,bourgogne ouest
229864,8288055,ain chock
229865,8288057,hay targa
229866,8288059,bourgogne ouest
229868,8288064,agdal
229871,8288079,maarif extension
229873,8288085,route de l ourika
229874,8288086,route de l ourika
229875,8288087,ain sebaa
229876,8288093,al qods
229880,8288118,agdal
229881,8288127,hay targa
229882,8288131,gueliz
229885,8288137,hassan centre ville
229889,8288150,oasis
229892,8288157,camp al ghoul
229896,8288176,route d agadir essaouira
229898,8288179,riyad
229899,8288180,boukar
229905,8288191,agdal
229917,8288218,riyad
229921,8288230,ennakhil palmeraie
229922,8288232,maarif extension
229924,8288245,ain sebaa
229926,8288249,ain diab
229938,8288284,ain sebaa
229944,8288320,malabata
229947,8288323,hay albaraka
229948,8288325,medina
229949,8288331,tanja balia
229952,8288336,dher lahmam
229953,8288337,boukhalef
229957,8288345,ennakhil palmeraie
229958,8288358,camp al ghoul
229961,8288363,mghogha
229969,8288389,maarif extension
229971,8288397,gueliz
229976,8288417,gueliz
229979,8288425,malabata
229980,8288426,tanja balia
229986,8288445,les princesses
229987,8288447,mers sultan
229988,8288448,hay targa
229990,8288465,malabata
229991,8288470,maarif
229994,8288497,mouassine
229996,8288509,bab lhmar
229997,8288511,hivernage
230002,8288525,hay saada
230003,8288527,les portes de marrakech
230004,8288537,oulfa
230006,8288545,riyad
230010,8288571,bourgogne ouest
230011,8288573,sidi mimoun
230012,8288575,gueliz
230015,8288583,sidi maarouf
230018,8288587,moujahidine
230019,8288590,route de l ourika
230020,8288594,riyad
230022,8288603,route casablanca
230024,8288616,ferme bretonne hay arraha
230025,8288618,sidi moumen
230032,8288643,souissi
230034,8288646,californie
230036,8288662,gueliz
230037,8288667,les portes de marrakech
230040,8288676,mesnana
230042,8288685,centre
230043,8288695,bourgogne ouest
230045,8288701,boulevard med 6
230046,8288702,moulay youssef
230048,8288708,riyad
230051,8288714,hay targa
230053,8288720,les princesses
230057,8288731,agdal
230059,8288734,route de l ourika
230065,8288749,tanger city center
230067,8288755,hay inara
230068,8288756,hay al massar
230069,8288759,hivernage
230070,8288763,lekrimat
230071,8288765,mesnana
230072,8288770,agdal
230073,8288774,oulfa
230076,8288790,gueliz
230077,8288792,souissi
230078,8288793,hay riad
230086,8288808,mandarona
230087,8288810,hay targa
230088,8288814,iberie
230090,8288817,hay targa
230092,8288826,hivernage
230093,8288827,gueliz
230109,8288863,salmia 2
230113,8288871,route de tahanaout
230117,8288876,sour jdid
230121,8288884,ain mezouar
230132,8288918,ferme bretonne hay arraha
230136,8288923,hay saada
230137,8288924,ennakhil palmeraie
230140,8288934,agdal
230142,8288938,route de ouarzazate
230143,8288939,sidi maarouf
230144,8288940,mers sultan
230146,8288942,alsace lorraine
230149,8288950,route de l ourika
230163,8288977,bourgogne est
230164,8288978,riyad
230166,8288981,ahlane
230168,8288983,marjane
230172,8288996,route de ouarzazate
230173,8289000,route amizmiz
230174,8289002,route amizmiz
230175,8289007,kennaria
230177,8289009,marjane
230179,8289019,route casablanca
230187,8289052,hay targa
230189,8289055,casablanca finance city
230190,8289057,la gironde
230191,8289060,route casablanca
230197,8289091,hay al bahja
230209,8289127,bab aylan
230212,8289133,bab lhmar
230213,8289134,les hopitaux
230215,8289144,camp al ghoul
230218,8289153,massira 1
230221,8289157,palmier
230222,8289158,rahba kedima
230224,8289165,nzaha
230225,8289166,ain diab
230230,8289178,route casablanca
230231,8289179,agdal
230232,8289181,route casablanca
230233,8289183,racine
230234,8289187,marrakech
230242,8289223,les hopitaux
230246,8289229,hay mabrouka
230247,8289231,route casablanca
230248,8289234,gueliz
230251,8289253,route casablanca
230253,8289256,burger
230258,8289270,gueliz
230259,8289271,gueliz
230260,8289272,polo
230275,8289318,les cretes
230276,8289321,triangle d or
230277,8289323,palmier
230278,8289325,riyad
230282,8289331,rmila
230287,8289353,les hopitaux
230289,8289357,ain sebaa
230290,8289361,ain sebaa
230293,8289377,route de fez
230295,8289385,gueliz
230299,8289403,guich oudaya
230300,8289412,bourgogne est
230302,8289416,derb ghalef
230303,8289419,amelkis
230309,8289451,ben saleh
230311,8289472,californie
230313,8289482,palmier
230317,8289500,route de l ourika
230319,8289505,ksibat nhas
230322,8289514,les hopitaux
230323,8289517,route de fez
230326,8289527,route amizmiz
230331,8289543,agdal
230332,8289544,souissi
230335,8289551,route de safi
230338,8289558,route d agadir essaouira
230339,8289562,bab lhmar
230350,8289604,anfa superieur
230351,8289608,riyad
230352,8289609,gauthier
230356,8289621,riad zitoun
230357,8289623,zaouia sidi ghalem
230360,8289632,mers sultan
230361,8289633,riyad
230365,8289641,riyad
230367,8289646,bella vista
230370,8289651,route casablanca
230378,8289670,ennakhil palmeraie
230383,8289679,hay targa
230386,8289682,route de tahanaout
230387,8289683,malabata
230389,8289686,moujahidine
230391,8289696,casablanca finance city
230392,8289699,agdal
230396,8289711,casablanca finance city
230404,8289731,route de l ourika
230410,8289743,route amizmiz
230419,8289764,riyad
230421,8289768,route de tahanaout
230422,8289769,riyad
230423,8289772,racine
230424,8289777,les princesses
230436,8289809,route de l ourika
230441,8289819,bourgogne ouest
230445,8289827,casablanca
230447,8289831,souissi
230449,8289837,hermitage
230451,8289846,bourgogne ouest
230455,8289857,souissi
230458,8289864,casablanca
230460,8289869,camp al ghoul
230462,8289880,maarif extension
230464,8289882,oulfa
230465,8289884,riad zitoun
230466,8289885,derb chtouka
230467,8289886,maarif extension
230469,8289889,camp al ghoul
230472,8289895,bourgogne ouest
230473,8289899,hay chrifa
230475,8289903,hay moulay abdellah
230476,8289905,riyad
230477,8289907,les hopitaux
230480,8289921,riyad
230481,8289927,les hopitaux
230483,8289933,roches noires
230484,8289937,marjane
230486,8289943,camp al ghoul
230487,8289944,zaouia sidi ghalem
230488,8289952,marrakech
230500,8289996,sidi belyout
230501,8289997,route casablanca
230502,8290000,route amizmiz
230503,8290001,marrakech
230509,8290043,casablanca finance city
230510,8290044,samlalia
230511,8290049,riyad
230514,8290067,ben saleh
230516,8290075,manar
230520,8290082,rahba kedima
230522,8290091,ennakhil palmeraie
230524,8290101,ennakhil palmeraie
230525,8290103,ain diab
230527,8290113,les princesses
230534,8290128,sidi youssef
230538,8290138,rmila
230539,8290139,route amizmiz
230540,8290141,gauthier
230541,8290142,route de l ourika
230545,8290152,haut agdal
230546,8290155,route de l ourika
230547,8290158,arset ihiri
230549,8290161,gueliz
230551,8290171,marjane
230554,8290186,camp al ghoul
230557,8290197,arset ihiri
230559,8290200,izdihar
230560,8290201,gueliz
230563,8290206,camp al ghoul
230569,8290223,les portes de marrakech
230575,8290248,hassan centre ville
230586,8290277,hivernage
230588,8290295,route de tahanaout
230596,8290318,route casablanca
230597,8290322,l ocean
230598,8290323,oulfa
230602,8290336,medina
230603,8290337,de la plage
230606,8290341,ennakhil palmeraie
230612,8290353,hay zobir
230613,8290356,belvedere
230621,8290367,mesnana
230626,8290373,ennakhil palmeraie
230627,8290374,maarif
230630,8290381,boulevard med 6
230634,8290394,hivernage
230639,8290404,gauthier
230641,8290408,gueliz
230643,8290411,ahlane
230645,8290417,administratif
230650,8290432,riad zitoun
230651,8290436,sidi aamara
230652,8290439,bourgogne ouest
230653,8290447,route de ouarzazate
230654,8290448,izdihar
230656,8290457,route de ouarzazate
230659,8290471,ain mezouar
230661,8290482,souissi
230662,8290483,hay targa
230663,8290489,sidi maarouf
230664,8290496,route casablanca
230666,8290500,sidi maarouf
230669,8290512,racine
230671,8290517,palmier
230678,8290537,sidi maarouf
230679,8290540,mouassine
230680,8290541,ben saleh
230684,8290589,les hopitaux
230686,8290591,gauthier
230687,8290594,route de safi
230688,8290596,bouaakkaz
230689,8290600,bouaakkaz
230690,8290601,agdal
230693,8290615,riad zitoun
230698,8290660,sidi maarouf
230699,8290669,oulfa
230703,8290708,de la plage
230704,8290709,samlalia
230705,8290711,moulay lyazid
230706,8290717,derb ghalef
230708,8290750,les hopitaux
230710,8290769,route de fez
230711,8290770,ksibat nhas
230714,8290776,bab aylan
230719,8290800,belvedere
230723,8290818,les princesses
230724,8290821,malabata
230725,8290822,racine
230729,8290829,drissia
230741,8290877,route de l ourika
230742,8290879,longchamps hay al hanaa
230743,8290881,longchamps hay al hanaa
230745,8290883,longchamps hay al hanaa
230746,8290884,cil hay salam
230747,8290888,cil hay salam
230748,8290889,route casablanca
230750,8290895,administratif
230754,8290908,anfa
230756,8290919,souissi
230757,8290925,racine
230758,8290936,route de l ourika
230763,8290954,agdal
230764,8290959,palmier
230768,8290970,belvedere
230772,8290980,casablanca finance city
230777,8290989,sidi youssef
230778,8290990,hay hassani
230780,8290993,gueliz
230781,8290995,gueliz
230783,8290999,bourgogne ouest
230785,8291001,sidi ghanem
230788,8291015,al qods
230790,8291020,al qods
230791,8291021,ain chock
230794,8291035,bourgogne ouest
230800,8291054,oulfa
230802,8291058,lissasfa
230803,8291060,derb ben houmane
230804,8291064,ain chock
230806,8291068,ain diab
230811,8291089,marrakech
230815,8291102,route amizmiz
230816,8291110,agdal
230819,8291134,franceville
230821,8291139,belvedere
230825,8291164,route de tahanaout
230830,8291176,racine
230831,8291182,californie
230832,8291183,aviation mabella
230834,8291189,route casablanca
230836,8291212,centre
230839,8291219,tanger city center
230840,8291223,al hadika
230841,8291231,marchan
230844,8291243,route de ouarzazate
230847,8291253,gueliz
230850,8291258,gueliz
230852,8291266,moujahidine
230853,8291269,gueliz
230854,8291274,gueliz
230858,8291285,malabata
230866,8291341,hay targa
230868,8291350,anassi
230874,8291364,souissi
230878,8291395,moujahidine
230884,8291413,racine
230885,8291414,val fleury
230887,8291418,agdal
230893,8291431,route de tahanaout
230896,8291440,mozart
230897,8291442,maarif extension
230898,8291446,agdal
230899,8291448,marrakech
230902,8291459,assif
230903,8291465,oulfa
230906,8291471,casablanca
230907,8291474,assouel
230912,8291484,riyad
230914,8291490,hay targa
230915,8291494,sidi youssef
230917,8291497,polo
230918,8291498,route d agadir essaouira
230919,8291502,route casablanca
230921,8291512,route de tahanaout
230930,8291568,mesnana
230931,8291570,hay hassani
230933,8291581,route de safi
230934,8291588,amelkis
230936,8291594,achakar
230939,8291603,route de tahanaout
230941,8291609,route de tahanaout
230948,8291623,riyad
230951,8291627,triangle d or
230954,8291633,racine
230960,8291646,hay inara
230962,8291652,ain el hayani
230963,8291664,izdihar
230965,8291669,gueliz
230966,8291670,hay saada 1
230967,8291674,port tanger ville
230969,8291678,riyad
230977,8291693,agdal
230980,8291700,val fleury
230983,8291706,la gironde
230985,8291710,californie
230988,8291726,racine
230998,8291758,hay targa
231001,8291766,al qods
231005,8291795,malabata
231006,8291796,star hill
231007,8291798,laaouina
231008,8291809,riyad
231009,8291813,cil hay salam
231010,8291814,quartier bachkou
231013,8291840,les princesses
231014,8291848,hay chrifa
231016,8291863,beni makada lakdima
231017,8291877,hay targa
231018,8291880,arset ben chebli
231021,8291888,route amizmiz
231022,8291900,ben saleh
231023,8291902,route de fez
231029,8291935,agdal
231032,8291944,riad zitoun
231033,8291948,gueliz
231036,8291954,derb loubila
231043,8291970,sidi bou amar
231048,8291985,sidi mimoun
231050,8291988,hay moulay rachid 5
231053,8291996,gueliz
231063,8292024,l ocean
231065,8292035,bourgogne est
231071,8292047,derb loubila
231075,8292059,maarif
231076,8292062,les princesses
231080,8292067,gueliz
231092,8292128,bel air val fleuri
231093,8292130,zaouiat lahdar
231095,8292145,derb loubila
231096,8292153,gueliz
231097,8292155,centre
231100,8292162,gueliz
231103,8292190,hivernage
231104,8292198,route nationale assilah n1
231105,8292210,ain sebaa
231107,8292218,triangle d or
231108,8292222,les hopitaux
231110,8292236,gueliz
231111,8292238,gueliz
231112,8292241,route amizmiz
231113,8292248,bel air val fleuri
231114,8292251,route de l ourika
231117,8292257,palmier
231118,8292258,gueliz
231120,8292269,ain diab
231121,8292270,mers sultan
231123,8292274,agdal
231124,8292275,maarif
231125,8292279,akkari
231126,8292281,route casablanca
231127,8292286,ain diab
231128,8292293,gueliz
231130,8292295,maarif extension
231132,8292305,hay targa
231133,8292313,riyad
231135,8292324,mouassine
231137,8292331,beausite
231138,8292333,racine
231139,8292344,mers sultan
231140,8292345,assouel
231141,8292346,sidi ben slimane el jazouli
231143,8292352,les hopitaux
231145,8292362,kennaria
231148,8292382,agdal
231149,8292384,route de safi
231153,8292400,mers sultan
231157,8292406,mers sultan
